no,level,kanji,meaning_quoted,meaning,onyomi,kunyomi,shape_explanation,onyomi_detail,kunyomi_detail,memorized
1,N5,日,날 일,"""날 일"".하루,날,태양",ニチ、ジツ,ひ、か,"日는 ""태양""의 모습을 본따 그린 상형문자입니다. ""해가 뜨고 지다"" -> ""하루, 태양""이라는 의미입니다.",음독은 ニチ、ジツ입니다. 특별한 구분법은 없습니다.,훈독은 ひ、か입니다. ~日는 날수/날짜를 셀 때 쓰는 접미사입니다.,no
2,N5,一,한 일,"""한 일"". 하나, 1",イチ、イツ,ひと、ひと(つ),"一는 ""선 하나""로 1을 표현한 상형문자입니다.",음독은 イチ、イツ입니다. 대략적인 구분법은 다음과 같습니다(예외도 있습니다). 아래 예시단어를 참조해 주세요.,"一つ는 ""한 개, 하나""라는 뜻입니다.",no
3,N5,国,나라 국,"""나라 국"". 나라, 국가",コク,くに,"国 = 囗 + 玉。 囗는 여기서는 ""국경, 경계선""을 표현한 모양자입니다. 「玉」는 ""구슬, 보석""을 뜻하는 부수입니다(링크 참조). 国는 ""국경(囗)으로 귀중한 것(玉)을 둘러싸고 지키다"" -> ""나라""라는 뜻의 글자입니다.",음독은 コク입니다. 특별한 점은 없습니다.,"国는 ""나라""를 뜻합니다.",no
4,N5,会,모일 회,"""모일 회"". 모이다, 만나다",カイ、エ,あ(う),"会 = 人 + 云。 人는 여기서는 ""하늘""을 그린 모양자입니다. 「云」는 ""구름""을 뜻하는 글자입니다(링크 참조). 会는 ""하늘(人)의 구름(云)이 만나다"" -> ""모이다, 만나다""라는 뜻의 글자입니다.","음독은 カイ、エ입니다. 사용 빈도는 カイ가 훨씬 높으나, 특별한 구분법은 없습니다.","会う는 ""만나다""라는 뜻의 자동사입니다.",no
5,N5,人,사람 인,"""사람 인"". 사람",ジン、ニン,ひと,"人는 ""걷고 있는 사람의 옆모습""을 그린 상형문자입니다.","음독은 ジン、ニン입니다.대략적인 구분법은 다음과 같습니다(예외도 있습니다). 1. ""인원수""를 세는 경우: ニン 예)三人세 명,十人열 명 2. ""하는 일"", ""동작""을 나타내는 경우: ニン 예)管理人관리인,商人상인 3. ""속성"", ""상태""를 나타내는 경우: ジン 예)日本人일본인,老人노인,美人미인 예외)悪人악인","人는 ""사람""을 뜻합니다.",no
6,N5,年,해 년,"""해 년"". 해(year)",ネン,とし,"年 = 𠂉 + 㐄。 𠂉는 여기서는「人」가 변형된 것으로, ""사람""을 뜻합니다. 「㐄」는 ""발""을 뜻하는 글자입니다(링크 참조). 年는 ""사람(𠂉)이 걸음마(㐄)를 떼려면 일 년이 걸린다"" -> ""한 해""라는 뜻의 글자입니다.",음독은 ネン입니다. 특별한 점은 없습니다.,"年는 ""해, 나이""를 뜻합니다.",no
7,N5,大,클 대,"""클 대"". 크다",ダイ、タイ,おお、おお(きい)、おお(いに),"大는 ""양 팔을 벌리고 선 사람""을 그린 상형문자입니다. ""서있는 사람"" -> ""키가 크다"" -> ""크다""라는 의미입니다. 참고) 大가 다른 한자의 일부로 쓰일 때는 단순히 ""사람""이라는 뜻으로 쓰이는 경우가 많습니다.",음독은 ダイ、タイ입니다. 특별한 구분법은 없습니다.,"大きい는 ""크다""라는 뜻의 형용사입니다. 大いに는 ""대단히""라는 뜻의 부사입니다.",no
8,N5,十,열 십,"""열 십"". 10",ジュウ、ジッ,とお、と,"옛날 중국에서는 막대를 세로로 세워서(│) ""10""을 표현했다고 합니다. 거기에 가로선을 더해서 구분하기 쉽게 만든 것이 바로 十입니다.","음독은 ジュウ、ジッ입니다. 十 뒤에 「か、さ、た、ぱ」행이 올 때는ジッ으로 읽고, 그 외에는 ジュウ로 읽습니다. 아래 예시단어를 참조해 주세요.",훈독은 とお、と입니다. 특별한 구분법은 없습니다.,no
9,N5,二,두 이,"""두 이"". 2",ニ,ふた、ふた(つ),"二는 선 두 개로 ""2""를 표현한 글자입니다.",음독은 ニ입니다. 특별한 점은 없습니다.,"ふた는 ""2""를 뜻하는 순일본어입니다.",no
10,N5,本,근본 본,"""근본 본"". 근본, 본질, 본래",ホン,もと,"本 = 木 + 一。 木(""나무 목"")은 ""나무""를 뜻하는 상용한자입니다. 木는 ""나무""의 모습을 본따 그린 상형문자입니다. 一는 여기서는 ""나무 밑동""을 그린 모양자입니다. 本는 ""나무(木)의 밑동(一)"" -> ""뿌리"" -> ""근본, 본질, 본래""라는 뜻의 글자입니다.",음독은 ホン입니다. 특별한 점은 없습니다.,"もと는 ""시초, 기본, 근본""을 뜻하는 순일본어입니다.",no
11,N5,中,가운데 중,"""가운데 중"". 중간, 가운데",チュウ、ジュウ,なか,"中 = 口 +⼁。 中는 ""물건(口)의 중심을 꿰뚫다(⼁)"" -> ""중심, 중간""이라는 뜻의 글자입니다.","음독은 チュウ、ジュウ입니다. 쓰이는 빈도는 チュウ가 훨씬 높습니다. 대략적인 구분법은 다음과 같습니다. 1. チュウ: ""어떤 행위가 이루어지고 있는 상태""를 의미. 예)掃除中청소중,準備中준비중 2. ジュウ: ""특정 범위 전체(시간/공간)""를 지칭. 예)世界中전세계,会社中회사 전체,一日中하루 종일 아래 예시단어를 참조해 주세요.","中는 ""내부, 안쪽, 중간, 중앙""을 뜻합니다.",no
12,N5,長,길 장,"""길 장"". 길다",チョウ,なが(い),"長는 ""머리가 긴 노인이 지팡이를 짚고 걸어가는 모습""을 그린 상형문자입니다. ""머리가 긴 노인"" -> ""머리가 길다"" -> ""길다""라는 의미입니다.",음독은 チョウ입니다. 특별한 점은 없습니다.,"長い는 ""길다""라는 뜻의 형용사입니다.",no
13,N5,出,날 출,"""날 출"". 나가다, 내보내다",シュツ、スイ,で(る)、だ(す),"出 = 屮 + 凵。 屮는 여기서는 ""새의 발""을 그린 모양자입니다. 凵는 여기서는 ""동굴""을 그린 모양자입니다. 出는 ""동굴(凵)밖으로 걸어나가는 발(屮)"" -> ""나가다""라는 뜻의 글자입니다.",음독은 シュツ、スイ입니다. 절대다수는 シュツ로 읽습니다. スイ는出納(출납) 외에는 거의 쓰지 않는 음독입니다.,"出る는 ""나가다, 나아가다, 나오다""라는 뜻의 2그룹 자동사입니다. 出す는 ""내다, 내놓다""라는 뜻의 타동사입니다.",no
14,N5,三,셋 삼,"""셋 삼"". 3",サン,み、み(つ)、みっ(つ),"三는 선 세 개로 ""3""을 나타낸 글자입니다.",음독은 サン입니다. 특별한 점은 없습니다.,"み는 ""3""을 뜻하는 순일본어입니다.",no
15,N5,時,때 시,"""때 시"". 시간",ジ,とき,"時 = 日 + 寺。 (의미부)「日」는 ""하루, 태양""을 뜻합니다. (소리부)寺(ジ - ""절 사"")는 ""절, 사찰""을 뜻하는 상용한자입니다. 다만 여기서는 소리부(ジ)의 역할만 하고 있습니다. 寺 = 土 + 寸。 「寸」은 ""손""을 뜻하는 부수입니다(링크 참조). 土(""흙 토"")는 ""흙""을 뜻하는 상용한자로, ""땅에 새싹이 돋아난 모습""을 그린 것입니다. 아래 그림을 참조해 주세요. 寺는 ""흙무덤(土) 앞에서 합장하는(寸) 스님""을 표현한 글자입니다. ""합장하는 스님"" -> ""절""이라는 의미입니다. 時는 ""하루(日)"" -> ""시간""이라는 뜻의 글자입니다(寺는 소리부).",음독은 ジ입니다. 특별한 점은 없습니다.,"時는 ""시간, 시각, 때""를 뜻합니다.",no
16,N5,行,다닐 행,"""다닐 행"". 가다, 행하다, 행(row)",コウ、ギョウ、アン,い(く)、ゆ(く)、おこな(う),"行는 ""두 길이 교차하는 사거리""를 그린 상형문자입니다. ""사거리"" -> ""길을 가다, 이동하다"" -> ""가다, 행하다""라는 의미입니다.",음독은 コウ、ギョウ、アン입니다. 절대다수는 コウ、ギョウ로 읽습니다. アン은 극히 일부 단어에만 쓰이는 음독입니다.,"1.行く、行く 行く、行く는 둘 다 ""가다""라는 뜻의 자동사입니다. 行く는 구어적/일상적 문맥,行く는 시적인 문맥에서 주로 사용합니다. 예문) 日本へ行く 일본에 가다 2.行う 行う는 ""행하다""라는 뜻의 타동사입니다. 예문) テストを行う 테스트를 실시하다 試合を行う 시합을 행하다",no
17,N5,社,모일 사,"""모일 사"". 모이다, 단체, 사회, 신사",シャ,やしろ,"社 = 礻 + 土。 「礻」는 ""종교, 신, 고대의 비석""을 뜻하는 부수입니다(링크 참조). 土(""흙 토"")는 ""흙, 땅""을 뜻하는 상용한자입니다. 土는 ""땅에 새싹이 돋아난 모습""을 그린 상형문자입니다. ""흙 위에 돋아난 새싹"" -> ""흙, 땅""이라는 의미입니다. 社는 ""토지(土)의 신(礻)에게 제사지내기 위해 모이다"" -> ""모이다, 단체, 사회, 신사""라는 뜻의 글자입니다.",음독은 シャ입니다. 특별한 점은 없습니다.,"社는 ""신사""를 뜻합니다.",no
18,N5,見,볼 견,"""볼 견"". 보다",ケン,み(る)、み(える)、み(せる),"見 = 目 + 儿。 目(""눈 목"")은 ""눈""을 뜻하는 상용한자입니다. 目는""눈""을 본따 그린 상형문자입니다. 儿는「人」가 살짝 변형된 것으로, ""사람""을 뜻합니다. 見는 ""사람(儿)의 눈(目)"" -> ""보다""라는 뜻의 글자입니다.",음독은 ケン입니다. 특별한 점은 없습니다.,"見る는 ""보다""라는 뜻의 2그룹 타동사입니다. 見える는 ""보이다""라는 뜻의 2그룹 자동사입니다. 見せる는 ""보여주다""라는 뜻의 2그룹 타동사입니다.",no
19,N5,月,달 월,"""달 월"". 달",ゲツ、ガツ,つき,"月는 ""초승달""을 본따 그린 상형문자입니다.",음독은 ゲツ、ガツ입니다. 특별한 구분법은 없습니다.,"月는 ""달""을 뜻합니다.",no
20,N5,分,나눌 분,"""나눌 분"". 나누다, 분(시간 단위), 알다",ブン、フン、ブ,わ(ける)、わ(かれる)、わ(かる)、わ(かつ),"分 = ハ + 刀。 ハ는 여기서는 ""무언가가 둘로 쪼개진 모습""을 표현한 모양자입니다. 「刀」(""칼 도"")는 ""칼""을 뜻하는 부수입니다(링크 참조). 分는 ""칼(刀)로 베어서 둘로 쪼개다(ハ)"" -> ""나누다""라는 뜻의 글자입니다.",음독은 フン、ブ、ブン입니다. 대략적인 구분법은 다음과 같습니다. 아래 예시단어를 참조해 주세요.,"1.分かつ・分ける 分かつ는 ""나누다/가르다/구분하다""라는 뜻의 타동사입니다. 分ける는 ""나누다/가르다/구분하다""라는 뜻의 2그룹 타동사입니다. 둘의 차이점은 다음과 같습니다. 예문) 南北に分かつ 남북으로 가르다 学年別に分ける 학년별로 나누다 2.分かれる 分かれる는 ""갈라지다, 나뉘다, 구별되다""라는 뜻의 2그룹 자동사입니다. 예문) 道が二股に分かれる 길이 두 갈래로 갈리다 3.分かる 分かる는 ""알다, 깨닫다, 터득하다, 이해하다""라는 뜻의 자동사입니다. 예문) 幼い子供でも分かる 어린아이라도 알 수 있다",no
21,N5,後,뒤 후,"""뒤 후"". 뒤, 이후, 나중.",ゴ、コウ,あと、のち、うし(ろ)、おく(れる),"後 = 彳 + 幺 + 夂。 「彳」는 ""길""을 뜻하는 부수입니다(링크 참조). 「幺」는 ""작다, 어리다""라는 뜻의 글자입니다(링크 참조). 「夂」는 ""발""을 뜻하는 부수입니다(링크 참조). 後는 ""길(彳)에서어린아이(幺)가부모뒤를 졸졸 따라가다(夂)""라는 뜻입니다. ""뒤를 따라가다"" -> ""뒤, 나중""이라는 의미입니다.",음독은 ゴ、コウ입니다. 대략적인 구분법은 다음과 같습니다. 아래 예시단어를 참조해 주세요.,"1.後ろ 後ろ는 (공간적인) ""뒤""를 뜻합니다. 예문) 後ろの席뒷좌석 2.後れる 後れる는 ""뒤떨어지다, 기가 죽다""라는 뜻의 2그룹 자동사입니다. 예문) 流行に後れる 유행에 뒤떨어지다 3. あと・のち あと、のち는 둘 다 ""뒤, 나중""을 뜻하는 단어입니다. あと가 조금 더 일상적인 표현이고, のち는 다소 딱딱한 표현입니다. 예문) 後で電話します 나중에 전화하겠습니다 あれから二ヶ月後に 그로부터 2개월 후에",no
22,N5,前,앞 전,"""앞 전"". 앞",ゼン,まえ,"前 = 䒑 + 月 + 刂。 「刂」는 ""칼""을 뜻하는 부수입니다(링크 참조). 「月」는 ""고기""를 뜻하는 부수입니다(링크 참조). 䒑는 여기서는 ""고기(月)의 앞부분""을 강조하기 위해 쓰인 모양자입니다. 前는 ""고기(月)의 앞부분(䒑)을 칼(刂)로 잘라내다"" -> ""앞""이라는 뜻의 글자입니다.",음독은 ゼン입니다. 특별한 점은 없습니다.,"前는 ""앞, 먼저""라는 뜻입니다.",no
23,N5,生,살 생,"""살 생"". 살다, 태어나다, 생명",セイ、ショウ,い(きる)、い(かす)、う(まれる)、う(む)、は(える)、は(やす)、き、なま、い(ける),"生는 ""새싹이 돋아나는 모습""을 그린 상형문자입니다. ""새싹"" -> ""생명, 태어나다""라는 의미입니다.","음독은 セイ、ショウ입니다. 사용 빈도는 セイ가 더 높으나, 특별한 구분법은 없습니다.","1.生きる、生かす 生きる는 ""살다""라는 뜻의 2그룹 자동사입니다. 生かす는 ""살리다""라는 뜻의 타동사입니다. 예문) 海に生きる人々바다에 사는 사람들 人工呼吸で生かす 인공호흡으로 살리다 2.生まれる、生む 生まれる는 ""태어나다/생겨나다""라는 뜻의 2그룹 자동사입니다. 生む는 ""낳다/(새롭게)만들어 내다""라는 뜻의 타동사입니다. 예문) 赤ちゃんが生まれた 아기가 태어났다 巨大な利益を生む事業거대한 이익을 낳는 사업 3.生える、生やす 生える는 ""(초목의 싹/동물의 털 등이) 나다""라는 뜻의 2그룹 자동사입니다. 生やす는 ""(싹/털 등을) 기르다""라는 뜻의 타동사입니다. 예문) 雑草が生えている 잡초가 나 있다 ひげを生やす 수염을 기르다 4.生ける 生ける는 ""꽃꽃이하다""라는 뜻의 2그룹 타동사입니다. 실제로 동사로 쓰이는 경우는 별로 없고, 대개는生け花(꽃꽃이)의 형태로 쓰입니다. 5. き、なま き・なま는 ""날것의/가공하지 않은/자연 그대로의""를 뜻하는 접두어입니다.",no
24,N5,五,다섯 오,"""다섯 오"". 다섯",ゴ,いつ、いつ(つ),"고대에는 나무막대기를 엇갈려 늘어놓는 식으로 ""5""를 표현했다고 합니다. 五는 그 모습을 그대로 본따 그린 상형문자입니다.",음독은 ゴ입니다. 특별한 점은 없습니다.,"いつ는 ""5""를 뜻하는 일본 고유단어입니다.",no
25,N5,間,사이 간,"""사이 간"". 사이, 간격, 틈새",カン、ケン,あいだ、ま,"間 = 門 + 日。 門(""문 문"")은 ""문""을 뜻하는 상용한자입니다. 門는 ""문""의 모습을 본따 그린 상형문자입니다. 「日」는 ""태양""을 뜻합니다. 間는 ""문틈(門) 사이로 햇빛(日)이 들어오다"" -> ""사이, 간격, 틈새""라는 뜻의 글자입니다.",음독은 カン、ケン입니다. 사용 빈도는 カン이 훨씬 높습니다.,"間、間는 ""사이, 간격, 틈""을 뜻합니다.",no
26,N5,上,윗 상,"""윗 상"". 위, 위쪽, 오르다",ジョウ、ショウ,うえ、うわ、かみ、あ(げる)、あ(がる)、のぼ(る)、のぼ(す)、のぼ(せる),"上는 ""손가락으로 위쪽을 가리키고 있는 모습""을 그린 지사문자입니다.",음독은 ジョウ、ショウ입니다. 그러나 절대다수는 ジョウ로 읽습니다. ショウ는上人(승려의 경칭)을 제외하고는 거의 쓰이지 않는 음독입니다.,"1.上がる、上げる 上がる는 ""오르다, 올라가다, 높아지다""라는 뜻의 자동사입니다. 上げる는 ""올리다, 높이다""라는 뜻의 2그룹 타동사입니다. 예문) 屋上に上がる 옥상에 오르다 気温が上がる 기온이 오르다 値段を上げる 가격을 올리다 2.上る 上る는 ""오르다, 올라가다""라는 뜻의 자동사입니다. 예문) 坂を上る 비탈길을 오르다 階段を上る 계단을 올라가다 3.上せる、上す 上せる는 ""올리다, 싣다, 제출하다""라는 뜻의 2그룹 타동사입니다. 上す는上せる의 문어형으로, 의미는 같습니다. 예문) 位を上せる 지위를 올리다 記録に上せる 기록에 올리다(써 넣다) 話題に上せる 화제에 올리다 4. うえ、うわ、かみ 上는 ""위, 위쪽""을 뜻합니다.",no
27,N5,東,동녘 동,"""동녘 동"". 동쪽",トウ,ひがし,"東 = 木 + 日。 木(""나무 목"")은 ""나무""를 뜻하는 상용한자입니다. 木는 ""나무""의 모습을 본따 그린 상형문자입니다. 「日」는 ""태양""을 뜻합니다. 東는 ""아침해(日)가나무(木)에 걸린 모습""을 그린 글자입니다. ""아침해는 동쪽에서 뜬다"" -> ""동쪽""이라는 의미입니다.",음독은 トウ입니다. 특별한 점은 없습니다.,"東는 ""동쪽""을 뜻합니다.",no
28,N5,四,넷 사,"""넷 사"". 넷",シ,よ、よん、よ(つ)、よっ(つ),"四는 본래 ""사람의 콧구멍""을 그린 것으로, 원래 뜻은 ""숨쉬다""였습니다. 그러나 이후 4와 발음이 같다는 이유로 ""4""라는 뜻으로 쓰이게 된 것입니다. 즉, 四의 모양과 의미 사이에는 아무런 관계도 없습니다.",음독은 シ입니다. 특별한 점은 없습니다.,"よん은 ""4""를 뜻하는 일본 고유단어입니다.",no
29,N5,今,이제 금,"""이제 금"". 지금, 현재",コン、キン,いま,"今는 ""말하고 있는 입모양""을 그린 상형문자입니다. ""지금 말하는 중"" -> ""지금""이라는 의미입니다.",음독은 コン、キン입니다. 그러나 절대다수는 コン으로 읽습니다. キン은 일부 예외를 제외하고는 거의 쓰이지 않는 음독입니다.,"今는 ""지금, 현재""라는 뜻입니다.",no
30,N5,新,새 신,"""새 신"". 새롭다, 새것, 새로운",シン,あたら(しい)、あら(た)、にい,"新 = 立 + 木 + 斤。 立(""설 립"")은 ""서다""라는 뜻의 상용한자입니다. 立는 ""양 팔을 벌리고 서있는 사람""을 그린 상형문자입니다. 木(""나무 목"")은 ""나무""를 뜻하는 상용한자입니다. 木는 ""나무""의 모습을 본따 그린 상형문자입니다. 「斤」는 ""도끼""를 뜻하는 부수입니다(링크 참조). 新는 ""우뚝 선(立) 나무(木)를 베어서(斤) 새로운 물건을 만들다"" -> ""새롭다""라는 뜻의 글자입니다.",음독은 シン입니다. 특별한 점은 없습니다.,"新しい는 ""새롭다""라는 뜻의 형용사입니다. 新た는 ""새로움, 생생함""을 뜻합니다. 新는 ""새로운, 새~""라는 뜻의 접두어입니다.",no
31,N5,金,쇠 금,"""쇠 금"". 금, 금속, 쇠, 돈",キン、コン,かね、かな,"金는 ""산 속에 묻힌 황금""을 그린 상형문자입니다.","음독은 キン、コン입니다. 사용 빈도는 キン이 훨씬 높으나, 특별한 구분법은 없습니다.",훈독은 かね、かな입니다. 특별한 구분법은 없습니다.,no
32,N5,九,아홉 구,"""아홉 구"". 아홉",キュウ、ク,ここの、ここの(つ),"九는 본래는 ""팔꿈치""를 그린 상형문자입니다. 그러나 이후 발음이 같다는 이유로 ""9""라는 뜻으로 쓰이게 된 것입니다. 즉, 九의 모양과 의미 사이에는 아무런 관계도 없습니다. (숫자를 의미하는 한자들 중에는 이런 것들이 많습니다.)",음독은 キュウ、ク입니다. 특별한 구분법은 없습니다.,"ここの는 ""9""를 뜻하는 일본 고유단어입니다.",no
33,N5,入,들 입,"""들 입"". 들어가다, 집어넣다",ニュウ,はい(る)、い(る)、い(れる),"入는 ""뾰족한 쐐기""를 그린 상형문자입니다. ""뾰족한 쐐기를 꽂아넣다"" -> ""들어가다, 넣다""라는 의미입니다.",음독은 ニュウ입니다. 특별한 점은 없습니다.,"1.入る、入れる 入る는 ""들어오다/들어가다""라는 뜻의 1그룹 자동사입니다. 入れる는 ""집어넣다""라는 뜻의 2그룹 타동사입니다. 예문) 部屋に入る 방에 들어가다 日が入る 해가 들다(햇빛이 비치다) 箱に入れる 상자에 넣다 2.入る 入る는 ""들다/들어가다""라는 뜻의 1그룹 자동사입니다. 주로気に入る(마음에 들다),立ち入る(안에 들어가다) 등의 관용어구 단위로 쓰입니다. 예문) 気に入る 마음에 들다 芝生に立ち入る 잔디밭에 들어가다",no
34,N5,立,설 립,"""설 립"". 서다",リツ、リュウ,た(つ)、た(てる),"立는 ""양 팔을 벌리고 서있는 사람""을 그린 상형문자입니다. ""서있는 사람"" -> ""서다""라는 의미입니다.",음독은 リツ、リュウ입니다. 사용 빈도는 リツ가 훨씬 높습니다.,"立つ는 ""서다""라는 뜻의 자동사입니다. 立てる는 ""세우다""라는 뜻의 2그룹 타동사입니다. 예문) 椅子から立つ 의자에서 일어서다 柱を立てる 기둥을 세우다 男性を立てる 남성을 세우다(여자가 공손히 남성을 높이는 것을 뜻하는 관용어구)",no
35,N5,手,손 수,"""손 수"". 손",シュ,て、た,"手는 ""손과 손가락""을 본따 그린 상형문자입니다.",음독은 シュ입니다. 특별한 점은 없습니다.,"手는 ""손""을 뜻합니다.",no
36,N5,学,배울 학,"""배울 학"". 배우다",ガク,まな(ぶ),"学 = ⺍ ＋ 冖 ＋ 子。 「⺍＋冖」는 ""불이 환하게 켜진 집""을 뜻합니다(링크 참조). 子(""아들 자"")는 ""아이""를 뜻하는 상용한자입니다. 子는 ""강보에 싸인 아기""를 그린 상형문자입니다. 学는 ""아이(子)가 밤늦게까지(⺍＋冖)열심히 공부하다"" -> ""배우다""라는 뜻의 글자입니다.",음독은 ガク입니다. 특별한 점은 없습니다.,"学ぶ는 ""배우다""라는 뜻의 타동사입니다.",no
37,N5,高,높을 고,"""높을 고"". 높다",コウ,たか(い)、たか、たか(まる)、たか(める),"高는 ""높이 쌓아올려진 누각""을 본따 그린 상형문자입니다. ""높은 누각"" -> ""높다""라는 의미입니다.",음독은 コウ입니다. 특별한 점은 없습니다.,"高い는 ""높다""라는 뜻의 형용사입니다. 高まる는 ""높아지다""라는 뜻의 자동사입니다. 高める는 ""높이다""라는 뜻의 2그룹 타동사입니다.",no
38,N5,円,둥글 원,"""둥글 원"". 둥글다, 원",エン,まる(い),"円은 ""둥근 가마솥""을 본따 그린 상형문자입니다. ""둥근 가마솥"" -> ""둥글다""라는 의미입니다.",음독은 エン입니다. 특별한 점은 없습니다.,"円い는 ""둥글다""라는 뜻의 형용사입니다.",no
39,N5,子,아들 자,"""아들 자"". 아이",シ、ス,こ,"子는 ""강보에 싸인 아기""를 그린 상형문자입니다.",음독은 シ、ス입니다. 사용 빈도는 シ가 훨씬 높습니다.,훈독은 こ입니다. 특별한 점은 없습니다.,no
40,N5,目,눈 목,"""눈 목"". 눈",モク、ボク,め、ま,"目는 ""눈""을 본따 그린 상형문자입니다.",음독은 モク、ボク입니다. 그러나 절대다수는 モク로 읽습니다. ボク는面目(면목) 외에는 거의 쓰지 않는 음독입니다.,"目는 ""눈""을 뜻합니다.",no
41,N5,外,바깥 외,"""바깥 외"". 바깥",ガイ、ゲ,そと、ほか、はず(す)、はず(れる),"外 = 夕 + 卜。 夕(""저녁 석"")은 ""저녁""을 뜻하는 상용한자입니다. 夕는 ""초승달""을 본따 그린 상형문자입니다. ""초승달이 뜬 시간"" -> ""저녁""이라는 의미입니다. 「卜」는 ""점, 점괘""를 뜻하는 부수입니다(링크 참조). 外는 ""저녁(夕)에 치는 점(卜)""이라는 뜻입니다. 고대 중국에서는 낮에 점을 치는 것이 관례였다고 합니다. 저녁에 점을 치는 것은 예외적인 경우에 한해서 가능한 일이었습니다. 外는 ""저녁에 치는 점"" -> ""예외"" -> ""바깥""이라는 뜻의 글자입니다.",음독은 ガイ、ゲ입니다. 사용 빈도는 ガイ가 훨씬 높습니다.,"1. そと 外는 ""바깥""을 뜻합니다. 예문) 外で遊ぶ 바깥에서 놀다 2. ほか 外는 ""어떤 범위를 벗어난 것""을 뜻합니다. 아래 예문을 참조해 주세요. 예문) 思いの外難しい 생각 외로 어렵다 想像の外の出来事상상 밖의 사건 3.外す、外れる 外す는 ""떼어내다, 빼다""라는 뜻의 타동사입니다. 外れる는 ""빗나가다, 떨어지다, 어긋나다""라는 뜻의 2그룹 자동사입니다. 예문) 看板を外す 간판을 떼어내다 栓を外す 마개를 빼다 弾が外れる 탄환이 빗나가다 予想が外れる 예상이 어긋나다",no
42,N5,言,말씀 언,"""말씀 언"". 말, 단어, 말하다",ゲン、ゴン,い(う)、こと,"言 = ニ + ニ + 口。 ニ+ニ는 여기서는 ""소리(음파)""를 표현한 모양자입니다. 口(""입 구"")는 ""입""을 뜻하는 상용한자입니다. 口는 ""벌린 입""을 그린 상형문자입니다. 言는 ""입(口)에서 퍼져나가는 소리(ニ+ニ)""-> ""말하다""라는 뜻의 글자입니다.",음독은 ゲン、ゴン입니다.사용 빈도는 ゲン이 더 높으나 특별한 구분법은 없습니다.,"言う는 ""말하다""라는 뜻의 타동사입니다. 言는 ""말""을 뜻합니다.",no
43,N5,八,여덟 팔,"""여덟 팔"". 여덟",ハチ,や、や(つ)、やっ(つ)、よう,"八는 본래 ""사물이 반으로 쪼개진 모습""을 그린 글자입니다. 그러나 이후 발음이 비슷하다는 이유로 ""8""이라는 뜻으로 쓰이게 된 것입니다. 즉, 八의 모양과 의미 사이에는 아무런 관계도 없습니다.",음독은 ハチ입니다. 특별한 점은 없습니다.,"八つ는 ""여덟""을 뜻합니다.",no
44,N5,六,여섯 육,"""여섯 육"". 여섯",ロク,む(つ)、むっ(つ)、むい,"六의 기원에 대해서는 명확히 알려진 바가 없습니다. 숫자를 나타내는 한자 대부분이 그렇듯, 六 또한 한자의 모양과 의미 사이에는 아무런 관계도 없는 글자입니다.",음독은 ロク입니다. 특별한 점은 없습니다.,"六つ는 ""여섯""을 뜻합니다.",no
45,N5,下,아래 하,"""아래 하"". 아래, 아래쪽",カ、ゲ,した、しも、もと、さ(げる)、さ(がる)、くだ(る)、くだ(す)、くだ(さる)、お(ろす)、お(りる),"下는 ""손가락으로 아래쪽을 가리키고 있는 모습""을 표현한 지사문자입니다.",음독은 カ、ゲ입니다. 특별한 구분법은 없습니다.,"1. さ(げる)、さ(がる) 下げる는 ""(위치/가치/정도 등을) 내리다""라는 뜻의 2그룹 타동사입니다. 下がる는 ""(위치/가치/정도 등이) 내려가다""라는 뜻의 자동사입니다. 예문) 電灯を下げる 전등을 내리다 品質を下げる 품질을 낮추다 気温が下がる 기온이 내려가다 物価が下がる 물가가 떨어지다 2. お(ろす)、お(りる) 下ろす는 ""아래로 옮기다/내리다""라는 뜻의 타동사입니다. 下りる는 ""아래로 내려오다/내려가다, (허가/결정 등이)내려오다""라는 뜻의 2그룹 자동사입니다. 예문) 棚から箱を下ろす 선반에서 상자를 내리다 看板を下ろす 간판을 내리다 山を下りる 산에서 내려오다 許可が下りる 허가가 내려오다 3. くだ(す)、くだ(る) 下す는 ""(지위/명령/판단 등을)내리다""라는 뜻의 타동사입니다. 下る는 ""아래로 내려오다/내려가다, (명령/판결 등이)내려지다""라는 뜻의 자동사입니다. 예문) 地位を下す 지위를 강등시키다 命令を下す 명령을 내리다 坂を下る 비탈을 내려가다 命令が下る 명령이 내리다(하달되다) 4. くだ(さる) 下さる는 ""주시다""라는 뜻의 타동사로, くれる의 존경어입니다. 예문) 先生が下さった本선생님께서 주신 책 5. した、しも、もと 下는 ""아래, 밑""을 뜻합니다.",no
46,N5,来,올 래,"""올 래"". 오다",ライ,く(る)、きた(る)、きた(す),"来는 ""동물의 발자국""을 본따 그린 상형문자입니다. ""들짐승이 다가오다"" -> ""오다""라는 의미입니다.",음독은 ライ입니다. 특별한 점은 없습니다.,"1.来る 来る는 ""오다""라는 뜻의 자동사입니다. 예문) 日本に来る 일본에 오다 手紙が来る 편지가 오다 2.来る、来す 来る는 ""오다""라는 뜻의 자동사로, ""세계적인 피아니스트 A씨 오다""와 같은 관용적 표현에만 쓰이는 표현입니다. 来す는 ""초래하다""라는 뜻의 타동사입니다. 예문) 世界的なピアニストA氏来る 세계적인 피아니스트 A씨 오다 失敗を来す 실패를 초래하다",no
47,N5,気,기운 기,"""기운 기"". 기운, 정신, 기체",キ、ケ,,"気 = 气 + 㐅。 气는 ""하늘의 구름이 흘러가는 모습""을 그린 모양자입니다. 㐅는 여기서는 단순히 장식으로 더해진 것입니다. 気는 ""구름이 흘러가다(气)"" -> ""기운이 흐르다"" -> ""기운, 기""라는 뜻의 글자입니다.",음독은 キ、ケ입니다. 사용 빈도는 キ가 훨씬 높습니다.,気의 정식 훈독은 없습니다.,no
48,N5,小,작을 소,"""작을 소"". 작다",ショウ,ちい(さい)、こ、お,"小는 ""작은 물방울 세 개가 튀는 모습""을 그린 상형문자입니다. ""작은 물방울 파편들"" -> ""작다""라는 의미입니다.",음독은 ショウ입니다. 특별한 점은 없습니다.,"小さい는 ""작다""라는 뜻의 형용사입니다.",no
49,N5,七,일곱 칠,"""일곱 칠"". 일곱",シチ,なな、なな(つ)、なの,"七는 본래 ""칼로 무언가를 내리치는 모습""을 그린 상형문자입니다. 그러나 이후 발음이 같다는 이유로 ""7""이라는 뜻으로 쓰이게 된 것입니다. 즉, 七의 모양과 의미 사이에는 아무런 관계도 없습니다.",음독은 シチ입니다. 특별한 점은 없습니다.,"なな는 ""7""을 뜻하는 일본 고유단어입니다.",no
50,N5,山,메 산,"""메 산"". 산",サン,やま,"山는 ""산""의 모습을 본따 그린 상형문자입니다.",음독은 サン입니다. 특별한 점은 없습니다.,"山는 ""산""을 뜻합니다.",no
51,N5,話,말씀 화,"""말씀 화"". 이야기, 대화",ワ,はな(す)、はなし,"話 = 言 + 舌。 「言」는 ""말하다""라는 뜻입니다. 「舌」는 ""혀""를 뜻하는 부수입니다(링크 참조). 話는 ""혀(舌)를 움직이며 말하다(言)"" -> ""이야기, 대화""라는 뜻의 글자입니다.",음독은 ワ입니다. 특별한 점은 없습니다.,"話す는 ""말하다, 이야기하다""라는 뜻의 타동사입니다. 話는 ""이야기, 말""을 뜻합니다.",no
52,N5,多,많을 다,"""많을 다"". 많다",タ,おお(い),"多는 ""똑같은 물건이 여러 개 쌓여있는 모습""을 그린 상형문자입니다. ""물건이 많이 쌓여있다"" -> ""많다""라는 의미입니다.",음독은 タ입니다. 특별한 점은 없습니다.,"多い는 ""많다""라는 뜻의 형용사입니다.",no
53,N5,安,편안 안,"""편안 안"". 편안하다",アン,やす(い),"安 = 宀 + 女。 「宀」는 ""집""을 뜻하는 부수입니다(링크 참조). 女(""계집 녀"")는 ""여자""를 뜻하는 상용한자입니다. 女는 ""앉아있는 여자의 옆모습""을 그린 상형문자입니다. 安는 ""안락한 집(宀)안에 앉아있는 여자(女)"" -> ""편안하다""라는 뜻의 글자입니다.",음독은 アン입니다. 특별한 점은 없습니다.,"安い는 ""값이 싸다, 편안하다""라는 뜻의 형용사입니다. 예문) 安い値段싼 가격 気が安い 마음이 편안하다",no
54,N5,女,계집 녀,"""계집 녀"". 여자",ジョ、ニョ、ニョウ,おんな、め,"女는 ""앉아있는 여자의 옆모습""을 본따 그린 상형문자입니다.",음독은 ジョ、ニョ、ニョウ입니다. 그러나 대다수는 ジョ로 읽습니다. ニョ와 ニョウ는 일부 특정한 단어들에만 쓰이는 음독입니다.,"女는 ""여자""를 뜻합니다.",no
55,N5,北,북녘 북,"""북녘 북"". 북쪽",ホク,きた,"北는 ""두 사람이 등을 맞대고 있는 모습""을 그린 상형문자입니다. ""등을 맞대다"" -> ""등 뒤"" -> ""북쪽""이라는 의미입니다.",음독은 ホク입니다. 특별한 점은 없습니다.,"北는 ""북, 북쪽""을 뜻합니다.",no
56,N5,午,낮 오,"""낮 오"". 정오",ゴ,,"午는 본래 ""절굿공이""를 그린 상형문자입니다. 그러나 이후 발음이 같다는 이유로 ""정오""라는 뜻으로 쓰이게 된 것입니다. 즉, 午의 모양과 의미 사이에는 아무런 관계도 없습니다.",음독은 ゴ입니다. 특별한 점은 없습니다.,午의 정식 훈독은 없습니다.,no
57,N5,百,일백 백,"""일백 백"". 100",ヒャク,,"百는 ""천장에 매달려있는 벌집""을 그린 상형문자입니다. ""벌집 하나에 벌이 100마리는 들어있다"" -> ""100""이라는 의미입니다.",음독은 ヒャク입니다. 특별한 점은 없습니다.,百의 정식 훈독은 없습니다.,no
58,N5,書,글 서,"""글 서"". 글, 쓰다",ショ,か(く),"書 = 聿 + 曰。 「聿」는 ""붓을 든 손""을 뜻하는 부수입니다(링크 참조). 「曰」는 ""말하다""라는 뜻의 부수입니다(링크 참조). 書는 ""붓을 들고(聿) 상대의 말(曰)을 받아적다"" -> ""글, 쓰다""라는 뜻의 글자입니다.",음독은 ショ입니다. 특별한 점은 없습니다.,"書く는 ""쓰다""라는 뜻의 타동사입니다.",no
59,N5,先,먼저 선,"""먼저 선"". 먼저, 앞서",セン,さき,"先 = 牛 + 儿。 「𠂒」는 ""소""를 뜻하는 글자입니다(링크 참조). 儿는「人」가 살짝 변형된 것으로, ""사람""을 뜻합니다. 先는 ""소(𠂒)를 앞세우고 걷는 사람(儿)"" -> ""앞, 먼저""라는 뜻의 글자입니다.",음독은 セン입니다. 특별한 점은 없습니다.,"先는 ""앞, 앞쪽, 끝""을 뜻합니다. 예문) 指の先손끝 この先は海だ 이 앞은 바다다 行く先행선지",no
60,N5,名,이름 명,"""이름 명"". 이름",メイ、ミョウ,な,"名 = 夕 + 口。 夕(""저녁 석"")은 ""저녁""을 뜻하는 상용한자입니다. 夕는 ""초승달""을 본따 그린 상형문자입니다. ""초승달이 뜬 시간"" -> ""저녁""이라는 의미입니다. 口(""입 구"")는 ""입""을 뜻하는 상용한자입니다. 口는 ""벌린 입""을 그린 상형문자입니다. 먼 옛날에는 밤이 되면 불을 밝힐 수단이 없었습니다. 그래서 멀리 있는 사람을 구분하려면, 이름을 불러 확인할 수밖에 없었습니다. 名는 ""어두운 밤(夕)에 이름을 불러(口) 상대방을 구분하다"" -> ""이름""이라는 뜻의 글자입니다.",음독은 メイ、ミョウ입니다.사용 빈도는 メイ가 더 높으나 특별한 구분법은 없습니다.,훈독은 な입니다. 특별한 점은 없습니다.,no
61,N5,川,내 천,"""내 천"". 강, 하천, 시내",セン,かわ,"川는 ""강물이 흘러가는 모습""을 그린 상형문자입니다.",음독은 セン입니다. 특별한 점은 없습니다.,"川는 ""강, 시내""를 뜻합니다.",no
62,N5,千,일천 천,"""일천 천"". 1000",セン,ち,"千 = 人 + 一。 「人」는 ""사람""을 뜻합니다. 一는 여기서는 단순한 구분선으로 쓰인 것입니다. 고대 중국에서는 人에 선을 하나씩 추가하는 식으로 ""천 명"" 단위를 표기했다고 합니다. 선 하나면 1000명, 두개면 2000명과 같은 식입니다. 千는 그러한 전통으로부터 유래한 글자입니다.",음독은 セン입니다. 특별한 점은 없습니다.,훈독은 ち입니다. 특별한 점은 없습니다.,no
63,N5,道,길 도,"""길 도"". 길, 도로",ドウ、トウ,みち,"道 = ⻌ + 首。 「⻌」는 ""길""을 뜻하는 부수입니다(링크 참조). 「首」는 ""머리""를 뜻하는 부수입니다(링크 참조). 여기서는 ""머리"" -> ""우두머리""라는 뜻으로 쓰인 것입니다. 道는 ""무리를 이끌며 길(⻌)을 행진하는 우두머리(首)""라는 뜻입니다. ""길을 행진하다"" -> ""길, 도로""라는 의미입니다.",음독은 ドウ、トウ입니다. 사용 빈도는 ドウ가 훨씬 높습니다. トウ는神道(신토) 외에는 거의 쓰이지 않는 음독입니다.,"道는 ""길""을 뜻합니다.",no
64,N5,水,물 수,"""물 수"". 물",スイ,みず,"水는 ""물이 흘러가는 모습""을 그린 상형문자입니다.",음독은 スイ입니다. 특별한 점은 없습니다.,"水는 ""물""을 뜻합니다.",no
65,N5,半,반 반,"""반 반"". 절반",ハン,なか(ば),"半는 ""무언가를 정확히 절반으로 자르는 모습""을 그린 상형문자입니다. ""절반으로 자르다"" -> ""절반""이라는 의미입니다.",음독은 ハン입니다. 특별한 점은 없습니다.,"半ば는 ""절반, 반절""을 뜻합니다. 예문) 道の半ば 길 중간 四十代半ばの人40대 중반의 사람",no
66,N5,男,사내 남,"""사내 남"". 남자",ダン、ナン,おとこ,"男 = 田 + 力。 田(""밭 전"")은 ""밭""을 뜻하는 상용한자입니다. 田는 ""가지런히 늘어선 논밭""의 모습을 그린 상형문자입니다. 力(""힘 력"")은 ""힘""을 뜻하는 상용한자입니다. 力는 ""쟁기""를 본따 그린 상형문자입니다. ""농사를 짓는 쟁기"" -> ""농사일"" -> ""힘""이라는 의미입니다. 男는 ""밭(田)에서 힘(力)을 써서 농사를 짓는 사람"" -> ""남자""라는 뜻의 글자입니다.",음독은 ダン、ナン입니다. 사용 빈도는 ダン이 훨씬 높습니다.,"男는 ""남자""를 뜻합니다.",no
67,N5,西,서녘 서,"""서녘 서"". 서쪽",セイ、サイ,にし,"西는 ""새의 둥지""를 본따 그린 상형문자입니다. ""해가 서쪽으로 지면 새가 둥지로 돌아간다"" -> ""서쪽""이라는 의미입니다.",음독은 セイ、サイ입니다. 사용 빈도는 セイ가 더 높으나 특별한 구분법은 없습니다.,"西는 ""서쪽""을 뜻합니다.",no
68,N5,電,번개 전,"""번개 전"". 전기, 번개",デン,,"電 = 雨 + 电。 雨(""비 우"")는 ""비""를 뜻하는 상용한자입니다. 雨는""비가 오는 모습""을 그린 상형문자입니다. 「电」는 ""번개""를 뜻하는 글자입니다(링크 참조). 電는 ""비(雨)가 오고 번개(电)가 내리치다"" -> ""전기, 번개""라는 뜻의 글자입니다.",음독은 デン입니다. 특별한 점은 없습니다.,電의 정식 훈독은 없습니다.,no
69,N5,口,입 구,"""입 구"". 입",コウ、ク,くち,"口는 ""벌린 입""을 그린 상형문자입니다.",음독은 コウ、ク입니다. 특별한 구분법은 없습니다.,"口는 ""입""을 뜻합니다.",no
70,N5,少,적을 소,"""적을 소"". 적다",ショウ,すく(ない)、すこ(し),"少는 ""작은 물방울 네 개가 튀는 모습""을 그린 상형문자입니다(「小」와 유래가 같습니다). 고대 중국에서는 小、少 모두 ""작다""라는 뜻으로 쓰였다고 합니다. 그러나 시간이 지나며 少는 ""적다"", 小는 ""작다""로 뜻이 분리되어 쓰이게 된 것입니다.",음독은 ショウ입니다. 특별한 점은 없습니다.,"少ない는 ""적다""라는 뜻의 형용사입니다. 少し는 ""조금""이라는 뜻의 부사입니다.",no
71,N5,校,학교 교,"""학교 교"". 학교",コウ,,"校 = 木 + 交。 (의미부)木(""나무 목"")은 ""나무""를 뜻하는 상용한자입니다. 木는 ""나무""의 모습을 본따 그린 상형문자입니다. (소리부 겸 의미부)交(コウ - ""사귈 교"")는 ""교차하다, 교제하다""라는 뜻의 상용한자입니다. 交는 ""다리를 꼬고 앉은 사람""을 그린 상형문자입니다. ""다리를 교차시키다"" -> ""교차하다, 교제하다""라는 의미입니다. 校는 ""나무(木) 밑에서 친구들과 교제하며(交) 많은 것을 배우다"" -> ""학교""라는 뜻의 글자입니다. (交는 소리부도 겸함)",음독은 コウ입니다. 특별한 점은 없습니다.,校의 정식 훈독은 없습니다.,no
72,N5,語,말씀 어,"""말씀 어"". 단어, 언어",ゴ,かた(る)、かた(らう),"語 = 言 + 五 + 口。 (의미부)「言」는 ""말하다""라는 뜻입니다. (의미부)「口」는 ""입""을 뜻합니다. (소리부)「五」(ゴ)는 여기서는 소리부의 역할만 하고 있습니다. 語는 ""입(口)으로 말하다(言)"" -> ""단어, 언어""라는 뜻의 글자입니다(五는 소리부).",음독은 ゴ입니다. 특별한 점은 없습니다.,"語る、語らう는 둘 다 ""이야기하다""라는 뜻의 타동사입니다. 차이점은 다음과 같습니다. 아래 예문을 참조해 주세요.",no
73,N5,空,빌 공,"""빌 공"". 허공, 비어있음",クウ,そら、から、あ(ける)、あ(く),"空 = 穴 + 工。 (의미부)「穴」는 ""구멍""을 뜻하는 부수입니다(링크 참조). (소리부)工(コウ、ク - ""장인 공"")은 ""공작, 가공""을 뜻하는 상용한자입니다. 다만 여기서는 소리부(コウ・ク -> クウ)의 역할만 하고 있습니다. 工는 ""목공 작업에 쓰던 기계""의 형태를 본따 그린 상형문자입니다. ""목공 작업"" -> ""공작, 가공, 공정""이라는 의미입니다. 空는 ""텅 빈 구멍(穴)"" -> ""비어있다""라는 뜻의 글자입니다(工는 소리부).",음독은 クウ입니다. 특별한 점은 없습니다.,"1. そら、から 空는 ""하늘""을 뜻합니다. 空는 ""텅 비어있는 상태""를 뜻합니다. 예문) 空を飛ぶ 하늘을 날다 空の箱빈 상자 コップが空になった 컵이 비었다 2.空ける、空く 空ける는 ""비우다""라는 뜻의 2그룹 타동사입니다. 空く는 ""비다, 들어 있지 않다""라는 뜻의 자동사입니다. 예문) グラスを空ける 잔을 비우다 空いている部屋はありますか。 빈 방 있나요?",no
74,N5,土,흙 토,"""흙 토"". 흙, 땅",ド、ト,つち,"土는 ""땅에 새싹이 돋아난 모습""을 그린 상형문자입니다. ""흙 위에 돋아난 새싹"" -> ""흙, 땅""이라는 의미입니다.",음독은 ド、ト입니다. 사용 빈도는 ド가 훨씬 높습니다.,"土는 ""땅""을 뜻합니다.",no
75,N5,木,나무 목,"""나무 목"". 나무",ボク、モク,き、こ,"木는 ""나무""의 모습을 본따 그린 상형문자입니다.",음독은 ボク、モク입니다. 특별한 구분법은 없습니다.,"木는 ""나무""를 뜻합니다.",no
76,N5,聞,들을 문,"""들을 문"". 듣다",ブン、モン,き(く)、き(こえる),"聞 = 門 + 耳。 門(""문 문"")은 ""문""을 뜻하는 상용한자입니다. 門는 ""문""의 모습을 본따 그린 상형문자입니다. 耳(""귀 이"")는 ""귀""를 뜻하는 상용한자입니다. 耳는 ""귀""를 본따 그린 상형문자입니다. 聞은 ""문(門) 밖에서 나는 소리를 귀기울여(耳) 듣다"" -> ""듣다""라는 뜻의 글자입니다.",음독은 ブン、モン입니다. 사용 빈도는 ブン이 훨씬 높습니다.,"聞く는 ""듣다, 묻다""라는 뜻의 타동사입니다. 聞こえる는 ""들리다""라는 뜻의 2그룹 자동사입니다.",no
77,N5,食,먹을 식,"""먹을 식"". 먹다",ショク、ジキ,た(べる)、く(う)、く(らう),"食는 ""음식이 담긴 식기""를 그린 상형문자입니다. 윗부분은 뚜껑, 중간부분은 음식, 아랫부분은 식기를 표현한 것입니다. ""음식이 담긴 식기"" -> ""먹다""라는 의미입니다.",음독은 ショク、ジキ입니다. 사용 빈도는 ショク가 훨씬 높습니다.,"1.食べる、食う 食べる는 ""먹다""라는 뜻의 2그룹 타동사입니다. 食う는 ""먹다""라는 뜻의 타동사로,食べる보다 좀 더 격의없고 편한 말투입니다. 예문) ご飯を食べる 밥을 먹다 肉を食う 고기를 먹다 2.食らう 食らう는 ""(좋지 않은 일을) 당하다""라는 뜻의 타동사입니다. ""먹다""라는 뜻도 있으나 이 경우는食う보다 거친, 속어에 가까운 말투입니다. 예문) びんたを食らう 따귀를 맞다",no
78,N5,車,수레 차(거),"""수레 차(거)"". 차량, 수레",シャ,くるま,"車는 ""수레""의 모습을 본따 그린 상형문자입니다.",음독은 シャ입니다. 특별한 점은 없습니다.,"車는 ""차, 수레""를 뜻합니다.",no
79,N5,何,어찌 하,"""어찌 하"". 무엇(what)",カ,なに、なん,"何 = 亻 + 可。 「亻」는 ""사람""을 뜻하는 부수입니다(링크 참조). 可는 여기서는""짐보따리""를 표현한 모양자입니다(위 그림 참조). 何는 ""짐보따리(可)를 싸들고 집을 떠나는 사람(亻)""을 그린 글자입니다. 집을 떠나는 사람에게는 떠나는 이유가 있을 것입니다. ""떠나는 이유가 무엇이냐"" -> ""무엇""이라는 의미입니다.","음독은 カ입니다. 다만, 이 한자의 음독을 쓰는 단어는 거의 없습니다.",훈독은 なに、なん입니다. 특별한 점은 없습니다.,no
80,N5,南,남녘 남,"""남녘 남"". 남쪽",ナン、ナ,みなみ,"南는 ""천장에 걸려있는 종""을 그린 상형문자입니다. ""아래로 늘어뜨려진 종"" -> ""아래쪽"" -> ""남쪽""이라는 의미입니다.",음독은 ナン、ナ입니다. 사용 빈도는 ナン이 훨씬 높습니다.,"南는 ""남쪽""을 뜻합니다.",no
81,N5,足,발 족,"""발 족"". 발",ソク,あし、た(りる)、た(る)、た(す),"足는 ""달리고 있는 사람""을 그린 상형문자입니다. ""달리다"" -> ""발""이라는 의미입니다.",음독은 ソク입니다. 특별한 점은 없습니다.,"1.足りる、足る 足りる는 ""족하다, 충분하다""라는 뜻의 2그룹 자동사입니다. 足る는 ""족하다, 충분하다""라는 뜻의 자동사로, 일부 관용어구에서만 쓰이는 문어적 표현입니다. 예문) 一人で足りる 혼자서 충분하다 足るを知る者は富む (속담)만족할 줄 아는 사람은 언제나 부자다. 2.足す 足す는 ""더하다""라는 뜻의 타동사입니다. 예문) 不足分を足す 부족분을 더하다(채우다) 3. あし 足는 ""다리, 발""을 뜻합니다.",no
82,N5,万,일만 만,"""일만 만"". 일만",マン、バン,,"万은 본래 ""날카로운 칼날""을 그린 상형문자입니다. 그러나 이후 발음이 비슷하다는 이유로 ""일만""이라는 뜻으로 쓰이게 된 것입니다. 즉, 万의 모양과 의미 사이에는 아무 관계도 없습니다.",음독은 バン、マン입니다. 특별한 구분법은 없습니다.,万의 정식 훈독은 없습니다.,no
83,N5,店,가게 점,"""가게 점"". 가게",テン,みせ,"店 = 广 + 占。 「广」는 ""건물, 집""을 뜻하는 부수입니다(링크 참조). 占(""점령할 점"")은 ""점거하다, 점치다""라는 뜻의 상용한자입니다. 占 = 卜 + 口。 「卜」는 ""점, 점괘""를 뜻하는 부수입니다(링크 참조). 口는 여기서는 ""점술 도구가 보관된 통""을 그린 모양자입니다. 占는 ""점술 도구(卜)와 보관함(口)""을 그린 글자입니다. ""점쟁이가 자리를 잡고 점을 치다"" -> ""점거하다, 점치다""라는 의미입니다. 店는 ""건물(广)을 점거하고(占) 물건을 파는 가게"" -> ""가게""라는 뜻의 글자입니다.",음독은 テン입니다. 특별한 점은 없습니다.,"店는 ""가게""를 뜻합니다.",no
84,N5,毎,매양 매,"""매양 매"". 매번",マイ,,"毎 = 𠂉 + 毋。 𠂉는 여기서는 ""비녀""를 그린 모양자입니다. 「毋」는 ""어머니""를 뜻하는 부수입니다(링크 참조). 毎는""매일 머리에비녀(𠂉)를 꽂는 어머니(毋)"" -> ""매번""이라는 뜻의 글자입니다.",음독은 マイ입니다. 특별한 점은 없습니다.,毎의 정식 훈독은 없습니다.,no
85,N5,白,흰 백,"""흰 백"". 흰색",ハク、ビャク,しろ、しろ(い)、しら,"白는 ""밝게 타오르는 촛불""을 그린 상형문자입니다. ""밝은 촛불"" -> ""밝다"" -> ""흰색""이라는 의미입니다.",음독은 ハク、ビャク입니다. 절대다수는 ハク로 읽습니다. ビャク는 일부 예외적인 단어에만 쓰이는 음독입니다.,"白い는 ""희다""라는 뜻의 형용사입니다.",no
86,N5,古,옛 고,"""옛 고"". 오래된",コ,ふる(い)、ふる(す),"古 = 十 + 口。 「十」는 ""10""을 뜻합니다. 「口」는 ""입""을 뜻합니다. 古는 ""아이에게 들려주는 열 가지(十) 옛날 이야기(口)""-> ""옛날, 오래된""이라는 뜻의 글자입니다.",음독은 コ입니다. 특별한 점은 없습니다.,"1.古い 古い는 ""오래된, 낡은""이라는 뜻의 형용사입니다. 예문) 古い建物오래된 건물 2.古す 古す는""(사용해서) 낡게 만들다""라는 뜻의 타동사입니다. 이 동사는 단독으로는 쓰이지 않고,「(동사의 ます형) +古す」의 형태로만 쓰이는 복합동사입니다. 아래 예문을 참조해 주세요. 예문) 着古したオーバー 오래 입어서 낡은 외투 使い古された機械오래 써서 낡은 기계 昔から言い古された言葉옛날부터 늘 써 오던 말",no
87,N5,天,하늘 천,"""하늘 천"". 하늘",テン,あめ、あま,"天 = 一 + 大。 「大」는 본래 ""사람""을 그린 글자입니다(링크 참조). 一는 여기서는 ""하늘""을 그린 모양자입니다. 天는 ""사람(大)위의 하늘(一)"" -> ""하늘""이라는 뜻의 글자입니다.",음독은 テン입니다. 특별한 점은 없습니다.,훈독은 あめ、あま입니다. 특별한 구분법은 없습니다.,no
88,N5,買,살 매,"""살 매"". 사다, 구매하다",バイ,か(う),"買 = 罒 + 貝。 「罒」는 ""그물""을 뜻하는 부수입니다(링크 참조). 「貝」는 ""돈, 재물""을 뜻하는 부수입니다(링크 참조). 買는 ""돈(貝)을 지불하고 그물(罒)을 구매하다"" -> ""사다, 구매하다""라는 뜻의 글자입니다.",음독은 バイ입니다. 특별한 점은 없습니다.,"買う는 ""사다""라는 뜻의 타동사입니다.",no
89,N5,週,돌 주,"""돌 주"". 1주일(week)",シュウ,,"週 = ⻌ + 周。 (의미부)「⻌」는 ""길""을 뜻하는 부수입니다(링크 참조). (소리부 겸 의미부)周(シュウ - ""두루 주"")는 ""둘레, 돌다""라는 뜻의 상용한자입니다. 周는 ""논밭 주위를 둘러싼 경계선""을 그린 상형문자입니다. ""논밭을 둘러싼 경계선"" -> ""둘레, 돌다, 주기""라는 의미입니다. 週는 ""길(⻌)을 빙빙 돌다(周)""-> ""주기, 순환"" -> ""1주일""이라는 뜻의 글자입니다. (周는 소리부도 겸함)",음독은 シュウ입니다. 특별한 점은 없습니다.,週의 정식 훈독은 없습니다.,no
90,N5,母,어미 모,"""어미 모"". 어머니",ボ,はは,"母는 ""여자의 가슴""을 강조해서 그린 상형문자입니다. ""아기에게 젖을 주는 어머니"" -> ""어머니""라는 의미입니다.",음독은 ボ입니다. 특별한 점은 없습니다.,"母는 ""어머니""를 뜻합니다.",no
91,N5,火,불 화,"""불 화"". 불",カ,ひ、ほ,"火는 ""불이 타오르는 모습""을 그린 상형문자입니다.",음독은 カ입니다. 특별한 점은 없습니다.,"火는 ""불, 불꽃""을 뜻합니다.",no
92,N5,花,꽃 화,"""꽃 화"". 꽃",カ,はな,"花 = 艹 + 化。 (의미부)「艹」는 ""풀""을 뜻하는 부수입니다(링크 참조). (소리부 겸 의미부)化(カ - ""될 화"")는 ""바뀌다, 변하다""라는 뜻의 상용한자입니다. 化 = 亻 + 匕。 「亻」는 ""사람""을 뜻하는 부수입니다(링크 참조). 「匕」는 ""넘어져있는 사람""을 뜻하는 부수입니다(링크 참조). 化는 ""서있던 사람(亻)이 넘어지다(匕)"" -> ""바뀌다, 변하다""라는 뜻의 글자입니다. 花는 ""새싹(艹)이 자라서(化) 꽃이 되다"" -> ""꽃""이라는 뜻의 글자입니다. (化는 소리부도 겸함)",음독은 カ입니다. 특별한 점은 없습니다.,"花는 ""꽃""을 뜻합니다.",no
93,N5,右,오른 우,"""오른 우"". 오른쪽",ウ、ユウ,みぎ,"右 = 𠂇 + 口。 「𠂇」는 ""손""을 뜻하는 글자입니다(링크 참조). 「口」는 ""입""을 뜻합니다. 右는 ""밥 먹을 때(口) 쓰는 손(𠂇)"" -> ""오른손"" -> ""오른쪽""이라는 뜻의 글자입니다.",음독은 ウ、ユウ입니다. 사용 빈도는 ウ가 훨씬 높습니다.,"右는 ""오른쪽""을 뜻합니다.",no
94,N5,読,읽을 독,"""읽을 독"". 읽다",ドク、トク、トウ,よ(む),"読 = 言 + 売。 「言」는 ""말하다""라는 뜻입니다. 売(""팔 매"")는 ""팔다""라는 뜻의 상용한자입니다. 売 = 士 + 冖 + 儿。 士는 여기서는 ""도자기""를 그린 모양자입니다. 冖는 여기서는 ""(노점의) 판매대""를 그린 모양자입니다. 儿는「人」가 변형된 것으로, ""사람""을 뜻합니다. 売는 ""도자기(士)를 진열해두고(冖) 파는 노점상(儿)"" -> ""팔다""라는 뜻의 글자입니다. 読는 ""물건을 팔고(売) 번 돈을 세다(言)""라는 뜻입니다. ""중얼거리며 돈을 세다"" -> ""읽다""라는 의미입니다.",음독은 ドク、トク、トウ입니다. 그러나 절대다수는 ドク로 읽습니다. トク、トウ는 극히 일부의 단어에만 쓰이는 음독입니다.,"読む는 ""읽다""라는 뜻의 타동사입니다.",no
95,N5,友,벗 우,"""벗 우"". 친구",ユウ,とも,"友 = 𠂇 + 又。 「𠂇」는 ""손""을 뜻합니다(링크 참조). 「又」는 ""손""을 뜻하는 부수입니다(링크 참조). 友는 ""서로 손을 맞잡고(𠂇+又) 반갑게 악수하는 친구들""-> ""친구""라는 뜻의 글자입니다.",음독은 ユウ입니다. 특별한 점은 없습니다.,"友는 ""친구, 벗""을 뜻합니다.",no
96,N5,左,왼 좌,"""왼 좌"". 왼쪽",サ,ひだり,"左 = 𠂇 + 工。 「𠂇」는 ""손""을 뜻하는 글자입니다(링크 참조). 工는 여기서는 그냥「右」와의 구분을 위해 추가된 장식입니다. 左는""오른손""을 뜻하는「右」에서 口만 工로 바꿔서 ""왼손""이라는 뜻을 표현한 글자입니다. ""왼손"" -> ""왼쪽""이라는 의미입니다.",음독은 サ입니다. 특별한 점은 없습니다.,"左는 ""왼쪽""을 뜻합니다.",no
97,N5,休,쉴 휴,"""쉴 휴"". 쉬다, 휴식",キュウ,やす(む)、やす(まる)、やす(める),"休 = 亻 + 木。 「亻」는 ""사람""을 뜻하는 부수입니다. 「木」는 ""나무""를 뜻합니다. 休는 ""나무(木) 그늘에서 쉬는 사람(亻)"" -> ""쉬다, 휴식""이라는 뜻의 글자입니다.",음독은 キュウ입니다. 특별한 점은 없습니다.,"1.休む 休む는 ""쉬다""라는 뜻의 자동사/타동사입니다. 예문) ゆっくり休む 푹 쉬다 2.休まる、休める 休まる는 ""편안해지다""라는 뜻의 자동사입니다. 休める는 ""휴식시키다, 편안하게 하다""라는 뜻의 2그룹 타동사입니다. 예문) 気が休まる 마음이 편안해지다 心を休める 안심시키다 体を休める 휴식을 취하다(""몸을 휴식시키다"")",no
98,N5,父,아비 부,"""아비 부"". 아버지",フ,ちち,"父 = 丿 + 又。 丿는 여기서는 ""회초리""를 그린 모양자입니다. 「又」는 ""손""을 뜻합니다. 父는 ""회초리(丿)를 들고(又) 자식을 훈계하는 엄한 아버지"" -> ""아버지""라는 뜻의 글자입니다.",음독은 フ입니다. 특별한 점은 없습니다.,"父는 ""아버지""를 뜻합니다.",no
99,N5,駅,역 역,"""역 역"". 역(station)",エキ,,"駅 = 馬 + 尺。 馬(""말 마"")는 ""말""을 뜻하는 상용한자입니다. 馬는""말""의 모습을 본따 그린 상형문자입니다. 尺는 여기서는 ""기둥에 묶인 말고삐""를 그린 모양자입니다. 駅는 ""말(馬)을 묶어두는(尺) 역참"" -> ""역""이라는 뜻의 글자입니다.",음독은 エキ입니다. 특별한 점은 없습니다.,駅의 정식 훈독은 없습니다.,no
100,N5,雨,비 우,"""비 우"". 비",ウ,あめ、あま,"雨는 ""비가 오는 모습""을 그린 상형문자입니다.",음독은 ウ입니다. 특별한 점은 없습니다.,"雨는 ""비""를 뜻합니다.",no
101,N5,飲,마실 음,"""마실 음"". 마시다",イン,の(む),"飲 = 食 + 欠。 「食」는 ""먹다""라는 뜻입니다. 「欠」는 ""입을 벌린 사람""을 뜻하는 부수입니다(링크 참조). 飲는 ""입을 벌리고(欠) 먹다(食)"" -> ""마시다""라는 뜻의 글자입니다.",음독은 イン입니다. 특별한 점은 없습니다.,"飲む는 ""마시다""라는 뜻의 타동사입니다.",no
102,N5,魚,물고기 어,"""물고기 어"". 물고기",ギョ,うお、さかな,"魚는 ""물고기""를 본따 그린 상형문자입니다.",음독은 ギョ입니다. 특별한 점은 없습니다.,"魚는 ""물고기, 생선""을 뜻합니다.",no
103,N5,耳,귀 이,"""귀 이"". 귀",ジ,みみ,"耳는 ""귀""를 본따 그린 상형문자입니다.",음독은 ジ입니다. 특별한 점은 없습니다.,"耳는 ""귀""를 뜻합니다.",no
104,N4,同,한가지 동,"""한가지 동"". 같다, 동일",ドウ,おな(じ),"同 = 𠔼 + 口。 𠔼는 여기서는 ""둥글게 둘러앉은 모습""을 그린 모양자입니다. 「口」는 ""입""을 뜻합니다. 同는 ""둥글게 둘러앉아(𠔼) 함께 이야기하다(口)""라는 뜻입니다. ""다 같이 이야기하다"" -> ""같다, 한가지""라는 의미입니다.",음독은 ドウ입니다. 특별한 점은 없습니다.,"同じ는 ""같음, 동일""을 뜻합니다. 예문) 今も昔も同じだ 지금이나 예나 같다 同じ日の午後같은 날 오후",no
105,N4,事,일 사,"""일 사"". 일, 사항, 사건",ジ、ズ,こと,"事는 ""제사 의식용 도구를 손(⺕)에 쥔 모습""을 그린 상형문자입니다. 고대 사회에서 제사는 대단히 중요한 국가적 행사였습니다. ""중요한 행사"" -> ""일, 사항, 사건""이라는 의미입니다.",음독은 ジ、ズ입니다. 그러나 절대다수는 ジ로 읽습니다. ズ는 일부 예외적인 단어에만 쓰이는 음독입니다.,"事는 ""일, 사항, 사건"" 등을 뜻합니다.",no
106,N4,自,스스로 자,"""스스로 자"". 자신, 자기",ジ、シ,みずか(ら),"自는 본래 ""사람의 코""를 본따 그린 상형문자입니다. ""코"" -> ""얼굴의 중앙"" -> ""자기 자신""이라는 의미입니다.",음독은 ジ、シ입니다. 그러나 절대다수는 ジ로 읽습니다. シ는自然(자연) 외에는 거의 쓰지 않는 음독입니다.,"自ら는 ""자기, 자신, 스스로""를 뜻합니다. 예문) 自らを省みる 자신을 돌아보다 自ら実行する 스스로 실행하다",no
107,N4,民,백성 민,"""백성 민"". 국민, 민족",ミン,たみ,"民는 ""칼로 노예의 눈을 찌르는 모습""을 그린 상형문자입니다. 고대 중국에서는 노예의 왼쪽 눈을 멀게 해 도망가지 못하게 했다고 합니다. ""눈을 찔린 노예"" -> ""노예"" -> ""백성, 국민""이라는 의미입니다.",음독은 ミン입니다. 특별한 점은 없습니다.,"民는 ""백성, 국민""을 뜻합니다.",no
108,N4,発,쏠 발,"""쏠 발"". 쏘다, 일으키다, 발생하다",ハツ、ホツ,,"発 = 癶 +开。 癶는 여기서는 ""화살촉""을 그린 모양자입니다. 开는 여기서는 ""활시위(二)에 걸린 화살대(儿)""를 그린 모양자입니다. 発는 ""화살(癶)을 쏘다(开)"" -> ""쏘다"" -> ""일으키다, 발생하다""라는 뜻의 글자입니다.",음독은 ハツ、ホツ입니다. 사용 빈도는 ハツ가 더 높으나 특별한 구분법은 없습니다.,発의 정식 훈독은 없습니다.,no
109,N4,者,놈 자,"""놈 자"". 사람; 행동의 주체",シャ,もの,"者 = 耂 +曰。 「耂」는 ""노인""을 뜻하는 부수입니다(링크 참조). 「曰」(""가로 왈"")은 ""말하다""라는 뜻의 부수입니다(링크 참조). 者는 ""말하고 있는(曰)노인(耂)"" -> ""사람, 행동의 주체""라는 뜻의 글자입니다.",음독은 シャ입니다. 특별한 점은 없습니다.,"者는 ""자, 사람""을 뜻합니다.",no
110,N4,地,땅 지,"""땅 지"". 땅, 대지",チ、ジ,,"地 = 土 + 也。 「土」는 ""흙""을 뜻합니다. 「也」는 어조사(""~이다"", ""역시"", ""또한"" 등등)로서 쓰이는 글자입니다(링크 참조). 地는 ""흙(土) + 이다(也)"" -> ""땅, 대지""라는 뜻의 글자입니다.",음독은 チ、ジ입니다. 특별한 구분법은 없습니다.,地의 정식 훈독은 없습니다.,no
111,N4,合,합할 합,"""합할 합"". 합치다, 들어맞다",ゴウ、ガッ、カッ,あ(う)、あ(わす)、あ(わせる),"合 = 亼 + 口。 亼는 여기서는 ""그릇의 뚜껑""을 그린 모양자입니다. 口는 여기서는 ""그릇""을 그린 모양자입니다. 合는 ""그릇(口)의뚜껑(亼)을 덮다"" -> ""합치다, 들어맞다""라는 뜻의 글자입니다.",음독은 ゴウ、ガッ、カッ입니다. 사용 빈도는 ゴウ >>ガッ >>>カッ 정도로 보시면 됩니다.,"1.合う 合う는 ""합쳐지다, 조화를 이루다, 일치하다""라는 뜻의 자동사입니다. 예문) 靴が足に合わない 구두가 발에 맞지 않는다 意見が合う 의견이 일치하다 気が合う人마음이 맞는 사람 2.合わす、合わせる 合わす는 ""맞추다, 합치다""라는 뜻의 타동사입니다. 合わせる는 ""맞추다, 합치다""라는 뜻의 2그룹 타동사입니다. 둘 사이에 의미의 차이는 없습니다. 예문) 仏前に手を合わす 불전에 손을 모으다(합장하다) 音楽に合わせて踊る 음악에 맞추어 춤추다 力を合わせる 힘을 합치다(협력하다)",no
112,N4,市,저자 시,"""저자 시"". 시장(market), 도시",シ,いち,"市 = 亠 + 巾。 亠는 여기서는 ""(옷을 걸어놓는) 장대""를 그린 모양자입니다. 「巾」는 ""수건, 천""을 뜻하는 부수입니다(링크 참조). 市는 ""옷감(巾)이 걸려있는(亠) 옷가게""라는 뜻입니다. ""옷가게가 늘어선 시장"" -> ""시장, 도시""라는 의미입니다.",음독은 シ입니다. 특별한 점은 없습니다.,"市는 ""시장""을 뜻합니다.",no
113,N4,業,업 업,"""업 업"". 직업, 사업, 일",ギョウ、ゴウ,わざ,"業는 ""악기를 등에 멘 악사""를 본따 그린 상형문자입니다. ""악기를 들고 다니는 악사"" -> ""직업, 사업, 일""이라는 의미입니다.",음독은 ギョウ、ゴウ입니다. 대략적인 구분법은 다음과 같습니다. 아래 예시단어를 참조해 주세요.,"業는 ""행위, 일, 직업""을 뜻합니다.",no
114,N4,方,모 방,"""모 방"". 방향, 방법",ホウ,かた,"方는 ""소가 끄는 쟁기""를 그린 상형문자입니다. ""소에게 방향을 지시하다"" -> ""방향, 방법""이라는 의미입니다.",음독은 ホウ입니다. 특별한 점은 없습니다.,"方는 ""방법, 방식, 쪽, 편, ~분(경칭)""을 뜻합니다.",no
115,N4,回,돌 회,"""돌 회"". 돌다, 회전, 횟수",カイ、エ,まわ(る)、まわ(す),"回는 ""회오리가 빙글빙글 도는 모습""을 그린 상형문자입니다.",음독은 カイ、エ입니다. 그러나 절대다수는 カイ로 읽습니다. エ는 일부 예외적인 단어에만 쓰이는 음독입니다.,"回る는 ""돌다""라는 뜻의 자동사입니다. 回す는 ""돌리다""라는 뜻의 타동사입니다.",no
116,N4,場,마당 장,"""마당 장"". 장소, 곳",ジョウ,ば,"場 = 土 + 昜。 「土」는 ""흙, 땅""을 뜻합니다. 「昜」는 ""햇볕, 뜨거운 햇살""을 뜻하는 글자입니다(링크 참조). 場는 ""햇볕이 내리쬐는(昜)넓은 땅(土)"" -> ""장소, 곳""이라는 뜻의 글자입니다.",음독은 ジョウ입니다. 특별한 점은 없습니다.,훈독은 ば입니다. 특별한 점은 없습니다.,no
117,N4,員,인원 원,"""인원 원"". 인원, 점원",イン,,"員 = 口 + 貝。 「口」는 ""입""을 뜻합니다. 「貝」는 ""돈, 재물""을 뜻하는 부수입니다. 員는 ""식비(口)와 월급(貝)"" -> ""인건비"" -> ""인원, 점원""이라는 뜻의 글자입니다.",음독은 イン입니다. 특별한 점은 없습니다.,員의 정식 훈독은 없습니다.,no
118,N4,開,열 개,"""열 개"". 열다",カイ,ひら(く)、ひら(ける)、あ(く)、あ(ける),"開 = 門 + 开。 門(""문 문"")은 ""문""을 뜻하는 상용한자입니다. 門는 ""문""의 모습을 본따 그린 상형문자입니다. 开는 여기서는 ""양손으로 문을 열어젖히는 모습""을 그린 모양자입니다. 開는 ""문(門)을 양손으로 열어젖히다(开)"" -> ""열다""라는 뜻의 글자입니다.",음독은 カイ입니다. 특별한 점은 없습니다.,"1.開く、開ける 開く는 ""열리다""라는 뜻의 자동사입니다. 開ける는 ""열다""라는 뜻의 2그룹 타동사입니다. 예문) ドアが開いている 문이 열려 있다 窓を開ける 창문을 열다 2.開く、開ける 開く는 ""열리다/열다""라는 뜻의 자동사 겸 타동사입니다. 開ける는 ""(막혔던 것이)트이다, 개화되다, 펼쳐지다""라는 뜻의 2그룹 자동사입니다. 예문) ドアが開いている 문이 열리고 있다 窓を開く 창문을 열다 心を開く 마음을 열다 本を開く 책을 펼치다 会議を開く 회의를 열다 視界が開ける 시야가 트이다 開けた民族개화된 민족 解決への道が開ける 해결에의 길이 열리다 참고)開く・開ける와開く의 차이점 아래 예문을 참조해 주세요. 예문) ドアが開いている 문이 열려 있다(열려 있는 상태) ドアが開いている 문이 열리고 있다(열리고 있는 상태) 心を開く 마음을 열다(開ける는 불가능) 本を開く 책을 펼치다(開ける는 불가능) 会議を開く 회의를 열다(開ける는 불가능)",no
119,N4,力,힘 력(역),"""힘 력(역)"". 힘",リョク、リキ,ちから,"力는 ""쟁기""를 본따 그린 상형문자입니다. ""농사를 짓는 쟁기"" -> ""농사일"" -> ""힘""이라는 의미입니다.",음독은 リョク、リキ입니다. 사용 빈도는 リョク가 더 높으나 특별한 구분법은 없습니다.,"力는 ""힘""을 뜻합니다.",no
120,N4,問,물을 문,"""물을 문"". 묻다",モン,と(う)、と(い)、とん,"問 = 門 + 口。 (소리부 겸 의미부)門(モン - ""문 문"")은 ""문""을 뜻하는 상용한자입니다. 門는 ""문""의 모습을 본따 그린 상형문자입니다. (의미부)「口」는 ""입""을 뜻합니다. 問는 ""남의 집에 방문(門)해 질문하다(口)"" -> ""묻다""라는 뜻의 글자입니다. (門는 소리부도 겸함)",음독은 モン입니다. 특별한 점은 없습니다.,"問う는 ""묻다""라는 뜻의 타동사입니다. 問い는問う의 명사형으로, ""물음""을 뜻합니다.",no
121,N4,代,대신할 대,"""대신할 대"". 대신하다, 시대",ダイ、タイ,か(わる)、か(える)、よ、しろ,"代 = 亻 + 弋。 「亻」는 ""사람""을 뜻합니다. 「弋」는""공구, 도구""를 뜻하는 부수입니다(링크 참조). 代는 ""목수(亻)가 쓰는공구(弋)""라는 뜻입니다. ""오래된 공구를 교체하다"" -> ""대신하다, 대체되다, 세대, 시대""라는 의미입니다.",음독은 ダイ、タイ입니다. 사용 빈도는 ダイ가 훨씬 높습니다.,"1.代わる、代える 代わる는 ""대신하다, 대체하다""라는 뜻의 자동사입니다. 代える는 ""대신하다, 대리하게 하다""라는 뜻의 2그룹 타동사입니다. 예문) 手紙に代わってメールが使われる 편지를 대신해 메일이 사용되다 部長に代えて課長を派遣する 부장을 대신해 과장을 파견하다 2. よ、しろ 代는 ""한 통치자의 치세/시대""를 뜻합니다. 代는 ""대금, 대용물""을 뜻합니다. 예문) 明治の代메이지 시대 飲み代술값 食い代음식값/식대",no
122,N4,明,밝을 명,"""밝을 명"". 밝다",メイ、ミョウ,あ(かり)、あか(るい)、あか(るむ)、あか(らむ)、あき(らか)、あ(ける)、あ(く)、あ(くる)、あ(かす),"明 = 日 + 月。 「日」는 ""해""를 뜻합니다. 「月」는 ""달""을 뜻합니다. 明는 ""해(日) + 달(月)"" -> ""밝다""라는 뜻의 글자입니다.",음독은 メイ、ミョウ입니다. 사용 빈도는メイ가 더 높으나특별한 구분법은 없습니다.,"1.明かり、明るい 明かり는 ""밝은 빛""을 뜻합니다. 明るい는 ""밝다""라는 뜻의 형용사입니다. 예문) 星明かりが窓にさす 별빛이 창에 비치다 明るい部屋밝은 방 2.明るむ、明らむ 明るむ는 ""밝아지다""라는 뜻의 자동사입니다. 明らむ는 ""(동이 터서)훤해지다""라는 뜻의 자동사입니다. 예문) 心が明るむ 마음이 밝아지다(가벼워지다) 空が明るむ 하늘이 밝아지다 空が明らむ 하늘이 밝아오다(""동이 트다""라는 의미) 3.明らか 明らか는 ""분명함, 명백함, 뚜렷함""을 뜻합니다. 예문) 明らかな事実명백한 사실 役割を明らかにする 역할을 명백히 하다 4.明く、明ける、明くる 明く는 ""(감겨 있던 눈이) 떠지다""라는 뜻의 자동사입니다. 明ける는 ""(특정한 기간 등이) 끝나다""라는 뜻의 2그룹 자동사입니다. 明くる는 ""다음의, 돌아오는""을 뜻하는 연체사입니다. 예문) 赤ちゃんの目が明いた 아기의 눈이 떠졌다 年が明ける 새해가 되다 夜が明ける 날이 새다 梅雨が明ける 장마가 끝나다 明くる日이튿날/다음날 明くる年이듬해 5.明かす 明かす는 ""밝히다, 명백히 하다""라는 뜻의 타동사입니다. 예문) 秘密を明かす 비밀을 밝히다 潔白を明かす 결백함을 밝히다",no
123,N4,動,움직일 동,"""움직일 동"". 움직이다",ドウ,うご(く)、うご(かす),"動 = 重 + 力。 重(""무거울 중"")은 ""무겁다""라는 뜻의 상용한자입니다. 重는 본래 ""무거운 봇짐을 진 사람""을 그린 상형문자입니다. 시간이 지나며 왼쪽의 ""사람"" 부분은 생략되고 오른쪽의 ""봇짐"" 부분만 남아서 지금의 형태가 된 것입니다. ""무거운 봇짐"" -> ""무겁다, 겹치다""라는 의미입니다. 「力」는 ""힘""을 뜻합니다. 動는 ""힘(力)을 써서 무거운(重) 물건을 옮기다"" -> ""움직이다""라는 뜻의 글자입니다.",음독은 ドウ입니다. 특별한 점은 없습니다.,"動く는 ""움직이다""라는 뜻의 자동사입니다. 動かす는 ""움직이게 하다""라는 뜻의 타동사입니다.",no
124,N4,京,서울 경,"""서울 경"". 수도",キョウ、ケイ,,"京는 ""기둥 위에 세워진 커다란 건물""을 그린 상형문자입니다. ""커다란 건물들이 늘어선 도시"" -> ""수도""라는 의미입니다.",음독은 キョウ、ケイ입니다. 특별한 구분법은 없습니다.,京의 정식 훈독은 없습니다.,no
125,N4,通,통할 통,"""통할 통"". 통하다, 지나가다",ツウ、ツ,とお(る)、とお(す)、かよ(う),"通 = ⻌ + 甬。 「⻌」는 ""길""을 뜻하는 부수입니다. 「甬」는 ""종""을 뜻하는 글자입니다(링크 참조). 通는 ""속이 텅 비어있는 종(甬)처럼 뻥 뚫린 길(⻌)""이라는 뜻입니다. ""뻥 뚫린 길"" -> ""통하다, 지나가다""라는 의미입니다.",음독은 ツウ、ツ입니다. 그러나 절대다수는 ツウ로 읽습니다. ツ는 일부 예외적인 단어에만 쓰이는 음독입니다.,"1.通る、通す 通る는 ""통하다, 통과하다""라는 뜻의 자동사입니다. 通す는 ""통하게 하다, 통과시키다""라는 뜻의 타동사입니다. 예문) 無理が通る 억지가 통하다 学校の前を通る 학교 앞을 지나다 関門を通す 관문을 통과시키다 法案を通す 법안을 통과시키다 2.通う 通う는 ""다니다""라는 뜻의 자동사입니다. 예문) 学校に通う 학교에 다니다",no
126,N4,理,다스릴 리,"""다스릴 리"". 이치, 진리, 논리",リ,,"理 = 𤣩+ 里。 (의미부)「𤣩」는 ""구슬, 보석""을 뜻하는 부수입니다(링크 참조). (소리부)「里」(リ)는""마을""을 뜻하는 부수입니다(링크 참조). 다만 여기서는 소리부의 역할만 하고 있습니다. 理는 ""정교하게 세공된, 빛나는 옥구슬(𤣩)"" -> ""이치, 진리, 논리""라는 뜻의 글자입니다(里는 소리부).",음독은 リ입니다. 특별한 점은 없습니다.,里의 정식 훈독은 없습니다.,no
127,N4,体,몸 체,"""몸 체"". 몸",タイ、テイ,からだ,"体 = 亻 + 本。 「亻」는 ""사람""을 뜻합니다. 「本」는 ""근본, 본질""을 뜻합니다. 여기서는 ""본체""라는 뜻입니다. 体는 ""사람(亻)의 본체(本)"" -> ""몸통, 신체""라는 뜻의 글자입니다.","음독은 タイ、テイ입니다.구분법은 다음과 같습니다. 아래 대표단어, 예문을 참고해 주세요.","体는 ""몸""을 뜻합니다.",no
128,N4,田,밭 전,"""밭 전"". 밭",デン,た,"田는 ""가지런히 늘어선 논밭""의 모습을 그린 상형문자입니다.",음독은 デン입니다. 특별한 점은 없습니다.,훈독은 た입니다. 특별한 점은 없습니다.,no
129,N4,主,주인 주,"""주인 주"". 주인",シュ、ス,ぬし、おも,"主 = 丶 + 王。 王(""임금 왕"")은 ""왕""을 뜻하는 상용한자입니다. 王는 ""권위를 상징하는 거대한 도끼""를 그린 상형문자입니다. ""권위의 상징"" -> ""우두머리"" -> ""왕""이라는 의미입니다. 丶는 여기서는 ""왕관""을 그린 모양자입니다. 主는 ""왕관(丶)을 쓴 왕(王)"" -> ""나라의 주인"" -> ""주인""이라는 뜻의 글자입니다.",음독은 シュ、ス입니다. 사용 빈도는 シュ가 훨씬 높습니다. ス는 일부 예외적인 단어에만 쓰이는 음독입니다.,"主는 ""주인, 소유주""를 뜻합니다. 主는 ""주된 것, 주요한 것""을 뜻합니다.",no
130,N4,題,제목 제,"""제목 제"". 제목, 주제",ダイ,,"題 = 是 + 頁。 是(""옳을 시"")는 ""옳다, 바르다""라는 뜻의 상용한자입니다. 是 = 日 + 正。 「日」는 ""태양""을 뜻합니다. 正(""바를 정"")은 ""바르다""라는 뜻의 상용한자입니다. 是는 ""하늘의 태양(日)처럼 바르고 올곧다(正)"" -> ""옳다""라는 뜻의 글자입니다. 「頁」는 ""머리""를 뜻하는 부수입니다(링크 참조). 題는 ""바른(是) 머리(頁)"" -> ""이마""라는 뜻으로 만들어진 글자입니다. ""이마"" -> ""얼굴의 제일 앞에 나와 있는 부분"" -> ""제목, 주제""라는 의미입니다.",음독은 ダイ입니다. 특별한 점은 없습니다.,題의 정식 훈독은 없습니다.,no
131,N4,首,머리 수,"""머리 수"". 머리, 목",シュ,くび,"首 = 丷 + 丆 + 目。 「目」는 ""눈""을 뜻합니다. 丷+丆는 여기서는 ""머리털""을 그린 모양자입니다. 首는 ""머리털(丷+丆) +눈(目)"" -> ""머리, 목""이라는 뜻의 글자입니다.",음독은 シュ입니다. 특별한 점은 없습니다.,"首는 ""목""을 뜻합니다.",no
132,N4,意,뜻 의,"""뜻 의"". 뜻, 생각, 의미",イ,,"意 = 音 + 心。 音(""소리 음"")은 ""소리""를 뜻하는 상용한자입니다. 音는「言」가 변형되어 만들어진 글자입니다. ""말소리(言)"" -> ""소리""라는 의미입니다. 心(""마음 심"")은 ""마음""을 뜻하는 상용한자입니다. 心는 ""심장""을 본따 그린 상형문자입니다. ""심장"" -> ""마음""이라는 의미입니다. 意는 ""마음(心)의 소리(音)"" -> ""뜻, 생각, 의미""라는 뜻의 글자입니다.",음독은 イ입니다. 특별한 점은 없습니다.,意의 정식 훈독은 없습니다.,no
133,N4,不,아닐 부(불),"""아닐 부(불)"". 아니다, 부정",フ、ブ,,"不는 ""땅속에 뿌리내린 씨앗""을 그린 상형문자입니다. ""아직 싹을 틔우지 못한 씨앗"" -> ""아니다""라는 의미입니다.",음독은 フ、ブ입니다. 특별한 구분법은 없습니다.,不의 정식 훈독은 없습니다.,no
134,N4,作,지을 작,"""지을 작"". 만들다",サク、サ,つく(る),"作 = 亻 + 乍。 (의미부)「亻」는 ""사람""을 뜻합니다. (소리부 겸 의미부)「乍」(サク・サ)는 ""바느질하다""라는 뜻의 글자입니다(링크 참조). 作는 ""재봉사(亻)가바느질(乍)로 옷을 만들다"" -> ""만들다""라는 뜻의 글자입니다. (乍는 소리부도 겸함)",음독은 サク、サ입니다. 특별한 구분법은 없습니다.,"作る는 ""만들다""라는 뜻의 타동사입니다.",no
135,N4,用,쓸 용,"""쓸 용"". 쓰다, 사용하다, 이용하다",ヨウ,もち(いる),"用는 ""나무로 만든 울타리""를 본따 그린 상형문자입니다. ""침입자를 막기 위해 울타리를 이용하다"" -> ""이용하다, 사용하다, 쓰다""라는 의미입니다.",음독은 ヨウ입니다. 특별한 점은 없습니다.,"用いる는 ""이용하다, 활용하다""라는 뜻의 2그룹 타동사입니다. 예문) 運搬に車を用いる 운반에 자동차를 이용하다 広く用いられる 널리 쓰이다 新戦法を用いる 새 전법을 쓰다",no
136,N4,度,법도 도,"""법도 도"". 정도, 횟수, 제도",ド、ト、タク,たび,"度 = 广 + 廿 + 又。 「广」는 ""건물, 집""을 뜻하는 부수입니다. 廿는 여기서는 ""벽돌""을 그린 모양자입니다. 「又」는 ""손""을 뜻하는 부수입니다. 度는 ""벽돌(廿)을 쌓아서(又) 집(广)을 짓다""라는 뜻의 글자입니다. 집을 제대로 짓기 위해서는 정교한 측량이 필요합니다. ""정해진 기준대로 정교하게 측량하다"" -> ""정도, 횟수, 제도, 표준""이라는 의미입니다.",음독은 ド、ト、タク입니다. 그러나 절대다수는 ド로 읽습니다. ト、タク는 일부 예외적인 단어에만 쓰이는 음독입니다.,"度는 ""(~할) 때, 때마다""라는 뜻입니다.",no
137,N4,強,강할 강,"""강할 강"". 강하다",キョウ、ゴウ,つよ(い)、つよ(まる)、つよ(める)、し(いる),"強 = 弓 + 厶 + 虫。 「弓」는 ""활""을 뜻하는 부수입니다(링크 참조). 「厶」는 본래 ""팔을 안으로 굽힌 모습""을 그린 글자입니다(링크 참조). 여기서는 ""활시위를 잡아당기는 팔""을 표현한 것입니다. 虫(""벌레 충"")은 ""벌레""를 뜻하는 상용한자입니다. 虫는 ""뿔이 달린 벌레""를 그린 상형문자입니다. 強는 ""활(弓)을 쏘아(厶) 벌레(虫)를 맞추다""라는 뜻입니다. ""작은 벌레도 쏘아 맞출 정도의 활쏘기 실력"" -> ""강하다""라는 의미입니다.",음독은 キョウ、ゴウ입니다. 사용 빈도는 キョウ가 훨씬 높습니다.,"1.強い、強まる、強める 強い는 ""강하다""라는 뜻의 형용사입니다. 強まる는 ""강해지다""라는 뜻의 자동사입니다. 強める는 ""강화하다, 강하게 하다""라는 뜻의  2그룹 타동사입니다. 예문) 彼は数学に強い 그는 수학에 강하다 強い者が勝つ 강한 자가 이긴다 風が強まる 바람이 강해지다 警戒を強める 경계를 강화하다 2.強いる 強いる는 ""강제하다""라는 뜻의 2그룹 타동사입니다. 예문) 自白を強いる 자백을 강요하다",no
138,N4,持,가질 지,"""가질 지"". 가지다, 지니다",ジ,も(つ),"持 = 扌 + 土 + 寸。 「扌」는 ""손""을 뜻하는 부수입니다(링크 참조). 「寸」는 ""손""을 뜻하는 부수입니다. 「土」는 ""흙, 땅""을 뜻합니다. 持는 ""양 손(扌+寸)에 흙덩이(土)를 가득 집어들다"" -> ""가지다, 지니다""라는 뜻의 글자입니다.",음독은 ジ입니다. 특별한 점은 없습니다.,"持つ는 ""쥐다, 들다, 가지다""라는 뜻의 타동사입니다. 예문) 鞄を持つ 가방을 들다 選挙権を持つ 선거권을 가지다",no
139,N4,野,들 야,"""들 야"". 들, 벌판",ヤ,の,"野 = 里 + 予。 「里」는 ""마을""을 뜻합니다. 予(""미리 예"")는 ""미리, 앞서""라는 뜻의 상용한자입니다. 予의 유래에 관해서는 알려진 바가 없습니다. 어떻게 ""미리""라는 뜻을 가지게 되었는지도 알려져 있지 않습니다. 野는 ""마을(里) 앞(予)의 들판"" -> ""벌판, 들""이라는 뜻의 글자입니다.",음독은 ヤ입니다. 특별한 점은 없습니다.,훈독은 の입니다. 특별한 점은 없습니다.,no
140,N4,都,도읍 도,"""도읍 도"". 대도시, 수도",ト、ツ,みやこ,"都 = 者 + ⻏。 「者」는 ""사람""을 뜻합니다. 「⻏」는 ""도시""를 뜻하는 부수입니다(링크 참조). 都는 ""사람(者)이 많이 사는대도시(⻏)"" -> ""대도시, 수도""라는 뜻의 글자입니다.",음독은 ト、ツ입니다. 사용 빈도는 ト가 훨씬 높습니다.,"都는 ""수도, 도읍""을 뜻합니다.",no
141,N4,以,써 이,"""써 이"". ~로써, ~부터",イ,,"以는 본래 ""쟁기로 밭을 가는 사람(人)""을 그린 상형문자입니다. ""도구를 쓰면서부터농사가 쉬워졌다"" -> ""~부터, ~로써""라는 의미입니다.",음독은 イ입니다. 특별한 점은 없습니다.,以의 정식 훈독은 없습니다.,no
142,N4,思,생각 사,"""생각 사"". 생각하다",シ,おも(う),"思 = 田 + 心。 「田」는 ""밭""을 뜻합니다. 心(""마음 심"")은 ""마음""을 뜻하는 상용한자입니다. 心는 ""심장""을 본따 그린 상형문자입니다. ""심장"" -> ""마음""이라는 의미입니다. 思는 ""농사일(田)에 관한 생각이 마음속(心)을 가득 채우다"" -> ""생각하다""라는 뜻의 글자입니다.",음독은 シ입니다. 특별한 점은 없습니다.,"思う는 ""생각하다""라는 뜻의 타동사입니다.",no
143,N4,家,집 가,"""집 가"". 집",カ、ケ,いえ、や,"家 = 宀 + 豕。 「宀」는 ""집""을 뜻하는 부수입니다. 「豕」는 ""돼지""를 뜻하는 부수입니다(링크 참조). 家는 ""돼지(豕)를 키우는 집(宀)"" -> ""집""이라는 뜻의 글자입니다.",음독은 カ、ケ입니다. 사용 빈도는 カ가 높은 편입니다.,"家는 ""집""을 뜻합니다.",no
144,N4,世,세상 세,"""세상 세"". 세상, 세계, 세대",セイ、セ,よ,"世는 ""나뭇가지에 돋아난 새싹들""을 그린 상형문자입니다. ""매년 새로 돋아나는 새싹"" -> ""세대"" -> ""세상, 세계""라는 의미입니다.",음독은 セイ、セ입니다. 특별한 구분법은 없습니다.,"世는 ""세상, 사회, (역사상의) 시대""를 뜻합니다.",no
145,N4,区,구역 구,"""구역 구"". 구역, 구획, 경계",ク,,"区는 ""네모난 공간(匚)을 네 구역(㐅)으로 나눈 모습""을 그린 글자입니다. ""구역을 나누다"" -> ""구역, 구획, 경계""라는 의미입니다.",음독은 ク입니다. 특별한 점은 없습니다.,区의 정식 훈독은 없습니다.,no
146,N4,県,고을 현,"""고을 현"". 현(일본의 행정 구역)",ケン,,"県 = 目 +𠃊+ 小。 県는 본래 ""목매달린 사람""의 모습을 그린 상형문자입니다. 目는 ""사람의 머리"",𠃊는 ""목이 매달린 줄"", 小는 ""몸통과 팔다리""를 각각 모양자로서 표현한 것입니다. 다만, 현재는 본래 뜻과는 관련없이 단순히 발음만 차용한 행정 구역의 단위로서 쓰이고 있습니다.",음독은 ケン입니다. 특별한 점은 없습니다.,県의 정식 훈독은 없습니다.,no
147,N4,進,나아갈 진,"""나아갈 진"". 나아가다, 올라가다",シン,すす(む)、すす(める),"進 = ⻌ + 隹。 「⻌」는 ""길""을 뜻합니다. 「隹」는 ""새""를 뜻하는 부수입니다(링크 참조). 進는 ""길(⻌)을 걸어가는 새(隹)""라는 뜻입니다. 새는 앞으로밖에 걸어갈 수 없다는 특징이 있습니다. ""앞으로만 걷는 새"" -> ""나아가다""라는 의미입니다.",음독은 シン입니다. 특별한 점은 없습니다.,"進む는 ""나아가다""라는 뜻의 자동사입니다. 進める는 ""나아가게 하다, 진행시키다""라는 뜻의 2그룹 타동사입니다. 예문) 前に進む 앞으로 나아가다(전진하다) 波を蹴立てて進む 파도를 헤치며 나아가다 会議を進める 회의를 진행시키다 工事を進める 공사를 진척시키다",no
148,N4,正,바를 정,"""바를 정"". 바르다",セイ、ショウ,ただ(しい)、ただ(す)、まさ,"正 = 一 + 止。 一는 여기서는 ""성문""을 그린 모양자입니다. 「止」는 ""발""을 뜻하는 부수입니다(링크 참조). 正는 ""성문(一)을 향해 진격하는 발(止)""이라는 뜻입니다. 전쟁을 일으키고 적을 토벌하기 위해서는 정당한 명분이 있어야 합니다. ""정당한 명분"" -> ""바르다""라는 의미입니다.",음독은 セイ、ショウ입니다. 특별한 구분법은 없습니다.,"正しい는 ""바르다""라는 뜻의 형용사입니다. 正す는 ""바로잡다, 고치다""라는 뜻의 타동사입니다.",no
149,N4,院,집 원,"""집 원"". 관청/학교/병원 등 각종 기관",イン,,"院 = ⻖ + 宀 + 元。 「⻖」는 ""언덕, 산""을 뜻합니다.여기서는 ""높은 언덕"" -> ""경계, 담장""이라는 뜻으로 쓰인 것입니다. 「宀」는 ""집""을 뜻합니다. 元(""으뜸 원"")은 ""으뜸, 근원""을 뜻하는 상용한자입니다. 元 = 一 + 兀。 兀는 여기서는「人」가 변형된 것으로, ""사람""을 뜻합니다. 一는 여기서는 ""사람(兀)의 머리""를 강조해서 표현한 모양자입니다. 元는 ""사람(兀)의 머리(一)"" -> ""으뜸, 근본, 근원""이라는 뜻의 글자입니다. 院는 ""높은담장(⻖)으로 둘러싸인 중요한(元) 집(宀)""-> ""기관""이라는 뜻의 글자입니다.",음독은 イン입니다. 특별한 점은 없습니다.,院의 정식 훈독은 없습니다.,no
150,N4,心,마음 심,"""마음 심"". 마음, 의식, 정신",シン,こころ,"心는 ""심장""을 본따 그린 상형문자입니다. ""심장"" -> ""마음""이라는 의미입니다.",음독은 シン입니다. 특별한 점은 없습니다.,"心는 ""마음""을 뜻합니다.",no
151,N4,界,지경 계,"""지경 계"". 경계, 범위 안",カイ,,"界 = 田 + 介。 「田」는 ""밭""을 뜻합니다. 介(""끼일 개"")는 ""끼다, 끼이다""라는 뜻의 상용한자입니다. 介는 ""갑옷을 껴입은 모습""을 그린 상형문자입니다. ""갑옷을 껴입다"" -> ""끼다, 끼이다""라는 의미입니다. 界는 ""논밭(田)들 사이에 끼인(介) 경계선""-> ""경계, 범위 안""이라는 뜻의 글자입니다.",음독은 カイ입니다. 특별한 점은 없습니다.,界의 정식 훈독은 없습니다.,no
152,N4,産,낳을 산,"""낳을 산"". 낳다, 생산하다",サン,う(む)、う(まれる)、うぶ,"産 = 产 + 生。 产는 여기서는「广」이 변형된 것으로, ""집, 건물""을 뜻합니다. 「生」는 ""태어나다""라는 뜻입니다. 産는 ""집(产)에서 아기가 태어나다(生)"" -> ""낳다, 생산하다""라는 뜻의 글자입니다.",음독은 サン입니다. 특별한 점은 없습니다.,"産む는 ""낳다""라는 뜻의 타동사입니다. 産まれる는 ""태어나다""라는 뜻의 2그룹 자동사입니다.",no
153,N4,教,가르칠 교,"""가르칠 교"". 가르치다",キョウ,おし(える)、おそ(わる),"教 = 耂 + 子 + 攵。 「耂」는 ""노인""을 뜻합니다. 「子」는 ""아이""를 뜻합니다. 「攵」는 ""때리다, 치다""라는 뜻의 부수입니다. 教는 ""할아버지(耂)가 아이(子)를 회초리로 때리며(攵) 가르치다"" -> ""가르치다""라는 뜻의 글자입니다.",음독은 キョウ입니다. 특별한 점은 없습니다.,"教える는 ""가르치다""라는 뜻의 2그룹 타동사입니다. 教わる는 ""가르침을 받다""라는 뜻의 타동사입니다.",no
154,N4,文,글월 문,"""글월 문"". 문장, 문예, 글자",ブン、モン,ふみ,"文은 ""가슴팍에 커다란 문신이 있는 사람""을 그린 상형문자입니다. ""문신"" -> ""문양"" -> ""문자, 문장, 문예""라는 의미입니다.",음독은 ブン、モン입니다. 특별한 구분법은 없습니다.,"文는 ""편지, 책, 문서""를 뜻합니다.",no
155,N4,元,으뜸 원,"""으뜸 원"". 근본, 근원, 으뜸",ゲン、ガン,もと,"元 = 二 + 儿。 儿는「人」가 변형된 것으로, ""사람""을 뜻합니다. 二는 여기서는 ""사람(儿)의 머리""를 강조해서 그린 모양자입니다. 元는 ""사람(儿)의 머리(二)"" -> ""으뜸, 근본, 근원""이라는 뜻의 글자입니다.",음독은 ゲン、ガン입니다. 특별한 구분법은 없습니다.,"元는 ""기원, 근원""을 뜻합니다.",no
156,N4,重,무거울 중,"""무거울 중"". 무겁다, 겹치다",ジュウ、チョウ,え、おも(い)、かさ(ねる)、かさ(なる),"重는 본래 ""무거운 봇짐을 진 사람""을 그린 상형문자입니다. 시간이 지나며 왼쪽의 ""사람"" 부분은 생략되고 오른쪽의 ""봇짐"" 부분만 남아서 지금의 형태가 된 것입니다. ""무거운 봇짐"" -> ""무겁다, 겹치다""라는 의미입니다.",음독은 ジュウ、チョウ입니다. 특별한 구분법은 없습니다.,"1.重い 重い는 ""무겁다""라는 뜻의 형용사입니다. 예문) 鉄は水より重い 철은 물보다 무겁다 2.重ねる、重なる 重ねる는 ""포개다, 겹치다, 거듭하다""라는 뜻의 2그룹 타동사입니다. 重なる는 ""겹쳐지다, 포개지다, 거듭되다""라는 뜻의 자동사입니다. 예문) 皿を重ねる 접시를 포개다(쌓아놓다) 失敗を重ねる 실패를 거듭하다 落ち葉が重なっている 낙엽이 쌓여 있다 重なる災難거듭되는 재난 3. え 重는 숫자를 나타내는 단어 뒤에 붙어서 ""~겹""이라는 뜻을 나타내는 접미사입니다.",no
157,N4,近,가까울 근,"""가까울 근"". 가깝다",キン,ちか(い),"近 = ⻌ + 斤。 「⻌」는 ""길""을 뜻합니다. 「斤」는 ""도끼""를 뜻합니다. 近는 ""길(⻌)에서 도끼(斤)를 든 강도를 만나다""라는 뜻입니다. ""강도가 눈앞에 있다"" -> ""가깝다""라는 의미입니다.",음독은 キン입니다. 특별한 점은 없습니다.,"近い는 ""가깝다""라는 뜻의 형용사입니다.",no
158,N4,考,생각할 고,"""생각할 고"". 생각하다, 깊이 헤아리다, 조사하다",コウ,かんが(える),"考 = 耂 + 丂。 「耂」는 ""노인""을 뜻합니다. 丂는 여기서는 ""지팡이""를 그린 모양자입니다. 考는 ""지팡이를 짚고(丂) 생각에 잠긴 노인(耂)"" -> ""생각하다, 깊이 헤아리다""라는 뜻의 글자입니다.",음독은 コウ입니다. 특별한 점은 없습니다.,"考える는 ""생각하다, 고려하다, 구상하다""라는 뜻의 2그룹 타동사입니다.",no
159,N4,画,그림 화/그을 획,"""그림 화/그을 획"". 그림/획",ガ、カク,,"画는 ""논밭(田) 주위에 그어놓은 경계선""을 그린 상형문자입니다. ""논밭 주위에 경계선을 긋다"" -> ""획, 그리다""라는 의미입니다.",음독은 ガ、カク입니다. 구분법은 다음과 같습니다. 아래 예시단어를 참조해 주세요.,画의 정식 훈독은 없습니다.,no
160,N4,海,바다 해,"""바다 해"". 바다",カイ,うみ,"海 = 氵 + 毎。 「氵」는 ""물""을 뜻하는 부수입니다(링크 참조). 「毎」는 본래 ""머리에 비녀를 꽂은 어머니""를 그린 글자입니다(링크 참조). 대지나 바다는 흔히 ""생명의 어머니""로 비유되곤 합니다. 海는 ""생명의 어머니(毎)인바다(氵)"" -> ""바다""라는 뜻의 글자입니다.",음독은 カイ입니다. 특별한 점은 없습니다.,"海는 ""바다""를 뜻합니다.",no
161,N4,売,팔 매,"""팔 매"". 팔다",バイ,う(る)、う(れる),"売 = 士 + 冖 + 儿。 士는 여기서는 ""도자기""를 그린 모양자입니다. 冖는 여기서는 ""(노점의) 판매대""를 그린 모양자입니다. 儿는「人」가 변형된 것으로, ""사람""을 뜻합니다. 売는 ""도자기(士)를 진열해두고(冖) 파는노점상(儿)"" -> ""팔다""라는 뜻의 글자입니다.",음독은 バイ입니다. 특별한 점은 없습니다.,"売る는 ""팔다""라는 뜻의 타동사입니다. 売れる는 ""팔리다""라는 뜻의 2그룹 자동사입니다.",no
162,N4,知,알 지,"""알 지"". 알다, 지혜",チ,し(る),"知 = 矢 + 口。 「矢」는 ""화살""을 뜻하는 부수입니다(링크 참조).여기서는 ""화살을 날리다"" -> ""전달하다""라는 뜻으로 쓰인 것입니다. 「口」는 ""입""을 뜻합니다. 知는 ""말(口)로 지식을 전달하다(矢)"" -> ""지식, 알다""라는 뜻의 글자입니다.",음독은 チ입니다. 특별한 점은 없습니다.,"知る는 ""알다""라는 뜻의 1그룹 타동사입니다.",no
163,N4,集,모을 집,"""모을 집"". 모이다, 모으다",シュウ,あつ(まる)、あつ(める)、つど(う),"集 = 隹 + 木。 「隹」는 ""새""를 뜻하는 부수입니다. 「木」는 ""나무""를 뜻합니다. 集는 ""나무(木) 위에 모여앉은 새들(隹)"" -> ""모이다""라는 뜻의 글자입니다.",음독은 シュウ입니다. 특별한 점은 없습니다.,"1.集める、集まる 集める는 ""모으다""라는 뜻의 2그룹 타동사입니다. 集まる는 ""모이다""라는 뜻의 자동사입니다. 예문) データを集める 데이터를 모으다 人材を集める 인재를 모으다 視線が集まる 시선이 쏠리다 広場に集まる 광장에 모이다 2.集う 集う는 ""모이다""라는 뜻의 자동사입니다. 예문) 全員が集う 전원이 모이다 참고)集まる、集う의 차이점 아래 예문을 참조해 주세요. 예문) 視線が集まる 시선이 쏠리다(集う는 불가능) 全員が集う 전원이 모이다(集まる도 가능)",no
164,N4,別,다를/나눌 별,"""다를/나눌 별"". 나누다, 다르다",ベツ,わか(れる),"別 = 𠮠 + 刂。 𠮠는「冎」가 변형된 것으로, ""뼈""를 뜻합니다(링크 참조). 「刂」는 ""칼""을 뜻합니다. 別는 ""고기에서 뼈(𠮠)를 발라내다(刂)"" -> ""분리하다, 나누다""라는 뜻의 글자입니다.",음독은 ベツ입니다. 특별한 점은 없습니다.,"別れる는 ""작별하다, 헤어지다""라는 뜻의 2그룹 자동사입니다.",no
165,N4,物,물건 물,"""물건 물"". 물건",ブツ、モツ,もの,"物 = 牜 + 勿。 「牜」는 ""소""를 뜻하는 부수입니다(링크 참조). 勿는 여기서는 ""무언가를 칼로 내리치는 모습""을 그린 모양자입니다. 物는 ""소의 뿔(牜)을 칼로 내리쳐(勿) 잘라내다""라는 뜻입니다. ""잘라낸 소의 뿔"" -> ""물건, 제품""이라는 의미입니다.",음독은 ブツ、モツ입니다. 특별한 구분법은 없습니다.,훈독은 もの입니다. 특별한 점은 없습니다.,no
166,N4,引,끌 인,"""끌 인"". 당기다",イン,ひ(く)、ひ(ける),"引 = 弓 + 丨。 「弓」는 ""활""을 뜻하는 부수입니다. 丨는 여기서는 ""활시위""를 그린 모양자입니다. 引는 ""활(弓)의 시위(丨)를 당기다"" -> ""당기다""라는 뜻의 글자입니다.",음독은 イン입니다. 특별한 점은 없습니다.,"引く는 ""끌다, 당기다""라는 뜻의 타동사입니다. 引ける는 ""(그날의 일이) 끝나다/파하다, 기가 죽다""라는 뜻의 2그룹 자동사입니다. 예문) 綱を引く 밧줄을 끌어당기다 目を引く広告눈길을 끄는 광고 学校は3時に引ける 학교는 3시에 끝난다 気が引ける 기가 죽다",no
167,N4,使,부릴 사,"""부릴 사"". 쓰다, 사용하다",シ,つか(う),"使 = 亻 + 吏。 「亻」는 ""사람""을 뜻합니다. 吏(""벼슬아치 리"")는 ""관리, 벼슬아치""를 뜻하는 상용한자입니다. 吏는 ""제사를 지낼 때 쓰는 주술 도구를 든 손""을 그린 상형문자입니다. ""제사를 주관하는 제사장"" -> ""관리, 벼슬아치""라는 의미입니다. 使는 ""벼슬아치(吏)가 아랫사람(亻)을 부리다"" -> ""사용하다""라는 뜻의 글자입니다.",음독은 シ입니다. 특별한 점은 없습니다.,"使う는 ""사용하다""라는 뜻의 타동사입니다.",no
168,N4,所,바 소,"""바 소"". 곳, 장소",ショ,ところ,"所 = 戸 + 斤。 戸(""집 호"")는 ""출입구, 문, 집""을 뜻하는 상용한자입니다. 戸는 ""외닫이 문""을 본따 그린 상형문자입니다. ""외닫이 문"" -> ""집, 문, 출입구""라는 의미입니다. 「斤」는 ""도끼""를 뜻하는 부수입니다. 所는 ""도끼(斤)로 벽을 부수고 출입구(戸)를 만들다""라는 뜻입니다. ""출입할 수 있는 공간"" -> ""곳, 장소""라는 의미입니다.",음독은 ショ입니다. 특별한 점은 없습니다.,"所는 ""곳, 장소""를 뜻합니다.",no
169,N4,品,물건 품,"""물건 품"". 물건, 물품",ヒン,しな,"品는 ""여러 개의 물건을 쌓아놓은 모습""을 그린 상형문자입니다.",음독은 ヒン입니다. 특별한 점은 없습니다.,"品는 ""물건, 물품, 품질""을 뜻합니다.",no
170,N4,計,셀 계,"""셀 계"". 수를 세다, 계산하다",ケイ,はか(る)、はか(らう),"計 = 言 + 十。 「言」는 ""말하다""라는 뜻입니다. 「十」는 ""10""을 뜻합니다. 計는 ""숫자를 10(十)까지 세다(言)""-> ""셈, 계산""이라는 뜻의 글자입니다.",음독은 ケイ입니다. 특별한 점은 없습니다.,"計る는 ""세다""라는 뜻의 타동사입니다. 計らう는 ""배려하다, 적절히 조처하다""라는 뜻의 타동사입니다.",no
171,N4,死,죽을 사,"""죽을 사"". 죽음, 죽다",シ,し(ぬ),"死 = 歹 + 匕。 「歹」는 ""시체""를 뜻하는 부수입니다(링크 참조). 「匕」는 ""넘어져있는 사람""을 뜻합니다. 死는 ""죽어 넘어져(匕) 뼈만 남은 시체(歹)"" -> ""죽다""라는 뜻의 글자입니다.",음독은 シ입니다. 특별한 점은 없습니다.,"死ぬ는 ""죽다""라는 뜻의 자동사입니다.",no
172,N4,特,특별할 특,"""특별할 특"". 특별함",トク,,"特 =牜 + 寺。 「牜」는 ""소""를 뜻합니다. 寺(ジ - ""절 사"")는 ""절, 사찰""을 뜻하는 상용한자입니다. 寺 = 土 + 寸。 「寸」는""손""을 뜻합니다. 「土」는 ""흙""을 뜻합니다. 寺는 ""무덤(土)앞에서 합장하는(寸) 스님""이라는 뜻의 글자입니다. ""합장하는 스님"" -> ""절""이라는 의미입니다. 먼 옛날에는 소가 신성한 동물로서 숭배되는 경우가 많았다고 합니다. 特는 ""신성한 동물(牜) + 신성한 장소(寺)"" -> ""특별하다""라는 뜻의 글자입니다.",음독은 トク입니다. 특별한 점은 없습니다.,特의 정식 훈독은 없습니다.,no
173,N4,私,사사로울 사,"""사사로울 사"". 나, 개인",シ,わたし、わたくし,"私 = 禾 + 厶。 「禾」는 ""곡식""을 뜻하는 부수입니다(링크 참조). 「厶」는 ""사사로운, 개인적인""이라는 뜻의 부수입니다(링크 참조). 私는 ""내 소유(厶)의 곡식(禾)"" -> ""나, 개인""이라는 뜻의 글자입니다.",음독은 シ입니다. 특별한 점은 없습니다.,"私는 ""나""라는 뜻입니다. 주로 여자가 쓰는 일인칭이며, 남성이 쓸 경우는 공적인 자리에서 격식을 차릴 때 씁니다. 私는私보다 조금 더 격식을 차린 말투입니다.",no
174,N4,始,시작 시,"""시작 시"". 시작, 시작하다",シ,はじ(める)、はじ(まる),"始 = 女 + 台。 「女」는 ""여자""를 뜻합니다. 台(""대 대"")는 ""받침대""라는 뜻의 상용한자입니다.여기서는 ""부엌의 도마""를 뜻합니다. 台 = 厶 + 口。 口는 여기서는 ""받침대""를 그린 모양자입니다. 厶는 여기서는 단순히 ""무언가 올려져있는 모습""을 그린 모양자입니다. 台는 ""무언가 올려져있는(厶) 받침대(口)"" -> 받침대""라는 뜻의 글자입니다. 여자아이가 집안일을 배울 수 있는 나이가 되면 가사를 배우게 됩니다. 始는 ""여자아이(女)가부엌일(台)을 배우기 시작하다"" -> ""시작하다""라는 뜻의 글자입니다.",음독은 シ입니다. 특별한 점은 없습니다.,"始まる는 ""시작되다""라는 뜻의 자동사입니다. 始める는 ""시작하다""라는 뜻의 2그룹 타동사입니다.",no
175,N4,朝,아침 조,"""아침 조"". 아침",チョウ,あさ,"朝 =𠦝+ 月。 「𠦝」는 ""떠오르는 아침해""를 그린 글자입니다(링크 참조). 「月」는 ""달""을 뜻합니다. 朝는 ""막 떠오르는 아침해(𠦝)와 아직 지지 않은 달(月)"" -> ""아침""이라는 뜻의 글자입니다.",음독은 チョウ입니다. 특별한 점은 없습니다.,"朝는 ""아침""을 뜻합니다.",no
176,N4,村,마을 촌,"""마을 촌"". 마을",ソン,むら,"村 = 木 + 寸。 「木」는 ""나무""를 뜻합니다. 「寸」는 ""손""을 뜻합니다. 村는 ""사람의 손(寸)이 닿은 숲속(木)의 마을"" -> ""마을""이라는 뜻의 글자입니다.",음독은 ソン입니다. 특별한 점은 없습니다.,"村는 ""마을""을 뜻합니다.",no
177,N4,運,옮길 운,"""옮길 운"". 옮기다, 운반하다, 나르다, 운/행운",ウン,はこ(ぶ),"運 = ⻌ + 冖 + 車。 「⻌」는 ""길""을 뜻합니다. 「車」는 ""수레, 차""를 뜻합니다. 冖는 여기서는 ""수레 위에 실은 짐""을 그린 모양자입니다. 運는 ""짐(冖)을 가득 싣고 길(⻌)을 가는 수레(車)"" -> ""옮기다, 운반하다""라는 뜻의 글자입니다.",음독은 ウン입니다. 특별한 점은 없습니다.,"運ぶ는 ""옮기다, 운반하다""라는 뜻의 타동사입니다.",no
178,N4,終,마칠 종,"""마칠 종"". 끝나다, 마지막",シュウ,お(わる)、お(える),"終 = 糸 + 冬。 「糸」는 ""실""을 뜻하는 부수입니다(링크 참조). 冬(""겨울 동"")은 ""겨울""을 뜻하는 상용한자입니다. 冬 = 夂 + 冫。 「夂」는 ""발""을 뜻하는 부수입니다. 「冫」는 ""얼음""을 뜻하는 부수입니다(링크 참조). 冬는 ""발(夂) 밑의 얼음(冫)"" -> ""얼어붙은 길"" -> ""겨울""이라는 뜻의 글자입니다. 終는 ""실(糸)의 끝부분 + 한 해의 마지막 계절(冬)"" -> ""끝나다""라는 뜻의 글자입니다.",음독은 シュウ입니다. 특별한 점은 없습니다.,"終わる는 ""끝나다""라는 뜻의 자동사 겸 타동사입니다. 終える는 ""끝내다, 마치다""라는 뜻의 2그룹 타동사입니다.",no
179,N4,台,대 대,"""대 대"". 받침대",ダイ、タイ,,"台 = 厶 + 口。 口는 여기서는 ""받침대""를 그린 모양자입니다. 厶는 여기서는 단순히 ""무언가 올려져있는 모습""을 그린 모양자입니다. 台는 ""무언가 올려져있는(厶) 받침대(口)"" -> 받침대""라는 뜻의 글자입니다.",음독은 ダイ、タイ입니다. 특별한 구분법은 없습니다.,台의 정식 훈독은 없습니다.,no
180,N4,広,넓을 광,"""넓을 광"". 넓다",コウ,ひろ(い)、ひろ(まる)、ひろ(める)、ひろ(がる)、ひろ(げる),"広 = 广 + 厶。 「广」는 ""건물, 집""을 뜻합니다. 「厶」는 ""사사로운, 개인적인""이라는 뜻입니다. 広는 ""개인 소유(厶)의 대저택(广)"" -> ""넓다""라는 뜻의 글자입니다.",음독은 コウ입니다. 특별한 점은 없습니다.,"1.広い 広い는 ""넓다""라는 뜻의 형용사입니다. 예문) 広い部屋넓은 방 見聞が広い 견문이 넓다 2.広まる・広がる 広まる・広がる는 ""넓어지다, 퍼지다""라는 뜻의 자동사입니다. 둘의 차이점은 문서 하단의 설명을 참조해 주세요. 예문) 知識が広まる 지식이 넓어지다 仏教が広まる 불교가 널리 퍼지다 道路が広がった 도로가 넓어졌다 火事が広がる 화재가 번지다 3.広める・広げる 広める・広げる는 ""범위를 넓히다, 확장하다""라는 뜻의 2그룹 타동사입니다. 둘의 차이점은 문서 하단의 설명을 참조해 주세요. 예문) 噂を広める 소문을 퍼뜨리다 新たな文化を広める 새로운 문화를 널리 확산시키다 領土を広げる 영토를 확장하다 事業を広げる 사업을 확장하다 机に地図を広げる 책상에 지도를 펼치다 참고) 「広まる・広める」와 「広がる・広げる」의 차이점 아래 예문을 참조해 주세요. 예문) 仏教が広まる 불교가 널리 퍼지다 新たな文化を広める 새로운 문화를 널리 확산시키다 机に地図を広げる 책상에 지도를 펼치다 新聞を広げて読む 신문을 펼치고 읽다",no
181,N4,住,살 주,"""살 주"". 살다, 거주하다",ジュウ,す(む)、す(まう),"住 = 亻 + 主。 「亻」는 ""사람""을 뜻합니다. 「主」는 ""주인""을 뜻합니다. 住는 ""집의 주인(主)인 사람(亻)""이라는 뜻입니다. ""집주인"" -> ""살다, 거주하다""라는 의미입니다.",음독은 ジュウ입니다. 특별한 점은 없습니다.,"住む、住まう는 둘 다 ""거주하다""라는 뜻의 자동사입니다.",no
182,N4,真,참 진,"""참 진"". 참, 진실",シン,ま,"真 = 十 + 目 + 一 + ハ。 「目」는 ""눈""을 뜻합니다. 十+一+ハ는 여기서는 ""눈가의 주름""을 표현한 모양자입니다. 真는 ""눈(目)을 찡그리고(十+一+ハ) 자세히 살펴서 진짜를 구분하다"" -> ""참, 진실""이라는 뜻의 글자입니다.",음독은 シン입니다. 특별한 점은 없습니다.,"真는 ""참다운, 순수한, 완전한""이라는 뜻의 접두어입니다.",no
183,N4,有,있을 유,"""있을 유"". 있다, 가지다",ユウ、ウ,あ(る),"有 = 𠂇 + 月。 「𠂇」는 ""손""을 뜻하는 부수입니다. 「月」는 ""고기""를 뜻하는 부수입니다(링크 참조). 有는 ""고기(月)를 집어든 손(𠂇)""이라는 뜻입니다. ""고기를 든 손"" -> ""고기가 있다"" -> ""있다""라는 의미입니다.",음독은 ユウ、ウ입니다. 사용 빈도는 ユウ가 훨씬 높습니다. ウ는 일부 예외적인 단어에만 쓰이는 음독입니다.,"有る는 ""있다""라는 뜻의 자동사입니다.",no
184,N4,町,밭두둑 정,"""밭두둑 정"". 시가지, 일본의 행정 구역(한국의 ""읍""에 해당)",チョウ,まち,"町 = 田 + 丁。 (의미부)「田」는 ""밭""을 뜻합니다. (소리부)「丁」(チョウ)는 ""못""을 뜻하는 글자입니다(링크 참조). 다만 여기서는 소리부의 역할만 하고 있습니다. 町는 ""논밭(田)"" -> ""마을, 시가지""라는 뜻의 글자입니다(丁는 소리부).",음독은 チョウ입니다. 특별한 점은 없습니다.,"町는 ""마을, 번화가""를 뜻합니다.",no
185,N4,料,헤아릴 료,"""헤아릴 료"". 요금, 재료",リョウ,,"料 = 米 + 斗。 米(""쌀 미"")는 ""쌀""을 뜻하는 상용한자입니다. 米는 ""곡식 낟알이 흩어져있는 모습""을 그린 상형문자입니다. 「斗」는 ""국자""를 뜻하는 부수입니다(링크 참조). 料는 ""국자(斗)로 쌀(米)을 퍼서 양을 계량하다""-> ""재료, 요금""이라는 뜻의 글자입니다.",음독은 リョウ입니다. 특별한 점은 없습니다.,料의 정식 훈독은 없습니다.,no
186,N4,工,장인 공,"""장인 공"". 공작, 공정, 가공",コウ、ク,,"工는 ""목공 작업에 쓰던 기계""를 본따 그린 상형문자입니다. ""목공 작업"" -> ""공작, 가공, 공정""이라는 의미입니다.",음독은 コウ、ク입니다. 사용 빈도는 コウ가 높으나 특별한 구분법은 없습니다.,工의 정식 훈독은 없습니다.,no
187,N4,建,세울 건,"""세울 건"". 설립하다, 세우다, 건설하다",ケン、コン,た(てる)、た(つ),"建 = 廴 + 聿。 「廴」는 ""길""을 뜻하는 부수입니다(링크 참조). 「聿」는 ""붓을 든 손""을 뜻합니다. 建는 ""도로(廴)의 설계도를 그리다(聿)""-> ""설립하다, 세우다, 건설하다""라는 뜻의 글자입니다.",음독은 ケン、コン입니다. 사용 빈도는 ケン이 훨씬 높습니다.,"建てる는 ""(건축물 등을) 짓다, 세우다""라는 뜻의 2그룹 타동사입니다. 建つ는 ""(건축물 등이) 세워지다, 서다""라는 뜻의 자동사입니다.",no
188,N4,急,급할 급,"""급할 급"". 급하다, 갑작스럽다",キュウ,いそ(ぐ),"急 = ⺈ + ⺕ + 心。 「⺈」는 ""칼""을 뜻하는 부수입니다(링크 참조). 「⺕」는 ""손""을 뜻합니다. 「心」는 ""마음""을 뜻합니다. 急는 ""손(⺕)에칼(⺈)을 든 강도에게 쫓기는 다급한 마음(心)""-> ""급하다""라는 뜻의 글자입니다.",음독은 キュウ입니다. 특별한 점은 없습니다.,"急ぐ는 ""서두르다""라는 뜻의 자동사 겸 타동사입니다.",no
189,N4,止,그칠 지,"""그칠 지"". 멈추다, 중지하다",シ,と(まる)、と(める),"止는 ""사람의 발""을 본따 그린 상형문자입니다. ""발걸음이 멈추다"" -> ""멈추다, 중지하다""라는 의미입니다.",음독은 シ입니다. 특별한 점은 없습니다.,"止める는 ""멈추다, 세우다, 중지시키다""라는 뜻의 2그룹 타동사입니다. 止まる는 ""멈추다, 중지하다""라는 뜻의 자동사입니다.",no
190,N4,送,보낼 송,"""보낼 송"". 보내다, 전송하다",ソウ,おく(る),"送 = ⻌ + 关。 「⻌」는 ""길""을 뜻합니다. 「关」는 ""웃음""을 뜻하는 글자입니다(링크 참조) 送는 ""떠나는(⻌)사람을 웃으며(关) 환송하다"" -> ""보내다, 전송하다""라는 뜻의 글자입니다.",음독은 ソウ입니다. 특별한 점은 없습니다.,"送る는 ""보내다, 부치다, 배웅하다""라는 뜻의 타동사입니다. 예문) メールを送る 메일을 보내다 荷物を送る 짐을 부치다 玄関まで送る 현관까지 배웅하다",no
191,N4,切,끊을 절,"""끊을 절"". 자르다",セツ、サイ,き(る)、き(れる),"切 = 七 + 刀。 「七」는 본래 ""칼로 무언가를 내리치는 모습""을 그린 글자입니다(링크 참조). 「刀」는 ""칼""을 뜻합니다. 切는 ""칼(刀)로 내리쳐(七) 자르다"" -> ""자르다""라는 뜻의 글자입니다.",음독은 セツ、サイ입니다. 그러나 절대다수는 セツ로 읽습니다. サイ는 일부 예외적인 단어에만 쓰이는 음독입니다.,"切る는 ""베다, 자르다""라는 뜻의 1그룹 타동사입니다. 切れる는 ""끊어지다, 잘라지다""라는 뜻의 2그룹 자동사입니다.",no
192,N4,説,말씀 설,"""말씀 설"". 설명하다",セツ、ゼイ,と(く),"説 = 言 + 兑。 「言」는 ""말하다""라는 뜻입니다. 「兑」는 ""진지한 표정을 한 사람""을 뜻하는 글자입니다(링크 참조). 説는 ""진지한 얼굴로(兑) 설명하다(言)"" -> ""설명하다""라는 뜻의 글자입니다.",음독은 セツ、ゼイ입니다. 그러나 절대다수는 セツ로 읽습니다. ゼイ는遊説(유세) 외에는 거의 쓰지 않는 음독입니다.,"説く는 ""설명하다, 설득하다""라는 뜻의 타동사입니다.",no
193,N4,転,구를 전,"""구를 전"". 구르다, 돌다, 방향을 전환하다",テン,ころ(がる)、ころ(げる)、ころ(がす)、ころ(ぶ),"転 = 車 + 云。 「車」는 ""수레, 차""를 뜻합니다. 「云」는 ""구름""을 뜻하는 글자입니다(링크 참조). 転는 ""구름(云)이 흐르듯 굴러가는 수레바퀴(車)"" -> ""구르다, 돌다""라는 뜻의 글자입니다.",음독은 テン입니다. 특별한 점은 없습니다.,"1.転がす 転がす는 ""굴리다, 넘어뜨리다""라는 뜻의 타동사입니다. 예문) ボールを転がす 공을 굴리다 花瓶を転がす 꽃병을 쓰러뜨리다 2.転ぶ、転がる、転げる 転ぶ는 ""넘어지다""라는 뜻의 자동사입니다. 転がる는 ""구르다/굴러가다, (아무렇게나)굴러다니다""라는 뜻의 자동사입니다. 転げる는 ""구르다/굴러가다, 넘어지다""라는 뜻의 2그룹 자동사입니다. 예문) 階段で転ぶ 계단에서 넘어지다 ボールが転がる 공이 굴러가다 部屋中にペンが転がっている 방 안에 펜이 굴러다니고 있다. ボールが転げる 공이 굴러가다 躓いて転げる 발이 걸려 넘어지다",no
194,N4,研,갈 연,"""갈 연"". 갈다, 갈고닦다, 노력하다, 연구하다",ケン,と(ぐ),"研 = 石 + 开。 石(""돌 석"")은 ""돌""을 뜻하는 상용한자입니다. 石는 ""절벽에서 굴러 떨어지는 돌""을 그린 상형문자입니다. 开는 여기서는 ""평평한 나무책상""을 그린 모양자입니다. 研는 ""평평한 작업대(开) 위에서 돌(石)을 갈다""라는 뜻입니다. ""돌을 열심히 갈다"" -> ""갈다, 갈고닦다, 노력하다, 연구하다""라는 의미입니다.",음독은 ケン입니다. 특별한 점은 없습니다.,"研ぐ는 ""(칼 따위를) 갈다, (쌀 등을) 씻다""라는 뜻의 타동사입니다. 예문) ナイフを研ぐ 나이프를 갈다 米を研ぐ 쌀을 씻다",no
195,N4,究,연구할 구,"""연구할 구"". 연구하다, 탐구하다",キュウ,きわ(める),"究 = 穴 + 九。 (의미부)「穴」는 ""구멍, 동굴""을 뜻합니다. (소리부)「九」(キュウ)는 여기서는 소리부의 역할만 하고 있습니다. 究는 ""깊은 동굴(穴) 안을 파고들다"" -> ""탐구하다, 연구하다""라는 뜻의 글자입니다(九는 소리부).",음독은 キュウ입니다. 특별한 점은 없습니다.,"究める는 ""깊이 연구하다""라는 뜻의 2그룹 타동사입니다.",no
196,N4,楽,즐길 락,"""즐길 락"". 즐겁다, 편안함, 음악",ガク、ラク,たの(しい)、たの(しむ),"楽 = 冫 + 白 + 冫 + 木。 「木」는 ""나무""를 뜻합니다. 白는 여기서는 ""거문고""를 그린 모양자입니다. 冫+冫는 여기서는 ""(거문고의) 줄""을 그린 모양자입니다. 楽는 ""나무(木)로 만든 거문고(冫+白+冫)를 타다""-> ""음악, 편안함, 즐겁다""라는 뜻의 글자입니다.",음독은 ガク、ラク입니다. 구분법은 다음과 같습니다. 아래 예시단어를 참고해 주세요.,"楽しい는 ""즐겁다, 유쾌하다""라는 뜻의 형용사입니다. 楽しむ는 ""즐기다, 기대하다""라는 뜻의 타동사입니다.",no
197,N4,起,일어날 기,"""일어날 기"". 일어나다",キ,お(きる)、お(こる)、お(こす),"起 = 走 + 己。 (의미부)走(""달릴 주"")는 ""달리다""라는 뜻의 상용한자입니다. 走 = 土 + 止。 「土」는 ""흙, 땅""을 뜻합니다. 「止」는 ""발""을 뜻합니다. 走는 ""땅(土) 위를 달리는 발(止)"" -> ""달리다""라는 뜻의 글자입니다. (소리부 겸 의미부)「己」(キ)는 ""무릎꿇은 사람""을 뜻합니다(링크 참조). 起는 ""무릎꿇은 사람(己)이 벌떡 일어나 달리다(走)"" -> ""일어나다""라는 뜻의 글자입니다. (己는 소리부도 겸함)",음독은 キ입니다. 특별한 점은 없습니다.,"1.起こす 起こす는 ""일으키다""라는 뜻의 타동사입니다. 예문) 体を起こす 몸을 일으키다 事件を起こす 사건을 일으키다 2.起きる、起こる 起きる는 ""일어나다, 발생하다""라는 뜻의 2그룹 자동사입니다. 起こる는 ""일어나다, 발생하다""라는 뜻의 자동사입니다. 둘의 차이점은 다음과 같습니다. 아래 예문을 참조해 주세요. 예문) 朝六時に起きた 아침 6시에 일어났다(起こる는 불가능) 奇跡が起きた 기적이 일어났다(起こる도 가능) 革命が起こった 혁명이 일어났다(起きる도 가능)",no
198,N4,着,붙을 착,"""붙을 착"". 붙다, 입다",チャク、ジャク,き(る)、き(せる)、つ(く)、つ(ける),"着 = ⺶ + 目。 ⺶는「羊」을 살짝 비튼 것으로, ""양""을 뜻합니다(링크 참조). 「目」는 ""눈""을 뜻합니다. 着는 ""눈(目) 위에양털(⺶) 모자를 눌러쓰다"" -> ""입다, 붙다""라는 뜻의 글자입니다.",음독은 チャク、ジャク입니다. 그러나 절대다수는 チャク로 읽습니다. ジャク는 일부 예외적인 단어에만 쓰이는 음독입니다.,"1.着る、着せる 着る는 ""(옷 등을) 입다""라는 뜻의 2그룹 타동사입니다. 着せる는 ""입히다""라는 뜻의 2그룹 타동사입니다. 예문) 着物を着た女기모노를 입은 여자 衣服を着せる 의복을 입히다 2.着く、着ける 着く는 ""도착하다""라는 뜻의 자동사입니다. 着ける는 ""(차량 등을) 대다""라는 뜻의 2그룹 타동사입니다. 예문) 目的地に着いた 목적지에 도착했다 車を玄関に着ける 차를 현관에 대다",no
199,N4,乗,탈 승,"""탈 승"". 타다, 태우다",ジョウ,の(る)、の(せる),"乗 = 立 + 木。 「立」는 ""서다""라는 뜻입니다. 「木」는 ""나무""를 뜻합니다. 乗은 ""나무(木) 위에 올라타 서다(立)""-> ""타다, 태우다""라는 뜻의 글자입니다.",음독은 ジョウ입니다. 특별한 점은 없습니다.,"乗る는 ""타다, 실리다""라는 뜻의 자동사입니다. 乗せる는 ""태우다, 싣다""라는 뜻의 2그룹 타동사입니다.",no
200,N4,病,병 병,"""병 병"". 질병, 아프다",ビョウ、ヘイ,や(む)、やまい,"病 = 疒 + 丙。 (의미부)「疒」는 ""질병, 질환""을 뜻하는 부수입니다(링크 참조). (소리부)丙(ヘイ)는 ""갑을병""의 ""병""을 뜻하는 상용한자입니다. 다만 여기서는 소리부의 역할만 하고 있습니다. 丙는 본래 ""물고기의 꼬리""를 본따 그린 상형문자입니다. 그러나 이후 발음이 비슷하다는 이유로 ""갑을병""의 ""병""으로 쓰이게 된 것입니다. 즉, 丙의 모양과 의미 사이에는 아무런 관계도 없습니다. 病는 ""질병(疒)"" -> ""병, 아프다""라는 뜻의 글자입니다(丙는 소리부).",음독은 ビョウ、ヘイ입니다. 그러나 절대다수는 ビョウ로 읽습니다. ヘイ는疾病(질병) 외에는 거의 쓰지 않는 음독입니다.,"病는 ""병""을 뜻합니다. 病む는 ""앓다, 걱정하다""라는 뜻의 자동사 겸 타동사입니다.",no
201,N4,声,소리 성,"""소리 성"". 소리",セイ、ショウ,こえ、こわ,"声는 ""석경""이라는 돌로 만든 아악기를 그린 상형문자입니다. ""석경을 치는 소리"" -> ""소리""라는 의미입니다.",음독은 セイ、ショウ입니다. 그러나 절대다수는 セイ로 읽습니다. ショウ는 일부 예외적인 단어에만 쓰이는 음독입니다.,"声는 ""목소리""를 뜻합니다.",no
202,N4,質,바탕 질,"""바탕 질"". 성질, 기질, 물질",シツ、シチ、チ,,"質 = 斤 + 斤 + 貝。 「斤」는 ""도끼""를 뜻하는 부수입니다. 「貝」는 ""돈, 재물""을 뜻하는 부수입니다. 質는 ""도끼 두 자루(斤斤)를담보로 돈(貝)을 빌리다""라는 뜻입니다. 이때, 돈을 빌려주는 사람은 담보로 받는 저당물의 가치를 확인해보아야 할 것입니다. ""저당물의 가치"" -> ""품질"" -> ""성질, 기질""이라는 의미입니다. 참고) 質의 본래 뜻이었던 ""저당물""이라는 의미는 지금도人質(인질),質屋(전당포) 등의 단어에 남아서 쓰이고 있습니다.",음독은 シツ、シチ、チ입니다. 대부분은 シツ로 읽습니다. シチ、チ는 일부 예외적인 단어에만 쓰이는 음독입니다.,質의 정식 훈독은 없습니다.,no
203,N4,待,기다릴 대,"""기다릴 대"". 기다리다, 대기하다",タイ,ま(つ),"待 = 彳 + 寺。 「彳」는 ""길""을 뜻하는 부수입니다. 寺(ジ - ""절 사"")는 ""절, 사찰""을 뜻하는 상용한자입니다. 寺 = 土 + 寸。 「寸」는""손""을 뜻합니다. 「土」는 ""흙""을 뜻합니다. 寺는 ""무덤(土)앞에서 합장하는(寸) 스님""이라는 뜻의 글자입니다. ""합장하는 스님"" -> ""절""이라는 의미입니다. 待는 ""유명 사찰(寺)에 들어가기 위해 길(彳)에서 줄서서 기다리다"" -> ""기다리다""라는 뜻의 글자입니다.",음독은 タイ입니다. 특별한 점은 없습니다.,"待つ는 ""기다리다""라는 뜻의 타동사입니다.",no
204,N4,試,시험 시,"""시험 시"". 시험하다",シ,こころ(みる)、ため(す),"試 = 言 + 弋 + 工。 「言」는 ""말하다""라는 뜻입니다. 「弋」는""공구, 도구""를 뜻하는 부수입니다. 「工」는 ""공작, 공정, 가공""을 뜻합니다. 試는 ""목공용(工) 공구(弋)의 사용법을 아는지 물어보다(言)"" -> ""시험해보다""라는 뜻의 글자입니다.",음독은 シ입니다. 특별한 점은 없습니다.,"試す는 ""시험해 보다, 시도해보다""라는 뜻의 타동사입니다. 試みる는 ""시험해 보다, 시도해보다""라는 뜻의 2그룹 타동사입니다. 둘의 차이점은 다음과 같습니다. 아래 예문을 참조해 주세요. 예문) 車の性能を試す 차의 성능을 시험해 보다 体力の限界を試してみる 체력의 한계를 시험해 보다 別の方法を試す 다른 방법을 시도하다 脱出を試みる 탈출을 시도하다 盗塁を試みる 도루를 시도하다 新しい治療法を試みる 새로운 치료법을 시험해 보다",no
205,N4,族,겨레 족,"""겨레 족"". 가족, 일족, 민족",ゾク,,"族 = 𭤨 + 矢。 「𭤨」는 ""바람에 나부끼는 깃발""을 뜻하는 글자입니다(링크 참조). 「矢」는 ""화살""을 뜻합니다. 族는 ""하나의 깃발(𭤨) 아래 뭉친 무장집단(矢)"" -> ""민족, 일족, 가족""이라는 뜻의 글자입니다.",음독은 ゾク입니다. 특별한 점은 없습니다.,族의 정식 훈독은 없습니다.,no
206,N4,銀,은 은,"""은 은"". 은(silver)",ギン,,"銀 = 金 + 艮。 「金」는 ""황금""을 뜻합니다. 「艮」는 ""천민""을 뜻하는 부수입니다(링크 참조). 銀은 ""금(金)보다 천한(艮) 금속"" -> ""은""이라는 뜻의 글자입니다.",음독은 ギン입니다. 특별한 점은 없습니다.,銀의 정식 훈독은 없습니다.,no
207,N4,早,이를 조,"""이를 조"". 이르다, (시간적으로) 빠르다",ソウ、サッ,はや(い)、はや(まる)、はや(める),"早 = 日 + 十。 「日」는 ""태양""을 뜻합니다. 十는 여기서는 ""지평선""을 그린 모양자입니다. 早는 ""지평선(十) 위로해(日)가막 떠오르는 아침"" -> ""이른 시간, 이르다""라는 뜻의 글자입니다.","음독은 ソウ、サッ입니다. 사용 빈도는 ソウ가 훨씬 높습니다. サッ은早速(곧/즉시),早急(시급/매우 급함) 외에는 거의 쓰지 않는 음독입니다.","早い는 ""(시간적으로) 이르다""라는 뜻의 형용사입니다. 早まる는 ""(시일 등이) 빨라지다, 앞당겨지다""라는 뜻의 자동사입니다. 早める는 ""(기일, 시각 등을) 예정보다 앞당기다""라는 뜻의 2그룹 타동사입니다.",no
208,N4,映,비칠 영,"""비칠 영"". 비추다, 비치다",エイ,うつ(る)、うつ(す)、は(える),"映 = 日 + 央。 「日」는 ""태양""을 뜻합니다. 央(""가운데 앙"")은 ""중앙""을 뜻하는 상용한자입니다. 央는 ""목에 칼(冂)을 찬 죄수(大)""를 그린 상형문자입니다. ""칼 중앙에 매여있는 죄수"" -> ""중앙""이라는 의미입니다. 映는 ""하늘 중앙(央)에서 세상을 비추는 태양(日)"" -> ""비추다""라는 뜻의 글자입니다.",음독은 エイ입니다. 특별한 점은 없습니다.,"1.映る、映す 映る는 ""반영하다, 비치다""라는 뜻의 자동사입니다. 映す는 ""비추다""라는 뜻의 타동사입니다. 예문) 水に映る影물에 비치는 그림자 スライドをスクリーンに映す 슬라이드를 스크린에 비추다 2.映える 映える는 ""(빛을 받아) 빛나다""라는 뜻의 2그룹 자동사입니다. 예문) 夕日に映える海面석양에 빛나는 해수면",no
209,N4,親,친할 친,"""친할 친"". 부모, 친밀한",シン,おや、した(しい)、した(しむ),"親 = 立 + 木 + 見。 「立」는 ""서다""라는 뜻입니다. 「木」는 ""나무""를 뜻합니다. 「見」는 ""보다""라는 뜻입니다. 親는 ""나무(木) 뒤에 서서(立) 아이를 지켜보는(見) 부모"" -> ""부모, 친밀한""이라는 뜻의 글자입니다.",음독은 シン입니다. 특별한 점은 없습니다.,"親는 ""부모""를 뜻합니다. 親しい는 ""친하다""라는 뜻의 형용사입니다. 親しむ는 ""친하게 지내다, 가까이하다""라는 뜻의 자동사입니다.",no
210,N4,験,시험 험,"""시험 험"". 시험하다, 경험, 효과",ケン、ゲン,,"験 = 馬 + 㑒。 (의미부)馬(""말 마"")는 ""말""을 뜻하는 상용한자입니다. 馬는""말""의 모습을 본따 그린 상형문자입니다. (소리부 겸 의미부)「㑒」(ケン)은 ""뾰족하다, 날카롭다""라는 뜻의 글자입니다(링크 참조). 験은 ""말(馬)을 타고 응시하는 무술(㑒) 시험"" -> ""시험""이라는 뜻의 글자입니다. (㑒은 소리부(ケン -> ケン・ゲン)도 겸함)",음독은 ケン、ゲン입니다. 사용 빈도는 ケン이 훨씬 높습니다. ゲン은 일부 예외적인 단어에만 쓰이는 음독입니다.,験의 정식 훈독은 없습니다.,no
211,N4,働,,"일하다, 노동하다(일본에서 만들어진 한자)",ドウ,はたら(く),"働 = 亻 + 動。 (의미부)「亻」는 ""사람""을 뜻합니다. (소리부 겸 의미부)「動」(ドウ)는 ""움직이다""라는 뜻입니다. 働는 ""열심히 움직이는(動) 사람(亻)"" -> ""일하다""라는 뜻의 글자입니다. (動는 소리부도 겸함)",음독은 ドウ입니다. 특별한 점은 없습니다.,"働く는 ""일하다""라는 뜻의 자동사입니다.",no
212,N4,好,좋을 호,"""좋을 호"". 사랑하다, 좋아하다",コウ,この(む)、す(く),"好 = 女 + 子。 「女」는 ""여자""를 뜻합니다. 「子」는 ""아이""를 뜻합니다. 好는 ""아기(子)를 꼭 끌어안은 여자(女)"" -> ""사랑하다, 좋아하다""라는 뜻의 글자입니다.",음독은 コウ입니다. 특별한 점은 없습니다.,"1.好む 好む는 ""(취향 등을) 좋아하다, 즐기다""라는 뜻의 타동사입니다. 예문) 読書を好む 독서를 즐기다 英雄色を好む 영웅호색 2.好く 好く는 ""좋아하다, (이성에게) 애정을 품다""라는 뜻의 타동사입니다. 다만, 동사로 쓰는 경우는 거의 없고 대개는「好き」의 형태로만 사용됩니다. 예문) 好きな人좋아하는 사람(이성에 대한 연심을 의미) 好きな音楽좋아하는 음악",no
213,N4,英,꽃부리/뛰어날 영,"""꽃부리/뛰어날 영"". 뛰어나다, 영국",エイ,,"英 = 艹 + 央。 「艹」는 ""풀""을 뜻하는 부수입니다. 央(""가운데 앙"")은 ""중앙""을 뜻하는 상용한자입니다. 央는 ""목에 칼(冂)을 찬 죄수(大)""를 그린 상형문자입니다. ""칼 중앙에 매여있는 죄수"" -> ""중앙""이라는 의미입니다. 英는 ""잔디밭(艹) 중앙(央)에 홀로 핀 화려한 꽃"" -> ""뛰어나다""라는 뜻의 글자입니다.",음독은 エイ입니다. 특별한 점은 없습니다.,英의 정식 훈독은 없습니다.,no
214,N4,頭,머리 두,"""머리 두"". 머리, 우두머리",トウ、ズ、ト,あたま、かしら,"頭 = 豆 + 頁。 (소리부 겸 의미부)「豆」(トウ、ズ)는 ""콩, 둥근 것""을 뜻하는 부수입니다(링크 참조). (의미부)「頁」는 ""머리""를 뜻하는 부수입니다. 頭는 ""둥근(豆)머리통(頁)"" -> ""머리""라는 뜻의 글자입니다. (豆는 소리부도 겸함)",음독은 トウ、ズ、ト입니다. 특별한 구분법은 없습니다.,"頭、頭는 둘 다 ""머리""를 뜻합니다. 頭는 주로 ""두목, 우두머리""라는 비유적 의미로 쓰이는 경우가 많습니다.",no
215,N4,低,낮을 저,"""낮을 저"". 낮다",テイ,ひく(い)、ひく(める)、ひく(まる),"低 = 亻 + 氐。 (의미부)「亻」는 ""사람""을 뜻합니다. (소리부 겸 의미부)「氐」(テイ)는 ""낮다""라는 뜻의 글자입니다(링크 참조). 低는 ""신분이 낮은(氐) 사람(亻)"" -> ""낮다""라는 뜻의 글자입니다. (氐는 소리부도 겸함)",음독은 テイ입니다. 특별한 점은 없습니다.,"低い는 ""낮다""라는 뜻의 형용사입니다. 低まる는 ""낮아지다""라는 뜻의 자동사입니다. 低める는 ""낮추다""라는 뜻의 2그룹 타동사입니다.",no
216,N4,医,의원 의,"""의원 의"". 의사",イ,,"医 = 匚 + 矢。 匚는 여기서는 ""(의원의) 집""을 그린 모양자입니다. 「矢」는 ""화살""을 뜻합니다. 医는 ""화살(矢)에 맞아 다친 사람을 치료하는 곳(匚)"" -> ""의원, 의사""라는 뜻의 글자입니다.",음독은 イ입니다. 특별한 점은 없습니다.,医의 정식 훈독은 없습니다.,no
217,N4,仕,섬길 사,"""섬길 사"". 섬기다, 시중들다",シ、ジ,つか(える),"仕 = 亻 + 士。 (의미부)「亻」는 ""사람""을 뜻합니다. (소리부 겸 의미부)士(シ - ""선비 사"")는 ""선비, 무사""를 뜻하는 상용한자입니다. 士는 ""고대에 무사들이 허리에 차고 다니던 무기""를 그린 상형문자입니다. ""무사를 상징하는 무기"" -> ""무사, 선비""라는 의미입니다. 仕는 ""무사(士)의 시중을 드는 시종(亻)"" -> ""시중들다, 섬기다""라는 뜻의 글자입니다.",음독은 シ、ジ입니다. 사용 빈도는 シ가 훨씬 높습니다. ジ는 일부 예외적인 단어에만 쓰이는 음독입니다.,"仕える는 ""섬기다, 시중들다""라는 뜻의 2그룹 자동사입니다.",no
218,N4,去,갈 거,"""갈 거"". 떠나가다, 지나가다",キョ、コ,さ(る),"去는 ""사람이 문 밖으로 나가는 모습""을 그린 상형문자입니다. ""집을 떠나다"" -> ""떠나가다, 지나가다""라는 의미입니다.",음독은 キョ、コ입니다. 그러나 절대다수는 キョ로 읽습니다. コ는過去(과거) 외에는 거의 쓰지 않는 음독입니다.,"去る는 ""떠나다, 지나가다""라는 뜻의 자동사 겸 타동사입니다.",no
219,N4,味,맛 미,"""맛 미"". 맛, 맛보다, 흥미, 재미",ミ,あじ、あじ(わう),"味 = 口 + 未。 (의미부)「口」는 ""입""을 뜻합니다. (소리부 겸 의미부)未(ミ - ""아닐 미"")는 ""아직, 미숙한""이란 뜻의 상용한자입니다. 未는 ""가지가 앙상한 나무(木)""를 그린 상형문자입니다. ""아직 잎이 나지 않은 나무"" -> ""아직, 미숙한""이라는 의미입니다. 味는 ""아직(未) 맛보지(口) 못한 음식"" -> ""맛, 흥미, 재미""라는 뜻의 글자입니다. (未는 소리부도 겸함)",음독은 ミ입니다. 특별한 점은 없습니다.,"味는 ""맛""을 뜻합니다. 味わう는 ""맛보다""라는 뜻의 타동사입니다.",no
220,N4,門,문 문,"""문 문"". 문",モン,かど,"門는 ""문""의 모습을 본따 그린 상형문자입니다.",음독은 モン입니다. 특별한 점은 없습니다.,"門는 ""문""을 뜻합니다.",no
221,N4,写,베낄 사,"""베낄 사"". 베끼다, 사진",シャ,うつ(す)、うつ(る),"写 = 冖 + 与。 冖는 여기서는「宀」가 변형된 것으로, ""집""을 뜻합니다. 与(""줄 여"")는 ""주다""라는 뜻의 상용한자입니다. 与는 ""맞물려있는 치아""를 그린 상형문자입니다. ""맞물리다"" -> ""주고받다"" -> ""주다""라는 의미입니다. 写는 ""집문서(冖)의 사본을 넘겨주다(与)"" -> ""등기, 사본"" -> ""베끼다""라는 뜻의 글자입니다.",음독은 シャ입니다. 특별한 점은 없습니다.,"写す는 ""베끼다, 모사하다""라는 뜻의 타동사입니다. 写る는 ""(사진에) 찍히다, (뒷면이) 비쳐 보이다""라는 뜻의 자동사입니다.",no
222,N4,字,글자 자,"""글자 자"". 글자",ジ,あざ,"字 = 宀 + 子。 「宀」는 ""집""을 뜻합니다. 「子」는 ""아이""를 뜻합니다. 字는 ""집(宀)에서 아이(子)가 태어나듯 새로운 한자가 만들어지다"" -> ""글자""라는 뜻의 글자입니다.",음독은 ジ입니다. 특별한 점은 없습니다.,"字는 일본의 행정 구역 단위입니다(한국의 ""읍면리"" 중 ""리"" 정도에 해당).",no
223,N4,答,대답 답,"""대답 답"". 대답하다",トウ,こた(える)、こた(え),"答 = 𥫗 + 合。 「𥫗」는 ""대나무, 대나무 죽간""을 뜻하는 부수입니다(링크 참조). 「合」는 ""들어맞다, 합치다""라는 뜻입니다. 答는 ""죽간(𥫗)에 쓰인 편지의 내용에 맞게(合) 회답하다"" -> ""대답하다""라는 뜻의 글자입니다.",음독은 トウ입니다. 특별한 점은 없습니다.,"答える는 ""대답하다, 답하다""라는 뜻의 2그룹 자동사입니다. 答え는 ""대답, 답""을 뜻합니다.",no
224,N4,夜,밤 야,"""밤 야"". 밤",ヤ,よ、よる,"夜 = 亠 + 亻 + 月。 亠는 여기서는「宀」가 살짝 변형된 것으로, ""집""을 뜻합니다. 「亻」는 ""사람""을 뜻합니다. 오른쪽 하단은「月」가 변형된 것으로, ""달""을 뜻합니다. 夜는 ""달(月)이 뜬 밤에 집(亠)에서 자는 사람(亻)"" -> ""밤""이라는 뜻의 글자입니다.",음독은 ヤ입니다. 특별한 점은 없습니다.,"夜는 ""밤""을 뜻합니다.",no
225,N4,音,소리 음,"""소리 음"". 소리, 음",オン、イン,おと、ね,"音는「言」가 변형되어 만들어진 글자입니다. ""말소리(言)"" -> ""소리""라는 의미입니다.",음독은 オン、イン입니다. 사용 빈도는 オン이 더 높으나 특별한 구분법은 없습니다.,"音는 ""소리""를 뜻합니다.",no
226,N4,注,부을 주,"""부을 주"". 쏟다, 집중하다",チュウ,そそ(ぐ),"注 = 氵 + 主。 (의미부)「氵」는 ""물""을 뜻하는 부수입니다. (소리부)「主」(シュ)는 여기서는 소리부(シュ -> チュウ)의 역할만 하고 있습니다. 注는 ""물(氵)을 쏟아붓다"" -> ""쏟다, 집중하다""라는 뜻의 글자입니다(主는 소리부).",음독은 チュウ입니다. 특별한 점은 없습니다.,"注ぐ는 ""흘러 들어가다, 쏟다, 집중시키다, 붓다/따르다""라는 뜻의 자동사 겸 타동사입니다. 예문) 川の水が海に注ぐ 강물이 바다로 흘러 들어가다 雨が降り注ぐ 비가 쏟아지다 注意を注ぐ 주의를 쏟다(기울이다) 愛情を注ぐ 애정을 쏟다 コップに水を注ぐ 컵에 물을 따르다",no
227,N4,帰,돌아갈 귀,"""돌아갈 귀"". 돌아가다, 돌아오다, 귀가하다",キ,かえ(る)、かえ(す),"帰 = リ + 帚。 リ는 여기서는 ""굽어진 길""을 그린 모양자로, ""귀갓길""을 뜻합니다. 「帚」는 ""빗자루""를 뜻하는 글자입니다(링크 참조). 帰는 ""일을 마치고 귀가하는(リ) 남편을 맞이하기 위해 집을 청소(帚)하는 아내""라는 뜻입니다. ""일을 마치고 돌아온 남편"" -> ""돌아가다, 돌아오다""라는 의미입니다.",음독은 キ입니다. 특별한 점은 없습니다.,"帰る는 ""돌아가다, 돌아오다""라는 뜻의 1그룹 자동사입니다. 帰す는 ""돌려보내다, 돌아가게 하다""라는 뜻의 타동사입니다.",no
228,N4,歌,노래 가,"""노래 가"". 노래, 노래하다",カ,うた、うた(う),"歌 = 哥 + 欠。 哥는 ""노래""를 뜻하는 글자입니다. 哥 = 可 + 可 =𠃌+ 口 +𠃌 + 口。 𠃌는 여기서는 ""곡괭이""를 그린 모양자입니다. 「口」는 ""입""을 뜻합니다. 哥는 ""다함께 농사일(𠃌+𠃌)을 하며 흥얼거리는(口+口) 노래"" -> ""노래""라는 뜻의 글자입니다. 「欠」는 ""입으로 하는 동작""을 뜻합니다. 歌는 ""입을 벌리고(欠) 노래하다(哥)"" -> ""노래하다""라는 뜻의 글자입니다.",음독은 カ입니다. 특별한 점은 없습니다.,"歌는 ""노래""를 뜻합니다. 歌う는 ""노래하다""라는 뜻의 타동사입니다.",no
229,N4,光,빛 광,"""빛 광"". 빛",コウ,ひか(る)、ひかり,"光 = 火 + 儿。 「火」는 ""불""을 뜻합니다. 儿는「人」가 변형된 것으로, ""사람""을 뜻합니다. 光는 ""횃불(火)을 든 사람(儿)"" -> ""빛나다""라는 뜻의 글자입니다.",음독은 コウ입니다. 특별한 점은 없습니다.,"光는 ""빛""을 뜻합니다. 光る는 ""빛나다""라는 뜻의 자동사입니다.",no
230,N4,悪,악할 악/미워할 오,"""악할 악/미워할 오"". 악, 나쁘다, 미워하다",アク、オ,わる(い),"悪 = 亜 + 心。 亜는 亞가 변형된 것으로, ""사방이 꽉 막혀있는 요새""를 그린 모양자입니다. 「心」는 ""마음""을 뜻합니다. 悪는 ""꽉 닫혀있는(亜) 마음(心)"" -> ""악하다, 미워하다""라는 뜻의 글자입니다.",음독은 アク、オ입니다. 구분법은 다음과 같습니다. 아래 대표단어를 참조해 주세요.,"悪い는 ""나쁘다""라는 뜻의 형용사입니다. 예문) 発音が悪い 발음이 나쁘다 頭が悪い 머리가 나쁘다",no
231,N4,図,그림 도,"""그림 도"". 그림, 지도",ズ、ト,はか(る),"図는 ""지도""의 모습을 본따 그린 상형문자입니다. 囗는 ""종이""를 표현한 것이고, 안쪽의 선들은 ""종이 위에 그려져있는 지도""를 표현한 것입니다.",음독은 ズ、ト입니다. 특별한 구분법은 없습니다.,"図る는 ""계획하다, 도모하다""라는 뜻의 타동사입니다.",no
232,N4,室,집 실,"""집 실"". 방, 거실, 아내",シツ,むろ,"室 = 宀 + 𠫔 + 土。 「宀」는 ""집""을 뜻합니다. 「土」는 ""흙, 땅""을 뜻합니다. 𠫔는 여기서는 ""책상""을 그린 모양자입니다. 室는 ""집(宀) 안의 바닥(土)에 놓인 책상(𠫔)"" -> ""방, 거실""이라는 뜻의 글자입니다.",음독은 シツ입니다. 특별한 점은 없습니다.,훈독은 むろ입니다. 특별한 점은 없습니다.,no
233,N4,太,클 태,"""클 태"". 크다, 굵다",タイ、タ,ふと(い)、ふと(る),"太는 ""크다""를 뜻하는「大」에 점(丶)을 하나 더 찍어서 ""(더더욱) 크다, 굵다""라는 뜻을 표현한 글자입니다.",음독은 タイ、タ입니다. 특별한 구분법은 없습니다.,"太い는 ""굵다""라는 뜻의 형용사입니다. 太る는 ""살찌다""라는 뜻의 자동사입니다.",no
234,N4,歩,걸음 보,"""걸음 보"". 걸음, 걷다",ホ、ブ、フ,ある(く)、あゆ(む),"歩 = 止 + 少。 「止」는 ""발""을 뜻합니다. 「少」는 ""적다""라는 뜻입니다. 歩는 ""어린아이(少)가 아장아장 걷다(止)"" -> ""걷다""라는 뜻의 글자입니다.","음독은 ホ、ブ、フ입니다. 사용 빈도는 ホ가 가장 높습니다. フ는 일본 장기의 ""졸""을 칭할 때 외에는 쓰이지 않는 음독입니다.","歩く、歩む는 둘 다 ""걷다""라는 뜻의 자동사입니다. 차이점은 다음과 같습니다. 아래 예문을 참조해 주세요.",no
235,N4,風,바람 풍,"""바람 풍"". 바람",フウ、フ,かぜ、かざ,"風는 ""봉황""의 모습을 그린 상형문자입니다. ""봉황의 날갯짓"" -> ""바람""이라는 의미입니다.",음독은 フウ、フ입니다. 사용 빈도는 フウ가 훨씬 높습니다.,"風는 ""바람""을 뜻합니다.",no
236,N4,紙,종이 지,"""종이 지"". 종이",シ,かみ,"紙 = 糸 + 氏。 (의미부)「糸」는 ""실""을 뜻합니다. (소리부)氏(シ - ""성씨 씨"")는 ""성씨""를 뜻하는 상용한자입니다. 다만 여기서는 소리부(シ)의 역할만 하고 있습니다. 氏는 ""나무뿌리가 땅 속으로 뻗은 모습""을 그린 상형문자입니다. ""뿌리"" -> ""혈통"" -> ""성씨""라는 의미입니다. 종이가 없던 시대에는 종종 실로 짠 비단에 글을 써서 남기곤 했습니다. 紙는 ""(종이 대신 사용한) 실(糸)로 짠 비단"" -> ""종이""라는 뜻의 글자입니다(氏는 소리부).",음독은 シ입니다. 특별한 점은 없습니다.,"紙는 ""종이""를 뜻합니다.",no
237,N4,黒,검을 흑,"""검을 흑"". 검정",コク,くろ、くろ(い),"黒 = 里 + 灬。 「里」는 ""마을""을 뜻합니다. 「灬」는 ""불""을 뜻하는 부수입니다(링크 참조). 黒는 ""화재(灬)로 검게 불탄 마을(里)"" -> ""검다""라는 뜻의 글자입니다.",음독은 コク입니다. 특별한 점은 없습니다.,"黒い는 ""검다""라는 뜻의 형용사입니다.",no
238,N4,春,봄 춘,"""봄 춘"". 봄",シュン,はる,"春 = 𡗗 + 日。 𡗗는 여기서는 ""새싹이 올라오는 모습""을 그린 모양자입니다. 「日」는 ""태양""을 뜻합니다. 春는 ""따스한 봄 햇살(日)을 받으며 땅 위로 올라오는 새싹(𡗗)"" -> ""봄""이라는 뜻의 글자입니다.",음독은 シュン입니다. 특별한 점은 없습니다.,"春는 ""봄""을 뜻합니다.",no
239,N4,赤,붉을 적,"""붉을 적"". 빨강",セキ、シャク,あか、あか(い)、あか(らむ)、あか(らめる),"赤 = 土 + 火。 「土」는 ""흙""을 뜻합니다. 「火」는 ""불""을 뜻합니다. 赤는 ""불(火)처럼 빨간 적토(土)"" -> ""빨강, 붉다""라는 뜻의 글자입니다.",음독은 セキ、シャク입니다. 그러나 절대다수는 セキ로 읽습니다. シャク는赤銅(적동) 외에는 거의 쓰지 않는 음독입니다.,"1.赤、赤い 赤い는 ""붉다, 빨갛다""라는 뜻의 형용사입니다. 예문) 赤ちゃん 아기 赤いリンゴ 빨간 사과 2.赤らむ、赤らめる 赤らむ는 ""(부끄러움, 흥분 등으로) 붉어지다, 홍조를 띠다""라는 뜻의 자동사입니다. 赤らめる는 ""붉히다""라는 뜻의 2그룹 타동사입니다. 예문) 恥じらいで彼女の顔が赤らんだ 부끄러움에 그녀의 얼굴이 붉어졌다 恥ずかしそうに顔を赤らめる処女수줍게 얼굴을 붉히는 처녀",no
240,N4,青,푸를 청,"""푸를 청"". 푸르다",セイ、ショウ,あお、あお(い),"青 = 龶 + 月。 (소리부 겸 의미부)龶는 여기서는「生」(セイ・ショウ)가 축약된 것으로, ""생명, 태어나다""라는 뜻입니다. (의미부)「月」는 ""달""을 뜻합니다. 青는 ""푸른 새싹(生) + 푸른 달(月)"" -> ""푸르다""라는 뜻의 글자입니다. (生는 소리부도 겸함)","음독은 セイ、ショウ입니다. 사용 빈도는 セイ가 훨씬 높습니다. ショウ는 일부 혼합색(녹청, 군청 등)을 표현하는 단어에서만 쓰이는 음독입니다.","青い는 ""푸르다""라는 뜻의 형용사입니다.",no
241,N4,森,숲 삼,"""숲 삼"". 숲",シン,もり,"森 = 木 + 木 + 木。 「木」는 ""나무""를 뜻합니다. 森는 ""나무(木)가 울창한 숲"" -> ""숲""이라는 뜻의 글자입니다.",음독은 シン입니다. 특별한 점은 없습니다.,"森는 ""숲""을 뜻합니다.",no
242,N4,館,집 관,"""집 관"". 큰 건물",カン,やかた,"館 = 食 + 官。 (의미부)「食」는 ""먹다""라는 뜻입니다. (소리부 겸 의미부)官(カン - ""벼슬 관"")은 ""관청, 관리""를 뜻하는 상용한자입니다. 官 =宀 +㠯。 「宀」는 ""집""을 뜻합니다. 「㠯」는 ""엉덩이""를 뜻하는 글자입니다(링크 참조). 官는 ""관청(宀)에만 앉아있는 엉덩이(㠯)가 무거운 정부 관료"" -> ""관청, 관직, 관리""라는 뜻의 글자입니다. 館는 ""관청(官)의 관리들이 식사하는(食) 커다란 건물"" -> ""큰 건물""이라는 뜻의 글자입니다. (官은 소리부도 겸함)",음독은 カン입니다. 특별한 점은 없습니다.,"館는 ""저택, 대저택""을 뜻합니다.",no
243,N4,屋,집 옥,"""집 옥"". 지붕, 집",オク,や,"屋 = 尸 + 𠫔 + 土。 「尸」는 ""지붕, 집""을 뜻하는 부수입니다(링크 참조). 𠫔+土는 여기서는「室」가 축약된 것으로, ""집""을 뜻합니다. 屋는 ""집(室) 위의 지붕(尸)"" -> ""지붕, 집""이라는 뜻의 글자입니다.",음독은 オク입니다. 특별한 점은 없습니다.,"~屋는 ""~~를 파는 가게""라는 뜻의 접미사입니다.",no
244,N4,色,빛 색,"""빛 색"". 색, 색깔, 정욕",ショク、シキ,いろ,"色는 ""남녀가 성관계를 맺고 있는 모습""을 그린 상형문자입니다. ""성관계 중에 얼굴이 붉어지다"" -> ""색채, 정욕""이라는 의미입니다.",음독은 ショク、シキ입니다. 특별한 구분법은 없습니다.,"色는 ""색""을 뜻합니다.",no
245,N4,走,달릴 주,"""달릴 주"". 달리다",ソウ,はし(る),"走 = 土 + 止。 「土」는 ""흙, 땅""을 뜻합니다. 「止」는 ""발""을 뜻합니다. 走는 ""땅(土) 위를 달리는 발(止)"" -> ""달리다""라는 뜻의 글자입니다.",음독은 ソウ입니다. 특별한 점은 없습니다.,"走る는 ""달리다""라는 뜻의 1그룹 자동사입니다.",no
246,N4,秋,가을 추,"""가을 추"". 가을",シュウ,あき,"秋 = 禾 + 火。 「禾」는 ""곡식""을 뜻합니다. 「火」는 ""불""을 뜻합니다. 秋는 ""곡식(禾)이 익는(火) 계절"" -> ""가을""이라는 뜻의 글자입니다.",음독은 シュウ입니다. 특별한 점은 없습니다.,"秋는 ""가을""을 뜻합니다.",no
247,N4,林,수풀 림,"""수풀 림"". 수풀, 숲",リン,はやし,"林 = 木 + 木。 「木」는 ""나무""를 뜻합니다. 林는 ""나무(木)가 많은 곳"" -> ""숲""이라는 뜻의 글자입니다. 참고) 林는「森」에 비해 크기가 조금 작은 숲을 뜻합니다.",음독은 リン입니다. 특별한 점은 없습니다.,"林는 ""숲""을 뜻합니다(森보다 크기가 작은 숲을 가리킴).",no
248,N4,夏,여름 하,"""여름 하"". 여름",カ、ゲ,なつ,"夏 = 𦣻 + 夂。 𦣻는 여기서는「頁」가 축약된 것으로, ""머리""를 뜻합니다. 「夂」는 ""발""을 뜻합니다. 夏는 ""머리(𦣻)부터 발끝(夂)까지 땀으로 푹 젖다"" -> ""여름""이라는 뜻의 글자입니다.",음독은 カ、ゲ입니다. 사용 빈도는 カ가 훨씬 높습니다.,"夏는 ""여름""을 뜻합니다.",no
249,N4,顔,낯 안,"""낯 안"". 얼굴",ガン,かお,"顔 = 彦 + 頁。 彦는 여기서는 ""콧수염""을 그린 모양자입니다. 产는 코, 彡는 수염을 각각 표현한 것입니다. 「頁」는 ""머리""를 뜻합니다. 顔는 ""콧수염(彦)을 기른 얼굴(頁)"" -> ""얼굴""이라는 뜻의 글자입니다.",음독은 ガン입니다. 특별한 점은 없습니다.,"顔는 ""얼굴""을 뜻합니다.",no
250,N4,短,짧을 단,"""짧을 단"". 짧다",タン,みじか(い),"短 = 矢 + 豆。 「矢」는 ""화살""을 뜻합니다. 「豆」는 ""콩""을 뜻합니다. 短는 ""콩알만한(豆) 표적도 화살(矢)로 맞출 수 있을 만큼 짧은 거리"" -> ""짧다""라는 뜻의 글자입니다.",음독은 タン입니다. 특별한 점은 없습니다.,"短い는 ""짧다""라는 뜻의 형용사입니다.",no
251,N4,薬,약 약,"""약 약"". 약, 약재",ヤク,くすり,"薬 = 艹 + 楽。 「艹」는 ""풀""을 뜻합니다. 「楽」는 ""즐겁다, 편안하다""라는 뜻입니다. 薬는 ""아픈 사람을 편안하게(楽) 해 주는 약초(艹)"" -> ""약, 약재""라는 뜻의 글자입니다.",음독은 ヤク입니다. 특별한 점은 없습니다.,"薬는 ""약""을 뜻합니다.",no
252,N4,習,익힐 습,"""익힐 습"". 배우다, 익히다",シュウ,なら(う),"習 = 羽 + 白。 羽(""깃 우"")는 ""날개, 깃털""을 뜻하는 상용한자입니다. 羽는 ""깃털이 달린 새의 날개""를 그린 상형문자입니다. 「白」는 ""흰색""을 뜻합니다. 習는 ""처음 날갯짓(羽)을 배우는하얀(白) 아기새"" -> ""배우다, 익히다""라는 뜻의 글자입니다.",음독은 シュウ입니다. 특별한 점은 없습니다.,"習う는 ""배우다""라는 뜻의 타동사입니다.",no
253,N4,便,편할 편,"""편할 편"". 편리하다, 편지, 대소변",ベン、ビン,たよ(り),"便 = 亻 + 更。 「亻」는 ""사람""을 뜻합니다. 更(""고칠 경/갱"")은 ""고치다, 바꾸다""라는 뜻의 상용한자입니다. 更는 ""회초리를 든 손 + 두 다리""를 그린 상형문자입니다. ""잘못을 저지른 아이를 회초리로 때리다"" -> ""바로잡다, 고치다""라는 의미입니다. 便는 ""사람(亻)이 불편한 점을 고쳐서(更) 편안해지다""라는 뜻입니다. 여기서 ""불편한 점""이란 ""대소변""을 뜻합니다. ""대소변을 해결하고 편안해지다"" -> ""대소변, 편리하다""라는 의미입니다.",음독은 ベン、ビン입니다. 특별한 구분법은 없습니다.,"便り는 ""소식, 편지""를 뜻합니다.",no
254,N4,洋,큰 바다 양,"""큰 바다 양"". 대양",ヨウ,,"洋 = 氵 + 羊。 (의미부)「氵」는 ""물""을 뜻합니다. (소리부)「羊」(ヨウ)는 ""양""을 뜻하는 부수입니다. 다만 여기서는 소리부(ヨウ)의 역할만 하고 있습니다. 洋는 ""물(氵)"" -> ""대양""이라는 뜻의 글자입니다(羊는 소리부).",음독은 ヨウ입니다. 특별한 점은 없습니다.,洋의 정식 훈독은 없습니다.,no
255,N4,旅,나그네 여,"""나그네 여"". 여행",リョ,たび,"旅 =𭤨+𧘇。 「𭤨」는 ""바람에 나부끼는 깃발""을 뜻합니다. 𧘇는 여기서는「亻」두 개가 합쳐진 것으로, ""여러 명의 사람들(亻)""이라는 뜻입니다. 旅는 ""군기(𭤨)를 휘날리며 원정을 떠나는 병사들(𧘇)"" -> ""여행""이라는 뜻의 글자입니다.",음독은 リョ입니다. 특별한 점은 없습니다.,"旅는 ""여행""을 뜻합니다.",no
256,N4,軽,가벼울 경,"""가벼울 경"". 가볍다",ケイ,かる(い)、かろ(やか),"軽 = 車 + 圣。 (의미부)「車」는 ""수레, 차""를 뜻합니다. (소리부 겸 의미부)「圣」(ケイ)는 ""지나가다""라는 뜻의 글자입니다(링크 참조). 軽는 ""마차(車)가 가볍게 지나가다(圣)"" -> ""가볍다""라는 뜻의 글자입니다. (圣는 소리부도 겸함)",음독은 ケイ입니다. 특별한 점은 없습니다.,"軽い는 ""가볍다""라는 뜻의 형용사입니다. 軽やか는 ""발랄함, 경쾌함""을 뜻합니다.",no
257,N4,池,못 지,"""못 지"". 연못",チ,いけ,"池 = 氵 + 也。 (의미부)「氵」는 ""물""을 뜻합니다. (소리부 겸 의미부)也는 여기서는「地」(チ)가 축약된 것으로, ""땅""을 뜻합니다. 池는 ""땅(地) 위의 물웅덩이(氵)"" -> ""연못""이라는 뜻의 글자입니다. (也->地는 소리부도 겸함)",음독은 チ입니다. 특별한 점은 없습니다.,"池는 ""연못""을 뜻합니다.",no
258,N4,服,옷 복,"""옷 복"". 옷, 복종시키다",フク,,"服 = 月 + 卩 + 又。 「月」는 ""달""을 뜻합니다. 「卩」는 ""무릎꿇은 사람""을 뜻하는 부수입니다(링크 참조). 「又」는 ""손""을 뜻합니다. 服는 ""밤도둑(月)을 잡아서(又) 무릎꿇리다(卩)""라는 뜻입니다. 이라는 의미입니다.",음독은 フク입니다. 특별한 점은 없습니다.,服의 정식 훈독은 없습니다.,no
259,N4,遠,멀 원,"""멀 원"". 멀다",エン、オン,とお(い),"遠 = ⻌ + 袁。 (의미부)「⻌」는 ""길""을 뜻합니다. (소리부 겸 의미부)「袁」(エン)은 ""길다, 헐렁하다""라는 뜻의 글자입니다(링크 참조). 遠는 ""기나긴(袁) 길(⻌)"" -> ""멀다""라는 뜻의 글자입니다. (袁는 소리부(エン -> エン・オン)도 겸함)",음독은 エン、オン입니다. 그러나 절대다수는 エン으로 읽습니다. オン은 일부 예외적인 단어에만 쓰이는 음독입니다.,"遠い는 ""멀다""라는 뜻의 형용사입니다. 예문) 遠い山を眺める 먼 산을 바라보다 完成にはまだ遠い 완성되려면 아직 멀었다 遠い親類먼 친척",no
260,N4,夕,저녁 석,"""저녁 석"". 저녁",セキ,ゆう,"夕는 ""초승달""을 본따 그린 상형문자입니다. ""초승달이 뜬 시간"" -> ""저녁""이라는 의미입니다.",음독은 セキ입니다. 특별한 점은 없습니다.,훈독은 ゆう입니다. 특별한 점은 없습니다.,no
261,N4,借,빌릴 차,"""빌릴 차"". 빌리다",シャク,か(りる),"借 = 亻 +昔。 (의미부)「亻」는 ""사람""을 뜻합니다. (소리부 겸 의미부)昔(シャク - ""옛 석"")은 ""옛날""을 뜻하는 상용한자입니다. 昔 = 龷 + 日。 龷는 여기서는 巛가 변형된 것으로, ""큰 물살/홍수""를 표현한 모양자입니다. 「日」는 ""해""를 뜻합니다. 昔는 ""물(巛) 아래 잠긴 태양(日)""이라는 뜻으로, 본래는 약 4300년 전 일어난 중국의 대홍수를 뜻하던 글자입니다. 그러나 시간이 지나며 ""대홍수"" -> ""먼 옛날의 일"" -> ""옛날""이 되어 지금의 의미를 가지게 되었습니다. 借는 ""남에게(亻)옛날에(昔)빌린 돈을 아직도 갚지 못하다""-> ""빌리다""라는 뜻의 글자입니다. (昔는 소리부도 겸함)",음독은 シャク입니다. 특별한 점은 없습니다.,"借りる는 ""빌리다""라는 뜻의 2그룹 타동사입니다.",no
262,N4,曜,요일 요,"""요일 요"". 요일",ヨウ,,"曜 = 日 + 羽 + 隹。 「日」는 ""하루""를 뜻합니다. 「隹」는 ""새""를 뜻합니다. 羽(""깃 우"")는 ""날개, 깃털""을 뜻하는 상용한자입니다. 羽는 ""깃털이 달린 새의 날개""를 그린 상형문자입니다. 曜는 ""매일(日) 아침 홰를 치며(羽) 우는 닭(隹)"" -> ""매일"" -> ""요일""이라는 뜻의 글자입니다.",음독은 ヨウ입니다. 특별한 점은 없습니다.,曜의 정식 훈독은 없습니다.,no
263,N4,弱,약할 약,"""약할 약"". 약하다",ジャク,よわ(い)、よわ(る)、よわ(まる)、よわ(める),"弱 = 弓 + 冫 +弓 +冫。 「弓」는 ""활""을 뜻합니다. 「冫」는 ""얼음""을 뜻합니다. 弱는 ""활(弓)이 얼어서(冫) 망가지다"" -> ""약해지다, 약하다""라는 뜻의 글자입니다.",음독은 ジャク입니다. 특별한 점은 없습니다.,"1.弱い 弱い는 ""약하다""라는 뜻의 형용사입니다. 예문) 体の弱い子供몸이 약한 아이 骨が弱くなる原因뼈가 약해지는 원인 2.弱る 弱る는 ""약해지다, 곤란해지다""라는 뜻의 자동사입니다. 예문) 病気で体が弱っている 병으로 몸이 쇠약해져 있다 金がなくて弱る 돈이 없어서 곤란하다 3.弱まる、弱める 弱まる는 ""약해지다""라는 뜻의 자동사입니다. 弱める는 ""약화시키다""라는 뜻의 2그룹 타동사입니다. 예문) 風が弱まる 바람이 약해지다 ガスの火を弱める 가스불을 약하게 하다",no
264,N4,肉,고기 육,"""고기 육"". 고기",ニク,,"肉는 ""고기에 칼집을 낸 모습""을 그린 상형문자입니다.",음독은 ニク입니다. 특별한 점은 없습니다.,肉의 정식 훈독은 없습니다.,no
265,N4,貸,빌릴 대,"""빌릴 대"". 빌려주다",タイ,か(す),"貸 = 代 + 貝。 (소리부 겸 의미부)「代」(タイ)는 ""대신하다""라는 뜻입니다. (의미부)「貝」는 ""돈, 재물""을 뜻합니다. 貸는 ""돈(貝)을대신(代) 빌려주다"" -> ""빌려주다""라는 뜻의 글자입니다. (代는 소리부도 겸함)",음독은 タイ입니다. 특별한 점은 없습니다.,"貸す는 ""빌려주다""라는 뜻의 타동사입니다.",no
266,N4,堂,집 당,"""집 당"". 전당, 큰 건물",ドウ,,"堂 = 龸 + 口 + 土。 「龸」는 ""궁궐""을 뜻하는 글자입니다(링크 참조). 口는 여기서는 ""궁궐의 출입구""를 그린 모양자입니다. 「土」는 ""흙, 땅""을 뜻합니다. 堂는 ""땅(土) 위의 거대한 궁궐(龸)의 출입구(口)"" -> ""전당, 큰 건물""이라는 뜻의 글자입니다.",음독은 ドウ입니다. 특별한 점은 없습니다.,堂의 정식 훈독은 없습니다.,no
267,N4,暗,어두울 암,"""어두울 암"". 어둡다",アン,くら(い),"暗 = 日 + 音。 「日」는 ""해""를 뜻합니다. 「音」는 ""소리""를 뜻합니다. 暗는 ""햇빛(日)이 없어 소리(音)밖에 들리지 않는 어두운 곳"" -> ""어둡다""라는 뜻의 글자입니다.",음독은 アン입니다. 특별한 점은 없습니다.,"暗い는 ""어둡다""라는 뜻의 형용사입니다.",no
268,N4,鳥,새 조,"""새 조"". 새",チョウ,とり,"鳥는 ""새""의 모습을 본따 그린 상형문자입니다.",음독은 チョウ입니다. 특별한 점은 없습니다.,"鳥는 ""새""를 뜻합니다.",no
269,N4,飯,밥 반,"""밥 반"". 식사, 밥",ハン,めし,"飯 = 食 + 反。 (의미부)「食」는 ""먹다""라는 뜻입니다. (소리부)反(ハン - ""돌이킬 반"")은 ""반대, 뒤집다""라는 뜻의 상용한자입니다. 다만 여기서는 소리부의 역할만 하고 있습니다. 反 = 厂 + 又。 「厂」는 ""기슭, 절벽""을 뜻하는 부수입니다(링크 참조). 「又」는 ""손""을 뜻합니다. 反는 ""절벽(厂)을 기어오르는 손(又)"" -> ""거슬러 올라가다"" -> ""돌이키다, 뒤집다, 반대""라는 뜻의 글자입니다. 飯는 ""먹다(食)"" -> ""식사""라는 뜻의 글자입니다(反은 소리부).",음독은 ハン입니다. 특별한 점은 없습니다.,"飯는 ""밥, 식사""를 뜻합니다.",no
270,N4,勉,힘쓸 면,"""힘쓸 면"". 힘쓰다, 노력하다",ベン,,"勉 = 免 + 力。 免(""면할 면"")은 ""면하다""라는 뜻의 상용한자입니다. 免는 ""투구를 쓴 사람""을 그린 상형문자입니다. ""전장에서 투구 덕분에 죽음을 면하다"" -> ""면하다""라는 의미입니다. 「力」는 ""힘""을 뜻합니다. 勉는 ""가난을 면하기(免) 위해 열심히 노력하다(力)"" -> ""힘쓰다, 노력하다""라는 뜻의 글자입니다.",음독은 ベン입니다. 특별한 점은 없습니다.,勉의 정식 훈독은 없습니다.,no
271,N4,冬,겨울 동,"""겨울 동"". 겨울",トウ,ふゆ,"冬 = 夂 + 冫。 「夂」는 ""발""을 뜻합니다. 「冫」는 ""얼음""을 뜻합니다. 冬는 ""발(夂) 밑의 얼음(冫)"" -> ""얼어붙은 길"" -> ""겨울""이라는 뜻의 글자입니다.",음독은 トウ입니다. 특별한 점은 없습니다.,"冬는 ""겨울""을 뜻합니다.",no
272,N4,昼,낮 주,"""낮 주"". 낮",チュウ,ひる,"昼 = 尺 + 日 + 一。 「日」는 ""해""를 뜻합니다. 尺+一는 여기서는 ""창문""을 그린 모양자입니다. 昼는 ""창밖(尺+一)에해(日)가 뜨다"" -> ""낮""이라는 뜻의 글자입니다.",음독은 チュウ입니다. 특별한 점은 없습니다.,"昼는 ""낮""을 뜻합니다.",no
273,N4,茶,차 다,"""차 다"". 차(tea)",チャ、サ,,"茶 = 艹 + 𠆢 + 朩。 「艹」는 ""풀""을 뜻합니다. 𠆢 + 朩는 여기서는 ""작은 오두막""을 그린 모양자입니다. 茶는 ""작은 오두막(𠆢+朩)에서 소박하게 즐기는 차(艹)"" -> ""차""라는 뜻의 글자입니다.",음독은 チャ、サ입니다. 사용 빈도는 チャ가 훨씬 높습니다.,茶의 정식 훈독은 없습니다.,no
274,N4,弟,아우 제,"""아우 제"". 남동생, 제자",テイ、ダイ、デ,おとうと,"弟는 ""장작을 밧줄로 칭칭 감아놓은 모습""을 그린 상형문자입니다. ""형이 패놓은 장작을 들어서 옮기는 남동생"" -> ""남동생""이라는 의미입니다.",음독은 テイ、ダイ、デ입니다. 그러나 대다수는 テイ로 읽습니다. ダイ・デ는 일부 단어에만 쓰이는 음독입니다.,"弟는 ""남동생""을 뜻합니다.",no
275,N4,洗,씻을 세,"""씻을 세"". 씻다",セン,あら(う),"洗 = 氵 + 先。 (의미부)「氵」는 ""물""을 뜻합니다. (소리부 겸 의미부)「先」(セン)은 ""먼저, 앞서""라는 뜻입니다. 洗는 ""중요한 의식에 앞서(先) 몸을 정갈히 씻다(氵)"" -> ""씻다""라는 뜻의 글자입니다. (先은 소리부도 겸함)",음독은 セン입니다. 특별한 점은 없습니다.,"洗う는 ""씻다""라는 뜻의 타동사입니다.",no
276,N4,牛,소 우,"""소 우"". 소",ギュウ,うし,"牛는 ""뿔이 달린 소의 머리""를 그린 상형문자입니다.",음독은 ギュウ입니다. 특별한 점은 없습니다.,"牛는 ""소""를 뜻합니다.",no
277,N4,兄,형 형,"""형 형"". 형, 오빠",ケイ、キョウ,あに,"兄 = 口 + 儿。 「口」는 ""입""을 뜻합니다. 儿는「人」가 살짝 변형된 것으로, ""사람""을 뜻합니다. 兄는 ""말(口)로 동생들에게 지시를 내리는 맏형(儿)"" -> ""형""이라는 뜻의 글자입니다.",음독은 ケイ、キョウ입니다. 그러나 대다수는 ケイ로 읽습니다. キョウ는兄弟(형제) 외에는 거의 쓰지 않는 음독입니다.,"兄는 ""형""을 뜻합니다.",no
278,N4,犬,개 견,"""개 견"". 개",ケン,いぬ,"犬는 ""꼬리가 강조된 개""를 그린 상형문자입니다.",음독은 ケン입니다. 특별한 점은 없습니다.,"犬는 ""개""를 뜻합니다.",no
279,N4,菜,나물 채,"""나물 채"". 야채, 채소",サイ,な,"菜 = 艹 + 采。 (의미부)「艹」는 ""풀""을 뜻합니다. (소리부 겸 의미부)「采」(サイ)는 ""뽑다, 따다""라는 뜻의 글자입니다(링크 참조). 菜는 ""나물(艹)을 캐다(采)"" -> ""야채, 채소""라는 뜻의 글자입니다. (采는 소리부도 겸함)",음독은 サイ입니다. 특별한 점은 없습니다.,훈독은 な입니다. 특별한 점은 없습니다.,no
280,N4,暑,더울 서,"""더울 서"". 덥다",ショ,あつ(い),"暑 = 日 + 者。 「日」는 ""해""를 뜻합니다. 「者」는 ""사람""을 뜻합니다. 暑는 ""뜨거운 햇빛(日)을 받으며 서있는 사람(者)"" -> ""덥다"" 라는 뜻의 글자입니다.",음독은 ショ입니다. 특별한 점은 없습니다.,"暑い는 ""덥다""라는 뜻의 형용사입니다.",no
281,N4,妹,누이 매,"""누이 매"". 여동생",マイ,いもうと,"妹 = 女 + 未。 「女」는 ""여자""를 뜻합니다. 未(""아닐 미"")는 ""아직, 미숙한""이란 뜻의 상용한자입니다. 未는 ""가지가 앙상한 나무(木)""를 그린 상형문자입니다. ""아직 잎이 나지 않은 나무"" -> ""아직, 미숙한""이라는 의미입니다. 妹는 ""미숙한(未) 여자아이(女)"" -> ""여동생""이라는 뜻의 글자입니다.",음독은 マイ입니다. 특별한 점은 없습니다.,"妹는 ""여동생""을 뜻합니다.",no
282,N4,寒,찰 한,"""찰 한"". 춥다",カン,さむ(い),"寒 = 宀 + 𠀎 + ハ + ⺀。 「宀」는 ""집""을 뜻합니다. 𠀎는 여기서는 ""풀을 엮어 만든 담요""를 그린 모양자입니다. ハ+⺀는 여기서는「冬」가 축약된 것으로, ""겨울""을 뜻합니다. 寒는 ""추운 겨울(冬)에 집(宀)에서 담요(𠀎)를 뒤집어쓰다"" -> ""춥다""라는 뜻의 글자입니다.",음독은 カン입니다. 특별한 점은 없습니다.,"寒い는 ""춥다""라는 뜻의 형용사입니다.",no
283,N4,姉,누이 자,"""누이 자"". 누나, 언니",シ,あね,"姉 = 女 + 市。 (의미부)「女」는 ""여자""를 뜻합니다. (소리부 겸 의미부)「市」(シ)는 ""시장""을 뜻합니다. 姉는 ""시장(市)에 장을 보러 가는 누이(女)"" -> ""누나, 언니""라는 뜻의 글자입니다. (市는 소리부도 겸함)",음독은 シ입니다. 특별한 점은 없습니다.,"姉는 ""누나""를 뜻합니다.",no
284,N4,漢,한나라 한,"""한나라 한"". 한나라, 중국",カン,,"漢 = 氵 + 艹 + 口 + 夫。 「氵」는 ""물""을 뜻합니다. 「艹」는 ""풀""을 뜻합니다. 口는 여기서는 ""건물을 쌓는 데 쓰는 돌""을 표현한 모양자입니다. 夫(""지아비 부"")는 ""남편, 성인 남성""을 뜻하는 상용한자입니다. 夫 = 大 + 一。 「大」는 본래 ""사람""을 그린 글자입니다(링크 참조). 「一」는 ""1""을 뜻합니다. 夫는 ""가정의 1인자(一)인 사람(大)"" -> ""남편, 성인 남성""이라는 뜻의 글자입니다. 漢는 ""강가(氵)의 풀밭(艹)에 집을 짓는(口) 성인 남성(夫)""이라는 뜻입니다. 여기서 ""강가에 집을 짓는다""라는 것은 ""양쯔강 문명""을 뜻합니다. ""양쯔강 문명"" -> ""한나라, 중국""이라는 의미입니다.",음독은 カン입니다. 특별한 점은 없습니다.,漢의 정식 훈독은 없습니다.,no
285,N3,議,의논할 의,"""의논할 의"". 의논하다, 상의하다",ギ,,"議 = 言 + 義。 (의미부)「言」는 ""말하다""라는 뜻입니다. (소리부 겸 의미부)義(ギ - ""옳을 의"")는 ""옳다, 의롭다""라는 뜻의 상용한자입니다. 義 = 𦍌 + 扌 + 戈。 「𦍌」는 ""양""을 뜻합니다. 「扌」는 ""손""을 뜻합니다. 「戈」는 ""창""을 뜻하는 부수입니다(링크 참조). 義는 ""손(扌)에 창(戈)을 들고 양(𦍌)을 지키다"" -> ""옳다, 의롭다""라는 뜻의 글자입니다. 議는 ""의(義)를 논하다(言)"" -> ""의논하다, 상의하다""라는 뜻의 글자입니다. (義는 소리부도 겸함)",음독은 ギ입니다. 특별한 점은 없습니다.,議의 정식 훈독은 없습니다.,no
286,N3,連,이을 연,"""이을 연"". 잇다, 연결, 연속되다",レン,つら(なる)、つら(ねる)、つ(れる),"連 = ⻌ + 車。 「⻌」는 ""길""을 뜻합니다. 「車」는 ""수레, 차""를 뜻합니다. 連는 ""길(⻌)에 수레(車)가 줄지어 다니다"" -> ""잇다, 연속되다, 연결되다""라는 뜻의 글자입니다.",음독은 レン입니다. 특별한 점은 없습니다.,"1.連なる、連ねる 連なる는 ""줄지어 있다, 연속해 있다""라는 뜻의 자동사입니다. 連ねる는 ""늘어세우다, 늘어놓다""라는 뜻의 2그룹 타동사입니다. 예문) 鳥が連なって飛んでいる 새가 줄지어 날고 있다 自動車が道路に連なっている 자동차가 도로에 줄지어 있다 美辞麗句を連ねる 미사여구를 늘어놓다 百万言を連ねて論ずる 백만 마디의 말을 늘어놓으며 논하다 2.連れる 連れる는 ""데리고 가다(오다), 동반하다""라는 뜻의 2그룹 타동사입니다. 예문) 子供たちを連れて出かける 아이들을 데리고 외출하다 家族を連れて公園に行く 가족을 데리고 공원에 가다",no
287,N3,対,대할 대,"""대할 대"". 대하다, 마주보다",タイ、ツイ,,"対 = 文 + 寸。 「文」는 본래 ""가슴팍에 문신이 있는 사람""을 그린 글자입니다(링크 참조). 「寸」는 ""손""을 뜻합니다. 対는 ""건장한 남성(文)이 주먹(寸)을 치켜들고상대와 대적하다""-> ""대하다, 마주보다, 상대""라는 뜻의 글자입니다.",음독은 タイ、ツイ입니다. 구분법은 다음과 같습니다. 아래 예시단어를 참조해 주세요.,対의 정식 훈독은 없습니다.,no
288,N3,部,떼 부,"""떼 부"". 부분, 부서",ブ,,"部 = 咅 + ⻏。 「咅」는 ""화분 위의 화초""를 그린 글자입니다(링크 참조). 「⻏」는 ""도시""를 뜻합니다. 部는 ""대도시(⻏) 안의 화초(咅)를 매매하는 구역"" -> ""부분, 부서""라는 뜻의 글자입니다.",음독은 ブ입니다. 특별한 점은 없습니다.,部의 정식 훈독은 없습니다.,no
289,N3,内,안 내,"""안 내"". 안, 안쪽, 내부",ナイ、ダイ,うち,"内 = 人 + 冂。 「人」는 ""사람""을 뜻합니다. 冂는 여기서는 ""건물의 내부""를 표현한 모양자입니다. 内는 ""건물 안(冂)에 있는 사람(人)"" -> ""안쪽, 내부""라는 뜻의 글자입니다.",음독은 ナイ、ダイ입니다. 사용 빈도는 ナイ가 훨씬 높습니다.,"内는 ""안쪽""을 뜻합니다.",no
290,N3,相,서로 상,"""서로 상"". 서로, 모양, 벼슬",ソウ、ショウ,あい,"相 = 木 + 目。 「木」는 ""나무""를 뜻합니다. 「目」는 ""눈""을 뜻합니다. 相는 ""나무(木)를 바라보는 눈(目)""이라는 뜻입니다. ""바라보다"" -> ""서로 바라보다"" -> ""서로, 모양""이라는 의미입니다.",음독은 ソウ、ショウ입니다. 구분법은 다음과 같습니다. 아래 예시단어를 참조해 주세요.,훈독은 あい입니다. 특별한 점은 없습니다.,no
291,N3,定,정할 정,"""정할 정"". 정하다, 결정하다",テイ、ジョウ,さだ(める)、さだ(まる)、さだ(か),"定 = 宀 + 𤴓。 「宀」는 ""집""을 뜻합니다. 𤴓는「正」가 살짝 변형된 것으로, ""바르다""라는 뜻입니다. 定는 ""올바른(正) 집(宀)을 고르다"" -> ""정하다, 결정하다""라는 뜻의 글자입니다.",음독은 テイ、ジョウ입니다. 특별한 구분법은 없습니다.,"定める는 ""정하다""라는 뜻의 2그룹 타동사입니다. 定まる는 ""정해지다""라는 뜻의 자동사입니다. 定か는 ""명확함, 확실함""을 뜻합니다.",no
292,N3,選,고를 선,"""고를 선"". 고르다, 선택하다",セン,えら(ぶ),"選 = ⻌ + 己 + 己 + 共。 「⻌」는 ""길""을 뜻합니다. 「己」는 ""무릎꿇은 사람""을 뜻합니다. 共는 여기서는 ""가마""를 그린 모양자입니다. 選는 ""앉아있는 사람들(己己) 중에서 가마(共)에 태워 보낼(⻌) 자를 고르다"" -> ""고르다, 선택하다""라는 뜻의 글자입니다.",음독은 セン입니다. 특별한 점은 없습니다.,"選ぶ는 ""고르다""라는 뜻의 타동사입니다.",no
293,N3,米,쌀 미,"""쌀 미"". 쌀",ベイ、マイ,こめ,"米는 ""곡식 낟알이 흩어져있는 모습""을 그린 상형문자입니다.",음독은 ベイ、マイ입니다. 특별한 구분법은 없습니다.,"米는 ""쌀""을 뜻합니다.",no
294,N3,実,열매 실,"""열매 실"". 현실, 진실, 열매, 결실",ジツ,み、みの(る),"実 = 宀 + 大 + 二。 「宀」는 ""집""을 뜻합니다. 「大」는 ""크다""라는 뜻입니다. 「二」는 ""2""를 뜻합니다. 実는 ""집(宀) 안의 나무에 열린 커다란(大) 열매 두 개(二)"" -> ""열매"" -> ""결실, 진실, 현실""이라는 뜻의 글자입니다.",음독은 ジツ입니다. 특별한 점은 없습니다.,"実는 ""열매, 과실""을 뜻합니다. 実る는 ""열매를 맺다, 결실을 맺다""라는 뜻의 자동사입니다.",no
295,N3,関,관계할 관,"""관계할 관"". 관계되다, 관문",カン,せき、かか(わる),"関 = 門 + 关。 「門」는 ""문""을 뜻합니다. 「关」는 ""웃음""을 뜻합니다. 関는 ""관계가 있는 사람만 웃으며(关) 관문(門) 안으로 들여보내다"" -> ""관문, 관계되다""라는 뜻의 글자입니다.",음독은 カン입니다. 특별한 점은 없습니다.,"関는 ""관문""을 뜻합니다. 関わる는 ""관계되다, 관계가 있다""라는 뜻의 자동사입니다. 예문) 心の関마음의 장벽 関所관문/난관 命に関わることだ 목숨과 관계된 일이다 事件に関わる人々사건에 관계된 사람들 安全性に関わる問題안전성과 관련된 문제",no
296,N3,決,결단할 결,"""결단할 결"". 결정하다, 결단하다",ケツ,き(める)、き(まる),"決 = 氵 + 夬。 「氵」는 ""물""을 뜻합니다. 夬는 여기서는 ""활(𠃍)을 쏘는 사람(大)""을 그린 모양자입니다. 決는 ""강(氵)을 뒤로 한 채 배수진을 치고 싸우다(夬)""라는 뜻입니다. ""결단을 내리고 죽을 각오로 맞서 싸우다"" -> ""결정하다, 결단하다""라는 의미입니다.",음독은 ケツ입니다. 특별한 점은 없습니다.,"決める는 ""정하다, 결정하다""라는 뜻의 2그룹 타동사입니다. 決まる는 ""정해지다, 결정되다""라는 뜻의 자동사입니다.",no
297,N3,全,온전할 전,"""온전할 전"". 모두, 전부, 전체",ゼン,まった(く)、すべ(て),"全 = 𠆢 + 王。 𠆢는 여기서는 ""궁궐 지붕""을 그린 모양자입니다. 王(""임금 왕"")은 ""왕""을 뜻하는 상용한자입니다. 王는 ""권위를 상징하는 거대한 도끼""를 그린 상형문자입니다. ""권위의 상징"" -> ""우두머리"" -> ""왕""이라는 의미입니다. 全는 ""궁궐(𠆢) 안의 왕(王)""이라는 뜻입니다. ""나라 전체를 지배하는 왕"" -> ""전체, 모두, 전부""라는 의미입니다.",음독은 ゼン입니다. 특별한 점은 없습니다.,"全く는 ""완전히, 아주, 전혀""라는 뜻의 부사입니다. 全て는 ""모두, 전부, 전체""라는 뜻입니다.",no
298,N3,表,겉 표,"""겉 표"". 표면, 드러내다",ヒョウ,おもて、あらわ(す)、あらわ(れる),"表 = 主 + 衣。 「主」는 ""주인""을 뜻합니다. 「衣」는 ""옷""을 뜻하는 부수입니다(링크 참조). 表는 ""주인(主)의 지위를 겉으로 드러내주는 의복(衣)"" -> ""표면, 드러내다""라는 뜻의 글자입니다.",음독은 ヒョウ입니다. 특별한 점은 없습니다.,"1.表 表는 ""표면, 겉""을 뜻합니다. 예문) 表の意味표면적 의미(드러난 의미) 紙の表종이의 표면 2.表す、表れる 表す는 ""나타내다, 표현하다""라는 뜻의 타동사입니다. 表れる는 ""나타나다, 드러나다""라는 뜻의 2그룹 자동사입니다. 예문) 敬意を表す 경의를 표하다 言葉で表す 말로 나타내다 これは彼の才能を表している 이것은 그의 재능을 보여주고 있다 態度に表れる 태도에서 드러나다 彼の個性が作品に表れている 그의 개성이 작품에 나타나 있다",no
299,N3,戦,싸울 전,"""싸울 전"". 전투, 전쟁, 싸움",セン,いくさ、たたか(う),"戦 = 単 + 戈。 単는 ""고대에 쓰던 무기""를 그린 상형문자입니다(아래 그림 참조). 「単」 「戈」는 ""창""을 뜻하는 부수입니다(링크 참조). 戦는 ""무기(単) + 창(戈)"" -> ""전쟁, 전투""라는 뜻의 글자입니다. 참고) 単는 상용한자이기도 합니다(463.「単」참조).",음독은 セン입니다. 특별한 점은 없습니다.,"戦는 ""전쟁, 싸움""을 뜻합니다. 戦う는 ""싸우다""라는 뜻의 자동사 겸 타동사입니다.",no
300,N3,最,가장 최,"""가장 최"". 최고, 제일",サイ,もっと(も),"最 = 日 + 耳 + 又。 「日」는 ""해""를 뜻합니다. 「耳」는 ""귀""를 뜻합니다. 「又」는 ""손""을 뜻합니다. 먼 옛날 전쟁에서는 죽인 적병의 귀(耳)를 잘라 모아오는(又) 풍습이 있었다고 합니다. 最는 ""낮(日)의 전투에서 누가 가장 많은 귀(耳)를 잘라왔나(又) 비교하다"" -> ""최고, 제일""이라는 뜻의 글자입니다.",음독은 サイ입니다. 특별한 점은 없습니다.,"最も는 ""가장""이라는 뜻의 부사입니다.",no
301,N3,調,고를 조,"""고를 조"". 조화, 조절하다, 조사하다, 운율",チョウ,しら(べる)、ととの(う)、ととの(える),"調 = 言 + 周。 「言」는 ""말하다""라는 뜻입니다. 周(""두루 주"")는 ""둘레, 돌다""라는 뜻의 상용한자입니다. 周는 ""논밭 주위를 둘러싼 경계선""을 그린 상형문자입니다. ""논밭을 둘러싼 경계선"" -> ""둘레, 돌다, 주기""라는 의미입니다. 調는 ""주위를 두루 돌며(周) 의견을 나누다(言)""-> ""조사하다, 조절하다, 조화""라는 뜻의 글자입니다.",음독은 チョウ입니다. 특별한 점은 없습니다.,"1.調べる 調べる는 ""조사하다""라는 뜻의 2그룹 타동사입니다. 예문) 原因を調べる 원인을 조사하다 2.調う、調える 調う는 ""갖추어지다, 정돈되다""라는 뜻의 자동사입니다. 調える는 ""갖추다, 마련하다, 성립시키다""라는 뜻의 2그룹 타동사입니다. 예문) 必要な書類が調う 필요한 서류가 갖추어지다 食料を調える 식량을 마련하다 縁談を調える 혼담을 성사시키다",no
302,N3,化,될 화,"""될 화"". 바뀌다, 변하다",カ、ケ,ば(ける)、ば(かす),"化 = 亻 + 匕。 「亻」는 ""사람""을 뜻합니다. 「匕」는 ""넘어져있는 사람""을 뜻하는 부수입니다. 化는 ""서있던 사람(亻)이 넘어지다(匕)"" -> ""바뀌다, 변하다""라는 뜻의 글자입니다.",음독은 カ、ケ입니다. 사용 빈도는 カ가 훨씬 높습니다.,"化ける는 ""둔갑하다, (전혀 다른 것으로) 변하다""라는 뜻의 2그룹 자동사입니다. 化かす는 ""속이다, 홀리다""라는 뜻의 타동사입니다.",no
303,N3,当,마땅할 당,"""마땅할 당"". 맞다, 맞히다, 들어맞다",トウ,あ(たる)、あ(てる),"当 = ⺌ + ⺕。 ⺌는 여기서는 ""화살촉""을 그린 모양자입니다. 「⺕」는 ""손""을 뜻합니다. 当는 ""손(⺕)에 화살(⺌)을 맞다"" -> ""맞다, 맞히다, 들어맞다""라는 뜻의 글자입니다.",음독은 トウ입니다. 특별한 점은 없습니다.,"当たる는 ""맞다, 적중하다""라는 뜻의 자동사입니다. 当てる는 ""맞히다, 명중시키다""라는 뜻의 2그룹 타동사입니다. 예문) 銃弾が標的に当たる 총탄이 표적에 명중하다 予想が当たる 예상이 적중하다 矢を的に当てる 화살을 과녁에 맞히다 クイズの答えを当てる 퀴즈의 답을 맞히다",no
304,N3,約,맺을 약,"""맺을 약"". 약속하다",ヤク,,"約 = 糸 + 勺。 「糸」는 ""실""을 뜻합니다. 勺은 여기서는 ""(실의) 매듭""을 그린 모양자입니다. 約는 ""실(糸)의 매듭(勺)을 묶다"" -> ""맺다, 약속하다""라는 뜻의 글자입니다.",음독은 ヤク입니다. 특별한 점은 없습니다.,約의 정식 훈독은 없습니다.,no
305,N3,法,법 법,"""법 법"". 법률, 법규, 방법",ホウ、ハッ、ホッ,,"法 = 氵 + 去。 「氵」는 ""물""을 뜻합니다. 「去」는 ""지나가다""라는 뜻입니다. 法는 ""물(氵)은위에서 아래로 흘러가는(去)법이다"" -> ""규칙, 법률, 법규""라는 뜻의 글자입니다.",음독은 ホウ、ハッ、ホッ입니다. 그러나 절대다수는 ホウ로 읽습니다. ハッ・ホッ은 일부 예외적인 단어에만 쓰이는 음독입니다.,法의 정식 훈독은 없습니다.,no
306,N3,的,과녁 적,"""과녁 적"". 표적, 과녁, ~적(경향/성질/상태를 나타내는 어미)",テキ,まと,"的 = 白 + 勺。 「白」는 ""흰색""을 뜻합니다. 勺는 여기서는 ""과녁(勹) 중간에 적중한 화살(丶)""을 그린 모양자입니다. 的는 ""흰색(白)으로 표시된 과녁(勹)에 적중한 화살(丶)"" -> ""표적, 과녁""이라는 뜻의 글자입니다. (的가 어쩌다 접미사로 쓰이게 되었는지는 알려진 바가 없습니다.)",음독은 テキ입니다. 특별한 점은 없습니다.,"的는 ""과녁""을 뜻합니다.",no
307,N3,要,요긴할 요,"""요긴할 요"". 중요하다, 요긴하다",ヨウ,かなめ、い(る),"要는 ""여자(女)가 허리에 손을 올린 모습""을 그린 상형문자입니다. ""허리는 중요한 부위"" -> ""중요하다""라는 의미입니다.",음독은 ヨウ입니다. 특별한 점은 없습니다.,"要는 ""핵심, 요점""을 뜻합니다. 要る는 ""필요하다""라는 뜻의 1그룹 자동사입니다.",no
308,N3,治,다스릴 치,"""다스릴 치"". 다스리다, 치료하다",ジ、チ,おさ(める)、おさ(まる)、なお(る)、なお(す),"治 = 氵 + 台。 「氵」는 ""물""을 뜻합니다. 「台」는 ""받침대""를 뜻합니다. 治는 ""쟁반(台)에 올려둔 탕약(氵)""이라는 뜻입니다. ""탕약으로 병을 다스리다"" -> ""다스리다, 치료하다""라는 의미입니다.",음독은 ジ、チ입니다. 특별한 구분법은 없습니다.,"1.治める、治まる 治める는 ""다스리다, 지배하다""라는 뜻의 2그룹 타동사입니다. 治まる는 ""진정되다, 다스려지다""라는 뜻의 자동사입니다. 예문) 国を治める 나라를 다스리다 国内が治まる 국내가 진정되다 2.治す、治る 治す는 ""치료하다""라는 뜻의 타동사입니다. 治る는 ""치료되다, 낫다""라는 뜻의 자동사입니다. 예문) 傷を治す 상처를 치료하다 病気が治る 병이 낫다",no
309,N3,成,이룰 성,"""이룰 성"". 이루다, 성취하다",セイ、ジョウ,な(る)、な(す),"成 = 戊 + 𠃌。 「戊」는 ""창""을 뜻합니다(링크 참조). 𠃌는 여기서는「丁」가 변형된 것으로, ""못""을 뜻합니다. 成는 ""전쟁(戊)의승리에 못(𠃌)을 박다"" -> ""이루다, 성취하다""라는 뜻의 글자입니다.",음독은 セイ、ジョウ입니다. 사용 빈도는 セイ가 훨씬 높습니다.,"成す는 ""이루다, 이룩하다""라는 뜻의 타동사입니다. 成る는 ""이루어지다, 되다, 성취되다""라는 뜻의 자동사입니다.",no
310,N3,期,기약할 기,"""기약할 기"". 시기, 때",キ、ゴ,,"期 = 其 + 月。 (소리부)「其」(キ)는소리부의 역할만 하는 글자입니다(링크 참조). (의미부)「月」는 ""달""을 뜻합니다. 期는 ""달(月)이 뜨고 지는 주기"" -> ""시기, 때""라는 뜻의 글자입니다(其는 소리부).",음독은 キ、ゴ입니다. 그러나 절대다수는 キ로 읽습니다. ゴ는 일부 예외적인 단어에만 쓰이는 음독입니다.,期의 정식 훈독은 없습니다.,no
311,N3,公,공평할 공,"""공평할 공"". 공평한, 공적인",コウ,おおやけ,"公 = ハ + 厶。 ハ는 여기서는 ""정확히 반으로 나눈 모습""을 그린 모양자입니다. 「厶」는 ""사사로운, 개인적인""이라는 뜻입니다. 公는 ""사적인(厶) 치우침 없이 공평하게 나누다(ハ)"" -> ""공적인, 공평한""이라는 뜻의 글자입니다.",음독은 コウ입니다. 특별한 점은 없습니다.,"公는 ""조정, 정부, 공공, 공공연함"" 등을 뜻하는 단어입니다.",no
312,N3,協,화합할 협,"""화합할 협"". 협력하다",キョウ,,"協 = 十 + 力 + 力 + 力。 「十」는 ""10""을 뜻합니다. 「力」는 ""힘""을 뜻합니다. 協는 ""열 명(十)이 힘을 합치다(力力力)"" -> ""협력하다""라는 뜻의 글자입니다.",음독은 キョウ입니다. 특별한 점은 없습니다.,協의 정식 훈독은 없습니다.,no
313,N3,取,가질 취,"""가질 취"". 손에 잡다, 취하다",シュ,と(る),"取 = 耳 + 又。 「耳」는 ""귀""를 뜻합니다. 「又」는 ""손""을 뜻합니다. 먼 옛날 전쟁에서는 죽인 적병의 귀(耳)를 잘라 모아오는(又) 풍습이 있었다고 합니다. 取는 ""귀(耳)를 줍다(又)"" -> ""집어들다, 취하다""라는 뜻의 글자입니다.",음독은 シュ입니다. 특별한 점은 없습니다.,"取る는 ""집다, 취하다""라는 뜻의 타동사입니다.",no
314,N3,和,화할 화,"""화할 화"". 온화, 화목, 조화, 일본",ワ、オ,やわ(らぐ)、やわ(らげる)、なご(む)、なご(やか),"和 = 禾 + 口。 「禾」는 ""곡식""을 뜻합니다. 「口」는 ""입""을 뜻합니다. 和는 ""곡식(禾)을 배불리 먹고(口) 마음이 온화해지다"" -> ""온화, 화목, 조화""라는 뜻의 글자입니다.",음독은 ワ、オ입니다. 그러나 절대다수는 ワ로 읽습니다. オ는和尚(화상) 외에는 거의 쓰지 않는 음독입니다.,"1.和らぐ、和らげる 和らぐ는 ""누그러지다, 완화되다""라는 뜻의 자동사입니다. 和らげる는 ""누그러뜨리다, 완화하다""라는 뜻의 2그룹 타동사입니다. 예문) 寒さが和らぐ 추위가 누그러지다 衝撃を和らげる 충격을 완화하다 2.和む、和やか 和む는 ""(마음이) 온화해지다, 부드러워지다""라는 뜻의 자동사입니다. 和やか는 ""부드러움, 온화함""을 뜻합니다. 예문) 雰囲気が和む 분위기가 부드러워지다 心が和む 마음이 온화해지다 和やかな笑顔부드러운 미소",no
315,N3,機,틀 기,"""틀 기"". 기계, 기회, 베틀",キ,はた,"機 = 木 +幺 +幺 + 戈 + 人。 「木」는 ""나무""를 뜻합니다. 「幺」는 ""짧은 실""을 뜻합니다(링크 참조). 「人」는 ""사람""을 뜻합니다. 戈는 여기서는 ""베틀""을 그린 모양자로 쓰인 것입니다. 機는 ""나무(木)로 만든 베틀(戈)에 앉아실(幺幺)을 짜는 사람(人)""을 그린 글자입니다. ""베를 짜는 기계"" -> ""기계""라는 의미입니다.",음독은 キ입니다. 특별한 점은 없습니다.,"機는 ""베틀""을 뜻합니다.",no
316,N3,平,평평할 평,"""평평할 평"". 평평하다",ヘイ、ビョウ,たい(ら)、ひら,"平는 ""악기 소리가 고르게 퍼져나가는 모습""을 묘사한 상형문자입니다. ""소리가 고르게 퍼지다"" -> ""평평하다""라는 의미입니다.",음독은 ヘイ、ビョウ입니다. 사용 빈도는 ヘイ가 훨씬 높습니다. ビョウ는平等(평등) 외에는 거의 쓰지 않는 음독입니다.,"平ら는 ""평평함""을 뜻합니다.",no
317,N3,加,더할 가,"""더할 가"". 더하다",カ,くわ(える)、くわ(わる),"加 = 力 + 口。 「力」는 ""힘""을 뜻합니다. 「口」는 ""입""을 뜻합니다. 加는 ""강한 무력(力)에 말솜씨(口)까지 더해지다"" -> ""더하다""라는 뜻의 글자입니다.",음독은 カ입니다. 특별한 점은 없습니다.,"加える는 ""더하다, 보태다""라는 뜻의 2그룹 타동사입니다. 加わる는 ""더해지다, 보태지다""라는 뜻의 자동사입니다.",no
318,N3,受,받을 수,"""받을 수"". 받다, 받아들이다",ジュ,う(ける)、う(かる),"受 = ⺤ + 冖 + 又。 「⺤」는 ""손""을 뜻하는 부수입니다(링크 참조). 冖는 여기서는 ""책상""을 그린 모양자입니다. 「又」는 ""손""을 뜻합니다. 受는 ""책상(冖)을 사이에 두고 물건을 주고받다(⺤+又)""-> ""받다""라는 뜻의 글자입니다.",음독은 ジュ입니다. 특별한 점은 없습니다.,"受ける는 ""받다""라는 뜻의 2그룹 타동사입니다. 受かる는 ""(시험 등에) 합격하다""라는 뜻의 자동사입니다. 예문) 影響を受ける 영향을 받다 質問を受ける 질문을 받다 入学試験に受かる 입학시험에 합격하다",no
319,N3,続,계속 속,"""계속 속"". 계속하다, 이어지다",ゾク,つづ(く)、つづ(ける),"続 = 糸 + 売。 「糸」는 ""실""을 뜻합니다. 「売」는 ""팔다""라는 뜻입니다. 続는 ""장사(売)를 계속 이어가다(糸)"" -> ""계속하다, 이어지다""라는 뜻의 글자입니다.",음독은 ゾク입니다. 특별한 점은 없습니다.,"続く는 ""계속되다""라는 뜻의 자동사입니다. 続ける는 ""계속하다""라는 뜻의 2그룹 타동사입니다.",no
320,N3,改,고칠 개,"""고칠 개"". 개선하다, 고치다",カイ,あらた(める)、あらた(まる),"改 = 己 + 攵。 「己」는 ""무릎꿇은 사람""을 뜻합니다. 「攵」는 ""때리다, 치다""라는 뜻입니다. 改는 ""잘못을 저질러 무릎꿇은 아이(己)를 체벌(攵)로 훈육하다"" -> ""개선하다, 고치다""라는 뜻의 글자입니다.",음독은 カイ입니다. 특별한 점은 없습니다.,"改める는 ""고치다, 개선하다""라는 뜻의 2그룹 타동사입니다. 改まる는 ""새로워지다, 개선되다""라는 뜻의 자동사입니다. 예문) 食習慣を改める 식습관을 개선하다 行いを改める 행실을 고치다 規則が改まる 규칙이 변경되다 品行が改まる 품행이 개선되다",no
321,N3,数,셀 수,"""셀 수"". 수, 숫자, 셈하다",スウ、ス,かず、かぞ(える),"数 = 娄 + 攵。 「娄」는 ""쌓다, 겹치다""라는 뜻의 글자입니다(링크 참조). 「攵」는 본래 ""막대기(丿)를 든 손(又)""을 그린 글자입니다(링크 참조). 먼 옛날에는 ""산가지""라는 막대기를 겹쳐서 계산을 했다고 합니다. 数는 ""막대기(攵)를 겹쳐서(娄)셈을 하다"" -> ""셈, 수""라는 뜻의 글자입니다.",음독은 スウ、ス입니다. 그러나 절대다수는 スウ로 읽습니다. ス는 일부 예외적인 단어에만 쓰이는 음독입니다.,"数는 ""수""를 뜻합니다. 数える는 ""세다, 셈하다""라는 뜻의 2그룹 타동사입니다.",no
322,N3,記,기록할 기,"""기록할 기"". 기록, 기억",キ,しる(す),"記 = 言 + 己。 「言」는 ""말하다""라는 뜻입니다. 「己」는 ""무릎꿇은 사람""을 뜻합니다. 記는 ""무릎꿇은 사관(己)이 왕의 말씀(言)을 받아적다"" -> ""기록하다""라는 뜻의 글자입니다.",음독은 キ입니다. 특별한 점은 없습니다.,"記す는 ""적다, 쓰다, 기록하다""라는 뜻의 타동사입니다. 예문) 手帳に記す 수첩에 적다 心に記す 마음에 새기다(명심하다)",no
323,N3,初,처음 초,"""처음 초"". 처음, 시초",ショ,はじ(め)、はじ(めて)、はつ、うい、そ(める),"初 = 衤 + 刀。 「衤」는 ""옷, 옷감""을 뜻합니다. 「刀」는 ""칼""을 뜻합니다. 옷을 만들 때 가장 먼저 해야 하는 일은 옷감을 재단하는 것입니다. 初는 ""옷감(衤)의 재단(刀)"" -> ""처음, 시초""라는 뜻의 글자입니다.",음독은 ショ입니다. 특별한 점은 없습니다.,"1.初め 初め는 ""처음, 최초""를 뜻합니다. 예문) 初めが大切だ 처음이 중요하다 初めから気が進まない 처음부터 마음이 내키지 않는다 2.初めて 初めて는 ""처음으로""라는 뜻의 부사입니다. 예문) 初めての旅行첫 여행 生まれて初めて海外に行く 태어나서 처음으로 해외에 가다 3.初、初 初、初는 둘 다 ""첫, 처음""을 뜻하는 접두어입니다. 예시단어) はつ初耳금시초문/처음 들음,初恋첫사랑,初雪첫눈 うい初産초산(첫 출산),初子첫 아이,初々しい花嫁어리고 풋풋한 새신부 4.初める 初める는 다른 동사의 연용형 뒤에 붙어서, ""처음으로 ~하다""라는 뜻을 전달하는 복합동사입니다. 예문) 赤ちゃんが歩き初める 아기가 걸음마를 시작하다 桜が咲き初める 벚꽃이 피기 시작하다",no
324,N3,指,가리킬 지,"""가리킬 지"". 손가락, 가리키다",シ,ゆび、さ(す),"指 = 扌 + 匕 + 日。 「扌」는 ""손""을 뜻합니다. 匕는 여기서는「刀」가 뒤집힌 것으로, ""칼""을 뜻합니다. 「日」는 ""태양""을 뜻합니다. 指는 ""칼(匕)을 들어(扌)태양(日)을 가리키다"" -> ""가리키다"" -> ""손가락""이라는 뜻의 글자입니다.",음독은 シ입니다. 특별한 점은 없습니다.,"指는 ""손가락""을 뜻합니다. 指す는 ""가리키다, 지목하다""라는 뜻의 타동사입니다.",no
325,N3,第,차례 제,"""차례 제"". 순서를 나타내는 접두사",ダイ,,"第 = 𥫗 + 弟。 (의미부)「𥫗」는 ""대나무""를 뜻합니다. (소리부 겸 의미부)「弟」(ダイ)는 본래""나뭇단을 밧줄로 엮어놓은 모습""을 그린 글자입니다(링크 참조). 第는 ""대나무(𥫗)를 차곡차곡 묶어서(弟) 순서대로 쌓아놓다"" -> ""차례, 순서""라는 뜻의 글자입니다. (弟는 소리부도 겸함)",음독은 ダイ입니다. 특별한 점은 없습니다.,第의 정식 훈독은 없습니다.,no
326,N3,結,맺을 결,"""맺을 결"". 맺다, 묶다, 결실",ケツ,むす(ぶ)、ゆ(う)、ゆ(わえる),"結 = 糸 + 士 + 口。 「糸」는 ""실""을 뜻합니다. 士(""선비 사"")는 ""선비, 무사""를 뜻하는 상용한자입니다. 士는 ""고대에 무사들이 허리에 차고 다니던 무기""를 그린 상형문자입니다. ""무사를 상징하는 무기"" -> ""무사, 선비""라는 의미입니다. 「口」는 ""입""을 뜻합니다. 結는 ""선비(士)는 자신이 말한(口) 일은 반드시 매듭을(糸) 짓는다"" -> ""맺다, 묶다, 결실""이라는 뜻의 글자입니다.",음독은 ケツ입니다. 특별한 점은 없습니다.,"1.結ぶ 結ぶ는 ""연결하다, 매다, 맺다""라는 뜻의 자동사 겸 타동사입니다. 예문) 紐を結ぶ 끈을 묶다 帯を結ぶ 허리띠를 매다 縁を結ぶ 인연을 맺다 契約を結ぶ 계약을 체결하다 2.結わえる 結わえる는 ""(머리, 끈 등을) 묶다""라는 뜻의 2그룹 타동사입니다. 예문) 髪にリボンを結わえる 머리에 리본을 매다 3.結う 結う는 ""(머리를) 땋다""라는 뜻의 타동사입니다. 예문) 髪を結う 머리를 땋다",no
327,N3,点,점 점,"""점 점"". 점",テン,,"点 = 占 + 灬。 (의미부)灬는여기서는 단순히 ""점 네 개""를 그린 모양자로 쓰인 것입니다. (소리부)占는 여기서는「店」(テン)이 축약된 것으로, 소리부의 역할만 하고 있습니다. 点는 ""점 네 개(灬)"" -> ""점""이라는 뜻의 글자입니다(占 -> 店은 소리부).",음독은 テン입니다. 특별한 점은 없습니다.,点의 정식 훈독은 없습니다.,no
328,N3,府,마을 부,"""마을 부"". 관청, 일본의 행정 구역 단위",フ,,"府 = 广 + 亻 + 寸。 「广」는 ""건물""을 뜻합니다. 「亻」는 ""사람""을 뜻합니다. 「寸」는 ""손""을 뜻합니다. 府는 ""관청(广)에서 손(寸)으로 지시를 내리는 관리(亻)"" -> ""관청""이라는 뜻의 글자입니다.",음독은 フ입니다. 특별한 점은 없습니다.,府의 정식 훈독은 없습니다.,no
329,N3,活,살 활,"""살 활"". 활력, 생기, 활동",カツ,,"活 = 氵 + 舌。 「氵」는 ""물""을 뜻합니다. 「舌」는 ""혀""를 뜻합니다. 活는 ""혀(舌)에 물(氵)을 대다"" ->""물을 마시다"" -> ""활력, 생기""라는 뜻의 글자입니다.",음독은 カツ입니다. 특별한 점은 없습니다.,活의 정식 훈독은 없습니다.,no
330,N3,原,근원 원,"""근원 원"". 근원, 들판",ゲン,はら,"原 = 厂 + 白 + 小。 「厂」는 ""기슭, 절벽""을 뜻합니다. 「白」는 ""흰색""을 뜻합니다. 小는 여기서는 ""물이 흘러내리는 모습""을 그린 모양자입니다. 原는 ""깨끗한(白) 물(小)이 흘러내리는 절벽(厂)위의 수원지"" -> ""근원""이라는 뜻의 글자입니다.",음독은 ゲン입니다. 특별한 점은 없습니다.,"原는 ""들, 벌판""을 뜻합니다.",no
331,N3,共,한가지 공,"""한가지 공"". 함께, 같이",キョウ,とも,"共 =龷 + ハ。 龷는 여기서는 ""쟁반""을 그린 모양자입니다. ハ는 여기서는 ""(쟁반을 받쳐든) 두 손""을 그린 모양자입니다. 共는 ""커다란 쟁반(龷)을 두 손(ハ)으로 함께 들다""-> ""함께, 같이""라는 뜻의 글자입니다.",음독은 キョウ입니다. 특별한 점은 없습니다.,"共に는 ""함께, 같이, 동시에""라는 뜻의 부사입니다. 예문) 友人と共に行く 친구와 함께 가다 嬉しいと共に寂しい 기쁜 동시에 쓸쓸하다",no
332,N3,得,얻을 득,"""얻을 득"". 얻다, 획득하다",トク,え(る)、う(る),"得 = 彳 + 旦 + 寸。 「彳」는 ""길""을 뜻합니다. 旦는 여기서는「貝」가 축약된 것으로, ""돈""을 뜻합니다. 「寸」는 ""손""을 뜻합니다. 得는 ""길(彳)에서 돈(貝)을 줍다(寸)"" -> ""얻다, 획득하다""라는 뜻의 글자입니다.",음독은 トク입니다. 특별한 점은 없습니다.,"得る는 ""얻다, 획득하다""라는 뜻의 2그룹 타동사입니다. 得る는得る의 문어적 표현입니다(의미는 같음).",no
333,N3,交,사귈 교,"""사귈 교"". 교차하다, 교제하다, 바뀌다",コウ,まじ(わる)、まじ(える)、ま(じる)、ま(ざる)、ま(ぜる)、か(う)、か(わす),"交는 ""다리를 꼬고 앉은 사람""을 그린 상형문자입니다. ""다리를 교차시키다"" -> ""교차하다, 교제하다""라는 의미입니다.",음독은 コウ입니다. 특별한 점은 없습니다.,"1.交わる、交える 交わる는 ""사귀다, 교차하다""라는 뜻의 자동사입니다. 交える는 ""섞다, 교차시키다""라는 뜻의 2그룹 타동사입니다. 예문) 二線の交わる点두 선의 교차점 友と交わる 친구와 사귀다(어울리다) 枝を交える 나뭇가지를 교차시키다 2.交じる、交ざる、交ぜる 交じる、交ざる는 둘 다 ""섞이다""라는 뜻의 1그룹 자동사입니다. 交ぜる는 ""섞다, 섞어넣다""라는 뜻의 2그룹 타동사입니다. 예문) 思考に雑念が交じる 사고에 잡념이 뒤섞이다 麦の交ざったご飯보리가 섞인 밥 冗談を交ぜて話す 농담을 섞어서 이야기하다 3.交う、交わす 交う는 동사의 연용형 뒤에 붙어서 ""서로 ~하다, 엇갈리다""라는 뜻을 표현하는 복합동사입니다. 交わす는 ""주고받다""라는 뜻의 타동사입니다. 예문) 行き交う人々を眺める 오고가는 사람들을 바라보다 挨拶を交わす 인사를 주고받다 話を交わす 이야기를 주고받다",no
334,N3,予,미리 예,"""미리 예"". 미리, 사전에",ヨ,,"予 = マ + 丁。 マ는 여기서는 ""망치""를 그린 모양자입니다. 「丁」는 ""못""을 뜻합니다. 予는 ""(다른 말이 나오지 않도록) 사전에 미리 못(丁)을 박아놓다(マ)"" -> ""미리, 사전에""라는 뜻의 글자입니다.",음독은 ヨ입니다. 특별한 점은 없습니다.,予의 정식 훈독은 없습니다.,no
335,N3,向,향할 향,"""향할 향"". 향하다",コウ,む(く)、む(ける)、む(かう)、む(こう),"向는 ""창문이 남쪽에 달린 집""을 그린 상형문자입니다. ""창문이 남쪽에 달린 집"" -> ""남향"" -> ""향하다""라는 의미입니다.",음독은 コウ입니다. 특별한 점은 없습니다.,"1.向く、向かう 向く는 ""향하다, (마음이) 내키다, 적합하다""라는 뜻의 자동사 겸 타동사입니다. 向かう는 ""향하다, 향해 가다""라는 뜻의 자동사입니다. 예문) 海に向いた家바다에 면한 집 心は日本に向いている 마음은 (이미) 일본에 가 있다 自分に向いた仕事をする 자신에게 맞는 일을 하다 現場に向かう 현장으로 향하다 決勝点に向かって走る 결승점을 향해 달리다 2.向ける 向ける는 ""향하게 하다""라는 뜻의 2그룹 타동사입니다. 예문) 非難の矛先を山本に向ける 비난의 화살을 야마모토에게 돌리다 3.向こう 向こう는 ""맞은편, 건너편""을 뜻합니다. 예문) 向こうの家맞은편 집 向こうから彼がやって来る 맞은편에서 그가 오고 있다",no
336,N3,勝,이길 승,"""이길 승"". 이기다, 우수하다",ショウ,か(つ)、まさ(る),"勝 = 月 + 龹 + 力。 「月」는 ""고기""를 뜻합니다. 龹는 여기서는「关」가 변형된 것으로, ""웃음""을 뜻합니다. 「力」는 ""힘""을 뜻합니다. 勝는 ""전쟁에서 승리하고(力) 모두 함께 웃으며(关) 만찬(月)을 열다"" -> ""이기다, 우수하다""라는 뜻의 글자입니다.",음독은 ショウ입니다. 특별한 점은 없습니다.,"勝つ는 ""이기다""라는 뜻의 자동사입니다. 勝る는 ""(다른 것과 비교하여) 더 낫다, 뛰어나다, 우수하다""라는 뜻의 자동사입니다.",no
337,N3,面,낯 면,"""낯 면"". 얼굴, 표면",メン,おも、おもて、つら,"面 = 丆 + 口 + 目。 丆는 여기서는 ""머리카락""을 그린 모양자입니다. 口는 여기서는 ""얼굴""을 그린 모양자입니다. 「目」는 ""눈""을 뜻합니다. 面는 ""머리카락(丆) + 얼굴(口) + 눈(目)"" -> ""얼굴, 표면""이라는 뜻의 글자입니다.",음독은 メン입니다. 특별한 점은 없습니다.,"面는 ""얼굴""을 뜻합니다. 面는 ""얼굴, 가면""을 뜻합니다. 面는 ""낯짝, 상판""을 뜻하는 속어입니다.",no
338,N3,委,맡길 위,"""맡길 위"". 맡기다, 위임하다",イ,ゆだ(ねる),"委 = 禾 + 女。 「禾」는 ""곡식""을 뜻합니다. 「女」는 ""여자""를 뜻합니다. 委는 ""수확한 곡식(禾)을 여자들(女)에게 맡기다"" -> ""맡기다, 위임하다""라는 뜻의 글자입니다.",음독은 イ입니다. 특별한 점은 없습니다.,"委ねる는 ""맡기다, 위임하다""라는 뜻의 2그룹 타동사입니다.",no
339,N3,告,고할 고,"""고할 고"". 알리다, 보고하다",コク,つ(げる),"告 = 𠂒 + 口。 「𠂒」는 ""소""를 뜻합니다. 「口」는 ""입""을 뜻합니다. 告는 ""제사에 소(𠂒)를 제물로 바치며 신에게 고하다(口)"" -> ""알리다, 보고하다""라는 뜻의 글자입니다.",음독은 コク입니다. 특별한 점은 없습니다.,"告げる는 ""고하다, 알리다""라는 뜻의 2그룹 타동사입니다. 예문) 暁を告げる鐘の音새벽을 알리는 종소리 別れを告げる 이별을 고하다 新時代の幕開けを告げる 새로운 시대의 개막을 알리다",no
340,N3,軍,군사 군,"""군사 군"". 군대",グン,,"軍 = 冖 + 車。 「車」는 ""수레, 차""를 뜻합니다. 冖는 여기서는 ""수레 위에 실은 짐""을 표현한 모양자입니다. 軍는 ""군량미(冖)를 수송하는 수레(車)"" -> ""군대""라는 뜻의 글자입니다.",음독은 グン입니다. 특별한 점은 없습니다.,軍의 정식 훈독은 없습니다.,no
341,N3,反,돌이킬 반,"""돌이킬 반"". 돌이키다, 뒤집다, 반대, 반사",ハン、ホン、タン,そ(る)、そ(らす),"反 = 厂 + 又。 「厂」는 ""기슭, 절벽""을 뜻합니다. 「又」는 ""손""을 뜻합니다. 反는 ""절벽(厂)을 기어오르는 손(又)"" -> ""거슬러 올라가다"" -> ""돌이키다, 뒤집다, 반대""라는 뜻의 글자입니다.",음독은 ハン、ホン、タン입니다. 그러나 절대다수는 ハン으로 읽습니다. ホン・タン은 일부 예외적인 단어에만 쓰이는 음독입니다.,"反る는 ""(활 모양으로) 휘다, 젖혀지다""라는 뜻의 자동사입니다. 反らす는 ""(반대 방향으로) 휘게 하다, 뒤로 젖히다""라는 뜻의 타동사입니다.",no
342,N3,参,참여할 참,"""참여할 참"". 참여, 참석, 참관",サン,まい(る),"参 = ム + 大 + 彡。 参는 본래 ""하늘의 별자리를 관찰하는 사람""을 그린 상형문자입니다. ム는 ""별자리"", 大는 ""사람"", 彡는 ""별빛""을 각각 표현한 모양자로 쓰인 것입니다. ""별들이 모여 별자리를 이루다"" -> ""모임"" -> ""참여, 참관, 참석""이라는 의미입니다.",음독은 サン입니다. 특별한 점은 없습니다.,"参る는 ""가다, 오다""라는 뜻의 1그룹 자동사로, 「行く・来る」의 겸양어입니다.",no
343,N3,利,이로울 리,"""이로울 리"". 이득, 이롭다, 쓸모있는",リ,き(く),"利 = 禾 + 刂。 「禾」는 ""곡식""을 뜻합니다. 「刂」는 ""칼""을 뜻합니다. 利는 ""벼(禾)를 베고(刂) 수확하다"" -> ""이득, 이롭다""라는 뜻의 글자입니다.",음독은 リ입니다. 특별한 점은 없습니다.,"利く는 ""잘 움직이다, 통하다""라는 뜻의 자동사입니다. 예문) 目が利く 보는 눈이 있다 無理が利く 무리가 통하다 賄賂が利かない 뇌물이 통하지 않다",no
344,N3,組,짤 조,"""짤 조"". 조직, 조직하다",ソ,く(む)、くみ,"組 = 糸 + 且。 (의미부)「糸」는 ""실""을 뜻합니다. (소리부 겸 의미부)「且」(ソ)는 ""비석, 조상""을 뜻하는 글자입니다(링크 참조). 組는 ""제사(且)를 지내기 위한 상복을 짜다(糸)"" -> ""짜다, 조직하다""라는 뜻의 글자입니다. (且는 소리부도 겸함)",음독은 ソ입니다. 특별한 점은 없습니다.,"組む는 ""조직하다, (팔짱 등을) 끼다""라는 뜻의 자동사 겸 타동사입니다. 組는 ""반, 조, 패거리""를 뜻합니다. 예문) 腕を組む 팔짱을 끼다 チームを組む 팀을 짜다 一組1반/1조 組合조합(""협동조합"", ""노동조합"" 등)",no
345,N3,案,책상 안,"""책상 안"". 제안, 계획, 초안, 생각",アン,,"案 = 安 + 木。 (소리부 겸 의미부)「安」(アン)은 본래 ""집 안에 앉아있는 여자""를 그린 글자입니다(링크 참조). (의미부)「木」는 ""나무""를 뜻합니다. 案는 ""나무 책상(木) 앞에 앉아서(安) 생각하다"" -> ""제안, 계획, 생각""이라는 뜻의 글자입니다. (安는 소리부도 겸함)",음독은 アン입니다. 특별한 점은 없습니다.,案의 정식 훈독은 없습니다.,no
346,N3,信,믿을 신,"""믿을 신"". 믿다",シン,,"信 = 亻 + 言。 「亻」는 ""사람""을 뜻합니다. 「言」는 ""말하다""라는 뜻입니다. 信는 ""타인(亻)의 말(言)을 믿다"" -> ""믿다""라는 뜻의 글자입니다.",음독은 シン입니다. 특별한 점은 없습니다.,信의 정식 훈독은 없습니다.,no
347,N3,側,곁 측,"""곁 측"". 옆, 측면",ソク,がわ,"側 = 亻 + 貝 +刂。 「亻」는 ""사람""을 뜻합니다. 「貝」는 ""돈, 재물""을 뜻합니다. 「刂」는 ""칼""을 뜻합니다. 側는 ""돈(貝)과 힘(刂)을 가진 권력자 옆에서 알랑거리는사람(亻)""-> ""옆, 측면""이라는 뜻의 글자입니다.",음독은 ソク입니다. 특별한 점은 없습니다.,"側는 ""쪽, 측""을 뜻합니다.",no
348,N3,求,구할 구,"""구할 구"". 바라다, 구하다",キュウ,もと(める),"求는 ""귀한 털가죽 옷을 껴입은 사람""을 그린 상형문자입니다. ""추위를 이겨낼 비싸고 귀한 털가죽 옷을 구하다"" -> ""바라다, 구하다""라는 의미입니다.",음독은 キュウ입니다. 특별한 점은 없습니다.,"求める는 ""구하다, 바라다, 추구하다, 요청하다""라는 뜻의 2그룹 타동사입니다. 예문) 富を求める 부를 추구하다 平和を求める 평화를 바라다 助けを求める 도움을 청하다",no
349,N3,次,버금 차,"""버금 차"". 다음, 두 번째",ジ、シ,つ(ぐ)、つぎ,"次 = 冫 + 欠。 冫는 여기서는「二」가 변형된 것으로, ""2""를 뜻합니다. 「欠」는 ""입으로 하는 동작""을 뜻합니다. 여기서는 ""하품하다""라는 뜻입니다. 次는 ""피곤하여 하품(欠)하며 다음(二)으로 미루다"" -> ""다음, 두 번째""라는 뜻의 글자입니다.",음독은 ジ、シ입니다. 그러나 절대다수는 ジ로 읽습니다. シ는次第(경과/여하) 외에는 거의 쓰지 않는 음독입니다.,"次ぐ는 ""뒤를 잇다, 버금가다""라는 뜻의 자동사입니다. 次는 ""다음, 버금""을 뜻합니다.",no
350,N3,昨,어제 작,"""어제 작"". 어제",サク,,"昨 = 日 + 乍。 (의미부)「日」는 ""날짜""를 뜻합니다. (소리부)「乍」(サク)는 여기서는 소리부의 역할만 하고 있습니다. 昨는 ""지나간날짜(日)"" -> ""어제""라는 뜻의 글자입니다(乍는 소리부).",음독은 サク입니다. 특별한 점은 없습니다.,昨의 정식 훈독은 없습니다.,no
351,N3,官,벼슬 관,"""벼슬 관"". 관청, 관직, 관리",カン,,"官 =宀 + 㠯。 「宀」는 ""집""을 뜻합니다. 「㠯」는 ""엉덩이""를 뜻합니다. 官는 ""관청(宀)에만 앉아있는 엉덩이(㠯)가 무거운 정부 관료"" -> ""관청, 관직, 관리""라는 뜻의 글자입니다.",음독은 カン입니다. 특별한 점은 없습니다.,官의 정식 훈독은 없습니다.,no
352,N3,係,맬 계,"""맬 계"". 연결되다, 관계, 담당",ケイ,かか(る)、かかり,"係 = 亻 + 一 + 糸。 「亻」는 ""사람""을 뜻합니다. 「一」는 ""하나""를 뜻합니다. 「糸」는 ""실""을 뜻합니다. 係는 ""하나(一)로 연결된(糸) 사람들(亻)"" -> ""연결, 관계""라는 뜻의 글자입니다.",음독은 ケイ입니다. 특별한 점은 없습니다.,"係る는 ""관련되다, 관계되다""라는 뜻의 자동사입니다. 係는 ""담당, 계""를 뜻합니다.",no
353,N3,感,느낄 감,"""느낄 감"". 느낌, 감각, 감정",カン,,"感 = 戌 + 口 + 心。 「戌」는 ""창을 든 손""을 뜻하는 글자입니다(링크 참조). 「口」는 ""입""을 뜻합니다. 「心」는 ""마음""을 뜻합니다. 感는 ""창을 들고(戌) 함성을 지르며(口) 고양되는 감정(心)"" -> ""감정, 감각, 느낌""이라는 뜻의 글자입니다.",음독은 カン입니다. 특별한 점은 없습니다.,感의 정식 훈독은 없습니다.,no
354,N3,投,던질 투,"""던질 투"". 던지다",トウ,な(げる),"投 = 扌 + 殳。 「扌」는 ""손""을 뜻합니다. 「殳」는 ""때리다, 휘두르다""라는 뜻의 부수입니다(링크 참조). 投는 ""손(扌)을 휘둘러(殳) 물건을 던지다"" -> ""던지다""라는 뜻의 글자입니다.",음독은 トウ입니다. 특별한 점은 없습니다.,"投げる는 ""던지다""라는 뜻의 2그룹 타동사입니다.",no
355,N3,変,변할 변,"""변할 변"". 변하다, 변화하다",ヘン,か(わる)、か(える),"変 = 亦 + 夂。 「亦」는 ""팔을 벌리고 걷는 사람""을 그린 글자입니다(링크 참조). 「夂」는 ""발""을 뜻합니다. 変는 ""팔을 벌리고(亦) 걷다(夂)"" -> ""이동하다"" -> ""변하다, 변화하다""라는 뜻의 글자입니다.",음독은 ヘン입니다. 특별한 점은 없습니다.,"変わる는 ""변화하다, 바뀌다""라는 뜻의 자동사입니다. 変える는 ""변화시키다, 바꾸다""라는 뜻의 2그룹 타동사입니다.",no
356,N3,打,칠 타,"""칠 타"". 치다, 두드리다, 때리다",ダ,う(つ),"打 = 扌 + 丁。 「扌」는 ""손""을 뜻합니다. 「丁」는 ""못""을 뜻합니다. 打는 ""손(扌)으로 못(丁)을 내리치다"" -> ""치다, 두드리다, 때리다""라는 뜻의 글자입니다.",음독은 ダ입니다. 특별한 점은 없습니다.,"打つ는 ""치다, 때리다, 두드리다""라는 뜻의 타동사입니다.",no
357,N3,各,각각 각,"""각각 각"". 각자의, 각각",カク,おのおの,"各 = 夂 + 口。 「夂」는 ""발""을 뜻합니다. 口는 여기서는 ""(집의) 출입문""을 그린 모양자입니다. 各는 ""집(口)으로 돌아가는 발걸음(夂)""이라는 뜻입니다. ""각자의 집으로 돌아가다"" -> ""각각, 각자의""라는 의미입니다.",음독은 カク입니다. 특별한 점은 없습니다.,"各는 ""제각각, 각자""라는 뜻의 명사/부사입니다.",no
358,N3,島,섬 도,"""섬 도"". 섬",トウ,しま,"島 = 鳥 + 山。 「鳥」는 ""새""를 뜻합니다. 「山」는 ""산""을 뜻합니다. 島는 ""바다 한가운데의 섬(山)으로 날아가는 새(鳥)"" -> ""섬""이라는 뜻의 글자입니다.",음독은 トウ입니다. 특별한 점은 없습니다.,"島는 ""섬""을 뜻합니다.",no
359,N3,直,곧을 직,"""곧을 직"". 곧은, 직선의, 바로잡다",チョク、ジキ,なお(す)、なお(る)、ただ(ちに),"直 = 十 + 目 + 𠃊。 十는 여기서는 ""눈썹""을 그린 모양자입니다. 「目」는 ""눈""을 뜻합니다. 𠃊는 여기서는 ""휘어진 물건""을 그린 모양자입니다. 直는 ""눈을 찡그리고(十) 자세히 보며(目)휘어진 부분(𠃊)을바로잡다"" -> ""곧다, 직선, 바로잡다""라는 뜻의 글자입니다.",음독은 チョク、ジキ입니다. 특별한 구분법은 없습니다.,"1.直る、直す 直る는 ""고쳐지다, 바로잡히다""라는 뜻의 자동사입니다. 直す는 ""고치다, 바로잡다""라는 뜻의 타동사입니다. 예문) 文章が直る 문장이 바로잡히다 発音を直す 발음을 교정하다 2.直ちに 直ちに는 ""즉시, 즉각""이라는 뜻의 부사입니다. 예문) 直ちに行動に移す 즉각 행동에 옮기다",no
360,N3,両,두 량,"""두 량"". 양쪽, 한 쌍",リョウ,,"両는 ""두 필의 말이 끄는 마차""를 그린 상형문자입니다. ""말 한 쌍이 끄는 마차"" -> ""양쪽, 한 쌍""이라는 의미입니다.",음독은 リョウ입니다. 특별한 점은 없습니다.,両의 정식 훈독은 없습니다.,no
361,N3,式,법 식,"""법 식"". 방식, 형식",シキ,,"式 = 弋 + 工。 「弋」는""공구, 도구""를 뜻합니다. 「工」는 ""공작, 공정, 가공""을 뜻합니다. 式는 ""목공용(工) 공구(弋)의 사용 방식"" -> ""방식, 형식""이라는 뜻의 글자입니다.",음독은 シキ입니다. 특별한 점은 없습니다.,式의 정식 훈독은 없습니다.,no
362,N3,果,실과 과,"""실과 과"". 열매, 결과, 결실",カ,は(てる)、は(たす)、は(て),"果 = 田 + 木。 「木」는 ""나무""를 뜻합니다. 田는 여기서는 ""나무열매""를 그린 모양자입니다. 果는 ""열매(田)를 맺은 나무(木)"" -> ""열매, 결실, 결과""라는 뜻의 글자입니다.",음독은 カ입니다. 특별한 점은 없습니다.,"1.果てる、果たす 果てる는 ""끝나다, 다하다, 죽다""라는 뜻의 2그룹 자동사입니다. 果たす는 ""다하다, 완수하다, 달성하다""라는 뜻의 타동사입니다. 예문) 会議が果てる 회의가 끝나다 目的を果たす 목적을 달성하다 2.果て 果て는 ""끝, 종말""을 뜻합니다. 예문) 果てのない話끝없는 이야기",no
363,N3,必,반드시 필,"""반드시 필"". 반드시",ヒツ,かなら(ず),"必 = 心 + ノ。 「心」는 ""마음""을 뜻합니다. ノ는 여기서는 ""칼로 새긴 자국""을 표현한 모양자입니다. 必는 ""마음속(心) 깊이 새기다(ノ)"" -> ""반드시""라는 뜻의 글자입니다.",음독은 ヒツ입니다. 특별한 점은 없습니다.,"必ず는 ""반드시, 꼭""이라는 뜻의 부사입니다.",no
364,N3,争,다툴 쟁,"""다툴 쟁"". 다투다, 경쟁하다",ソウ,あらそ(う),"争 = ⺈ + ⺕ + 亅。 「⺈」는 ""칼""을 뜻합니다. 「⺕」는 ""손""을 뜻합니다. 亅는 여기서는 ""칼의 손잡이""를 그린 모양자입니다. 争는 ""칼(⺈)을 손(⺕)에 들고(亅) 싸우다""-> ""다투다, 경쟁하다""라는 뜻의 글자입니다.",음독은 ソウ입니다. 특별한 점은 없습니다.,"争う는 ""다투다, 경쟁하다""라는 뜻의 타동사입니다.",no
365,N3,談,말씀 담,"""말씀 담"". 이야기하다, 담화",ダン,,"談 = 言 + 火 + 火。 「言」는 ""말하다""라는 뜻입니다. 「火」는 ""불""을 뜻합니다. 談는 ""열정적으로(火火) 말하다(言)"" -> ""이야기하다, 담화""라는 뜻의 글자입니다.",음독은 ダン입니다. 특별한 점은 없습니다.,談의 정식 훈독은 없습니다.,no
366,N3,無,없을 무,"""없을 무"". 없다, 무",ム、ブ,な(い),"無는 ""기우제를 지내며 춤을 추는 무희""를 그린 상형문자입니다. ""기우제"" -> ""비가 오지 않는다"" -> ""없다""라는 의미입니다.",음독은 ム、ブ입니다. 특별한 구분법은 없습니다.,"無い는 ""없다""라는 뜻의 형용사입니다.",no
367,N3,位,자리 위,"""자리 위"". 위치, 지위, 등급",イ,くらい,"位 = 亻 + 立。 「亻」는 ""사람""을 뜻합니다. 「立」는 ""서다""라는 뜻입니다. 位는 ""사람(亻)이 서 있는(立) 위치"" -> ""위치, 지위""라는 뜻의 글자입니다.",음독은 イ입니다. 특별한 점은 없습니다.,"位는 ""지위, 계급""을 뜻합니다.",no
368,N3,置,둘 치,"""둘 치"". 두다, 놓다, 배치하다",チ,お(く),"置 =罒 + 直。 「罒」는 ""그물""을 뜻합니다. 「直」는 ""직선, 곧다""라는 뜻입니다. 置는 ""사냥용 그물(罒)을 직선으로(直) 설치해 두다"" -> ""놓아두다, 두다, 놓다, 배치하다""라는 뜻의 글자입니다.",음독은 チ입니다. 특별한 점은 없습니다.,"置く는 ""두다, 놓다""라는 뜻의 타동사입니다.",no
369,N3,流,흐를 류,"""흐를 류"". 흐르다, 흐름",リュウ、ル,なが(れる)、なが(す),"流 = 氵 + 亠 + ム + 川。 「氵」는 ""물""을 뜻합니다. 亠+ム는「子」를 거꾸로 뒤집은 것으로, ""거꾸로 뒤집힌 아이""를 뜻합니다. 「川」는 ""강, 하천""을 뜻합니다. 流는 ""아기(亠+ム)가 태어나며 양수(氵)가 흘러나오다(川)"" -> ""흐르다, 흐름""이라는 뜻의 글자입니다.",음독은 リュウ、ル입니다. 사용 빈도는 リュウ가 훨씬 높습니다.,"流れる는 ""흐르다, 흘러가다""라는 뜻의 2그룹 자동사입니다. 流す는 ""흘리다, 흐르게 하다""라는 뜻의 타동사입니다. 예문) 川が流れる 강이 흐르다 汗が流れる 땀이 흐르다 電流が流れる 전류가 흐르다 血を流す 피를 흘리다 涙を流す 눈물을 흘리다 汚水を河川に流す 오수를 하천으로 흘려 보내다",no
370,N3,局,판 국,"""판 국"". 국면, 판세, 부분",キョク,,"局 = 尸 + 𠃌 + 口。 「尸」는 ""앉아있는 사람""을 뜻합니다. 𠃌는 여기서는 ""의자""를 그린 모양자입니다. 口는 여기서는 ""장기판""을 그린 모양자입니다. 局는 ""의자(𠃌)에 앉아(尸) 장기(口)를 두다"" -> ""장기"" -> ""판(대국), 국면, 부분, 판세""라는 뜻의 글자입니다.",음독은 キョク입니다. 특별한 점은 없습니다.,局의 정식 훈독은 없습니다.,no
371,N3,放,놓을 방,"""놓을 방"". 내쫓다, 놓아주다, 방치하다",ホウ,はな(す)、はな(つ)、はな(れる)、ほう(る),"放 = 方 + 攵。 (소리부 겸 의미부)「方」(ホウ)는 ""방향""을 뜻합니다. (의미부)「攵」는 ""때리다, 치다""라는 뜻입니다. 放는 ""마구 때려서(攵) 반대 방향(方)으로 내쫓다"" -> ""내쫓다, 놓아주다, 방치하다""라는 뜻의 글자입니다. (方는 소리부도 겸함)",음독은 ホウ입니다. 특별한 점은 없습니다.,"1.放す、放つ 放す、放つ는 둘 다 ""풀어놓다, 보내다""라는 뜻의 타동사입니다. 차이점은 다음과 같습니다. 아래 예문을 참조해 주세요. 예문) 鳥を放してやる 새를 놓아주다 矢を放つ 화살을 쏘다 2.放れる 放れる는 ""놓이다, 풀려나다""라는 뜻의 2그룹 자동사입니다. 예문) 鎖から放れる 사슬에서 풀려나다 3.放る 放る는 ""내던지다, 집어던지다""라는 뜻의 타동사입니다. 예문) 石を放る 돌을 내던지다 泣いても放っておく 울어도 내버려 두다",no
372,N3,球,공 구,"""공 구"". 공, 구체, 구슬",キュウ,たま,"球 = 𤣩 + 求。 (의미부)「𤣩」는 ""구슬""을 뜻합니다. (소리부)「求」(キュウ)는 여기서는 소리부의 역할만 하고 있습니다. 球는 ""구슬(𤣩)"" -> ""공, 구체""라는 뜻의 글자입니다(求는 소리부).",음독은 キュウ입니다. 특별한 점은 없습니다.,"球는 ""공, 구형의 물체""를 뜻합니다.",no
373,N3,役,부릴 역,"""부릴 역"". 역할, 노역",ヤク、エキ,,"役 = 彳 + 殳。 「彳」는 ""길""을 뜻합니다. 「殳」는""때리다,휘두르다""라는 뜻입니다. 役는 ""징병된 노예들을 채찍질하며(殳)길(彳)을 인솔하다""-> ""노역, 역할, 임무""라는 뜻의 글자입니다.",음독은 ヤク、エキ입니다. 특별한 구분법은 없습니다.,役의 정식 훈독은 없습니다.,no
374,N3,身,몸 신,"""몸 신"". 몸, 육체",シン,み,"身는 ""임신해서 배가 불러온 여자의 옆모습""을 그린 상형문자입니다. ""임신한 여자의 몸"" -> ""몸""이라는 의미입니다.",음독은 シン입니다. 특별한 점은 없습니다.,훈독은 み입니다. 특별한 점은 없습니다.,no
375,N3,費,쓸 비,"""쓸 비"". 쓰다, 소모하다",ヒ,つい(やす)、つい(える),"費 = 弗 + 貝。 弗는 여기서는 ""장작을 밧줄로 묶어놓은 모습""을 그린 모양자입니다. 「貝」는 ""돈, 재물""을 뜻합니다. 費는 ""장작(弗)을 사기 위해 돈(貝)을 쓰다"" -> ""쓰다, 소모하다""라는 뜻의 글자입니다.",음독은 ヒ입니다. 특별한 점은 없습니다.,"費やす는 ""쓰다, 허비하다, 소모하다""라는 뜻의 타동사입니다. 費える는 ""줄다, 허비되다""라는 뜻의 2그룹 자동사입니다.",no
376,N3,付,줄 부,"""줄 부"". 주다, 부치다, 붙이다, 첨부",フ,つ(ける)、つ(く),"付 = 亻 + 寸。 「亻」는 ""사람""을 뜻합니다. 「寸」는 ""손""을 뜻합니다. 付는 ""사람(亻)에게 물건을건네주다(寸)"" -> ""주다, 부치다, 붙이다, 첨부""라는 뜻의 글자입니다.",음독은 フ입니다. 특별한 점은 없습니다.,"付ける는 ""붙이다, 대다""라는 뜻의 2그룹 타동사입니다. 付く는 ""붙다, 달라붙다""라는 뜻의 자동사입니다.",no
377,N3,由,말미암을 유,"""말미암을 유"". 이유, 유래",ユ、ユウ、ユイ,よし,"由는 ""촛불""을 그린 상형문자입니다. ""이유를 밝히다(由)"" -> ""원인, 이유, 유래""라는 의미입니다.",음독은 ユ、ユウ、ユイ입니다. 절대다수는 ユ、ユウ로 읽습니다. ユイ는由緒(유서) 외에는 거의 쓰지 않는 음독입니다.,"由는 ""유래, 연유, 사정, 까닭""을 뜻합니다.",no
378,N3,夫,지아비 부,"""지아비 부"". 남편, 성인 남성",フ、フウ,おっと,"夫 = 大 + 一。 「大」는 본래 ""사람""을 그린 글자입니다(링크 참조). 「一」는 ""1""을 뜻합니다. 夫는 ""가정의 1인자(一)인 사람(大)"" -> ""남편, 성인 남성""이라는 뜻의 글자입니다.",음독은 フ、フウ입니다. 특별한 구분법은 없습니다.,"夫는 ""남편""을 뜻합니다.",no
379,N3,石,돌 석,"""돌 석"". 돌",セキ、シャク、コク,いし,"石는 ""절벽에서 굴러 떨어지는 돌""을 그린 상형문자입니다.",음독은 セキ、シャク、コク입니다. 그러나 절대다수는 セキ로 읽습니다. シャク・コク는 극히 일부의 단어에만 쓰이는 음독입니다.,"石는 ""돌""을 뜻합니다.",no
380,N3,消,사라질 소,"""사라질 소"". 사라지다",ショウ,き(える)、け(す),"消 = 氵 +⺌ + 月。 「氵」는 ""물""을 뜻합니다. 「月」는 ""신체의 일부""를 뜻합니다(링크 참조). ⺌는 여기서는 ""땀이 나는 모습""을 그린 모양자입니다. 消는 ""몸(月)에서 난(⺌) 땀방울(氵)이 말라서사라지다"" -> ""사라지다""라는 뜻의 글자입니다.",음독은 ショウ입니다. 특별한 점은 없습니다.,"消える는 ""사라지다""라는 뜻의 2그룹 자동사입니다. 消す는 ""끄다, 지우다, 제거하다""라는 뜻의 타동사입니다.",no
381,N3,神,귀신 신,"""귀신 신"". 신, 정신",シン、ジン,かみ、かん、こう,"神 = 礻 + 申。 「礻」는 ""종교, 신, 고대의 비석""을 뜻합니다. 「申」는 ""번개""를 뜻합니다. 神는 ""신(礻)이 내리는 번개(申)"" -> ""신""이라는 뜻의 글자입니다.",음독은 シン、ジン입니다. 특별한 점은 없습니다.,"神는 ""신""을 뜻합니다.",no
382,N3,番,차례 번,"""차례 번"". 차례",バン,,"番 = 釆 + 田。 釆는 여기서는「来」가 변형된 것으로, ""동물의 발자국""을 그린 것입니다(링크 참조). 「田」는 ""밭""을 뜻합니다. 番는 ""밭(田)에 찍혀있는 동물의 발자국(釆)""이라는 뜻입니다. ""밭에 차례대로 찍혀있는 발자국"" -> ""차례""라는 의미입니다.",음독은 バン입니다. 특별한 점은 없습니다.,番의 정식 훈독은 없습니다.,no
383,N3,害,해할 해,"""해할 해"". 해치다, 해로운",ガイ,,"害 = 宀 + 龶 + 口。 「宀」는 ""집""을 뜻합니다. 龶는 여기서는 ""날카로운 흉기""를 그린 모양자입니다. 「口」는 ""입""을 뜻합니다. 害는 ""집(宀)에서 말다툼(口)으로 흉기(龶)를 휘두르다"" -> ""해치다, 해로운""이라는 뜻의 글자입니다.",음독은 ガイ입니다. 특별한 점은 없습니다.,害의 정식 훈독은 없습니다.,no
384,N3,配,나눌/짝 배,"""나눌/짝 배"". 부부, 짝짓다, 예속하다, 나누다, 배부하다",ハイ,くば(る),"配 = 酉 + 己。 「酉」는 ""술병, 술""을 뜻하는 부수입니다(링크 참조). 「己」는 ""무릎꿇은 사람""을 뜻합니다. 配는 ""남편의 옆에서 공손히 무릎꿇고(己) 술을(酉) 따르는 아내""라는 뜻입니다. 라는 의미입니다.",음독은 ハイ입니다. 특별한 점은 없습니다.,"配る는 ""나누어 주다, 분배하다, 배포하다""라는 뜻의 타동사입니다.",no
385,N3,副,버금 부,"""버금 부"". 버금, 둘째",フク,,"副 = 畐 + 刂。 (소리부 겸 의미부)「畐」(フク)는 ""가득 찬 항아리""를 그린 글자입니다(링크 참조). (의미부)「刂」는 ""칼""을 뜻합니다. 副는 ""안이 가득 찬 항아리(畐)를 둘로 쪼개다(刂)"" -> ""둘째, 버금""이라는 뜻의 글자입니다. (畐는 소리부도 겸함)",음독은 フク입니다. 특별한 점은 없습니다.,副의 정식 훈독은 없습니다.,no
386,N3,算,셈 산,"""셈 산"". 계산하다",サン,,"算 = 𥫗 + 目 + 廾。 「𥫗」는 ""대나무""를 뜻합니다. 「目」는 ""눈""을 뜻합니다. 廾는 여기서는 ""막대기를 늘어놓은 모습""을 그린 모양자입니다. 먼 옛날에는 ""산가지""라는 막대기를 써서 계산을 했다고 합니다. 算는 ""대나무 막대(𥫗)를 늘어놓고(廾) 그것을 보며(目) 계산하다"" -> ""계산하다""라는 뜻의 글자입니다.",음독은 サン입니다. 특별한 점은 없습니다.,算의 정식 훈독은 없습니다.,no
387,N3,育,기를 육,"""기를 육"". 기르다, 양육하다",イク,そだ(つ)、そだ(てる)、はぐく(む),"育 = 亠 + ム + 月。 亠+ム는「子」를 거꾸로 뒤집은 것으로, ""아이""를 뜻합니다. 「月」는 ""고기""를 뜻합니다. 育는 ""아이(亠+ム)에게 고기(月)를 먹여 키우다"" -> ""기르다, 양육하다""라는 뜻의 글자입니다.",음독은 イク입니다. 특별한 점은 없습니다.,"1.育つ 育つ는 ""자라다, 성장하다""라는 뜻의 자동사입니다. 예문) その子は愛情豊かに育った 그 아이는 애정을 듬뿍 받고 자랐다 2.育てる、育む 育てる는 ""키우다, 기르다, 양육하다""라는 뜻의 2그룹 타동사입니다. 育む는 ""키우다, 기르다, 양육하다""라는 뜻의 타동사입니다. 예문) 母乳で育てた赤ちゃん 모유로 키운 아기 両親の愛に育まれる 부모의 사랑 가운데 자라나다",no
388,N3,席,자리 석,"""자리 석"". 좌석",セキ,,"席 = 广 + 廿 + 巾。 「广」는 ""건물, 집""을 뜻합니다. 廿는 여기서는 ""책상""을 그린 모양자입니다. 「巾」는 ""수건, 천""을 뜻합니다. 席는 ""집(广) 안의 책상(廿) 앞에 깔아둔 방석(巾)"" -> ""좌석""이라는 뜻의 글자입니다.",음독은 セキ입니다. 특별한 점은 없습니다.,席의 정식 훈독은 없습니다.,no
389,N3,残,잔인할/남을 잔,"""잔인할/남을 잔"". 잔혹하다, 남기다",ザン,のこ(る)、のこ(す),"残 = 歹 + 㦮。 「歹」는 ""시체""를 뜻합니다. 「㦮」는 ""피와 살점이 묻은 창(戈)""을 뜻하는 글자입니다(링크 참조). 残는 ""시체(歹)의 피와 살점이 남아있는 창(㦮)"" -> ""남다, 잔혹하다""라는 뜻의 글자입니다.",음독은 ザン입니다. 특별한 점은 없습니다.,"残る는 ""남다""라는 뜻의 자동사입니다. 残す는 ""남기다, 남겨 두다""라는 뜻의 타동사입니다.",no
390,N3,想,생각 상,"""생각 상"". 생각, 상상, 구상",ソウ、ソ,,"想 = 相 + 心。 (소리부 겸 의미부)「相」(ソウ)는 ""서로""라는 뜻입니다. (의미부)「心」는 ""마음""을 뜻합니다. 想는 ""연인이 서로(相)를 생각하는 마음(心)"" -> ""생각하다""라는 뜻의 글자입니다. (相는 소리부(ソウ -> ソウ・ソ)도 겸함)",음독은 ソウ、ソ입니다. 그러나 절대다수는 ソウ로 읽습니다. ソ는愛想(붙임성/정나미) 외에는 거의 쓰지 않는 음독입니다.,想의 정식 훈독은 없습니다.,no
391,N3,線,줄 선,"""줄 선"". 선",セン,,"線 = 糸 + 泉。 (의미부)「糸」는 ""실""을 뜻합니다. (소리부 겸 의미부)泉(セン - ""샘 천"")은 ""샘, 샘물""을 뜻하는 상용한자입니다. 泉 = 白 + 水。 「白」는 ""흰색""을 뜻합니다. 「水」는 ""물""을 뜻합니다. 泉는 ""맑은(白) 물(水)"" -> ""샘, 샘물""이라는 뜻의 글자입니다. 線는 ""가느다란 실(糸)처럼 흐르는 물줄기(泉)"" -> ""선""이라는 뜻의 글자입니다. (泉는 소리부도 겸함)",음독은 セン입니다. 특별한 점은 없습니다.,線의 정식 훈독은 없습니다.,no
392,N3,農,농사 농,"""농사 농"". 농사, 농업",ノウ,,"農  = 曲 + 辰。 曲는 여기서는「田」가 잘못 변형된 것으로, ""밭""을 뜻합니다. 「辰」는 ""쟁기, 농기구""를 뜻하는 부수입니다(링크 참조). 農는 ""밭(曲)에서 쟁기(辰)를 휘두르다"" -> ""농사""라는 뜻의 글자입니다.",음독은 ノウ입니다. 특별한 점은 없습니다.,農의 정식 훈독은 없습니다.,no
393,N3,州,고을 주,"""고을 주"". 주, 지방, 행정 구획",シュウ,す,"州는 ""모래톱이 쌓인 강(川)""을 그린 상형문자입니다. 모래톱이나 삼각주는 물살이 완만한 하천에 쌓입니다. 고대의 인류는 그런 장소들을 중심으로 모여 살았습니다. ""물살이 완만한 하천"" -> ""고을"" -> ""주, 지방, 행정 구획""이라는 의미입니다.",음독은 シュウ입니다. 특별한 점은 없습니다.,훈독은 す입니다. 특별한 점은 없습니다.,no
394,N3,念,생각 념,"""생각 념"". 생각, 사념",ネン,,"念 = 今 + 心。 「今」는 ""지금""을 뜻합니다. 「心」는 ""마음""을 뜻합니다. 念은 ""지금(今) 마음속에(心) 있는 생각"" -> ""생각, 사념""이라는 뜻의 글자입니다.",음독은 ネン입니다. 특별한 점은 없습니다.,念의 정식 훈독은 없습니다.,no
395,N3,象,코끼리 상,"""코끼리 상"". 코끼리, 형상, 심상",ショウ、ゾウ,,"象는 ""코끼리""를 그린 상형문자입니다. ""코끼리의 생김새"" -> ""코끼리, 형상, 심상""이라는 의미입니다.",음독은 ショウ、ゾウ입니다. 구분법은 다음과 같습니다. 아래 예시단어를 참조해 주세요.,象의 정식 훈독은 없습니다.,no
396,N3,助,도울 조,"""도울 조"". 돕다",ジョ,たす(ける)、たす(かる)、すけ,"助 = 且 + 力。 「且」는 ""비석, 조상, 장례""를 뜻합니다. 「力」는 ""힘""을 뜻합니다. 助는 ""장례(且)를 돕다(力)"" -> ""돕다""라는 뜻의 글자입니다.",음독은 ジョ입니다. 특별한 점은 없습니다.,"助ける는 ""돕다, 구조하다""라는 뜻의 2그룹 타동사입니다. 助かる는 ""구조되다, 도움이 되다""라는 뜻의 자동사입니다. 助는 ""도움, 조력""을 뜻합니다.",no
397,N3,労,일할 로,"""일할 로"". 노동",ロウ,,"労 = ⺍ + 冖 + 力。 「⺍＋冖」는 ""불이 환하게 켜진 집""을 뜻합니다. 「力」는 ""힘""을 뜻합니다. 労는 ""밤늦게까지(⺍+冖) 열심히 일하다(力)"" -> ""노동""이라는 뜻의 글자입니다.",음독은 ロウ입니다. 특별한 점은 없습니다.,労의 정식 훈독은 없습니다.,no
398,N3,例,법식 례,"""법식 례"". 관례, 예시",レイ,たと(える),"例 = 亻 + 歹 + 刂。 「亻」는 ""사람""을 뜻합니다. 「歹」는 ""시체""를 뜻합니다. 「刂」는 ""칼""을 뜻합니다. 例는 ""정육점 주인(亻)이 고기(歹)의 뼈를 분리(刂)해서 부위별로 진열해두다"" -> ""예시, 관례""라는 뜻의 글자입니다.",음독은 レイ입니다. 특별한 점은 없습니다.,"例える는 ""예를 들다, 비유하다""라는 뜻의 2그룹 타동사입니다.",no
399,N3,然,그럴 연,"""그럴 연"". 그와 같이, 그대로",ゼン、ネン,,"然 = 月 + 犬 + 灬。 「月」는 ""고기""를 뜻합니다. 「犬」는 ""개""를 뜻합니다. 「灬」는 ""불""을 뜻합니다. 然는 ""개고기(犬+月)를 불(灬)에 구워 먹는 것은 당연하다"" -> ""그와 같이, 그대로""라는 뜻의 글자입니다.",음독은 ゼン、ネン입니다. 사용 빈도는 ゼン이 훨씬 높습니다.,然의 정식 훈독은 없습니다.,no
400,N3,追,쫓을 추,"""쫓을 추"". 쫓다",ツイ,お(う),"追 = ⻌ + 𠂤。 「⻌」는 ""길""을 뜻합니다. 「𠂤」는 ""언덕""을 뜻하는 글자입니다(링크 참조). 追는 ""산(𠂤)을 넘고 길(⻌)을 달려 상대방을 쫓아가다"" -> ""쫓다, 추적하다""라는 뜻의 글자입니다.",음독은 ツイ입니다. 특별한 점은 없습니다.,"追う는 ""쫓다, 추구하다""라는 뜻의 타동사입니다. 예문) 犯人の行方を追う 범인의 행방을 쫓다 目先の利益を追う 눈앞의 이익을 쫓다 理想を追う 이상을 추구하다",no
401,N3,商,장사 상,"""장사 상"". 장사하다",ショウ,あきな(う),"商는 ""선반 위에 항아리를 올려놓은 모습""을 그린 상형문자입니다. 글자 아래쪽의「口」는 ""장사꾼이 소리치는 입(口)""을 표현하기 위해 추가된 것입니다. ""물건을 올려놓고 소리치며 팔다"" -> ""팔다, 장사하다""라는 의미입니다.",음독은 ショウ입니다. 특별한 점은 없습니다.,"商う는 ""장사하다, 매매하다""라는 뜻의 타동사입니다.",no
402,N3,葉,잎 엽,"""잎 엽"". 잎, 나뭇잎",ヨウ,は,"葉 = 艹 + 世 + 木。 「艹」는 ""풀""을 뜻합니다. 「世」는 본래 ""나뭇가지에 돋아난 새싹들""을 그린 글자입니다(링크 참조). 「木」는 ""나무""를 뜻합니다. 葉는 ""나무(木)의 가지(世)에 돋아난 나뭇잎(艹)"" -> ""잎""이라는 뜻의 글자입니다.",음독은 ヨウ입니다. 특별한 점은 없습니다.,훈독은 は입니다. 특별한 점은 없습니다.,no
403,N3,伝,전할 전,"""전할 전"". 전하다, 알리다, 전설",デン,つた(わる)、つた(える)、つた(う),"伝 = 亻 + 云。 「亻」는 ""사람""을 뜻합니다. 「云」는 ""구름""을 뜻합니다. 伝는 ""사람들(亻) 사이를 건너서(云) 전해지다"" -> ""전하다, 알리다""라는 뜻의 글자입니다.",음독은 デン입니다. 특별한 점은 없습니다.,"1.伝わる、伝える 伝わる는 ""전해지다, 전달되다""라는 뜻의 자동사입니다. 伝える는 ""전하다""라는 뜻의 2그룹 타동사입니다. 예문) 大陸から漢字が伝わる 대륙으로부터 한자가 전파되다 真実を伝える 진실을 전하다(알리다) 仏法を伝える 불법을 전파하다 2.伝う 伝う는 ""(무언가를 매개로) 따라 이동하다, 타고 움직이다""라는 뜻의 자동사입니다. 예문) 手すりを伝って階段を上る 난간을 따라 계단을 오르다 涙が頬を伝う 눈물이 볼을 타고 흐르다",no
404,N3,形,모양 형,"""모양 형"". 모양, 형태",ケイ、ギョウ,かた、かたち,"形 = 开 + 彡。 开는 여기서는 ""평평한 나무책상""을 그린 모양자입니다. 彡는 여기서는「三」이 기울어진 것으로, ""3""을 뜻합니다. 形는 ""똑같은 책상(开) 세 개(彡)"" -> ""비슷한 모양"" -> ""모양, 형태""라는 뜻의 글자입니다.",음독은 ケイ、ギョウ입니다. 특별한 구분법은 없습니다.,훈독은 かた、かたち입니다. 특별한 점은 없습니다.,no
405,N3,景,볕 경,"""볕 경"". 경치",ケイ,,"景 = 日 + 京。 「日」는 ""해""를 뜻합니다. 「京」는 ""서울, 수도""를 뜻합니다. 景는 ""찬란한 햇빛(日) 아래 비치는 수도(京)의 경치"" -> ""경치""라는 뜻의 글자입니다.",음독은 ケイ입니다. 특별한 점은 없습니다.,景의 정식 훈독은 없습니다.,no
406,N3,落,떨어질 락,"""떨어질 락"". 떨어지다",ラク,お(ちる)、お(とす),"落 = 艹 + 氵 + 各。 「艹」는 ""풀""을 뜻합니다. 「氵」는 ""물""을 뜻합니다. 「各」는 ""각각, 각자""라는 뜻입니다. 落는 ""바람에 흩어져(各) 연못(氵)에 떨어지는 낙엽(艹)"" -> ""떨어지다""라는 뜻의 글자입니다.",음독은 ラク입니다. 특별한 점은 없습니다.,"落ちる는 ""떨어지다""라는 뜻의 2그룹 자동사입니다. 落とす는 ""떨어뜨리다""라는 뜻의 타동사입니다.",no
407,N3,賞,상줄 상,"""상줄 상"". 상",ショウ,,"賞 =龸 + 口+ 貝。 「龸」는 ""궁궐""을 뜻합니다. 「口」는 ""입""을 뜻합니다. 「貝」는 ""돈, 재물""을 뜻합니다. 賞는 ""궁궐(龸)에서 공을 치하하며(口) 상(貝)을 내리다"" -> ""상""이라는 뜻의 글자입니다.",음독은 ショウ입니다. 특별한 점은 없습니다.,ショウ의 정식 훈독은 없습니다.,no
408,N3,辺,가 변,"""가 변"". 가장자리, 부근, 근처",ヘン,あた(り)、べ,"辺 = ⻌ + 刀。 「⻌」는 ""길""을 뜻합니다. 「刀」는 ""칼""을 뜻합니다. 여기서는 ""칼날"" -> ""가장자리""라는 뜻으로 쓰인 것입니다. 辺는 ""길(⻌)의 가장자리(刀)"" -> ""가장자리, 변두리, 근처""라는 뜻의 글자입니다.",음독은 ヘン입니다. 특별한 점은 없습니다.,"辺り는 ""근처, 주변, 부근""을 뜻합니다. 예문) 辺りを見回す 주위를 둘러보다 辺りの人주위 사람 海辺해변/바닷가",no
409,N3,負,질 부,"""질 부"". 패배하다, 부담하다",フ,ま(ける)、ま(かす)、お(う),"負 = ⺈ + 貝。 「⺈」는 ""칼""을 뜻합니다. 「貝」는 ""돈, 재물""을 뜻합니다. 負는 ""전쟁(⺈)에서 지고 재물(貝)을 빼앗기다"" -> ""지다, 패배하다, 부담하다""라는 뜻의 글자입니다.",음독은 フ입니다. 특별한 점은 없습니다.,"1.負ける、負かす 負ける는 ""지다, 패배하다""라는 뜻의 2그룹 자동사입니다. 負かす는 ""이기다(상대를 지게 하다)""라는 뜻의 타동사입니다. 예문) 彼は誰にも負けない 그는 누구에게도 지지 않는다 相手を負かす 상대를 꺾고 이기다 2.負う 負う는 ""(책임을)지다, 부담하다""라는 뜻의 타동사입니다. 예문) 妻子を養う義務を負う 처자식을 부양할 의무를 지다",no
410,N3,失,잃을 실,"""잃을 실"". 잃다",シツ,うしな(う),"失 = 丶 + 夫。 「夫」는 ""남편, 성인 남성""을 뜻합니다. 丶는 여기서는 ""화살""을 표현한 모양자입니다. 失는 ""전쟁에 나간 남편(夫)이 화살(丶)에 맞아 눈 한쪽을 잃다"" -> ""잃다""라는 뜻의 글자입니다.",음독은 シツ입니다. 특별한 점은 없습니다.,"失う는 ""잃다, 잃어버리다""라는 뜻의 자동사입니다.",no
411,N3,差,다를 차,"""다를 차"". 차이",サ,さ(す),"差 = 𦍌 + 左。 (의미부)「𦍌」는 ""양""을 뜻합니다. (소리부 겸 의미부)「左」(サ)는 ""왼쪽""을 뜻합니다. 差는 ""무리에서 떨어져 혼자 왼쪽(左)으로 가는 양(𦍌)"" -> ""차이, 다르다""라는 뜻의 글자입니다. (左는 소리부도 겸함)",음독은 サ입니다. 특별한 점은 없습니다.,"差す는 ""(우산 등을) 쓰다, (빛이) 비치다""라는 뜻의 자동사 겸 타동사입니다. 예문) 傘を差す 우산을 쓰다 西日が差す 석양이 비치다",no
412,N3,課,과정/공부할 과,"""과정/공부할 과"". 과정, 부서, 할당하다",カ,,"課 = 言 + 果。 (의미부)「言」는 ""말""을 뜻합니다. (소리부 겸 의미부)「果」(カ)는 ""결과, 결실, 끝나다""라는 뜻입니다. 課는 ""글공부(言)가 끝나기(果)까지의 과정"" -> ""과정, 할당하다""라는 뜻의 글자입니다. (果는 소리부도 겸함)",음독은 カ입니다. 특별한 점은 없습니다.,課의 정식 훈독은 없습니다.,no
413,N3,末,끝 말,"""끝 말"". 끝, 끝부분",マツ、バツ,すえ,"末 = 木 + 一。 「木」는 ""나무""를 뜻합니다. 一는 여기서는 ""나무 꼭대기""를 표시한 모양자입니다. 末는 ""나무(木)의 꼭대기(一)"" -> ""끝, 끝부분""이라는 뜻의 글자입니다.",음독은 マツ、バツ입니다. 그러나 절대다수는 マツ로 읽습니다. バツ는 일부 예외적인 단어에만 쓰이는 음독입니다.,"末는 ""끝, 마지막""을 뜻합니다.",no
414,N3,守,지킬 수,"""지킬 수"". 지키다",シュ、ス,まも(る)、もり,"守 = 宀 + 寸。 「宀」는 ""집""을 뜻합니다. 「寸」는 ""손""을 뜻합니다. 守는 ""집(宀)을 지키다(寸)"" -> ""지키다""라는 뜻의 글자입니다.",음독은 シュ、ス입니다. 그러나 절대다수는 シュ로 읽습니다. ス는留守(부재중) 외에는 거의 쓰지 않는 음독입니다.,"守る는 ""지키다""라는 뜻의 타동사입니다.",no
415,N3,極,다할 극,"""다할 극"". 극한, 극도, 한계",キョク、ゴク,きわ(める)、きわ(まる)、きわ(み),"極 = 木 + 了 + 一 + 口 + 又。 「木」는 ""나무""를 뜻합니다. 「口」는 ""입""을 뜻합니다. 「又」는 ""손""을 뜻합니다. 了+一는 여기서는 ""머리가 하늘에까지 닿는 거대한 거인""을 그린 모양자입니다. 極는 ""나무기둥(木)으로 하늘을 떠받치며(又) 세상을 호령하는(口) 거인(了+一)"" -> ""극한, 극도, 한계""라는 뜻의 글자입니다.",음독은 キョク、ゴク입니다. 특별한 구분법은 없습니다.,"極める는 ""극한에 이르다, 극도로 ~하다""라는 뜻의 2그룹 타동사입니다. 極まる는 ""극한에 달하다, 한도에 이르다, 최상이다""라는 뜻의 자동사입니다. 極み는 ""극도, 극점, 끝, 한계""를 뜻합니다.",no
416,N3,種,씨 종,"""씨 종"". 씨, 종자, 종류",シュ,たね,"種 = 禾 + 重。 「禾」는 ""곡식""을 뜻합니다. 「重」는 ""무겁다, 중요하다""라는 뜻입니다. 농사를 짓기 위해서는 곡식의 씨앗이 반드시 필요합니다. 種는 ""중요한(重) 곡식(禾)의 씨앗"" -> ""씨앗"" -> ""종자, 종류""라는 뜻의 글자입니다.",음독은 シュ입니다. 특별한 점은 없습니다.,"種는 ""종자, 씨앗""을 뜻합니다.",no
417,N3,美,아름다울 미,"""아름다울 미"". 아름답다, 미",ビ,うつく(しい),"美 = 𦍌 + 大。 「𦍌」는 ""양""을 뜻합니다. 「大」는 본래 ""사람""을 그린 글자입니다(링크 참조). 美는 ""양(𦍌) 처럼 곱고 아름다운 사람(大)"" -> ""아름답다""라는 뜻의 글자입니다.",음독은 ビ입니다. 특별한 점은 없습니다.,"美しい는 ""아름답다""라는 뜻의 형용사입니다.",no
418,N3,命,목숨 명,"""목숨 명"". 목숨, 명령",メイ、ミョウ,いのち,"命 = 亼 + 口 + 卩。 亼는 여기서는 ""재판이 열리는 법정""을 그린 모양자입니다. 「口」는 ""입""을 뜻합니다. 「卩」는 ""무릎꿇은 사람""을 뜻합니다. 命는 ""법정(亼)에서 무릎꿇은 죄인(卩)에게 사형 판결(口)을 내리다"" -> ""목숨, 명령""이라는 뜻의 글자입니다.",음독은 メイ、ミョウ입니다. 사용 빈도는 メイ가 훨씬 높습니다.,"命는 ""목숨""을 뜻합니다.",no
419,N3,福,복 복,"""복 복"". 행운, 축복",フク,,"福 = 礻 + 畐。 (의미부)「礻」는 ""종교, 신, 고대의 비석""을 뜻합니다. (소리부 겸 의미부)「畐」(フク)는 ""가득 찬 항아리""를 그린 글자입니다. 福는 ""앞날에 행운이 가득하길(畐)신에게 기원하다(礻)""-> ""행운, 축복""이라는 뜻의 글자입니다. (畐는 소리부도 겸함)",음독은 フク입니다. 특별한 점은 없습니다.,福의 정식 훈독은 없습니다.,no
420,N3,量,헤아릴 량,"""헤아릴 량"". 양, 무게를 재다",リョウ,はか(る),"量 = 旦 + 里。 旦는 여기서는 ""봇짐""을 그린 모양자입니다. 里는 여기서는 ""저울""을 그린 모양자입니다. 量는 ""봇짐(旦)의 무게를 재다(里)"" -> ""분량, 무게를 재다""라는 뜻의 글자입니다.",음독은 リョウ입니다. 특별한 점은 없습니다.,"量る는 ""(무게, 부피 등을) 재다""라는 뜻의 타동사입니다.",no
421,N3,望,바랄 망,"""바랄 망"". 바라다",ボウ、モウ,のぞ(む),"望 = 亡 + 月 + 王。 (소리부 겸 의미부)亡(ボウ・モウ - ""망할 망"")은 ""망하다""라는 뜻의 상용한자입니다. 亡는 ""부러진 칼날""을 그린 상형문자입니다. ""부러진 칼날"" -> ""망하다""라는 의미입니다. (의미부)「月」는 ""달""을 뜻합니다. (의미부)王(""임금 왕"")은 ""왕""을 뜻하는 상용한자입니다. 王는 ""권위를 상징하는 거대한 도끼""를 그린 상형문자입니다. ""권위의 상징"" -> ""우두머리"" -> ""왕""이라는 의미입니다. 望는 ""망국(亡)의 임금(王)이 달(月)을 바라보며 나라의 부흥을 기원하다"" -> ""바라다""라는 뜻의 글자입니다. (亡는 소리부도 겸함)",음독은 ボウ、モウ입니다. 특별한 구분법은 없습니다.,"望む는 ""바라다, 소망하다""라는 뜻의 타동사입니다.",no
422,N3,観,볼 관,"""볼 관"". 관찰하다, 보다",カン,,"観 = 𮥶 + 見。 (소리부 겸 의미부)「𮥶」(カン)은 ""새장 안의 새""를 뜻하는 글자입니다(링크 참조). (의미부)「見」는 ""보다""라는 뜻입니다. 観는 ""새장 안의 새(𮥶)를 바라보다(見)"" -> ""관찰하다, 보다""라는 뜻의 글자입니다. (𮥶는 소리부도 겸함)",음독은 カン입니다. 특별한 점은 없습니다.,観의 정식 훈독은 없습니다.,no
423,N3,察,살필 찰,"""살필 찰"". 살피다, 고찰",サツ,,"察 = 宀 + 月 + 又 + 示。 「宀」는 ""집""을 뜻합니다. 「月」는 ""고기""를 뜻합니다. 「又」는 ""손""을 뜻합니다. 「示」는 ""신, 종교, 고대의 비석""을 뜻합니다. 察는 ""집(宀)에서 제사상(示) 위에 고기(月)를 올리고(又) 점을 치다""라는 뜻입니다. ""점을 쳐서 미래를 살피다"" -> ""살피다, 고찰하다""라는 의미입니다.",음독은 サツ입니다. 특별한 점은 없습니다.,察의 정식 훈독은 없습니다.,no
424,N3,整,가지런할 정,"""가지런할 정"". 정리하다, 정비하다",セイ,ととの(える)、ととの(う),"整 = 束 + 攵 + 正。 (의미부)束(""묶을 속"")은 ""묶다""라는 뜻의 상용한자입니다. 束는 ""나뭇단을 묶어놓은 모습""을 그린 상형문자입니다. (의미부)「攵」는 ""때리다, 치다""라는 뜻입니다. 여기서는 ""(때려서) ~하도록 시키다""라는 뜻으로 쓰인 것입니다. (소리부 겸 의미부)「正」(セイ)는 ""바르다""라는 뜻입니다. 整는 ""바르게(正) 묶도록(束) 시키다(攵)"" -> ""정리하다""라는 뜻의 글자입니다. (正는 소리부도 겸함)",음독은 セイ입니다. 특별한 점은 없습니다.,"整える는 ""정돈하다""라는 뜻의 2그룹 타동사입니다. 整う는 ""정돈되다""라는 뜻의 자동사입니다.",no
425,N3,横,가로 횡,"""가로 횡"". 가로, 수평, 방자하다",オウ,よこ,"横 = 木 + 黄。 (의미부)「木」는 ""나무""를 뜻합니다. (소리부 겸 의미부)黄(オウ - ""누를 황"")은 ""노란색, 황제""를 뜻하는 상용한자입니다. 黄는 ""황금으로 만든 장신구를 허리에 두른 황제""를 그린 상형문자입니다. ""황금을 두른 황제"" -> ""노란색, 황제""라는 의미입니다. 横는 ""황제(黄)가 궁궐 대문에 나무 빗장(木)을 치다""라는 뜻입니다. 라는 의미입니다. (黄는 소리부도 겸함)",음독은 オウ입니다. 특별한 점은 없습니다.,"横는 ""옆, 가로""를 뜻합니다.",no
426,N3,型,모형 형,"""모형 형"". 모형, 본, 모범",ケイ,かた,"型 =开 + 刂+ 土。 开는 여기서는 ""목에 칼을 찬 사형수""를 그린 모양자입니다. 「刂」는 ""칼""을 뜻합니다. 「土」는 ""흙, 땅""을 뜻합니다. 型는 ""처형장(土)에서 죄수(开)를 처형하다(刂)""라는 뜻입니다. ""범죄자를 처형해서 본보기를 보이다"" -> ""모형, 본, 모범""이라는 의미입니다.",음독은 ケイ입니다. 특별한 점은 없습니다.,"型는 ""형, 본, 거푸집""을 뜻합니다.",no
427,N3,深,깊을 심,"""깊을 심"". 깊다",シン,ふか(い)、ふか(まる)、ふか(める),"深 = 氵 + 㓁 + 木。 「氵」는 ""물""을 뜻합니다. 㓁는「穴」가 축약된 것으로, ""구멍""을 뜻합니다. 「木」는 ""나무""를 뜻합니다. 深는 ""물(氵)이 솟아나오는 구멍(㓁)에 나무막대(木)를 집어넣어 깊이를 재다"" -> ""깊다""라는 뜻의 글자입니다.",음독은 シン입니다. 특별한 점은 없습니다.,"深い는 ""깊다""라는 뜻의 형용사입니다. 深まる는 ""깊어지다""라는 뜻의 자동사입니다. 深める는 ""깊게 하다""라는 뜻의 2그룹 타동사입니다.",no
428,N3,申,납 신,"""납 신"". 진술하다, 말씀드리다",シン,もう(す),"「申」는 ""밭(田)에 번개(丨)가 내리치다""라는 뜻의 글자입니다(링크 참조). ""번개가 치다"" -> ""명령이 내리다"" -> ""말씀드리다, 진술하다""라는 의미입니다.",음독은 シン입니다. 특별한 점은 없습니다.,"申す는 ""言う""의 겸양어입니다.",no
429,N3,様,모양 양,"""모양 양"". 모양, 모습, 형태, 양식, ~님(존댓말)",ヨウ,さま,"様 = 木 + 𦍌 +氺。 「木」는 ""나무""를 뜻합니다. 「𦍌」는 ""양""을 뜻합니다. 氺는「水」가 살짝 변형된 것으로, ""물""을 뜻합니다. 様는 ""나무(木) 옆에서 물(水)을 마시는 양들(𦍌)의 모습"" -> ""모양, 모습, 형태""라는 뜻의 글자입니다.",음독은 ヨウ입니다. 특별한 점은 없습니다.,"様는 ""모양, 상태, 모습, ~님""을 뜻합니다.",no
430,N3,港,항구 항,"""항구 항"". 항구",コウ,みなと,"港 = 氵 + 共 + 己。 「氵」는 ""물""을 뜻합니다. 「共」는 ""함께, 같이""라는 뜻입니다. 「己」는 ""몸을 웅크린 사람""을 뜻합니다. 여기서는 그냥 ""사람""이라는 뜻으로 쓰인 것입니다. 港는 ""바닷가(氵)에서 사람들(己)이 함께(共) 모여사는 곳"" -> ""항구""라는 뜻의 글자입니다.",음독은 コウ입니다. 특별한 점은 없습니다.,"港는 ""항구""를 뜻합니다.",no
431,N3,達,통달할 달,"""통달할 달"". 통달하다, 달성하다, 도달하다",タツ,,"達 = ⻌ + 土 + 羊。 「⻌」는 ""길""을 뜻합니다. 「羊」는 ""양""을 뜻합니다. 土는 여기서는「大」가 변형된 것으로, ""사람""을 그린 모양자입니다. 達는 ""양떼(羊)를 몰고 길(⻌)을 가는 양치기(土)""라는 뜻입니다. ""양떼를 능숙하게 통솔하는 양치기"" -> ""통달하다, 달성하다, 도달하다""라는 의미입니다.",음독은 タツ입니다. 특별한 점은 없습니다.,達의 정식 훈독은 없습니다.,no
432,N3,良,어질 량,"""어질 량"". 좋다",リョウ,よ(い),"良 = 丶 + 艮。 「艮」는 ""천민""을 뜻합니다. 丶는 여기서는 艮와의 구분을 위해 추가된 장식입니다. 良는 ""천민(艮)과는 다르다(丶)"" -> ""좋다""라는 뜻의 글자입니다.",음독은 リョウ입니다. 특별한 점은 없습니다.,"良い는 ""좋다""라는 뜻의 형용사입니다.",no
433,N3,谷,골 곡,"""골 곡"". 계곡, 골짜기",コク,たに,"谷는 ""물이 흐르는 계곡""을 그린 상형문자입니다.",음독은 コク입니다. 특별한 점은 없습니다.,"谷는 ""골짜기""를 뜻합니다.",no
434,N3,候,기후 후,"""기후 후"". 기다리다, 기후, 징후",コウ,そうろう,"候 = 亻 + 丨 + ユ + 矢。 「亻」는 ""사람""을 뜻합니다. 丨+ユ는 여기서는""활시위(丨)와 활(ユ)""을 그린 모양자입니다. 「矢」는 ""화살""을 뜻합니다. 候는 ""화살(矢)을 당긴 채(丨+ユ) 조준하고 있는 사람(亻)""을 그린 글자입니다. ""화살을 조준한 채 대기하다"" -> ""기다리다"" -> ""징후"" -> ""기후""라는 의미입니다.",음독은 コウ입니다. 특별한 점은 없습니다.,"候는 ""~입니다""라는 뜻으로 쓰이는 문어체입니다. 일상생활에서는 거의 볼 일 없는 표현입니다.",no
435,N3,史,역사 사,"""역사 사"". 역사",シ,,"史는 ""제사 도구를 든 손""을 그린 상형문자입니다. ""제사장"" -> ""사관"" -> ""역사""라는 의미입니다. 참고) 「吏」와 유래는 같으나 다른 글자입니다.",음독은 シ입니다. 특별한 점은 없습니다.,史의 정식 훈독은 없습니다.,no
436,N3,階,섬돌 계,"""섬돌 계"". 계단, 층, 등급",カイ,,"階 = ⻖ + 皆。 (의미부)「⻖」는 ""언덕, 산""을 뜻합니다. (소리부)皆(カイ - ""다 개"")는 ""모두, 다""라는 뜻의 상용한자입니다. 다만 여기서는 소리부의 역할만 하고 있습니다. 皆 = 比 + 白。 比는 ""나란히 서 있는 사람들""을 그린 상형문자입니다. 白는 여기서는「曰」가 잘못 변형되어 굳어진 것으로, ""말하다""라는 뜻입니다(링크 참조). 皆는 ""여러 사람(比)이 함께 말하다(曰)"" -> ""모두, 다""라는 뜻의 글자입니다. 階는 ""계단 지형의 언덕(⻖)"" -> ""계단, 등급""이라는 뜻의 글자입니다(皆는 소리부).",음독은 カイ입니다. 특별한 점은 없습니다.,階의 정식 훈독은 없습니다.,no
437,N3,満,찰 만,"""찰 만"". 가득하다",マン,み(ちる)、み(たす),"満 = 氵 + 艹 + 両。 「氵」는 ""물""을 뜻합니다. 「艹」는 ""풀""을 뜻합니다. 「両」는 ""양쪽""을 뜻합니다. 満는 ""사방팔방(両)에 산천초목(氵+艹 )이 가득하다"" -> ""가득하다""라는 뜻의 글자입니다.",음독은 マン입니다. 특별한 점은 없습니다.,"満たす는 ""채우다""라는 뜻의 타동사입니다. 満ちる는 ""차다""라는 뜻의 2그룹 자동사입니다. 예문) 好奇心を満たす 호기심을 충족시키다 欲望を満たす 욕망을 채우다 自信に満ちた少年자신감에 찬 소년 活力が満ちている 활력이 넘치다",no
438,N3,敗,패할 패,"""패할 패"". 패하다",ハイ,やぶ(れる),"敗 = 貝 + 攵。 「貝」는 ""재물, 돈""을 뜻합니다. 「攵」는 ""때리다, 치다""라는 뜻입니다. 敗는 ""침략군이 재물(貝)을 때려부수다(攵)"" -> ""패배하다""라는 뜻의 글자입니다.",음독은 ハイ입니다. 특별한 점은 없습니다.,"敗れる는 ""지다, 패배하다""라는 뜻의 2그룹 자동사입니다.",no
439,N3,管,대롱 관,"""대롱 관"". 대롱/관, 관리하다, 관할하다",カン,くだ,"管 = 𥫗 + 官。 (의미부)「𥫗」는 ""대나무""를 뜻합니다. (소리부 겸 의미부)「官」(カン)은 ""관청, 관직""을 뜻합니다. 管는, 라는 뜻의 글자입니다. (官는 소리부도 겸함)",음독은 カン입니다. 특별한 점은 없습니다.,"管는 ""대롱, 관""을 뜻합니다.",no
440,N3,兵,병사 병,"""병사 병"". 병사",ヘイ、ヒョウ,,"兵 = 斤 + 一 + ハ。 「斤」는 ""도끼""를 뜻합니다. 一+ハ는 여기서는 ""도끼를 두 손으로 치켜든 모습""을 그린 모양자입니다. 兵는 ""도끼(斤)를 하늘 높이 치켜든(一+ハ) 병사"" -> ""병사""라는 뜻의 글자입니다.",음독은 ヘイ、ヒョウ입니다. 사용 빈도는 ヘイ가 훨씬 높습니다.,兵의 정식 훈독은 없습니다.,no
441,N3,器,그릇 기,"""그릇 기"". 그릇, 도구, 생명체의 기관",キ,うつわ,"器 = 口 + 口 + 大 + 口 + 口。 口는 여기서는 ""그릇""을 그린 모양자입니다. 大는 여기서는 ""(그릇이 놓인) 선반""을 그린 모양자입니다. 器는 ""선반(大)에 가지런히 정렬된 그릇들(口)"" -> ""그릇, 도구""라는 뜻의 글자입니다.",음독은 キ입니다. 특별한 점은 없습니다.,"器는 ""그릇""을 뜻합니다.",no
442,N3,路,길 로,"""길 로"". 길, 경로",ロ,じ,"路 = 足 + 各。 「足」는 ""발""을 뜻합니다. 「各」는 ""각각, 각자""라는 뜻입니다. 路는 ""저마다 각자(各)의 길을 걸어가다(足)"" -> ""길, 경로""라는 뜻의 글자입니다.",음독은 ロ입니다. 특별한 점은 없습니다.,훈독은 じ입니다. 특별한 점은 없습니다.,no
443,N3,科,과목 과,"""과목 과"". 과목, 종류",カ,,"科 = 禾 + 斗。 「禾」는 ""곡식""을 뜻합니다. 「斗」는 ""국자""를 뜻합니다. 科는 ""국자(斗)로 곡식(禾)을 퍼담아 종류별로 분류하다"" -> ""과목, 종류""라는 뜻의 글자입니다.",음독은 カ입니다. 특별한 점은 없습니다.,科의 정식 훈독은 없습니다.,no
444,N3,細,가늘 세,"""가늘 세"". 가늘다, 세밀한, 자세한",サイ,ほそ(い)、ほそ(る)、こま(か)、こま(かい),"細 = 糸 + 田。 「糸」는 ""실""을 뜻합니다. 田는 여기서는 ""실을 촘촘하게 꿰매놓은 모습""을 그린 모양자입니다. 細는 ""실(糸)을 가늘고 촘촘하게 꿰매다(田)"" -> ""가늘다, 세밀하다, 자세하다""라는 뜻의 글자입니다.",음독은 サイ입니다. 특별한 점은 없습니다.,"1.細い、細る 細い는 ""가늘다""라는 뜻의 형용사입니다. 細る는 ""가늘어지다, 여위다""라는 뜻의 자동사입니다. 예문) 指が細い 손가락이 가늘다 流れが細る 물줄기가 가늘어지다 2.細か、細かい 細か는 ""세세한/자세한 모양""을 뜻합니다. 細かい는 ""촘촘하다, 작다, 잘다, 자세하다""라는 뜻의 형용사입니다. 예문) 細かに調べる 자세히 조사하다 網目が細かい 그물코가 촘촘하다",no
445,N3,積,쌓일 적,"""쌓일 적"". 쌓이다",セキ,つ(む)、つ(もる),"積 = 禾 + 龶 + 貝。 「禾」는 ""곡식""을 뜻합니다. 「貝」는 ""돈, 재물""을 뜻합니다. 龶는 여기서는 ""(곡식/돈이) 쌓여있는 모습""을 그린 모양자입니다. 積는 ""식량(禾)과 재물(貝)을 쌓아놓다(龶)"" -> ""쌓다, 쌓이다""라는 뜻의 글자입니다.",음독은 セキ입니다. 특별한 점은 없습니다.,"積む는 ""쌓다, 거듭하다""라는 뜻의 타동사입니다. 積もる는 ""쌓이다""라는 뜻의 자동사, ""헤아리다, 어림하다""라는 뜻의 타동사입니다. 예문) ブロックを積んでいく 블록을 쌓아 나가다 練習を積む 연습을 거듭하다 落ち葉が積もる 낙엽이 쌓이다 積もる思いを打ち明ける 쌓이고 맺힌 그리운 정을 고백하다 予算規模を見積もる 예산 규모를 어림하다",no
446,N3,丸,둥글 환,"""둥글 환"". 둥글다",ガン,まる、まる(い)、まる(める),"丸는 ""몸을 둥글게 말고 엎드린 사람""을 그린 상형문자입니다. ""몸을 둥글게 말다"" -> ""둥글다""라는 의미입니다.",음독은 ガン입니다. 특별한 점은 없습니다.,"丸める는 ""둥글게 하다, 뭉치다""라는 뜻의 2그룹 타동사입니다. 丸い는 ""둥글다""라는 뜻의 형용사입니다. 예문) 丸ごと食べる 통째로 먹다 丸い球둥근 구슬 団子を丸める 경단을 둥글게 뭉치다 참고)丸い와円い의 차이점",no
447,N3,他,다를 타,"""다를 타"". 다른, 남",タ,ほか,"他 = 亻 + 也。 「亻」는 ""사람""을 뜻합니다. 也는 여기서는「地」가 축약된 것으로, ""땅""을 뜻합니다. 他는 ""타지(地)에서 온 사람(亻)"" -> ""다른, 남""이라는 뜻의 글자입니다.",음독은 タ입니다. 특별한 점은 없습니다.,"他는 ""다른 것, 별개의 것""을 뜻합니다. 예문) 他の人다른 사람 他の店다른 가게 他に方法がない 달리 방법이 없다 他のことならともかく 다른 일이라면 몰라도",no
448,N3,録,기록할 록,"""기록할 록"". 기록하다, 기록",ロク,,"録 = 金 + 录。 「金」는 ""쇠, 금속""을 뜻합니다. 「录」는 ""염색하다, 물들이다""라는 뜻의 글자입니다(링크 참조). 録는 ""철판(金)에 기록을 새겨넣다(录)"" -> ""기록하다""라는 뜻의 글자입니다.",음독은 ロク입니다. 특별한 점은 없습니다.,録의 정식 훈독은 없습니다.,no
449,N3,省,살필 성/덜 생,"""살필 성/덜 생"". 살피다, 반성하다, 덜다, 생략하다, 관청",セイ、ショウ,かえり(みる)、はぶ(く),"省 = 少 + 目。 「少」는 ""적다""라는 뜻입니다. 「目」는 ""눈""을 뜻합니다. 省는, 라는 뜻의 글자입니다.",음독은 セイ、ショウ입니다. 구분법은 다음과 같습니다. 아래 예시단어를 참조해 주세요.,"省みる는 ""돌이켜보다, 반성하다""라는 뜻의 2그룹 타동사입니다. 省く는 ""줄이다, 생략하다""라는 뜻의 타동사입니다. 예문) 過去の過ちを省みる 과거의 잘못을 반성하다 自らを省みる 스스로를 돌아보다 面倒な手続きを省く 번거로운 절차를 생략하다 詳しい説明は省く 자세한 설명은 생략한다",no
450,N3,橋,다리 교,"""다리 교"". 다리",キョウ,はし,"橋 = 木 +喬。 「木」는 ""나무""를 뜻합니다. 喬는「高」가 변형된 글자로, ""높다""라는 뜻입니다. 橋는 ""높은 곳(喬)에 지어진 나무(木) 다리"" -> ""다리""라는 뜻의 글자입니다.",음독은 キョウ입니다. 특별한 점은 없습니다.,"橋는 ""다리""를 뜻합니다.",no
451,N3,岸,언덕 안,"""언덕 안"". 물가, 벼랑",ガン,きし,"岸 = 山 + 厂 + 干。 (의미부)「山」는 ""산""을 뜻합니다. (의미부)「厂」는 ""기슭, 절벽""을 뜻합니다. (소리부)干(カン - ""방패 간"")은 ""방패""를 뜻하는 상용한자입니다. 다만 여기서는 소리부(カン -> ガン)의 역할만 하고 있습니다. 干는 ""고대에 쓰이던 방패""를 본따 그린 상형문자입니다. 岸는 ""산(山) 기슭의 절벽(厂)"" -> ""벼랑, 물가""라는 뜻의 글자입니다(干은 소리부).",음독은 ガン입니다. 특별한 점은 없습니다.,"岸는 ""물가, 벼랑""을 뜻합니다.",no
452,N3,客,손 객,"""손 객"". 손님",キャク、カク,,"客 = 宀 + 各。 (의미부)「宀」는 ""집""을 뜻합니다. (소리부 겸 의미부)「各」(カク)는 본래 ""출입구로 들어서는 발걸음""을 그린 글자입니다(링크 참조). 客는 ""집(宀)에 들어온(各) 손님"" -> ""손님""이라는 뜻의 글자입니다. (各는 소리부(カク -> キャク・カク)도 겸함)",음독은 キャク、カク입니다. 사용 빈도는 キャク가 훨씬 높습니다.,客의 정식 훈독은 없습니다.,no
453,N3,周,두루 주,"""두루 주"". 둘레, 주기, 돌다",シュウ,まわ(り),"周는 ""논밭 주위를 둘러싼 경계선""을 그린 상형문자입니다. ""논밭을 둘러싼 경계선"" -> ""둘레, 돌다, 주기""라는 의미입니다.",음독은 シュウ입니다. 특별한 점은 없습니다.,"周り는 ""둘레, 주위, 주변""을 뜻합니다. 예문) 周りの人に迷惑をかける 주위 사람에게 폐를 끼치다 口の周りを拭く 입 주변을 닦다 焚き火の周りに集まる 모닥불 주위에 모이다",no
454,N3,材,재목 재,"""재목 재"". 재목, 재료",ザイ,,"材 = 木 + 才。 (의미부)「木」는 ""나무""를 뜻합니다. (소리부 겸 의미부)才(サイ - ""재주 재"")는 ""재능, 재질""을 뜻하는 상용한자입니다. 才는 ""땅 위로 새싹이 올라오는 모습""을 그린 상형문자입니다. ""새로 올라오는 새싹"" -> ""싹수가 보인다"" -> ""재능""이라는 의미입니다. 材는 ""재질(才)이 뛰어난 나무(木)"" -> ""재목, 재료""라는 뜻의 글자입니다. (才는 소리부(サイ -> ザイ)도 겸함)",음독은 ザイ입니다. 특별한 점은 없습니다.,材의 정식 훈독은 없습니다.,no
455,N3,登,오를 등,"""오를 등"". 오르다, 올라가다",トウ、ト,のぼ(る),"登 = 癶 + 豆。 (의미부)癶는 여기서는 ""위쪽(↑)""을 가리키는 모양자로 쓰인 것입니다. (소리부 겸 의미부)「豆」(トウ)는 ""제기그릇""을 뜻합니다. 登는 ""제기그릇(豆)을 들고 제단 위로(癶) 올라가다"" -> ""올라가다""라는 뜻의 글자입니다. (豆는 소리부(トウ -> トウ・ト)도 겸함)",음독은 トウ、ト입니다. 사용 빈도는 トウ가 훨씬 높습니다.,"登る는 ""(높은 곳에) 오르다, 올라가다""라는 뜻의 자동사입니다.",no
456,N3,健,굳셀 건,"""굳셀 건"". 건강하다",ケン,すこ(やか),"健 = 亻 + 建。 (의미부)「亻」는 ""사람""을 뜻합니다. (소리부 겸 의미부)「建」(ケン)은 ""세우다, 건립하다""라는 뜻입니다. 健는 ""건강한 몸(亻)을 세우다(建)"" -> ""건강하다""라는 뜻의 글자입니다. (建은 소리부도 겸함)",음독은 ケン입니다. 특별한 점은 없습니다.,"健やか는 ""튼튼함, 건강함""을 뜻합니다.",no
457,N3,戸,집 호,"""집 호"". 집, 문, 출입구",コ,と,"戸는 ""외닫이 문""을 본따 그린 상형문자입니다. ""외닫이 문"" -> ""집, 문, 출입구""라는 의미입니다.",음독은 コ입니다. 특별한 점은 없습니다.,훈독은 と입니다. 특별한 점은 없습니다.,no
458,N3,速,빠를 속,"""빠를 속"". (속도가)빠르다",ソク,はや(い)、はや(める)、はや(まる)、すみ(やか),"速 = ⻌ + 束。 (의미부)「⻌」는 ""길""을 뜻합니다. (소리부 겸 의미부)束(ソク - ""묶을 속"")은 ""묶다""라는 뜻의 상용한자입니다. 束는 ""나뭇단을 묶어놓은 모습""을 그린 상형문자입니다. 速는 ""발목의 고름을 단단히 묶고(束) 서둘러 달려가다(⻌)"" -> ""빠르다""라는 뜻의 글자입니다. (束는 소리부도 겸함)",음독은 ソク입니다. 특별한 점은 없습니다.,"1.速い 速い는 ""(속도가)빠르다""라는 뜻의 형용사입니다. 예문) 速い飛行機빠른 비행기 2.速める、速まる 速める는 ""(속도를) 빠르게 하다""라는 뜻의 2그룹 타동사입니다. 速まる는 ""(속도/주기 등이) 빨라지다""라는 뜻의 자동사입니다. 예문) 足を速める 걸음을 재촉하다 テンポが速まる 템포가 빨라지다 3.速やか 速やか는 ""빠름, 신속함, 조속함""을 뜻합니다. 예문) 速やかに解決する 조속히 해결하다",no
459,N3,飛,날 비,"""날 비"". 날다",ヒ,と(ぶ)、と(ばす),"飛는 ""새의 날개와 몸통""을 함께 그린 상형문자입니다. ""새"" -> ""날다""라는 의미입니다.",음독은 ヒ입니다. 특별한 점은 없습니다.,"飛ぶ는 ""날다""라는 뜻의 자동사입니다. 飛ばす는 ""날리다""라는 뜻의 타동사입니다.",no
460,N3,殺,죽일 살/덜 쇄,"""죽일 살/덜 쇄"". 죽이다, 덜다",サツ、サイ、セツ,ころ(す),"殺 = 杀 + 殳。 杀는 ""사형대에 묶인 사형수""를 그린 모양자입니다(이런 느낌). 「殳」는 ""때리다, 휘두르다""라는 뜻입니다. 殺는 ""사형수(杀)의 목에 칼을 내리치다(殳)"" -> ""죽이다, 덜다""라는 뜻의 글자입니다.",음독은 サツ、サイ、セツ입니다. 구분법은 다음과 같습니다. 아래 예시단어를 참조해 주세요.,"殺す는 ""죽이다""라는 뜻의 타동사입니다.",no
461,N3,央,가운데 앙,"""가운데 앙"". 중앙",オウ,,"央는 ""목에 칼(冂)을 찬 죄수(大)""를 그린 상형문자입니다. ""칼 중앙에 매여있는 죄수"" -> ""중앙""이라는 의미입니다.",음독은 オウ입니다. 특별한 점은 없습니다.,央의 정식 훈독은 없습니다.,no
462,N3,号,부르짖을 호,"""부르짖을 호"". 부르짖다, 호령, 신호",ゴウ,,"号 = 口 + 丂。 「口」는 ""입""을 뜻합니다. 丂는 여기서는 ""입에서 흘러나가는 소리""를 표현한 모양자입니다. 号는 ""입(口)에서 흘러나가는 소리(丂)"" -> ""부르짖다, 호령, 신호""라는 뜻의 글자입니다.",음독은 ゴウ입니다. 특별한 점은 없습니다.,号의 정식 훈독은 없습니다.,no
463,N3,単,홑 단,"""홑 단"". 단독, 홀로, 하나",タン,,"単는 ""먼 옛날 사냥에 쓰였던 무기의 일종""을 그린 상형문자입니다. ""혼자서 사냥할 수 있는 무기"" -> ""단독, 홀로""라는 의미입니다. (""무기 한 개"" -> ""단독""이라는 설도 있습니다.)",음독은 タン입니다. 특별한 점은 없습니다.,単의 정식 훈독은 없습니다.,no
464,N3,竹,대나무 죽,"""대나무 죽"". 대나무",チク,たけ,"竹는 ""대나무 줄기와 잎사귀""를 그린 상형문자입니다.",음독은 チク입니다. 특별한 점은 없습니다.,"竹는 ""대나무""를 뜻합니다.",no
465,N3,完,완전할 완,"""완전할 완"". 완전하다",カン,,"完 = 宀 + 元。 「宀」는 ""집""을 뜻합니다. 「元」는 ""으뜸, 근원, 근본""을 뜻합니다. 完은 ""잘 지어진, 으뜸가는(元) 집(宀)"" -> ""완전하다""라는 뜻의 글자입니다.",음독은 カン입니다. 특별한 점은 없습니다.,完의 정식 훈독은 없습니다.,no
466,N3,競,다툴 경,"""다툴 경"". 겨루다, 경쟁하다, 다투다",キョウ、ケイ,きそ(う)、せ(る),"競 = 立 + 兄 + 立 + 兄。 「立」는 ""서다""라는 뜻입니다. 「兄」는 ""형""을 뜻합니다. 競는 ""두 사람(兄)이 마주서서(立) 힘을 겨루다"" -> ""겨루다, 경쟁하다, 다투다""라는 뜻의 글자입니다.",음독은 キョウ、ケイ입니다. 특별한 구분법은 없습니다.,"競う는 ""다투다, 경쟁하다""라는 뜻의 자동사 겸 타동사입니다. 競る는 ""다투다, 경쟁하다, 경매하다""라는 뜻의 1그룹 타동사입니다.",no
467,N3,給,줄 급,"""줄 급"". 지급하다, 공급하다",キュウ,,"給 = 糸 + 合。 「糸」는 ""실""을 뜻합니다. 「合」는 ""합치다""라는 뜻입니다. 給는 ""실(糸)이 끊어지지 않도록 계속 이어주다(合)"" -> ""지급하다, 공급하다""라는 뜻의 글자입니다.",음독은 キュウ입니다. 특별한 점은 없습니다.,給의 정식 훈독은 없습니다.,no
468,N3,根,뿌리 근,"""뿌리 근"". 뿌리, 근본",コン,ね,"根 = 木 + 艮。 (의미부)「木」는 ""나무""를 뜻합니다. (소리부 겸 의미부)「艮」(コン)은 ""고개를 숙인 사람""을 뜻합니다(링크 참조). 根는 ""나무(木)의 뿌리를 내려다보다(艮)"" -> ""뿌리, 근본""이라는 뜻의 글자입니다. (艮은 소리부도 겸함)",음독은 コン입니다. 특별한 점은 없습니다.,훈독은 ね입니다. 특별한 점은 없습니다.,no
469,N3,苦,쓸 고,"""쓸 고"". 쓰다, 괴롭다",ク,くる(しい)、くる(しむ)、くる(しめる)、にが(い)、にが(る),"苦 = 艹 + 古。 (의미부)「艹」는 ""풀""을 뜻합니다. (소리부 겸 의미부)「古」(コ)는 ""오래되다""라는 뜻입니다. 苦는 ""오래된(古) 약초(艹)"" -> ""쓰다"" -> ""괴롭다""라는 뜻의 글자입니다. (古는 소리부(コ -> ク)도 겸함)",음독은 ク입니다. 특별한 점은 없습니다.,"1.苦しい、苦しむ、苦しめる 苦しい는 ""괴롭다""라는 뜻의 형용사입니다. 苦しむ는 ""괴로워하다""라는 뜻의 자동사입니다. 苦しめる는 ""괴롭히다, 난처하게 하다""라는 뜻의 2그룹 타동사입니다. 예문) 苦しい気持ち 괴로운 기분 病気で苦しむ 병으로 괴로워하다 敵を苦しめる 적을 괴롭히다 2.苦い、苦る 苦い는 ""쓰다, 씁쓸하다""라는 뜻의 형용사입니다. 苦る는 ""찌푸리다, 불쾌하게 여기다""라는 뜻의 자동사입니다. 예문) 苦い薬쓴 약 苦り切った顔잔뜩 찌푸린 얼굴",no
470,N3,園,동산 원,"""동산 원"". 동산, 정원, 공원",エン,その,"園 = 囗 + 袁。 (의미부)囗는 여기서는 ""정원의 둘레""를 그린 모양자입니다. (소리부 겸 의미부)「袁」(エン)은 ""길다, 헐렁하다""라는 뜻입니다. 園는 ""정원(囗)에서 느긋하게(袁) 여유를 즐기다"" -> ""정원, 동산, 공원""이라는 뜻의 글자입니다. (袁는 소리부도 겸함)",음독은 エン입니다. 특별한 점은 없습니다.,"園는 ""동산, 정원""을 뜻합니다.",no
471,N3,具,갖출 구,"""갖출 구"". 도구",グ,,"具 = 目 + 一 + ハ。 目는 여기서는 ""(그릇 위에 올려진) 떡""을 그린 모양자입니다. 一+ハ는 여기서는 ""제사용 그릇""을 그린 모양자입니다. 具는 ""떡(目)을 담는 제사용 그릇(一+ハ)"" -> ""도구""라는 뜻의 글자입니다.",음독은 グ입니다. 특별한 점은 없습니다.,具의 정식 훈독은 없습니다.,no
472,N3,歴,지낼 력,"""지낼 력"". 지나가다, 경과하다",レキ,,"歴 = 厂 + 林 + 止。 「厂」는 ""기슭, 절벽""을 뜻합니다. 「林」는 ""숲""을 뜻합니다. 「止」는 ""발""을 뜻합니다. 歴는 ""절벽(厂) 아래의 숲(林)으로 걸어 들어간 발자국(止)""이라는 뜻입니다. ""발자국, 기록"" -> ""지나가다, 경과하다, 이력""이라는 의미입니다.",음독은 レキ입니다. 특별한 점은 없습니다.,歴의 정식 훈독은 없습니다.,no
473,N3,辞,말씀 사,"""말씀 사"". 말, 단어, 그만두다",ジ,や(める),"辞 = 舌 + 辛。 「舌」는 ""혀""를 뜻합니다. 「辛」는 ""문신을 새기는 고문 도구""를 뜻하는 부수입니다(링크 참조). 辞는 ""혀(舌)를 찔러서(辛) 말을 하지 못하도록 만들다"" -> ""말, 단어, 그만두다""라는 뜻의 글자입니다.",음독은 ジ입니다. 특별한 점은 없습니다.,"辞める는 ""그만두다, 사임하다""라는 뜻의 2그룹 타동사입니다.",no
474,N3,馬,말 마,"""말 마"". 말",バ,うま、ま,"馬는 ""말""의 모습을 그린 상형문자입니다.",음독은 バ입니다. 특별한 점은 없습니다.,"馬는 ""말""을 뜻합니다.",no
475,N3,愛,사랑 애,"""사랑 애"". 사랑",アイ,,"愛 = ⺤ + 冖 + 心 + 夂。 「⺤」는 ""손""을 뜻합니다. 冖는 여기서는 ""덮다, 품다""라는 뜻을 표현한 모양자입니다. 「心」는 ""마음""을 뜻합니다. 「夂」는 ""발""을 뜻합니다. 愛는 ""사랑하는 마음(心)을 품고(⺤+冖) 다가서다(夂)"" -> ""사랑""이라는 뜻의 글자입니다.",음독은 アイ입니다. 특별한 점은 없습니다.,愛의 정식 훈독은 없습니다.,no
476,N3,未,아닐 미,"""아닐 미"". 아직, 미숙한, 미-(접두어)",ミ,,"未 = 一 + 木。 未는 ""가지가 앙상한 나무(木)""를 그린 상형문자입니다. ""아직 잎이 나지 않은 나무"" -> ""아직, 미숙한""이라는 의미입니다.",음독은 ミ입니다. 특별한 점은 없습니다.,未의 정식 훈독은 없습니다.,no
477,N3,航,배 항,"""배 항"". 항해",コウ,,"航 = 舟 + 亢。 (의미부)舟(""배 주"")는 ""배""를 뜻하는 상용한자입니다. 舟는 ""노를 저어 움직이는 작은 조각배""를 그린 상형문자입니다. (소리부 겸 의미부)「亢」(コウ)는 ""오르다""라는 뜻의 글자입니다(링크 참조). 航는 ""조각배(舟)를 타고 강을 거슬러 올라가다(亢)"" -> ""항해""라는 뜻의 글자입니다. (亢는 소리부도 겸함)",음독은 コウ입니다. 특별한 점은 없습니다.,航의 정식 훈독은 없습니다.,no
478,N3,冷,찰 냉,"""찰 냉"". 차다, 차갑다",レイ,つめ(たい)、ひ(える)、ひ(や)、ひ(やす)、ひ(やかす)、さ(める)、さ(ます),"冷 = 冫 + 令。 (의미부)「冫」는 ""얼음""을 뜻합니다. (소리부 겸 의미부)令(レイ - ""하여금 령"")은 ""명령""을 뜻하는 상용한자입니다. 令 = 亼 + 卩。 亼는 여기서는 ""왕의 궁궐""을 그린 모양자입니다. 「卩」는 ""무릎꿇은 사람""을 뜻합니다. 令는 ""왕(亼)이 무릎꿇은 신하(卩)에게 명령을 내리다"" -> ""명령""이라는 뜻의 글자입니다. 冷는 ""냉혹한(冫) 명령(令)"" -> ""차갑다""라는 뜻의 글자입니다. (令는 소리부도 겸함)",음독은 レイ입니다. 특별한 점은 없습니다.,"1.冷たい 冷たい는 ""차갑다, 차다, 냉담하다""라는 뜻의 형용사입니다. 예문) 冷たい水차가운 물 2.冷える、冷める 冷える는 ""차가워지다""라는 뜻의 2그룹 자동사입니다. 冷める는 ""식다""라는 뜻의 2그룹 자동사입니다. 둘의 차이점은 다음과 같습니다. 아래 예문을 참조해 주세요. 예문) 冷えたビール 차가운 맥주 お茶が冷める 차가 식다 3.冷やす、冷ます 冷やす는 ""차갑게 하다""라는 뜻의 타동사입니다. 冷ます는 ""식히다""라는 뜻의 타동사입니다. 둘의 차이점은冷える、冷める와 같습니다. 예문) ビールを冷やす 맥주를 차게 하다 お茶を冷まして飲む 차를 식혀서 먹다 4.冷やかす 冷やかす는 ""(상대가 부끄러워하거나 당황하도록) 놀리다, 희롱하다""라는 뜻의 타동사입니다. 예문) 新婚夫婦を冷やかす 신혼부부를 놀리다 5.冷や お冷や는 ""냉수""를 뜻합니다.",no
479,N3,鉄,쇠 철,"""쇠 철"". 철",テツ,,"鉄 = 金 + 失。 (의미부)「金」는 ""쇠, 황금""을 뜻합니다. (소리부 겸 의미부)「失」(シツ)는 ""잃다""라는 뜻입니다. 鉄는 ""황금(金)보다 가치가 뒤떨어지는(失) 금속"" -> ""철""이라는 뜻의 글자입니다. (失는 소리부(シツ -> テツ)도 겸함)",음독은 テツ입니다. 특별한 점은 없습니다.,鉄의 정식 훈독은 없습니다.,no
480,N3,類,무리 류,"""무리 류"". 종류, 부류",ルイ,たぐ(い),"類 = 米 + 大 + 頁。 「米」는 ""쌀""을 뜻합니다. 「頁」는 ""머리""를 뜻합니다. 大는 여기서는「犬」가 변형된 것으로, ""개""를 뜻합니다. 類는 ""쌀알(米)처럼 서로 비슷비슷하게 생긴(頁) 개들(犬)""이라는 뜻입니다. ""비슷한 개들끼리 종류별로 나누다"" -> ""종류, 부류""라는 의미입니다.",음독은 ルイ입니다. 특별한 점은 없습니다.,"類い는 ""부류, 종류""를 뜻합니다.",no
481,N3,児,아이 아,"""아이 아"". 아이, 아동",ジ、ニ,,"児는 ""두 다리(儿)로 아장아장 걷는 아기""를 그린 상형문자입니다.",음독은 ジ、ニ입니다. 그러나 절대다수는 ジ로 읽습니다. ニ는小児(소아) 외에는 거의 쓰지 않는 음독입니다.,児의 정식 훈독은 없습니다.,no
482,N3,印,도장 인,"""도장 인"". 도장",イン,しるし,"印 = 𠀉 + 卩。 𠀉는「⺤」를 옆으로 돌린 것으로, ""손""을 뜻합니다. 「卩」는 ""무릎꿇은 사람""을 뜻합니다. 印는 ""무릎꿇은 사람(卩)의 머리를 찍어누르다(𠀉)"" -> ""누르다"" -> ""도장""이라는 뜻의 글자입니다.",음독은 イン입니다. 특별한 점은 없습니다.,"印는 ""표시, 증표, 기호""를 뜻합니다.",no
483,N3,王,임금 왕,"""임금 왕"". 왕",オウ,,"王는 ""권위를 상징하는 거대한 도끼""를 그린 상형문자입니다. ""권위의 상징"" -> ""우두머리"" -> ""왕""이라는 의미입니다.",음독은 オウ입니다. 특별한 점은 없습니다.,王의 정식 훈독은 없습니다.,no
484,N3,返,돌이킬 반,"""돌이킬 반"". 돌아오다, 반사하다, 갚다",ヘン,かえ(す)、かえ(る),"返 = ⻌ + 反。 「⻌」는 ""길""을 뜻합니다. 「反」는 ""돌이키다, 뒤집다""라는 뜻입니다. 返는 ""가던 길(⻌)을 되돌아오다(反)"" -> ""돌아오다, 반사하다, 갚다""라는 뜻의 글자입니다.",음독은 ヘン입니다. 특별한 점은 없습니다.,"返す는 ""되돌리다, 돌리다""라는 뜻의 타동사입니다. 返る는 ""되돌아가다, 되돌아오다""라는 뜻의 1그룹 자동사입니다.",no
485,N3,標,표할 표,"""표할 표"". 표시, 표지",ヒョウ,,"標 = 木 + 覀 + 示。 「木」는 ""나무""를 뜻합니다. 「示」는 ""고대의 비석""을 뜻합니다. 覀는 여기서는 ""위패""를 그린 모양자입니다. 標는 ""신성한 나무(木) 옆에 비석(示)을 세우고 위패(覀)를 올려 표시해두다"" -> ""표시, 표지""라는 뜻의 글자입니다.",음독은 ヒョウ입니다. 특별한 점은 없습니다.,標의 정식 훈독은 없습니다.,no
486,N3,油,기름 유,"""기름 유"". 기름",ユ,あぶら,"油 = 氵 + 由。 (의미부)「氵」는 ""물""을 뜻합니다. (소리부 겸 의미부)「由」(ユ)는 본래 ""촛불""을 그린 상형문자입니다(링크 참조). 油는 ""등잔불(由)의 연료가 되는 액체(氵)"" -> ""기름""이라는 뜻의 글자입니다. (由는 소리부도 겸함)",음독은 ユ입니다. 특별한 점은 없습니다.,"油는 ""기름""을 뜻합니다.",no
487,N3,輪,바퀴 륜,"""바퀴 륜"". 바퀴",リン,わ,"輪 = 車 + 侖。 (의미부)「車」는 ""수레, 차""를 뜻합니다. (소리부  겸 의미부)「侖」(リン)은 ""둥글게 말린 죽간""을 그린 글자입니다(링크 참조). 輪는 ""둥근(侖) 수레바퀴(車)"" -> ""바퀴""라는 뜻의 글자입니다. (侖는 소리부도 겸함)",음독은 リン입니다. 특별한 점은 없습니다.,"輪는 ""고리, 바퀴, 원형""을 뜻합니다.",no
488,N3,植,심을 식,"""심을 식"". 심다",ショク,う(える)、う(わる),"植 = 木 + 直。 (의미부)「木」는 ""나무""를 뜻합니다. (소리부 겸 의미부)「直」(チョク)는 ""곧다""라는 뜻입니다. 植는 ""나무(木)를 곧게(直) 심다"" -> ""심다""라는 뜻의 글자입니다. (直는 소리부(チョク -> ショク)도 겸함)",음독은 ショク입니다. 특별한 점은 없습니다.,"植える는 ""심다""라는 뜻의 2그룹 타동사입니다. 植わる는 ""심어지다, 심기다""라는 뜻의 자동사입니다.",no
489,N3,熱,더울 열,"""더울 열"". 열기, 뜨겁다",ネツ,あつ(い),"「坴+丸」 熱 =坴 + 丸+ 灬。 「坴」는 ""흙더미""를 뜻하는 글자입니다(링크 참조). 丸는 여기서는 ""땅(坴)에 나무를 심고 있는 사람""을 그린 모양자입니다(위 그림 참조). 「灬」는 ""불""을 뜻합니다. 熱는 ""땅(坴)에 심어놓은(丸) 나무를 태우다(灬)""-> ""뜨겁다""라는 뜻의 글자입니다.",음독은 ネツ입니다. 특별한 점은 없습니다.,"熱い는 ""뜨겁다""라는 뜻의 형용사입니다.",no
490,N3,宿,잘 숙,"""잘 숙"". 여관, 머무르다",シュク,やど、やど(る)、やど(す),"宿 = 宀 + 亻 + 百。 「宀」는 ""집""을 뜻합니다. 「亻」는 ""사람""을 뜻합니다. 「百」는 ""100""을 뜻합니다. 宿는 ""백 명(百)의 사람(亻)이묵을 수 있는 커다란 집(宀)"" -> ""여관, 숙소, 머무르다""라는 뜻의 글자입니다.",음독은 シュク입니다. 특별한 점은 없습니다.,"宿는 ""숙소, 여관""을 뜻합니다. 宿す는 ""잉태하다, 품다""라는 뜻의 타동사입니다. 宿る는 ""머무르다, 숙박하다""라는 뜻의 자동사입니다.",no
491,N3,清,맑을 청,"""맑을 청"". 맑다, 깨끗하다",セイ、ショウ,きよ(い)、きよ(まる)、きよ(める),"清 = 氵 + 青。 (의미부)「氵」는 ""물""을 뜻합니다. (소리부 겸 의미부)「青」(セイ・ショウ)는 ""푸르다""라는 뜻입니다. 清는 ""푸르고 깨끗한(青) 물(氵)"" -> ""맑다, 깨끗하다""라는 뜻의 글자입니다. (青는 소리부도 겸함)",음독은 セイ、ショウ입니다. 그러나 절대다수는 セイ로 읽습니다. ショウ는 일부 예외적인 단어에만 쓰이는 음독입니다.,"清い는 ""맑다, 깨끗하다""라는 뜻의 형용사입니다. 清まる는 ""맑아지다""라는 뜻의 자동사입니다. 清める는 ""깨끗이 하다""라는 뜻의 2그룹 타동사입니다.",no
492,N3,覚,깨달을 각,"""깨달을 각"". 깨닫다, 눈뜨다, 기억하다",カク,おぼ(える)、さ(ます)、さ(める),"覚 = ⺍ + 冖 + 見。 「⺍＋冖」는 ""불이 환하게 켜진 집""을 뜻합니다. 「見」는 ""보다""라는 뜻입니다. 覚는 ""환한 불빛(⺍+冖)으로 어둠을 밝히고 보다(見)"" -> ""깨달음, 눈뜨다, 기억하다""라는 뜻의 글자입니다.",음독은 カク입니다. 특별한 점은 없습니다.,"1.覚える 覚える는 ""기억하다""라는 뜻의 2그룹 타동사입니다. 예문) よく覚えていない 잘 기억하고 있지 않다 2.覚める、覚ます 覚める는 ""잠을 깨다, 눈이 뜨이다""라는 뜻의 2그룹 자동사입니다. 覚ます는 ""깨다, 깨우다""라는 뜻의 타동사입니다. 예문) 朝早く目が覚める 아침 일찍 잠이 깨다 雨の音に目を覚ました 빗소리에 눈을 떴다(잠에서 깼다)",no
493,N3,船,배 선,"""배 선"". 선박",セン,ふね、ふな,"船 = 舟 + 㕣。 舟(""배 주"")는 ""배""를 뜻하는 상용한자입니다. 舟는 ""노를 저어 움직이는 작은 조각배""를 그린 상형문자입니다. 㕣는 여기서는 ""작은 배""를 그린 모양자입니다. 船는 ""배 두 척(舟+㕣) 만큼 큰 배"" -> ""선박""이라는 뜻의 글자입니다. (船는 보통 舟보다 크기가 큰 배를 뜻하는 경우가 많습니다.)",음독은 セン입니다. 특별한 점은 없습니다.,"船는 ""배""를 뜻합니다.",no
494,N3,倍,곱 배,"""곱 배"". 2배",バイ,,"倍 = 亻 + 咅。 (의미부)「亻」는 ""사람""을 뜻합니다. (소리부 겸 의미부)「咅」(バイ)는 ""화분 위의 화초""를 뜻합니다. 倍는 ""사람(亻)이 화초(咅)에 물을 줘서 두 배로 키우다"" -> ""2배""라는 뜻의 글자입니다. (咅는 소리부도 겸함)",음독은 バイ입니다. 특별한 점은 없습니다.,倍의 정식 훈독은 없습니다.,no
495,N3,億,억 억,"""억 억"". 1억",オク,,"億 = 亻 + 意。 「亻」는 ""사람""을 뜻합니다. 「意」는 ""뜻, 생각, 의미""를 뜻합니다. 億는 ""사람(亻)의 머릿속에는 수많은 생각(意)이 있다"" -> ""많다"" -> ""1억""이라는 뜻의 글자입니다.",음독은 オク입니다. 특별한 점은 없습니다.,億의 정식 훈독은 없습니다.,no
496,N3,芸,재주 예,"""재주 예"". 재주, 예술",ゲイ,,"芸 = 艹 + 云。 「艹」는 ""풀""을 뜻합니다. 「云」는 ""구름""을 뜻합니다. 芸는 ""구름(云)위를 노니는 듯 아름다운 정원(艹)을 가꾸다"" -> ""예술, 재주""라는 뜻의 글자입니다.",음독은 ゲイ입니다. 특별한 점은 없습니다.,芸의 정식 훈독은 없습니다.,no
497,N3,停,머무를 정,"""머무를 정"". 정지, 멈추다",テイ,,"停 = 亻 + 亭。 (의미부)「亻」는 ""사람""을 뜻합니다. (소리부 겸 의미부)亭(テイ - ""정자 정"")은 ""정자""를 뜻하는 상용한자입니다. 亭는 ""작은 정자""를 그린 상형문자입니다. 停는 ""나그네(亻)가 정자(亭)에 머물러 쉬다"" -> ""멈추다, 머무르다""라는 뜻의 글자입니다. (亭는 소리부도 겸함)",음독은 テイ입니다. 특별한 점은 없습니다.,停의 정식 훈독은 없습니다.,no
498,N3,陸,뭍 육,"""뭍 육"". 육지",リク,,"陸 = ⻖ + 坴。 「⻖」는 ""언덕, 산""을 뜻합니다. 「坴」는 ""흙더미""를 뜻합니다. 陸는 ""흙이 쌓인(坴) 언덕(⻖)"" -> ""뭍, 육지""라는 뜻의 글자입니다.",음독은 リク입니다. 특별한 점은 없습니다.,陸의 정식 훈독은 없습니다.,no
499,N3,玉,구슬 옥,"""구슬 옥"". 구슬, 보석",ギョク,たま,"玉는 ""구슬을 실에 꿰어놓은 모습""을 그린 상형문자입니다.",음독은 ギョク입니다. 특별한 점은 없습니다.,"玉는 ""방울, 공, 둥근 것, 옥, 보석"" 등을 뜻합니다.",no
500,N3,波,물결 파,"""물결 파"". 물결, 파동",ハ,なみ,"波 = 氵 + 皮。 (의미부)「氵」는 ""물""을 뜻합니다. (소리부 겸 의미부)皮(ヒ - ""가죽 피"")는 ""표면, 가죽, 껍질""을 뜻하는 상용한자입니다. 皮 =厂 +丨 +又。 厂+丨는 여기서는 ""동물의 가죽(厂)과 뿔(丨)""을 그린 모양자입니다. 「又」는 ""손""을 뜻합니다. 皮는 ""동물의 가죽(厂+丨)을 벗기다(又)"" -> ""가죽, 껍질, 표면""이라는 뜻의 글자입니다. 波는 ""물(氵)의 표면(皮)을 따라 퍼지는 물결"" -> ""물결, 파동""이라는 뜻의 글자입니다. (皮는 소리부(ヒ -> ハ)도 겸함)",음독은 ハ입니다. 특별한 점은 없습니다.,"波는 ""파도, 물결""을 뜻합니다.",no
501,N3,帯,띠 대,"""띠 대"". 허리띠, 휴대하다, 지역",タイ,お(びる)、おび,"帯 = 丗 + 冖 + 巾。 丗+冖는 여기서는 ""장식(丗)이 달린 허리띠(冖)""를 그린 모양자입니다. 「巾」는 ""수건, 천""을 뜻합니다. 帯는 ""장식이 달린 허리띠(丗+冖)를 옷(巾) 위에 두르다"" -> ""허리띠, 두르다, 휴대하다""라는 뜻의 글자입니다.",음독은 タイ입니다. 특별한 점은 없습니다.,"帯는 ""띠""를 뜻합니다. 帯びる는 ""(몸/허리 등에) 차다/지니다, (성질/경향 등을) 띠다/머금다""라는 뜻의 2그룹 타동사입니다. 예문) 帯を締める 띠를 매다 太刀を帯びる (허리에) 칼을 차다 空が赤みを帯びていた 하늘이 붉은 빛을 띠고 있었다 強い磁気を帯びる 강한 자기를 띠다",no
502,N3,羽,깃 우,"""깃 우"". 깃털, 날개",ウ,は、はね,"羽는 ""깃털이 달린 새의 날개""를 그린 상형문자입니다.",음독은 ウ입니다. 특별한 점은 없습니다.,"羽는 ""날개, 깃털""을 뜻합니다.",no
503,N3,努,힘쓸 노,"""힘쓸 노"". 힘쓰다, 노력하다",ド,つと(める),"努 = 女 + 又 + 力。 「女」는 ""여자""를 뜻합니다. 「又」는 ""손""을 뜻합니다. 「力」는 ""힘""을 뜻합니다. 努는 ""여자(女)를 손(又)에 넣기 위해 열심히 노력하다(力)"" -> ""힘쓰다, 노력하다""라는 뜻의 글자입니다.",음독은 ド입니다. 특별한 점은 없습니다.,"努める는 ""힘쓰다, 노력하다, 애쓰다""라는 뜻의 2그룹 자동사입니다.",no
504,N3,固,굳을 고,"""굳을 고"". 단단하다, 딱딱하다",コ,かた(める)、かた(まる)、かた(い),"固 = 囗 + 古。 (의미부)囗는 여기서는 ""성벽""을 그린 모양자입니다. (소리부 겸 의미부)「古」(コ)는 ""오래되다""라는 뜻입니다. 固는 ""오래된(古) 성벽(囗)"" -> ""단단하다, 딱딱하다""라는 뜻의 글자입니다. (古는 소리부도 겸함)",음독은 コ입니다. 특별한 점은 없습니다.,"1.固い 固い는 ""(의지/의리/행실 등이) 굳다, (매듭/묶인 부분 등이) 단단하다""라는 뜻의 형용사입니다. 예문) 口の固い人입이 무거운 사람 固い決意굳은 결의 結び目が固い 매듭이 단단하다 2.固まる、固める 固まる는 ""굳다, 딱딱해지다""라는 뜻의 자동사입니다. 固める는 ""굳히다, 단단히 하다""라는 뜻의 2그룹 타동사입니다. 예문) 油が固まる 기름이 굳다 意見が固まる 의견이 굳어지다 決心が固まる 결심이 굳어지다 土を踏み固める 흙을 밟아 다지다 決心を固める 결심을 굳히다 基礎を固める 기초를 단단히 하다",no
505,N3,散,흩을 산,"""흩을 산"". 흩어지다",サン,ち(る)、ち(らす)、ち(らかる)、ち(らかす),"散 = 龷 + 月 + 攵。 龷는 여기서는 ""물건을 널어놓는 장대""를 그린 모양자입니다. 「月」는 ""고기""를 뜻합니다. 「攵」는 ""때리다, 치다""라는 뜻입니다. 散는 ""장대(龷)에 걸어놓은 고기(月)를 마구 두드리다(攵)"" -> ""흩어지다""라는 뜻의 글자입니다.",음독은 サン입니다. 특별한 점은 없습니다.,"1.散る、散らかる 散る、散らかる는 둘 다 ""흩어지다""라는 뜻의 1그룹 자동사입니다. 차이점은 다음과 같습니다. 아래 예문을 참조해 주세요. 예문) 桜の花が散る 벚꽃이 지다(흩날리다) 家の中が散らかっている 집안이 어질러져 있다 2.散らす、散らかす 散らす、散らかす는 둘 다 ""흩뜨리다""라는 뜻의 타동사입니다. 散らす는散る에 대응하고,散らかす는散らかる에 대응하는 동사입니다. 차이점도 같습니다. 예문) 髪を散らす 머리를 흩뜨리다 部屋中におもちゃを散らかす 온 방에 장난감을 어질러놓다",no
506,N3,司,맡을 사,"""맡을 사"". 주관하다, 관리하다, 다스리다",シ,,"司 = 𠃌 + 一 + 口。 𠃌+一는 여기서는 ""팔로 어딘가를 가리키는 모습""을 그린 모양자입니다. 「口」는 ""입""을 뜻합니다. 司는 ""팔로 방향을 가리키며(𠃌+一) 지시를 내리다(口)"" -> ""주관하다, 다스리다""라는 뜻의 글자입니다.",음독은 シ입니다. 특별한 점은 없습니다.,司의 정식 훈독은 없습니다.,no
507,N3,康,편안할 강,"""편안할 강"". 무사, 편안, 튼튼",コウ,,"康 = 广 + ⺕ +氺。 「广」는 ""집""을 뜻합니다. 「⺕」는 ""손""을 뜻합니다. 氺는 여기서는 ""동물의 꼬리""를 그린 모양자입니다. 康는 ""집(广)에서 애완동물의 꼬리(氺)를 만지며(⺕) 놀다"" -> ""무사, 편안""이라는 뜻의 글자입니다.",음독은 コウ입니다. 특별한 점은 없습니다.,康의 정식 훈독은 없습니다.,no
508,N3,静,고요할 정,"""고요할 정"". 고요하다, 조용하다",セイ、ジョウ,しず、しず(か)、しず(まる)、しず(める),"静 = 青 + 争。 (의미부)「争」는 ""다투다, 경쟁하다""라는 뜻입니다. (소리부 겸 의미부)「青」(セイ・ショウ)는 ""푸르다""라는 뜻입니다. 静는 ""싸움(争)이 끝나고 조용해지다(青)"" -> ""고요하다, 조용하다""라는 뜻의 글자입니다. (青는 소리부(セイ・ショウ -> セイ・ジョウ)도 겸함)",음독은 セイ、ジョウ입니다. 사용 빈도는 セイ가 훨씬 높습니다.,"1.静、静か 静か는 ""조용하고 고요한 상태""를 뜻합니다. 예문) 静心평온한 마음 静かな夜조용한 밤 2.静まる、静める 静まる는 ""조용해지다, 마음이 진정되다""라는 뜻의 자동사입니다. 静める는 ""조용하게 하다, 진정시키다""라는 뜻의 2그룹 타동사입니다. 예문) 室内が静まる 실내가 조용해지다 心を静める마음을 가라앉히다",no
509,N3,喜,기쁠 희,"""기쁠 희"". 기쁨, 기뻐하다",キ,よろこ(ぶ),"喜 = 壴 + 口。 「壴」는 ""북""을 그린 글자입니다(링크 참조). 「口」는 ""입""을 뜻합니다. 喜는 ""북(壴)을 치고 노래를 부르며(口) 즐거워하다"" -> ""기뻐하다""라는 뜻의 글자입니다.",음독은 キ입니다. 특별한 점은 없습니다.,"喜ぶ는 ""즐거워하다, 기뻐하다""라는 뜻의 타동사입니다.",no
510,N3,囲,둘레 위,"""둘레 위"". 두르다, 에워싸다",イ,かこ(む)、かこ(う),"囲 = 囗 + 井。 井(""우물 정"")은 ""우물""을 뜻하는 상용한자입니다. 井는 ""우물""을 본따 그린 상형문자입니다. 囗는 여기서는 ""주위를 둘러싼 벽""을 그린 모양자입니다. 囲는 ""우물(井)을 둘러싼 벽(囗)"" -> ""두르다, 에워싸다""라는 뜻의 글자입니다.",음독은 イ입니다. 특별한 점은 없습니다.,"囲む、囲う는 둘 다 ""둘러싸다, 에워싸다""라는 뜻의 타동사입니다. 둘의 차이점은 다음과 같습니다. 아래 예문을 참고해 주세요. 예문) 山に囲まれた町산으로 둘러싸인 마을 野菜を囲う 야채를 저장해 두다 女を囲う 첩을 두다",no
511,N3,卒,마칠 졸,"""마칠 졸"". 마치다, 졸업, 졸병",ソツ,,"卒는 ""노비들이 입던 옷""을 그린 상형문자입니다. 전쟁이 나면 가장 먼저 죽어나가는 것은 노예 병사들입니다. ""가장 먼저 죽는 노예들"" -> ""마치다, 졸업, 졸병""이라는 의미입니다.",음독은 ソツ입니다. 특별한 점은 없습니다.,卒의 정식 훈독은 없습니다.,no
512,N3,順,순할 순,"""순할 순"". 온순한, 순종적인, 차례",ジュン,,"順 = 川 + 頁。 「川」는 ""강, 하천""을 뜻합니다. 「頁」는 ""머리""를 뜻합니다. 順는 ""물이 아래로 흐르듯(川) 고분고분 머리를 숙이다(頁)"" -> ""온순한, 순종적인, 차례""라는 뜻의 글자입니다.",음독은 ジュン입니다. 특별한 점은 없습니다.,順의 정식 훈독은 없습니다.,no
513,N3,級,등급 급,"""등급 급"". 등급, 단계",キュウ,,"級 = 糸 + 及。 (의미부)「糸」는 ""실""을 뜻합니다. (소리부 겸 의미부)及(キュウ - ""미칠 급"")은 ""이르다, 미치다""라는 뜻의 상용한자입니다. 及 = 人 + 又。 「人」는 ""사람""을 뜻합니다. 「又」는 ""손""을 뜻합니다. 及는 ""사람(人)을 붙잡다(又)"" -> ""손이 닿다"" -> ""이르다, 미치다""라는 뜻의 글자입니다. 級는 ""비단(糸)의 등급이 어느 정도에 이르는가(及)"" -> ""등급, 단계""라는 뜻의 글자입니다. (及는 소리부도 겸함)",음독은 キュウ입니다. 특별한 점은 없습니다.,級의 정식 훈독은 없습니다.,no
514,N3,幸,다행 행,"""다행 행"". 다행, 행복",コウ,さいわ(い)、さち、しあわ(せ),"幸는 ""벽에 고정된 쇠사슬에 묶인 죄인""을 그린 상형문자입니다. ""죄인을 잡아서 다행이다"" -> ""다행, 행복""이라는 의미입니다.",음독은 コウ입니다. 특별한 점은 없습니다.,"幸い는 ""다행""이라는 뜻입니다. 幸せ는 ""행복""을 뜻합니다. 幸는 ""행운, 복""을 뜻합니다.",no
515,N3,岩,바위 암,"""바위 암"". 바위, 암석",ガン,いわ,"岩 = 山+ 石。 「山」는 ""산""을 뜻합니다. 「石」는 ""돌""을 뜻합니다. 岩는 ""산속(山)의 거대한 돌(石)"" -> ""암석, 바위""라는 뜻의 글자입니다.",음독은 ガン입니다. 특별한 점은 없습니다.,"岩는 ""바위""를 뜻합니다.",no
516,N3,練,익힐 련,"""익힐 련"". 연마하다, 능숙하다",レン,ね(る),"練 = 糸 + 東。 「糸」는 ""실""을 뜻합니다. 「東」는 본래 ""아침해(日)가 나무(木)에 걸린 모습""을 그린 글자입니다(링크 참조). 練는 ""해가 뜰 때까지(東) 밤을 새워 열심히 실(糸)을 짜다"" -> ""연마하다, 능숙하다""라는 뜻의 글자입니다.",음독은 レン입니다. 특별한 점은 없습니다.,"練る는 ""반죽하다, 다듬다""라는 뜻의 1그룹 타동사입니다.",no
517,N3,等,무리 등,"""무리 등"". 같다, 동등하다, 등등",トウ,ひと(しい),"等 = 𥫗 + 寺。 「𥫗」는 ""대나무 죽간""을 뜻합니다. 寺(ジ - ""절 사"")는 ""절, 사찰""을 뜻하는 상용한자입니다. 寺 = 土 + 寸。 「寸」는""손""을 뜻합니다. 「土」는 ""흙""을 뜻합니다. 寺는 ""무덤(土)앞에서 합장하는(寸) 스님""이라는 뜻의 글자입니다. ""합장하는 스님"" -> ""절""이라는 의미입니다. 等는 ""절(寺)의 불경(𥫗)을 가지런히 정돈하다"" -> ""가지런하다"" -> ""같다, 동등하다""라는 뜻의 글자입니다.",음독은 トウ입니다. 특별한 점은 없습니다.,"等しい는 ""같다, 동등하다""라는 뜻의 형용사입니다. 예문) 長さが等しい 길이가 같다 ケーキを3人で等しく分ける 케이크를 3명이서 똑같이 나누다 참고)同じ・等しい의 차이점 아래 예문을 참조해 주세요. 예문) 色は違うけど大きさは等しい 색은 다르지만 크기는 같다 ケーキを3人で等しく分ける 케이크를 3명이서 똑같이 나누다 長さが等しい 길이가 같다 同じ日の午後같은 날 오후 同じ学校같은 학교",no
518,N3,救,구원할 구,"""구원할 구"". 구해주다",キュウ,すく(う),"救 = 求 + 攵。 (소리부 겸 의미부)「求」(キュウ)는 ""바라다, 구하다""라는 뜻입니다. (의미부)「攵」는 ""때리다, 치다""라는 뜻입니다. 救는 ""도움을 청하는(求) 아군을 구해주다(攵)"" -> ""구원하다, 구해주다""라는 뜻의 글자입니다. (求는 소리부도 겸함)",음독은 キュウ입니다. 특별한 점은 없습니다.,"救う는 ""구하다, 구원하다""라는 뜻의 타동사입니다.",no
519,N3,老,늙을 노,"""늙을 노"". 늙다",ロウ,お(いる)、ふ(ける),"老 = 耂 + 匕。 「耂」는 ""노인""을 뜻합니다. 「匕」는 ""넘어져있는 사람""을 뜻합니다. 老는 ""지쳐서 넘어진(匕)노인(耂)"" -> ""노인""이라는 뜻의 글자입니다.",음독은 ロウ입니다. 특별한 점은 없습니다.,"老いる、老ける는 둘 다 ""나이를 먹다, 늙다, 쇠약해지다""라는 뜻의 2그룹 자동사입니다. 둘의 차이점은 다음과 같습니다. 아래 예문을 참조해 주세요.",no
520,N3,令,하여금 령,"""하여금 령"". 명령하다",レイ,,"令 = 亼 + 卩。 亼는 여기서는 ""왕의 궁궐""을 그린 모양자입니다. 「卩」는 ""무릎꿇은 사람""을 뜻합니다. 令는 ""왕(亼)이 무릎꿇은 신하(卩)에게 명령을 내리다"" -> ""명령""이라는 뜻의 글자입니다.",음독은 レイ입니다. 특별한 점은 없습니다.,令의 정식 훈독은 없습니다.,no
521,N3,角,뿔 각,"""뿔 각"". 뿔, 귀퉁이, 구석",カク,かど、つの,"角는 ""짐승의 뿔""을 그린 상형문자입니다.",음독은 カク입니다. 특별한 점은 없습니다.,"角는 ""귀퉁이, 구석, 길모퉁이""를 뜻합니다. 角는 ""뿔""을 뜻합니다.",no
522,N3,曲,굽을 곡,"""굽을 곡"". 구부러지다, 곡조",キョク,ま(がる)、ま(げる),"曲는 ""구부러진 모양의 자""를 그린 상형문자입니다. ""구부러진 자"" -> ""구부러지다, 음악, 곡조""라는 의미입니다.",음독은 キョク입니다. 특별한 점은 없습니다.,"曲がる는 ""구부러지다""라는 뜻의 자동사입니다. 曲げる는 ""구부리다, 굽히다""라는 뜻의 2그룹 타동사입니다.",no
523,N3,庭,뜰 정,"""뜰 정"". 마당, 뜰, 정원",テイ,にわ,"庭 = 广 + 廴 + 壬。 「广」는 ""집, 건물""을 뜻합니다. 「廴」는 ""길, 걷다""라는 뜻입니다. 壬는 여기서는 ""팔을 휘두르며 걷는 사람""을 그린 모양자입니다. 庭는 ""저택(广) 안의 뜰을 휘적휘적 걷는(廴) 사람(壬)"" -> ""정원, 뜰, 마당""이라는 뜻의 글자입니다.",음독은 テイ입니다. 특별한 점은 없습니다.,"庭는 ""정원, 뜰, 마당""을 뜻합니다.",no
524,N3,徒,무리 도,"""무리 도"". 길, 무리, 제자",ト,,"徒 = 彳 + 走。 「彳」는 ""길""을 뜻합니다. 「走」는 ""달리다""라는 뜻입니다. 徒는 ""같은 길(彳)을 달리는(走) 사람들"" -> ""길, 무리, 제자""라는 뜻의 글자입니다.",음독은 ト입니다. 특별한 점은 없습니다.,徒의 정식 훈독은 없습니다.,no
525,N3,貨,재물 화,"""재물 화"". 화폐, 재화",カ,,"貨 = 化 + 貝。 (소리부)「化」(カ)는 여기서는 소리부의 역할만 하고 있습니다. (의미부)「貝」는 ""돈, 재물""을 뜻합니다. 貨는 ""돈(貝)"" -> ""화폐, 재화""라는 뜻의 글자입니다(化는 소리부).",음독은 カ입니다. 특별한 점은 없습니다.,貨의 정식 훈독은 없습니다.,no
526,N3,血,피 혈,"""피 혈"". 피",ケツ,ち,"血 = 丶 + 皿。 皿는 ""그릇, 접시""를 뜻하는 상용한자입니다. 皿는 ""음식을 담는 그릇""을 그린 상형문자입니다. 丶는 여기서는 ""핏방울""을 그린 모양자입니다. 血는 ""그릇(皿)에 떨어지는 핏방울(丶)"" -> ""피""라는 뜻의 글자입니다.",음독은 ケツ입니다. 특별한 점은 없습니다.,"血는 ""피""를 뜻합니다.",no
527,N3,温,따뜻할 온,"""따뜻할 온"". 따뜻하다",オン,あたた(か)、あたた(かい)、あたた(まる)、あたた(める),"温 = 氵 + 日 + 皿。 「氵」는 ""물""을 뜻합니다. 「日」는 ""태양""을 뜻합니다. 皿는 ""그릇, 접시""를 뜻하는 상용한자입니다. 皿는 ""음식을 담는 그릇""을 그린 상형문자입니다. 温는 ""그릇(皿)에 담긴 물(氵)이 햇빛(日)을 받아 따뜻해지다"" -> ""따뜻하다""라는 뜻의 글자입니다.",음독은 オン입니다. 특별한 점은 없습니다.,"1.温か、温かい 温かい는 ""따뜻하다""라는 뜻의 형용사입니다. 温か는 ""따뜻함""을 뜻합니다. 예문) 温かい家庭따뜻한 가정 温かな言葉따뜻한 말 2.温まる、温める 温まる는 ""따뜻해지다""라는 뜻의 자동사입니다. 温める는 ""따뜻하게 하다""라는 뜻의 2그룹 타동사입니다. 예문) 冷や飯を温める 찬밥을 데우다 心が温まる 마음이 따뜻해지다",no
528,N3,季,계절 계,"""계절 계"". 계절",キ,,"季 = 禾 + 子。 「禾」는 ""곡식""을 뜻합니다. 「子」는 ""어린아이""를 뜻합니다. 季는 ""곡식(禾)이 아직 덜 자란(子) 계절"" -> ""계절""이라는 뜻의 글자입니다.",음독은 キ입니다. 특별한 점은 없습니다.,季의 정식 훈독은 없습니다.,no
529,N3,星,별 성,"""별 성"". 별",セイ、ショウ,ほし,"星 = 日 + 生。 「日」는 ""태양""을 뜻합니다. 「生」는 ""생명""을 뜻합니다. 星는 ""살아있는(生) 듯이 환하게 빛나는 별(日)"" -> ""별""이라는 뜻의 글자입니다.",음독은 セイ、ショウ입니다. 사용 빈도는 セイ가 훨씬 높습니다.,"星는 ""별""을 뜻합니다.",no
530,N3,庫,곳집 고,"""곳집 고"". 창고",コ、ク,,"庫 = 广 + 車。 「广」는 ""집, 건물""을 뜻합니다. 「車」는 ""수레, 차""를 뜻합니다. 庫는 ""수레(車)를 놓아두는 건물(广)"" -> ""창고""라는 뜻의 글자입니다.",음독은 コ、ク입니다. 그러나 절대다수는 コ로 읽습니다. ク는庫裏(절의 부엌) 외에는 거의 쓰지 않는 음독입니다.,庫의 정식 훈독은 없습니다.,no
531,N3,欠,이지러질 결,"""이지러질 결"". 부족한, 결함, 이지러진",ケツ,か(ける)、か(く),"欠는 ""입을 벌리고 하품하는 사람""을 그린 상형문자입니다. ""하품하다"" -> ""잠이 부족하다"" -> ""부족한, 결함의""라는 의미입니다.",음독은 ケツ입니다. 특별한 점은 없습니다.,"欠ける는 ""빠지다, 결여되다, 이지러지다""라는 뜻의 2그룹 자동사입니다. 欠く는 ""빠뜨리다, 결여하다, 소홀히 하다""라는 뜻의 타동사입니다. 예문) 全集の第二巻が欠けている 전집의 제 2권이 빠져 있다 常識に欠けている 상식이 결여되어 있다 面白みに欠ける人재미가 없는 사람 欠くべからざる存在없어서는 안 되는 존재 欠くことのできない条件빼놓을 수 없는 조건",no
532,N3,坂,언덕 판,"""언덕 판"". 언덕, 비탈",ハン,さか,"坂 = 土 + 反。 (의미부)「土」는 ""흙, 땅""을 뜻합니다. (소리부 겸 의미부)「反」(ハン)은 여기서는 ""비탈길(厂)""을 그린 모양자로 쓰인 것입니다. 坂는 ""흙(土)으로 덮인 비탈길(反)"" -> ""언덕, 비탈""이라는 뜻의 글자입니다. (反은 소리부도 겸함)",음독은 ハン입니다. 특별한 점은 없습니다.,"坂는 ""비탈길, 언덕""을 뜻합니다.",no
533,N3,底,밑 저,"""밑 저"". 바닥, 밑바닥",テイ,そこ,"底 = 广 + 氐。 (의미부)「广」는 ""집, 건물""을 뜻합니다. (소리부 겸 의미부)「氐」(テイ)는 ""낮다""라는 뜻입니다. 底는 ""건물(广)의 밑바닥(氐)"" -> ""바닥, 밑바닥""이라는 뜻의 글자입니다. (氐는 소리부도 겸함)",음독은 テイ입니다. 특별한 점은 없습니다.,"底는 ""바닥, 밑""을 뜻합니다.",no
534,N3,寺,절 사,"""절 사"". 절, 사찰",ジ,てら,"寺 = 土 + 寸。 「寸」는""손""을 뜻합니다. 「土」는 ""흙""을 뜻합니다. 寺는 ""무덤(土)앞에서 합장하는(寸) 스님""이라는 뜻의 글자입니다. ""합장하는 스님"" -> ""절""이라는 의미입니다.",음독은 ジ입니다. 특별한 점은 없습니다.,"寺는 ""절""을 뜻합니다.",no
535,N3,息,쉴 식,"""쉴 식"". 숨쉬다, 휴식",ソク,いき,"息 = 自 + 心。 「自」는 본래 ""사람의 코""를 그린 글자입니다(링크 참조). 「心」는 본래 ""심장""을 그린 글자입니다(링크 참조). 息는 ""코(自)와 심장(心)으로 호흡하다"" -> ""숨쉬다""라는 뜻의 글자입니다.",음독은 ソク입니다. 특별한 점은 없습니다.,훈독은 いき입니다. 특별한 점은 없습니다.,no
536,N3,願,원할 원,"""원할 원"". 원하다, 바라다, 소원",ガン,ねが(う),"願 = 原 + 頁。 「原」는 ""근원""을 뜻합니다. 「頁」는 ""머리""를 뜻합니다. 願는 ""머릿속(頁) 깊이(原) 바라는 소원"" -> ""소원, 원하다, 바라다""라는 뜻의 글자입니다.",음독은 ガン입니다. 특별한 점은 없습니다.,"願う는 ""원하다, 바라다""라는 뜻의 타동사입니다. 願い는 ""소원, 부탁""을 뜻합니다. 예문) 無事を願う 무사하기를 바라다(빌다) 一つお願いがあります 부탁이 하나 있습니다 願いが叶う 소원을 이루다",no
537,N3,絵,그림 회,"""그림 회"". 그림",カイ、エ,,"絵 = 糸 + 会。 (의미부)「糸」는 ""실""을 뜻합니다. (소리부 겸 의미부)「会」(カイ、エ)는 ""만나다""라는 뜻입니다. 絵는 ""오색의 실(糸)이 만나(会) 수놓은 문양"" -> ""그림""이라는 뜻의 글자입니다. (会는 소리부도 겸함)",음독은 カイ、エ입니다. 그러나 절대다수는 エ로 읽습니다. カイ는絵画(회화) 외에는 거의 쓰지 않는 음독입니다.,絵의 정식 훈독은 없습니다.,no
538,N3,希,바랄 희,"""바랄 희"". 바라다, 드물다",キ,,"希 = 爻 + 巾。 「巾」는 ""수건, 천""을 뜻합니다. 爻는 여기서는 ""천에 새겨넣은 자수""를 그린 모양자입니다. 希는 ""많은 사람이 원하는, 자수(爻)가 새겨진 희귀한 천(巾)"" -> ""바라다, 희귀하다""라는 뜻의 글자입니다.",음독은 キ입니다. 특별한 점은 없습니다.,希의 정식 훈독은 없습니다.,no
539,N3,笑,웃음 소,"""웃음 소"". 웃다",ショウ,わら(う)、え(む),"笑 =𥫗+ 夭。 「𥫗」는 ""대나무""를 뜻합니다. 夭는 여기서는 ""팔을 휘저으며 뛰어노는 아이""를 그린 모양자입니다. 笑는 ""대나무 숲(𥫗)에서 즐겁게 뛰어노는 아이(夭)"" -> ""웃음, 웃다""라는 뜻의 글자입니다.",음독은 ショウ입니다. 특별한 점은 없습니다.,"笑う는 ""웃다""라는 뜻의 자동사 겸 타동사입니다. 笑む는 ""미소짓다, 방긋 웃다""라는 뜻의 자동사입니다.",no
540,N3,束,묶을 속,"""묶을 속"". 묶다, 묶음",ソク,たば,"束는 ""나뭇단을 묶어놓은 모습""을 그린 상형문자입니다.",음독은 ソク입니다. 특별한 점은 없습니다.,"束는 ""다발, 묶음""을 뜻합니다.",no
541,N3,仲,버금 중,"""버금 중"". 사람과 사람 사이의 관계",チュウ,なか,"仲 = 亻 + 中。 (의미부)「亻」는 ""사람""을 뜻합니다. (소리부 겸 의미부)「中」(チュウ)는 ""가운데, 중간""을 뜻합니다. 仲는 ""사람과 사람(亻) 사이(中)의 관계""라는 뜻의 글자입니다. (中는 소리부도 겸함)",음독은 チュウ입니다. 특별한 점은 없습니다.,"仲는 ""사람과 사람 사이""를 뜻합니다.",no
542,N3,栄,영화 영,"""영화 영"". 번영, 영광",エイ,さか(える)、は(え)、は(える),"栄 = ⺍ + 冖 + 木。 「⺍＋冖」는 ""불이 환하게 켜진 집""을 뜻합니다. 「木」는 ""나무""를 뜻합니다. 栄는 ""밝게 빛나는(⺍+冖) 횃불(木)"" -> ""영광, 번영""이라는 뜻의 글자입니다.",음독은 エイ입니다. 특별한 점은 없습니다.,"栄える는 ""번영하다, 번창하다""라는 뜻의 2그룹 자동사입니다. 栄え는 ""영광, 명예""를 뜻합니다. 栄える는 ""(다른 것과의 대조로) 돋보이다, 두드러지다""라는 뜻의 2그룹 자동사입니다.",no
543,N3,札,편지 찰,"""편지 찰"". 패, 문서, 편지, 명찰 등",サツ,ふだ,"札 = 木 + 乚。 「木」는 ""나무""를 뜻합니다. 乚는 여기서는 ""문패""를 본따 그린 모양자입니다. 札는 ""나무(木)로 만든 문패(乚)"" -> ""문패, 명찰, 문서, 편지""라는 뜻의 글자입니다.",음독은 サツ입니다. 특별한 점은 없습니다.,"札는 ""표, 팻말"" 등을 뜻합니다.",no
544,N3,板,널빤지 판,"""널빤지 판"". 판자, 널빤지",ハン、バン,いた,"板 = 木 + 反。 (의미부)「木」는 ""나무""를 뜻합니다. (소리부)「反」(ハン)은 여기서는 소리부(ハン -> ハン・バン)의 역할만 하고 있습니다. 板는 ""나무판자(木)"" -> ""판자, 널빤지""라는 뜻의 글자입니다(反은 소리부).",음독은 ハン、バン입니다. 특별한 구분법은 없습니다.,훈독은 いた입니다. 특별한 점은 없습니다.,no
545,N3,列,벌일 열,"""벌일 열"". 나열하다",レツ,,"列 = 歹 + 刂。 「歹」는 ""시체""를 뜻합니다. 「刂」는 ""칼""을 뜻합니다. 列는 ""짐승의 시체(歹)에서 뼈를 분리해(刂) 부위별로 늘어놓다"" -> ""나열하다""라는 뜻의 글자입니다.",음독은 レツ입니다. 특별한 점은 없습니다.,列의 정식 훈독은 없습니다.,no
546,N3,節,마디 절,"""마디 절"". 마디, 관절",セツ、セチ,ふし,"節 = 𥫗 + 即。 「𥫗」는 ""대나무""를 뜻합니다. 「卩」는 ""무릎꿇은 사람""을 뜻합니다. 即의 왼쪽 부분은 여기서는 글자의 형태를 갖추기 위해 추가된 장식입니다. 節는 ""대나무 마디(𥫗) + 무릎 마디(卩)"" -> ""마디, 관절""이라는 뜻의 글자입니다.",음독은 セツ、セチ입니다. 그러나 절대다수는 セツ로 읽습니다. セチ는 일부 예외적인 단어에만 쓰이는 음독입니다.,"節는 ""마디""를 뜻합니다.",no
547,N3,遊,놀 유,"""놀 유"". 놀다",ユウ、ユ,あそ(ぶ),"遊 = ⻌ + 𭤨 + 子。 「⻌」는 ""길""을 뜻합니다. 「𭤨」는 ""바람에 나부끼는 깃발""을 뜻합니다. 「子」는 ""아이""를 뜻합니다. 遊는 ""길(⻌)에서 깃발을 흔들며(𭤨) 노는 어린아이(子)"" -> ""놀다""라는 뜻의 글자입니다.",음독은 ユウ、ユ입니다. 사용 빈도는 ユウ가 훨씬 높습니다.,"遊ぶ는 ""놀다""라는 뜻의 자동사입니다.",no
548,N3,君,임금 군,"""임금 군"". 군주, 임금, 당신",クン,きみ,"君 = ⺕ + 丿 + 口。 「⺕」는 ""손""을 뜻합니다. 丿는 여기서는 ""붓""을 그린 모양자입니다. 「口」는 ""입""을 뜻합니다. 君는 ""붓(丿)을 들고(⺕)칙서를 쓰며 명령(口)을 내리는 군주"" -> ""군주, 임금""이라는 뜻의 글자입니다.","음독은 クン입니다. 특별한 점은 없습니다. 상대방의 이름 뒤에 ~君을 붙이면, 동년배 혹은 손아랫사람에게 쓰는 가벼운 경칭이 됩니다.","君는 ""그대, 자네, 너""라는 뜻입니다.",no
549,N3,包,쌀 포,"""쌀 포"". 감싸다",ホウ,つつ(む),"包 = 勹 + 己。 勹는 여기서는 ""자궁""을 그린 모양자입니다. 「己」는 ""몸을 웅크린 사람""을 뜻합니다. 여기서는""태아""를 표현한 것입니다. 包는 ""자궁(勹)에 감싸인 태아(己)"" -> ""감싸다""라는 뜻의 글자입니다.",음독은 ホウ입니다. 특별한 점은 없습니다.,"包む는 ""싸다, 포장하다, 에워싸다""라는 뜻의 타동사입니다.",no
550,N3,折,꺾을 절,"""꺾을 절"". 꺾다, 꺾이다, 나누다",セツ,お(る)、お(れる)、おり,"折 = 扌 + 斤。 「扌」는 ""손""을 뜻합니다. 「斤」는 ""도끼""를 뜻합니다. 折는 ""도끼(斤)를 들고(扌)나무를 베다"" -> ""꺾다, 꺾이다, 나누다""라는 뜻의 글자입니다.",음독은 セツ입니다. 특별한 점은 없습니다.,"1.折る、折れる 折る는 ""접다, 꺾다, 부러뜨리다""라는 뜻의 타동사입니다. 折れる는 ""접히다, 꺾이다, 부러지다""라는 뜻의 2그룹 자동사입니다. 예문) 木の枝を折る 나뭇가지를 꺾다 紙を折る 종이를 접다 紙の端が折れる 종이 끝이 접히다 針が折れる 바늘이 부러지다 信念が折れる 신념이 꺾이다 2. おり 折는 ""때, 계절, 시기""를 뜻합니다. 예문) 時折手紙を受ける 때때로 편지를 받는다",no
551,N3,草,풀 초,"""풀 초"". 풀",ソウ,くさ,"草 = 艹 + 早。 (의미부)「艹」는 ""풀""을 뜻합니다. (소리부)「早」(ソウ)는 여기서는 소리부의 역할만 하고 있습니다. 草는 ""풀(艹)"" -> ""풀""이라는 뜻의 글자입니다(早는 소리부).",음독은 ソウ입니다. 특별한 점은 없습니다.,"草는 ""풀""을 뜻합니다.",no
552,N3,焼,불사를 소,"""불사를 소"". 불사르다, 태우다, 굽다",ショウ,や(く)、や(ける),"焼 = 火 + 十 + 艹 + 兀。 「火」는 ""불""을 뜻합니다. 兀는 여기서는 ""화로""를 그린 모양자입니다. 「艹」는 ""풀""을 뜻합니다. 十는 여기서는 ""꼬챙이(丨)에 꿴 고기(一)""를 그린 모양자입니다. 焼는 ""화로(兀) 위에서 야채(艹)와 고기(十)를 굽다(火)"" -> ""불사르다, 태우다, 굽다""라는 뜻의 글자입니다.",음독은 ショウ입니다. 특별한 점은 없습니다.,"焼く는 ""태우다, 굽다""라는 뜻의 타동사입니다. 焼ける는 ""불타다, 구워지다""라는 뜻의 2그룹 자동사입니다. 예문) ゴミを焼く 쓰레기를 태우다 魚を焼く 생선을 굽다 街の半分が焼けた 거리의 절반이 불탔다 日に焼けた肌햇볕에 탄 피부 もちがよく焼けた 떡이 잘 구워졌다",no
553,N3,章,글 장,"""글 장"". 글, 문장, 무늬",ショウ,,"章 = 辛 + 日。 「辛」는 ""문신을 새기는 고문 도구""를 뜻합니다. 日는 여기서는 ""(새겨진) 문신, 표식""을 그린 모양자입니다. 章는 ""노예의 몸에새겨진(辛)표식(日)"" -> ""글, 문장, 무늬""라는 뜻의 글자입니다.",음독은 ショウ입니다. 특별한 점은 없습니다.,章의 정식 훈독은 없습니다.,no
554,N3,照,비칠 조,"""비칠 조"". (빛을) 비추다, 쬐다",ショウ,て(る)、て(らす)、て(れる),"照 = 日 + 召 + 灬。 (의미부)「日」는 ""태양""을 뜻합니다. (의미부)「灬」는 ""불""을 뜻합니다. (소리부 겸 의미부)召(ショウ - 부를 소)는 ""부르다""라는 뜻의 상용한자입니다. 召 = 刀 + 口。 「刀」는 ""칼""을 뜻합니다. 「口」는 ""입""을 뜻합니다. 옛사람들은 ""입은 화를 부르는 문이며, 혀는 몸을 베는 칼이다""라고 경계했다고 합니다. 召는 ""말실수(口)가 화(刀)를 부르다"" -> ""부르다""라는 뜻의 글자입니다. 照는 ""불빛(日+灬)을 불러들이다(召)"" -> ""(빛을) 비추다, 쬐다""라는 뜻의 글자입니다. (召는 소리부도 겸함)",음독은 ショウ입니다. 특별한 점은 없습니다.,"1.照る、照らす 照る는 ""(해나 달 등이) 비치다""라는 뜻의 1그룹 자동사입니다. 照らす는 ""(빛을) 비추다, 대조해 보다""라는 뜻의 타동사입니다. 예문) 太陽がかんかんと照る 태양이 쨍쨍 내리쬐다 月が夜道を照らす 달이 밤길을 비추다 闇を照らす灯台어둠을 비추는 등대 2.照れる 照れる는 ""수줍어하다, 부끄러워하다""라는 뜻의 2그룹 자동사입니다. 예문) 彼女は照れた表情で目をそらした 그녀는 수줍은 표정으로 시선을 돌렸다",no
555,N3,酒,술 주,"""술 주"". 술",シュ,さけ、さか,"酒 = 氵 + 酉。 「氵」는 ""물""을 뜻합니다. 「酉」는 ""술병, 술""을 뜻합니다. 酒는 ""술병(酉)에 담긴 액체(氵)"" -> ""술""이라는 뜻의 글자입니다.",음독은 シュ입니다. 특별한 점은 없습니다.,"酒는 ""술""을 뜻합니다.",no
556,N3,悲,슬플 비,"""슬플 비"". 슬프다",ヒ,かな(しい)、かな(しむ),"悲 = 非 + 心。 (소리부 겸 의미부)非(ヒ- ""아닐 비"")는 ""아니다, 잘못되다""라는 뜻의 상용한자입니다. 非는 ""새의 날개""를 그린 상형문자입니다. ""등 위의 날개"" -> ""등지다"" -> ""배반"" -> ""아니다""라는 의미입니다. (의미부)「心」는 ""마음""을 뜻합니다. 悲는 ""마음(心)이 영 아니다(非)"" -> ""슬프다""라는 뜻의 글자입니다. (非는 소리부도 겸함)",음독은 ヒ입니다. 특별한 점은 없습니다.,"悲しい는 ""슬프다""라는 뜻의 형용사입니다. 悲しむ는 ""슬퍼하다""라는 뜻의 타동사입니다.",no
557,N3,秒,분초 초,"""분초 초"". 1초",ビョウ,,"秒 = 禾 + 少。 「禾」는 ""곡식""을 뜻합니다. 「少」는 ""적다""라는 뜻입니다. 秒는 ""작디작은(少)곡식 알갱이(禾)"" -> ""아주 짧은 시간"" -> ""1초""라는 뜻의 글자입니다.",음독은 ビョウ입니다. 특별한 점은 없습니다.,秒의 정식 훈독은 없습니다.,no
558,N3,晴,갤 청,"""갤 청"". 날이 개다, 맑은 날씨",セイ,は(れる)、は(らす),"晴 = 日 + 青。 (의미부)「日」는 ""태양""을 뜻합니다. (소리부 겸 의미부)「青」(セイ)는 ""푸르다""라는 뜻입니다. 晴는 ""푸르게(青) 갠 맑은(日) 하늘"" -> ""맑은 날씨, 날이 개다""라는 뜻의 글자입니다. (青는 소리부도 겸함)",음독은 セイ입니다. 특별한 점은 없습니다.,"晴れる는 ""(날씨가) 맑아지다, (마음이) 개운해지다""라는 뜻의 2그룹 자동사입니다. 晴らす는 ""풀다, 해소시키다""라는 뜻의 타동사입니다. 예문) 空が晴れる 하늘이 개다 心が晴れた 마음이 개운해졌다 気分を晴らす 기분을 풀다 自分の疑いを晴らしたい 자신의 혐의를 풀고 싶다",no
559,N3,陽,볕 양,"""볕 양"". 볕, 햇빛, 양기",ヨウ,,"陽 = ⻖ + 昜。 (의미부)「⻖」는 ""언덕""을 뜻합니다. (소리부 겸 의미부)「昜」(ヨウ)는 ""햇빛, 뜨거운 햇살""을 뜻합니다. 陽는 ""언덕(⻖) 위 높이 내리쬐는 태양(昜)"" -> ""볕, 햇빛, 양기""라는 뜻의 글자입니다. (昜는 소리부도 겸함)",음독은 ヨウ입니다. 특별한 점은 없습니다.,陽의 정식 훈독은 없습니다.,no
560,N3,皮,가죽 피,"""가죽 피"". 가죽, 모피, 표면",ヒ,かわ,"皮 =厂 +丨 + 又。 厂+丨는 여기서는 ""동물의 가죽(厂)과 뿔(丨)""을 그린 모양자입니다. 「又」는 ""손""을 뜻합니다. 皮는 ""동물의 가죽(厂+丨)을 벗기다(又)"" -> ""가죽, 껍질, 표면""이라는 뜻의 글자입니다.",음독은 ヒ입니다. 특별한 점은 없습니다.,"皮는 ""가죽, 껍질, 표면""을 뜻합니다.",no
561,N3,漁,고기잡을 어,"""고기잡을 어"". 낚시",ギョ、リョウ,,"漁 = 氵 + 魚。 (의미부)「氵」는 ""물""을 뜻합니다. (소리부 겸 의미부)「魚」(ギョ)는 ""물고기""를 뜻합니다. 漁는 ""물(氵) 속의 물고기(魚)를 잡다"" -> ""낚시""라는 뜻의 글자입니다. (魚는 소리부(ギョ -> ギョ・リョウ)도 겸함)",음독은 ギョ、リョウ입니다. 특별한 구분법은 없습니다.,漁의 정식 훈독은 없습니다.,no
562,N3,貯,쌓을 저,"""쌓을 저"". 저축하다, 쌓다",チョ,,"貯 = 貝 + 宁。 「貝」는 ""돈, 재물""을 뜻합니다. 宁는 여기서는 ""금고""를 그린 모양자입니다. 貯는 ""금고(宁)에 돈(貝)을 모아놓다"" -> ""저축하다, 쌓다""라는 뜻의 글자입니다.",음독은 チョ입니다. 특별한 점은 없습니다.,貯의 정식 훈독은 없습니다.,no
563,N3,歯,이 치,"""이 치"". 이, 치아",シ,は,"歯 = 止 + 米 + 凵。 (소리부)「止」(シ)는 여기서는 소리부의 역할만 하고 있습니다. (의미부)米+凵는 여기서는 ""치아가 난 모습""을 그린 모양자입니다. 아래 그림을 참조해 주세요. 「米+凵」 歯는 ""치아(米+凵)"" -> ""이, 치아""라는 뜻의 글자입니다(止는 소리부).",음독은 シ입니다. 특별한 점은 없습니다.,"歯는 ""이, 치아""를 뜻합니다.",no
564,N3,柱,기둥 주,"""기둥 주"". 기둥",チュウ,はしら,"柱 = 木 + 主。 (의미부)「木」는 ""나무""를 뜻합니다. (소리부 겸 의미부)「主」(シュ)는 ""주인, 주축""을 뜻합니다. 柱는 ""가옥의 주축(主)이 되는 나무기둥(木)"" -> ""기둥""이라는 뜻의 글자입니다. (主는 소리부(シュ -> チュウ)도 겸함)",음독은 チュウ입니다. 특별한 점은 없습니다.,"柱는 ""기둥""을 뜻합니다.",no
565,N3,祭,제사 제,"""제사 제"". 제사, 의식, 축제",サイ,まつ(る)、まつ(り),"祭 =月+ 又 + 示。 「月」는 ""고기""를 뜻합니다. 「又」는 ""손""을 뜻합니다. 「示」는 ""신, 종교, 고대의 비석""을 뜻합니다. 祭는 ""제사상(示) 위에 고기(月)를 올리다(又)"" -> ""제사, 의식, 축제""라는 뜻의 글자입니다.",음독은 サイ입니다. 특별한 점은 없습니다.,"祭り는 ""제사, 행사, 잔치, 축제"" 등을 뜻합니다. 祭る는 ""제사지내다""라는 뜻의 타동사입니다.",no
566,N3,雪,눈 설,"""눈 설"". 눈",セツ,ゆき,"雪 = 雨 + ヨ。 「雨」는 ""비""를 뜻합니다. ヨ는 여기서는「帚」가 축약된 것으로, ""빗자루""를 뜻합니다. 雪는 ""쌓인 눈(雨)을 빗자루(帚)로 쓸어내다"" -> ""눈""이라는 뜻의 글자입니다.",음독은 セツ입니다. 특별한 점은 없습니다.,"雪는 ""눈""을 뜻합니다.",no
567,N3,筆,붓 필,"""붓 필"". 붓, 필기",ヒツ,ふで,"筆 =𥫗+ 聿。 「𥫗」는 ""대나무""를 뜻합니다. 「聿」는 ""붓을 든 손""을 뜻합니다. 筆는 ""대나무(竹)로 만든 붓(聿)"" -> ""붓, 필기""라는 뜻의 글자입니다.",음독은 ヒツ입니다. 특별한 점은 없습니다.,"筆는 ""붓""을 뜻합니다.",no
568,N3,訓,가르칠 훈,"""가르칠 훈"". 가르치다, 훈계",クン,,"訓 = 言 + 川。 「言」는 ""말하다""라는 뜻입니다. 「川」는 ""강, 하천""을 뜻합니다. 訓는 ""가르침(言)을 내리다(川)"" -> ""가르치다, 훈계""라는 뜻의 글자입니다.",음독은 クン입니다. 특별한 점은 없습니다.,訓의 정식 훈독은 없습니다.,no
569,N3,浴,목욕할 욕,"""목욕할 욕"". 목욕하다",ヨク,あ(びる)、あ(びせる),"浴 = 氵 + 谷。 「氵」는 ""물""을 뜻합니다. 「谷」는 ""계곡, 골짜기""를 뜻합니다. 浴는 ""계곡(谷)에서 몸을 씻다(氵)"" -> ""목욕하다""라는 뜻의 글자입니다.",음독은 ヨク입니다. 특별한 점은 없습니다.,"浴びる는 ""뒤집어쓰다, 쬐다""라는 뜻의 2그룹 타동사입니다. 浴びせる는 ""씌우다, 끼얹다""라는 뜻의 2그룹 타동사입니다. 예문) シャワーを浴びる 샤워를 하다 日光を浴びる 햇볕을 흠뻑 쬐다 冷水を浴びせる 냉수를 끼얹다 非難を浴びせる 비난을 퍼붓다",no
570,N3,童,아이 동,"""아이 동"". 아이, 어린이",ドウ,わらべ,"童 = 立 + 里。 「立」는 ""서다""라는 뜻입니다. 「里」는 ""마을""을 뜻합니다. 童는 ""마을(里)을 돌아다니며(立) 노는 어린아이"" -> ""아이, 어린이""라는 뜻의 글자입니다.",음독은 ドウ입니다. 특별한 점은 없습니다.,"童는 ""어린아이""를 뜻합니다.",no
571,N3,塩,소금 염,"""소금 염"". 소금",エン,しお,"塩 = 土 + 𠂉 + 口 + 皿。 「土」는 ""흙""을 뜻합니다. 여기서는 ""소금 알갱이""를 흙에 비유한 것입니다. 皿는 ""그릇, 접시""를 뜻하는 상용한자입니다. 皿는 ""음식을 담는 그릇""을 그린 상형문자입니다. 𠂉 + 口는 여기서는 ""그릇의 뚜껑""을 그린 모양자입니다. 塩는 ""소금(土)이 담긴 그릇(皿)과 뚜껑(𠂉 + 口)"" -> ""소금""이라는 뜻의 글자입니다.",음독은 エン입니다. 특별한 점은 없습니다.,"塩는 ""소금""을 뜻합니다.",no
572,N3,兆,조 조,"""조 조"". 징조, 전조, 1조(수의 단위)",チョウ,きざ(す)、きざ(し),"兆는 ""거북의 등껍질에 나타난 점괘""를 그린 상형문자입니다. ""등껍질에 나타난 점괘"" -> ""징조, 전조, 징후""라는 의미입니다.",음독은 チョウ입니다. 특별한 점은 없습니다.,"兆し는 ""조짐, 징조, 전조""를 뜻합니다. 兆す는 ""싹트다, 마음이 생기다""라는 뜻의 타동사입니다. 예문) 変化の兆しが見えてきた 변화의 조짐이 보이기 시작했다 景気回復の兆し 경기 회복의 조짐 恋情が兆す 연정이 싹트다 悪心が兆す 나쁜 마음이 싹트다",no
573,N3,畑,화전 전,"""화전 전"". 밭",,はた、はたけ,"畑 = 火 + 田。 「火」는 ""불""을 뜻합니다. 「田」는 ""밭""을 뜻합니다. 畑는 ""산을 태워서(火) 만든 화전(田)"" -> ""밭""이라는 뜻의 글자입니다.",畑의 정식 음독은 없습니다.,"畑는 ""밭""을 뜻합니다.",no
574,N3,毛,터럭 모,"""터럭 모"". 털",モウ,け,"毛는 ""새의 깃털""을 그린 상형문자입니다.",음독은 モウ입니다. 특별한 점은 없습니다.,"毛는 ""털""을 뜻합니다.",no
575,N3,緑,초록빛 록,"""초록빛 록"". 녹색",リョク、ロク,みどり,"緑 = 糸 + 录。 「糸」는 ""실""을 뜻합니다. 「录」는 ""염색하다""라는 뜻입니다. 緑는 ""실(糸)을 초록색으로 염색하다(录)"" -> ""초록색""이라는 뜻의 글자입니다.",음독은 リョク、ロク입니다. 그러나 절대다수는 リョク로 읽습니다. ロク는 일부 예외적인 단어에만 쓰이는 음독입니다.,"緑는 ""초록""을 뜻합니다.",no
576,N3,祝,빌 축,"""빌 축"". 기원하다, 축하하다",シュク、シュウ,いわ(う),"祝 = 礻 + 兄。 「礻」는 ""종교, 신, 고대의 비석""을 뜻합니다. 「兄」는 ""형""을 뜻합니다. 祝는 ""장남(兄)의 탄생을 기원하다(礻)"" -> ""기원하다, 축하하다""라는 뜻의 글자입니다.",음독은 シュク、シュウ입니다. 사용 빈도는 シュク가 훨씬 높습니다.,"祝う는 ""축하하다""라는 뜻의 타동사입니다.",no
577,N3,礼,예절 예,"""예절 예"". 예의, 예절",レイ、ライ,,"礼 = 礻 + 乚。 「礻」는 ""종교, 신, 고대의 비석""을 뜻합니다. 乚는 여기서는 ""엎드려 절하는 모습""을 그린 모양자입니다. 礼는 ""신(礻)에게 절(乚)을 올리다"" -> ""예절, 예의""라는 뜻의 글자입니다.",음독은 レイ、ライ입니다. 사용 빈도는 レイ가 훨씬 높습니다.,礼의 정식 훈독은 없습니다.,no
578,N3,昔,옛 석,"""옛 석"". 옛날",セキ、シャク,むかし,"昔 = 龷 + 日。 龷는 여기서는 巛가 변형된 것으로, ""큰 물살/홍수""를 표현한 모양자입니다. 「日」는 ""해""를 뜻합니다. 昔는 ""물(巛) 아래 잠긴 태양(日)""이라는 뜻으로, 본래는 약 4300년 전 일어난 중국의 대홍수를 뜻하던 글자입니다. 그러나 시간이 지나며 ""대홍수"" -> ""먼 옛날의 일"" -> ""옛날""이 되어 지금의 의미를 가지게 되었습니다.",음독은 セキ、シャク입니다. 사용 빈도는 セキ가 훨씬 높습니다.,"昔는 ""옛날""을 뜻합니다.",no
579,N3,衣,옷 의,"""옷 의"". 옷",イ,ころも,"衣는 ""윗옷""을 그린 상형문자입니다.",음독은 イ입니다. 특별한 점은 없습니다.,"衣는 ""옷, 승려의 법의""를 뜻합니다.",no
580,N3,泳,헤엄칠 영,"""헤엄칠 영"". 수영하다",エイ,およ(ぐ),"泳 = 氵 + 永。 (의미부)「氵」는 ""물""을 뜻합니다. (소리부 겸 의미부)永(エイ - ""길 영"")은 ""길다, 영원하다""라는 뜻의 상용한자입니다. 永는 ""길게 굽이쳐 흐르는 강""을 그린 상형문자입니다. ""길다란 강"" -> ""길다, 영원하다""라는 의미입니다. 泳는 ""길게 뻗은(永) 강물(氵)에서 헤엄치다"" -> ""헤엄치다""라는 뜻의 글자입니다. (永는 소리부도 겸함)",음독은 エイ입니다. 특별한 점은 없습니다.,"泳ぐ는 ""헤엄치다""라는 뜻의 자동사입니다.",no
581,N3,荷,멜 하,"""멜 하"". 짐, 짊어지다",カ,に,"荷 = 艹 + 何。 (의미부 겸 소리부)「何」(カ)는 본래 ""짐보따리를 멘 사람""을 그린 글자입니다(링크 참조). (의미부)「艹」는 ""풀""을 뜻합니다. 荷는 ""건초 더미(艹)를 짊어진 사람(何)"" -> ""짐, 짊어지다""라는 뜻의 글자입니다. (何는 소리부도 겸함)",음독은 カ입니다. 특별한 점은 없습니다.,훈독은 に입니다. 특별한 점은 없습니다.,no
582,N3,黄,누를 황,"""누를 황"". 노랑",コウ、オウ,き、こ,"黄는 ""황금으로 만든 장신구를 허리에 두른 황제""를 그린 상형문자입니다. ""황금을 두른 황제"" -> ""황금"" -> ""노란색""이라는 의미입니다.",음독은 コウ、オウ입니다. 특별한 구분법은 없습니다.,훈독은 き、こ입니다. 사용 빈도는 き가 훨씬 높습니다.,no
583,N3,臣,신하 신,"""신하 신"". 신하",シン、ジン,,"臣는 ""고개숙인 사람의 눈동자""를 그린 상형문자입니다. 옛날에는 신하는 왕과 눈을 마주칠 수 없었다고 합니다. 臣는 ""고개숙인 신하의 눈"" -> ""신하""라는 뜻의 글자입니다.",음독은 シン、ジン입니다. 사용 빈도는 シン이 더 높습니다.,臣의 정식 훈독은 없습니다.,no
584,N3,浅,얕을 천,"""얕을 천"". 얕다",セン,あさ(い),"浅 = 氵 + 㦮。 (의미부)「氵」는 ""물""을 뜻합니다. (소리부 겸 의미부)「㦮」(セン)은 ""피와 살점이 뭍은 창""을 뜻합니다. 浅는 ""얕은 개울가(氵)에서 피묻은 창(㦮)을 씻어내다"" -> ""얕다""라는 뜻의 글자입니다. (㦮은 소리부도 겸함)",음독은 セン입니다. 특별한 점은 없습니다.,"浅い는 ""얕다""라는 뜻의 형용사입니다. 예문) 浅い海얕은 바다 浅い考え 얕은 생각 浅い緑色옅은 녹색",no
585,N3,雲,구름 운,"""구름 운"". 구름",ウン,くも,"雲 = 雨 + 云。 「雨」는 ""비""를 뜻합니다. 「云」는 ""구름""을 뜻합니다. 雲는 ""비(雨) 구름(云)"" -> ""구름""이라는 뜻의 글자입니다.",음독은 ウン입니다. 특별한 점은 없습니다.,"雲는 ""구름""을 뜻합니다.",no
586,N3,鳴,울 명,"""울 명"". (동물의) 울음소리, 울리다",メイ,な(く)、な(る)、な(らす),"鳴 = 口 + 鳥。 「口」는 ""입""을 뜻합니다. 「鳥」는 ""새""를 뜻합니다. 鳴는 ""새(鳥)가 지저귀다(口)"" -> ""울음소리, 울리다""라는 뜻의 글자입니다.",음독은 メイ입니다. 특별한 점은 없습니다.,"1.鳴く 鳴く는 ""(새/짐승 등이) 소리를 내다, 울다""라는 뜻의 자동사입니다. 예문) 小鳥が鳴く 작은 새가 울다 2.鳴る、鳴らす 鳴る는 ""(종 등이) 울리다, 소리가 나다""라는 뜻의 자동사입니다. 鳴らす는 ""(종 등을) 울리다, 소리를 내다""라는 뜻의 타동사입니다. 예문) 鐘が鳴る 종이 울리다 非常ベルを鳴らす 비상벨을 울리다",no
587,N3,炭,숯 탄,"""숯 탄"". 숯, 석탄",タン,すみ,"炭 = 山 + 厂 + 火。 「山」는 ""산""을 뜻합니다. 「厂」는 ""기슭, 절벽""을 뜻합니다. 「火」는 ""불""을 뜻합니다. 炭는 ""산불(山+火)로 불탄 나무가 지반에 묻혀서(厂) 만들어진 숯"" -> ""숯, 석탄""이라는 뜻의 글자입니다.",음독은 タン입니다. 특별한 점은 없습니다.,"炭는 ""숯, 목탄""을 뜻합니다.",no
588,N3,勇,날랠 용,"""날랠 용"". 용기, 용맹",ユウ,いさ(む),"勇 = マ + 男。 マ는 여기서는 ""투구""를 그린 모양자입니다. 「男」는 ""남성""을 뜻합니다. 勇는 ""투구(マ)를 쓴 남성(男)"" -> ""용기, 용맹""이라는 뜻의 글자입니다.",음독은 ユウ입니다. 특별한 점은 없습니다.,"勇む는 ""기운이 솟다, 용기가 용솟음치다""라는 뜻의 자동사입니다.",no
589,N3,械,기계 계,"""기계 계"". 기계, 도구",カイ,,"械 = 木 + 戒。 (의미부)「木」는 ""나무""를 뜻합니다. (소리부 겸 의미부)戒(カイ - ""경계할 계"")는 ""창을 든 병사""를 그린 상용한자입니다. 여기서는 ""창을 든 병사"" -> ""병장기""라는 뜻으로 쓰인 것입니다. 戒 = 戈 + 廾。 「戈」는 ""창""을 뜻합니다. 廾는 여기서는 ""두 손을 치켜든 모습""을 그린 모양자입니다. 戒는 ""창(戈)을 들고(廾) 보초를 서는 병사"" -> ""경계하다""라는 뜻의 글자입니다. 械는 "" 나무(木)로 만든 병장기(戒)"" -> ""기계""라는 뜻의 글자입니다. (戒는 소리부도 겸함)",음독은 カイ입니다. 특별한 점은 없습니다.,械의 정식 훈독은 없습니다.,no
590,N3,湖,호수 호,"""호수 호"". 호수",コ,みずうみ,"湖 = 氵 + 古 + 月。 (의미부)「氵」는 ""물""을 뜻합니다. (소리부 겸 의미부)「古」(コ)는 ""오래되다""라는 뜻입니다. (의미부)「月」는 ""달""을 뜻합니다. 湖는 ""달빛(月)을 받아 빛나는 오래된(古) 호수(氵)"" -> ""호수""라는 뜻의 글자입니다. (古는 소리부도 겸함)",음독은 コ입니다. 특별한 점은 없습니다.,"湖는 ""호수""를 뜻합니다.",no
591,N3,虫,벌레 충,"""벌레 충"". 벌레",チュウ,むし,"虫는 ""뿔이 달린 벌레""를 그린 상형문자입니다.",음독은 チュウ입니다 .특별한 점은 없습니다.,"虫는 ""벌레""를 뜻합니다.",no
592,N3,刷,인쇄할 쇄,"""인쇄할 쇄"". 인쇄하다",サツ,す(る),"刷 = 尸 + 巾 + 刂。 「尸」는 ""집, 지붕""을 뜻합니다(링크 참조). 「巾」는 ""수건, 천""을 뜻합니다. 「刂」는 ""칼""을 뜻합니다. 刷는 ""목판에 새긴(刂) 글을 천(巾)에 찍어내는 인쇄소(尸)"" -> ""인쇄하다""라는 뜻의 글자입니다.",음독은 サツ입니다. 특별한 점은 없습니다.,"刷る는 ""인쇄하다""라는 뜻의 타동사입니다.",no
593,N3,湯,끓일 탕,"""끓일 탕"". 뜨거운 물",トウ,ゆ,"湯 = 氵 + 昜。 「氵」는 ""물""을 뜻합니다. 「昜」는 ""햇볕, 뜨거운 햇살""을 뜻합니다. 湯는 ""뜨거운 햇볕(昜) 에 달궈진 물(氵)"" -> ""뜨거운 물""이라는 뜻의 글자입니다.",음독은 トウ입니다. 특별한 점은 없습니다.,"湯는 ""뜨거운 물, 데운 물, 목욕물""을 뜻합니다.",no
594,N3,箱,상자 상,"""상자 상"". 상자",,はこ,"箱 =𥫗+ 木 + 目。 「𥫗」는 ""대나무""를 뜻합니다. 「木」는 ""나무""를 뜻합니다. 目는 여기서는 ""네모난 상자""를 그린 모양자입니다. 箱는 ""대나무(竹)로 만든 나무(木) 상자(目)"" -> ""상자""라는 뜻의 글자입니다.",箱의 정식 음독은 없습니다.,"箱는 ""상자""를 뜻합니다.",no
595,N3,泣,울 읍,"""울 읍"". 울다",キュウ,な(く),"泣 = 氵 + 立。 「氵」는 ""물""을 뜻합니다. 「立」는 ""서다""라는 뜻입니다. 泣는 ""혼자 외롭게 서서(立) 구슬프게 울다(氵)"" -> ""울다""라는 뜻의 글자입니다.",음독은 キュウ입니다. 특별한 점은 없습니다.,"泣く는 ""울다""라는 뜻의 자동사입니다.",no
596,N3,孫,손자 손,"""손자 손"". 손자, 후손",ソン,まご,"孫 = 子 + 系。 「子」는 ""아이""를 뜻합니다. 系(""이어맬 계"")는 ""계통""을 뜻하는 상용한자입니다. 系 = 一 + 糸。 「一」는 ""1""을 뜻합니다. 「糸」는 ""실""을 뜻합니다. 系는 ""하나로(一) 이어지는(糸) 계통"" -> ""계통, 분류""라는 뜻의 글자입니다. 孫는 ""혈통(系)을 이어갈 아들(子)"" -> ""손자""라는 뜻의 글자입니다.",음독은 ソン입니다. 특별한 점은 없습니다.,"孫는 ""손자""를 뜻합니다.",no
597,N3,毒,독 독,"""독 독"". 독",ドク,,"毒 = 龶 + 毋。 龶는 여기서는 ""(독이 든) 버섯""을 그린 모양자입니다. 「毋」는 ""어머니""를 뜻합니다. 아기에게 젖을 물려야 하는 산모는 늘 먹을 것에 주의해야 합니다. 毒는 ""어미(毋)가 먹으면 안 되는 독버섯(龶)"" -> ""독""이라는 뜻의 글자입니다.",음독은 ドク입니다. 특별한 점은 없습니다.,毒의 정식 훈독은 없습니다.,no
598,N3,氷,얼음 빙,"""얼음 빙"". 얼음",ヒョウ,こおり、ひ,"氷 = 水 +丶。 「水」는 ""물""을 뜻합니다. 丶는 여기서는 水와 구분하기 위해 추가된 장식입니다. 氷는 ""물(水)이 얼다(丶)"" -> ""얼음""이라는 뜻의 글자입니다.",음독은 ヒョウ입니다. 특별한 점은 없습니다.,"氷는 ""얼음""을 뜻합니다.",no
599,N3,拾,주울 습,"""주울 습"". 줍다",シュウ,ひろ(う),"拾 = 扌 + 合。 「扌」는 ""손""을 뜻합니다. 「合」는 ""합치다""라는 뜻입니다. 拾는 ""주워(扌) 모으다(合)"" -> ""줍다""라는 뜻의 글자입니다.",음독은 シュウ입니다. 특별한 점은 없습니다.,"拾う는 ""줍다""라는 뜻의 타동사입니다. 예문) 落ち葉を拾う 낙엽을 줍다 栗を拾う 밤을 줍다",no
600,N3,粉,가루 분,"""가루 분"". 가루",フン,こ、こな,"粉 = 米 + 分。 (의미부)「米」는 ""쌀""을 뜻합니다. (소리부 겸 의미부)「分」(フン)은 ""나누다""라는 뜻입니다. 粉는 ""쌀알(米)을 잘게 부수다(分)"" -> ""가루""라는 뜻의 글자입니다. (分은 소리부도 겸함)",음독은 フン입니다. 특별한 점은 없습니다.,훈독은 こ、こな입니다. 특별한 점은 없습니다.,no
601,N3,糸,실 사,"""실 사"". 실",シ,いと,"糸는 ""실타래""를 그린 상형문자입니다.",음독은 シ입니다. 특별한 점은 없습니다.,"糸는 ""실""을 뜻합니다.",no
602,N3,才,재주 재,"""재주 재"". 재능",サイ,,"才는 ""땅 위로 새싹이 올라오는 모습""을 그린 상형문자입니다. ""새로 올라오는 새싹"" -> ""싹수가 보인다"" -> ""재능""이라는 의미입니다.",음독은 サイ입니다. 특별한 점은 없습니다.,才의 정식 훈독은 없습니다.,no
603,N3,灯,등잔 등,"""등잔 등"". 등, 등잔",トウ,ひ,"灯 = 火 + 丁。 「火」는 ""불""을 뜻합니다. 丁는 여기서는 ""등잔""을 그린 모양자입니다. 灯는 ""등잔(丁)의 불빛(火)"" -> ""등, 등잔""이라는 뜻의 글자입니다.",음독은 トウ입니다. 특별한 점은 없습니다.,"灯는 ""등불""을 뜻합니다.",no
604,N3,麦,보리 맥,"""보리 맥"". 보리",バク,むぎ,"麦는 ""보리 이삭""을 그린 상형문자입니다.",음독은 バク입니다. 특별한 점은 없습니다.,"麦는 ""보리, 밀, 귀리""를 뜻합니다.",no
605,N3,鼻,코 비,"""코 비"". 코",ビ,はな,"鼻 = 自 + 田 +廾。 「自」는 본래 ""코""를 그린 상형문자입니다(링크 참조). 田는 여기서는 ""콧구멍""을 그린 모양자입니다. 廾는 여기서는 ""인중""을 그린 모양자입니다. 鼻는 ""코(自) + 콧구멍(田) + 인중(廾)"" -> ""코""라는 뜻의 글자입니다.",음독은 ビ입니다. 특별한 점은 없습니다.,"鼻는 ""코""를 뜻합니다.",no
606,N3,胃,밥통 위,"""밥통 위"". 위(위장)",イ,,"胃 = 田 + 月。 田는 여기서는 ""사람의 위""를 그린 모양자입니다. 「月」는 ""신체의 일부""를 뜻합니다(링크 참조). 胃는 ""사람의 위(田) + 신체의 일부(月)"" -> ""위""라는 뜻의 글자입니다.",음독은 イ입니다. 특별한 점은 없습니다.,胃의 정식 훈독은 없습니다.,no
607,N3,貝,조개 패,"""조개 패"". 조개",,かい,"貝는 ""조개껍질""을 본따 그린 상형문자입니다.",貝의 정식 음독은 없습니다.,"貝는 ""조개""를 뜻합니다.",no
608,N3,皿,그릇 명,"""그릇 명"". 그릇, 접시",,さら,"皿는 ""음식을 담는 그릇""을 그린 상형문자입니다.",皿의 정식 음독은 없습니다.,"皿는 ""접시""를 뜻합니다.",no
609,N2,政,정사 정,"""정사 정"". 정치",セイ、ショウ,まつりごと,"政 = 正 + 攵。 (의미부 겸 소리부)「正」(セイ・ショウ)는 ""바르다""라는 뜻입니다. (의미부)「攵」는 ""때리다, 치다""라는 뜻입니다. 政는 ""잘못된 일들을 때려서(攵) 바로잡다(正)"" -> ""다스리다"" -> ""정치""라는 뜻의 글자입니다. (正는 소리부도 겸함)",음독은 セイ、ショウ입니다. 사용 빈도는 セイ가 훨씬 높습니다.,"政는 ""정치""를 뜻합니다.",no
610,N2,党,무리 당,"""무리 당"". 무리, 세력, 정당",トウ,,"党 = 龸 + 兄。 「龸」는 ""궁궐""을 뜻합니다. 「兄」는 ""형, 맏이""를 뜻합니다. 党는 ""우두머리(兄)를 중심으로 한 궁궐(龸)의 파벌"" -> ""무리, 세력, 정당""이라는 뜻의 글자입니다.",음독은 トウ입니다. 특별한 점은 없습니다.,党의 정식 훈독은 없습니다.,no
611,N2,経,지날 경,"""지날 경"". 경로, 경과, 경도(남북 방향), 경전",ケイ、キョウ,へ(る),"経 = 糸 + 圣。 (의미부)「糸」는 ""실""을 뜻합니다. (소리부 겸 의미부)「圣」(ケイ・キョウ)는 ""지나가다""라는 뜻입니다. 経는""베틀 사이로 날실(糸)이 지나가다(圣)""-> ""지나가다, 경로, 경과""라는 뜻의 글자입니다. (圣는 소리부도 겸함)",음독은 ケイ、キョウ입니다. 구분법은 다음과 같습니다. 아래 예시단어를 참조해 주세요.,"経る는 ""거치다, 겪다, 지나다, 통과하다""라는 뜻의 2그룹 자동사입니다. 예문) 東京を経て京都に帰る 도쿄를 거쳐 교토에 돌아가다 委員会を経て本会議に出す 위원회를 거쳐 본회의에 내놓다",no
612,N2,現,나타날 현,"""나타날 현"". 나타나다, 드러나다",ゲン,あらわ(れる)、あらわ(す),"現 = 𤣩 + 見。 「𤣩」는 ""구슬, 보석""을 뜻합니다. 「見」는 ""보다""라는 뜻입니다. 現는 ""숨겨진 보석(𤣩)이 드러나다(見)"" -> ""나타나다, 드러나다""라는 뜻의 글자입니다.",음독은 ゲン입니다. 특별한 점은 없습니다.,"現れる는 ""나타나다, 드러나다""라는 뜻의 2그룹 자동사입니다. 現す는 ""나타내다, 드러내다""라는 뜻의 타동사입니다. 예문) 姿が現れる 모습이 드러나다 英雄が現れる 영웅이 나타나다 真価が現れる 진가가 나타나다 姿を現す 모습을 드러내다 正体を現す 정체를 드러내다 참고)現れる・現す와表れる・表す의 차이점 아래 예문을 참조해 주세요. 예문) 態度に表れる 태도에서 드러나다 敬意を表す 경의를 표하다 英雄が現れる 영웅이 나타나다 正体を現す 정체를 드러내다",no
613,N2,性,성품 성,"""성품 성"". 성별, 본성, 천성",セイ、ショウ,,"性 = 忄 + 生。 (의미부)「忄」는 ""마음""을 뜻하는 부수입니다(링크 참조). (소리부 겸 의미부)「生」(セイ・ショウ)는 ""태어나다""라는 뜻입니다. 性는 ""타고난(生) 마음(忄)"" -> ""성별, 본성, 천성""이라는 뜻의 글자입니다. (生는 소리부도 겸함)",음독은 セイ、ショウ입니다. 사용 빈도는 セイ가 더 높으나 특별한 구분법은 없습니다.,性의 정식 훈독은 없습니다.,no
614,N2,制,절제할 제,"""절제할 제"". 제어, 제도, 절제, 억제, 통제",セイ,,"制 = 牛 + 巾 + 刂。 「牛」는 ""소""를 뜻합니다. 「巾」는 ""수건, 천""을 뜻합니다. 「刂」는 ""칼""을 뜻합니다. 制는 ""소(牛)에게 농기구를 씌우고(巾) 밭을 갈다(刂)""라는 뜻입니다. ""소를 제어해서 농사를 짓다"" -> ""제어, 제도, 통제, 억제""라는 의미입니다.",음독은 セイ입니다. 특별한 점은 없습니다.,制의 정식 훈독은 없습니다.,no
615,N2,務,힘쓸 무,"""힘쓸 무"". 힘쓰다, 종사하다",ム,つと(める)、つと(まる),"務 = 矛 + 攵 + 力。 (소리부 겸 의미부)矛(ム - ""창 모"")는 ""창""을 뜻하는 상용한자입니다. 矛는 ""날이 세 개인 창""을 그린 상형문자입니다. (의미부)「攵」는 ""때리다, 치다""라는 뜻입니다. (의미부)「力」는 ""힘""을 뜻합니다. 務는 ""창(矛)으로 힘껏(力) 찌르다(攵)"" -> ""힘쓰다, 종사하다""라는 뜻의 글자입니다. (矛는 소리부도 겸함)",음독은 ム입니다. 특별한 점은 없습니다.,"務める는 ""(역할/직책 등을) 맡다""라는 뜻의 2그룹 타동사입니다. 務まる는 ""잘 수행해낼 수 있다, 감당해 낼 수 있다""라는 뜻의 자동사입니다.",no
616,N2,総,거느릴 총,"""거느릴 총"". 전체, 총합",ソウ,,"総 = 糸 + 公 + 心。 「糸」는 ""실""을 뜻합니다. 「公」는 ""공공의, 공적인""이라는 뜻입니다. 「心」는 ""마음""을 뜻합니다. 総는 ""국민(公)의 마음(心)을 하나로 묶다(糸)"" -> ""전체, 총합""이라는 뜻의 글자입니다.",음독은 ソウ입니다. 특별한 점은 없습니다.,総의 정식 훈독은 없습니다.,no
617,N2,領,거느릴 령,"""거느릴 령"". 다스리다, 점유하다, 중요한 부분",リョウ,,"領 = 令 + 頁。 「令」는 ""명령""을 뜻합니다. 「頁」는 ""머리""를 뜻합니다. 領는 ""명령(令)을 내리는 우두머리(頁)"" -> ""다스리다, 점령하다""라는 뜻의 글자입니다.",음독은 リョウ입니다. 특별한 점은 없습니다.,領의 정식 훈독은 없습니다.,no
618,N2,設,베풀 설,"""베풀 설"". 설치하다, 마련하다",セツ,もう(ける),"設 = 言 + 殳。 「言」는 ""말하다""라는 뜻입니다. 「殳」는 본래 ""채찍을 휘두르는 손""을 그린 글자입니다(링크 참조). 設는 ""채찍을 휘두르며(殳) 노예들에게 소리치다(言)""라는 뜻입니다. ""노예들을 시켜 건물을 짓다"" -> ""설치하다, 마련하다""라는 의미입니다.",음독은 セツ입니다. 특별한 점은 없습니다.,"設ける는 ""마련하다, 설치하다""라는 뜻의 2그룹 타동사입니다. 예문) 事務所を設ける 사무소를 설치하다 講座を設ける 강좌를 만들다 機会を設ける 기회를 마련하다",no
619,N2,保,지킬 보,"""지킬 보"". 지키다, 보살피다",ホ,たも(つ),"保 = 亻 + 呆。 「亻」는 ""사람""을 뜻합니다. 呆는 여기서는 ""등에 업힌 아기""를 그린 모양자입니다. 保는 ""아기를 등에 업은(呆) 사람(亻)"" -> ""지키다, 보살피다""라는 뜻의 글자입니다.",음독은 ホ입니다. 특별한 점은 없습니다.,"保つ는 ""유지하다, 보전하다""라는 뜻의 타동사입니다. 예문) 若さを保つ秘訣젊음을 유지하는 비결 健康を保つ 건강을 유지하다 一貫性を保つ 일관성을 유지하다",no
620,N2,権,권세 권,"""권세 권"". 권력, 권세, 권리",ケン、ゴン,,"権 = 𮥶+隹。 (의미부 겸 소리부)「𮥶」(カン)은 ""새장 안의 새""를 뜻합니다. (의미부)「木」는 ""나무""를 뜻합니다. 権는 ""나무(木) 위의 새를 잡아 가두다(𮥶)""라는 뜻입니다. ""아무나 마음대로 잡아 가둘 수 있는 무소불위의 권력"" -> ""권력, 권세, 권리""라는 의미입니다. (𮥶는 소리부(カン -> ケン)도 겸함)",음독은 ケン、ゴン입니다. 그러나 절대다수는 ケン으로 읽습니다. ゴン은 일부 예외적인 단어에만 쓰이는 음독입니다.,権의 정식 훈독은 없습니다.,no
621,N2,支,지탱할 지,"""지탱할 지"". 지탱하다, 지지하다, (갈라져 나온) 지류",シ,ささ(える),"支 = 十 + 又。 十는 여기서는 ""나뭇가지""를 그린 모양자입니다. 「又」는 ""손""을 뜻합니다. 支는 ""나무에서 갈라져 나온 가지(十)를 받쳐든 손(又)"" -> ""지탱하다, 지지하다, 지류""라는 뜻의 글자입니다.",음독은 シ입니다. 특별한 점은 없습니다.,"支える는 ""떠받치다, 지탱하다""라는 뜻의 2그룹 타동사입니다. 예문) 杖で体を支える 지팡이로 몸을 받치다 お父さんは家族の暮らしを支えている 아버지는 가족의 생계를 지탱하고 있다",no
622,N2,報,갚을/알릴 보,"""갚을/알릴 보"". 갚다, 알리다",ホウ,むく(いる),"報 = 幸 +卩 + 又。 「幸」는 본래 ""쇠사슬에 묶인 죄인""을 그린 글자입니다(링크 참조). 「卩」는 ""무릎꿇은 사람""을 뜻합니다. 「又」는 ""손""을 뜻합니다. 報는 ""죄인(卩)을 잡아서(又) 쇠사슬에 묶어놓다(幸)""라는 뜻입니다. 라는 의미입니다.",음독은 ホウ입니다. 특별한 점은 없습니다.,"報いる는 ""갚다, 보답하다, 보복하다""라는 뜻의 2그룹 자동사/타동사입니다. 예문) 親の恩に報いる 부모의 은혜에 보답하다 彼の努力は報いられた 그의 노력은 보답을 받았다 敵に報いる 적에게 보복하다 一矢を報いる 보복의 화살을 던지다(앙갚음하다)",no
623,N2,済,건널 제,"""건널 제"". 이루다, 끝나다, 마치다, 구하다",サイ,す(む)、す(ます),"済 = 氵 + 斉。 「氵」는 ""물""을 뜻합니다. 斉는 여기서는 ""다리를 건너는 사람""을 그린 모양자입니다. (위쪽의 文는 ""사람""을 그린 것이고, 아래쪽은 ""다리""를 그린 것입니다.) 済는 ""강(氵)에 걸린 다리를 끝까지 건너다(斉)"" -> ""끝나다, 마치다, 이루다""라는 뜻의 글자입니다.",음독은 サイ입니다. 특별한 점은 없습니다.,"済む는 ""(일이) 완료되다, 끝나다, (잘) 해결되다""라는 뜻의 자동사입니다. 済ます는 ""(일을) 끝내다, 마치다, 해결하다""라는 뜻의 타동사입니다. 예문) 手続きが済んだ 수속이 끝났다 5分で済みます 5분이면 끝납니다 謝って済むことではない 사과해서 끝날 일이 아니다 夕食は弁当で済ます 저녁은 도시락으로 해결하다(때우다) 事件を金で済ます 사건을 돈으로 해결하다(무마하다)",no
624,N2,解,풀 해,"""풀 해"". 풀다, 분해하다, 풀어내다",カイ、ゲ,と(く)、と(ける)、と(かす),"解 = 角 + 刀 + 牛。 「角」는 ""뿔""을 뜻합니다. 「刀」는 ""칼""을 뜻합니다. 「牛」는 ""소""를 뜻합니다. 解는 ""소(牛)의 뿔(角)을 자르다(刀)"" -> ""분해하다, 풀다, 풀어내다""라는 뜻의 글자입니다.",음독은 カイ、ゲ입니다. 사용 빈도는 カイ가 훨씬 높습니다.,"1.解ける、解く 解ける는 ""풀리다, 해제되다""라는 뜻의 2그룹 자동사입니다. 解く는 ""풀다""라는 뜻의 타동사입니다. 예문) 謎は解けた 수수께끼는 풀렸다 帯が解ける 허리띠가 풀리다 制限が解ける 제한이 풀리다 怒りが解ける 분노가 풀리다 疑いが解ける 의심이 풀리다 方程式を解く 방정식을 풀다 問題を解く 문제를 풀다 結び目を解く 매듭을 풀다 暗号を解く 암호를 풀다 緊張を解く 긴장을 풀다 契約を解く 해약하다 2.解かす 解かす는 ""머리를 빗다""라는 뜻의 타동사입니다. 예문) 髪を解かす 머리를 빗다",no
625,N2,資,재물 자,"""재물 자"". 자본, 자금, 밑천",シ,,"資 = 次 + 貝。 (소리부 겸 의미부)「次」(シ)는 ""다음""이라는 뜻입니다. (의미부)「貝」는 ""돈, 재물""을 뜻합니다. 資는 ""다음(次)에 쓸 돈(貝)"" -> ""자본, 자금, 밑천""이라는 뜻의 글자입니다. (次는 소리부도 겸함)",음독은 シ입니다. 특별한 점은 없습니다.,資의 정식 훈독은 없습니다.,no
626,N2,際,즈음 제,"""즈음 제"". 사이, 경계, 만나다, 닿다",サイ,きわ,"際 = ⻖ + 祭。 (의미부)「⻖」는 ""언덕""을 뜻합니다. (소리부)「祭」(サイ)는 여기서는 소리부의 역할만 하고 있습니다. 際는 ""언덕과 언덕(⻖)이 맞닿은 경계선"" -> ""사이, 경계, 만나다, 닿다""라는 뜻의 글자입니다(祭는 소리부).",음독은 サイ입니다. 특별한 점은 없습니다.,"際는 ""가장자리, 근처""라는 뜻입니다.",no
627,N2,査,조사할 사,"""조사할 사"". 조사하다",サ,,"査 = 木 + 且。 「木」는 ""나무""를 뜻합니다. 「且」는 ""비석, 조상, 장례""를 뜻합니다. 査는 ""장례(且)를 지낼 관을 만들 좋은 나무(木)를 조사하다"" -> ""조사하다""라는 뜻의 글자입니다.",음독은 サ입니다. 특별한 점은 없습니다.,査의 정식 훈독은 없습니다.,no
628,N2,判,판단할 판,"""판단할 판"". 판단하다, 판정하다",ハン、バン,,"判 = 半 + 刂。 (소리부 겸 의미부)「半」(ハン)은 ""절반""을 뜻합니다. (의미부)「刂」는 ""칼""을 뜻합니다. 判는 ""반으로(半) 딱 잘라(刂) 판단하다"" -> ""판단하다, 판정하다""라는 뜻의 글자입니다. (半은 소리부(ハン -> ハン・バン)도 겸함)",음독은 ハン、バン입니다. 특별한 점은 없습니다.,判의 정식 훈독은 없습니다.,no
629,N2,認,알 인,"""알 인"". 인정하다, 인식하다",ニン,みと(める),"認 = 言 + 刃 + 心。 「言」는 ""말하다""라는 뜻입니다. 刃(""칼날 인"")은 ""칼날""을 뜻하는 상용한자입니다. 刃 = 刀 + 丶。 「刀」는 ""칼""을 뜻합니다. 丶는 여기서는 ""칼날"" 부분을 강조한 모양자입니다. 刃는 ""칼(刀)의 칼날(丶)"" -> ""칼날""이라는 뜻의 글자입니다. 「心」는 ""마음""을 뜻합니다. 認는 ""가르침(言)을 마음(心)에 새기다(刃)"" -> ""인정하다, 인식하다""라는 뜻의 글자입니다.",음독은 ニン입니다. 특별한 점은 없습니다.,"認める는 ""인지하다, 인정하다, 시인하다""라는 뜻의 2그룹 자동사입니다. 예문) 価値を認める 가치를 인정하다 犯行を認める 범행을 시인하다",no
630,N2,在,있을 재,"""있을 재"". 있다, 존재하다",ザイ,あ(る),"在 = 才 + 土。 (소리부 겸 의미부)「才」(サイ)는 본래 ""새싹이 올라오는 모습""을 그린 글자입니다(링크 참조). (의미부)「土」는 ""흙, 땅""을 뜻합니다. 在는 ""땅(土) 위에 새싹(才)이 있다"" -> ""있다, 존재하다""라는 뜻의 글자입니다. (才는 소리부(サイ -> ザイ)도 겸함)",음독은 ザイ입니다. 특별한 점은 없습니다.,"在る는 ""있다""라는 뜻의 자동사입니다.",no
631,N2,件,물건 건,"""물건 건"". 낱개, 건수, 사건",ケン,,"件 = 亻 + 牛。 「亻」는 ""사람""을 뜻합니다. 「牛」는 ""소""를 뜻합니다. 件은 ""사람(亻)이 소고기(牛)를 부위별로 나누다"" -> ""낱개, 건수, 사건""이라는 뜻의 글자입니다.",음독은 ケン입니다. 특별한 점은 없습니다.,件의 정식 훈독은 없습니다.,no
632,N2,団,둥글 단,"""둥글 단"". 집단, 뭉치다",ダン、トン,,"団 = 囗 + 寸。 囗는 여기서는 ""집단, 범위""를 표현한 모양자로 쓰인 것입니다. 「寸」는 ""손""을 뜻합니다. 団는 ""손잡고(寸) 하나로 뭉친(囗) 사람들"" -> ""집단""이라는 뜻의 글자입니다.",음독은 ダン、トン입니다. 사용 빈도는 ダン이 훨씬 높습니다.,団의 정식 훈독은 없습니다.,no
633,N2,任,맡길 임,"""맡길 임"". 맡기다, 일임하다",ニン,まか(せる)、まか(す),"任 = 亻 + 壬。 「亻」는 ""사람""을 뜻합니다. 壬는 여기서는「王」가 변형된 것으로, ""왕""을 뜻합니다. 任는 ""왕(壬)이 신하(亻)에게 임무를 맡기다"" -> ""맡기다, 일임하다""라는 뜻의 글자입니다.",음독은 ニン입니다. 특별한 점은 없습니다.,"任せる는 ""맡기다, 일임하다""라는 뜻의 2그룹 타동사입니다. 任す는 ""맡기다, 일임하다""라는 뜻의 타동사입니다.",no
634,N2,論,논할 논,"""논할 논"". 논하다, 논의, 이론",ロン,,"論 = 言 + 侖。 「言」는 ""말하다""라는 뜻입니다. 「侖」는 ""둥글게 말린 죽간""을 뜻합니다. 論은 ""책(侖)을 읽고 의견을 주고받다(言)"" -> ""논하다, 논의, 이론""이라는 뜻의 글자입니다.",음독은 ロン입니다. 특별한 점은 없습니다.,論의 정식 훈독은 없습니다.,no
635,N2,増,더할 증,"""더할 증"". 늘다, 증가하다",ゾウ,ま(す)、ふ(える)、ふ(やす),"増 = 土 + 曽。 (의미부)「土」는 ""흙""을 뜻합니다. (소리부 겸 의미부)「曽」(ソウ)는 ""쌓이다""라는 뜻의 글자입니다(링크 참조). 増는 ""흙더미(土)가 쌓이다(曽)"" -> ""늘다, 증가하다""라는 뜻의 글자입니다. (曽는 소리부(ソウ -> ゾウ)도 겸함)",음독은 ゾウ입니다. 특별한 점은 없습니다.,"1.増える、増やす 増える는 ""(수/양이) 늘다, 증가하다""라는 뜻의 2그룹 자동사입니다. 増やす는 ""(수/양을) 늘리다, 증가시키다""라는 뜻의 타동사입니다. 예문) 荷物が増える 짐이 늘다 定員を増やす 정원을 늘리다 2.増す 増す는 ""(수/양/정도가) 늘다, 늘리다, 커지다, 크게 하다""라는 뜻의 자동사 겸 타동사입니다. 増える・増やす와의 차이점은 다음과 같습니다. 아래 예문을 참조해 주세요. 예문) 暑さが増す 더위가 심해지다(増える는 불가능) 喜びが増す 기쁨이 더해지다(増える는 불가능) 威厳を増す 위엄을 더하다(増やす는 불가능)",no
636,N2,情,뜻 정,"""뜻 정"". 정, 정서, 마음, 인정",ジョウ、セイ,なさ(け),"情 = 忄 + 青。 (의미부)「忄」는 ""마음""을 뜻합니다. (소리부 겸 의미부)「青」(セイ・ショウ)는 ""푸르다""라는 뜻입니다. 情는 ""푸르고 맑은(青) 마음(忄)"" -> ""정, 인정, 정서""라는 뜻의 글자입니다. (青는 소리부(セイ・ショウ -> ジョウ・セイ)도 겸함)",음독은 ジョウ、セイ입니다. 그러나 절대다수는 ジョウ로 읽습니다. セイ는 일부 예외적인 단어에만 쓰이는 음독입니다.,"情け는 ""정, 인정, 자비, (남녀의) 애정""을 뜻합니다. 예문) 彼女は彼の情けにすがった 그녀는 그의 동정심에 매달렸다 情け深い 동정심이 많다/인정이 많다 情けを交わす 정을 통하다(남녀가 육체관계를 맺다)",no
637,N2,示,보일 시,"""보일 시"". 보이다, 나타내다",ジ、シ,しめ(す),"示는 ""고대의 비석""을 그린 상형문자입니다. ""거대한 비석을 세워놓다"" -> ""나타내다, 보이다""라는 의미입니다.",음독은 ジ、シ입니다. 사용 빈도는 ジ가 더 높으나 특별한 구분법은 없습니다.,"示す는 ""보이다, 나타내다, 가리키다""라는 뜻의 타동사입니다. 예문) 関心を示す 관심을 나타내다 興味を示す 흥미를 보이다 判断の根拠を示す 판단의 근거를 제시하다",no
638,N2,基,터 기,"""터 기"". 토대, 기초, 바탕, 근본",キ,もと、もとい,"基 = 其 + 土。 (소리부 겸 의미부)「其」(キ)는 여기서는 ""탑""을 그린 모양자입니다. (의미부)「土」는 ""흙, 땅""을 뜻합니다. 基는 ""토대(土) 위에 쌓은 탑(其)"" -> ""기초, 토대""라는 뜻의 글자입니다. (其는 소리부도 겸함)",음독은 キ입니다. 특별한 점은 없습니다.,"基、基는 둘 다 ""토대, 기초, 근본, 근원""을 뜻합니다. 基쪽이 조금 더 격식을 차린 말투입니다.",no
639,N2,革,가죽 혁,"""가죽 혁"". 가죽, 개혁하다",カク,かわ,"革는 ""손으로 가죽을 펼치는 모습""을 그린 상형문자입니다. 참고) 革와 皮의 차이",음독은 カク입니다. 특별한 점은 없습니다.,"革는 ""(무두질한) 가죽""을 뜻합니다.",no
640,N2,価,값 가,"""값 가"". 가격, 값어치",カ,あたい,"価 = 亻 + 覀。 「亻」는 ""사람""을 뜻합니다. 「覀」는 ""덮다, 가리다""라는 뜻의 부수입니다(링크 참조). 価는 ""상인(亻)이 숨겨둔(覀) 골동품의 값"" -> ""값, 가격, 값어치""라는 뜻의 글자입니다.",음독은 カ입니다. 특별한 점은 없습니다.,"価는 ""값, 가격""을 뜻합니다.",no
641,N2,確,굳을 확,"""굳을 확"". 확실, 확인, 단단한",カク,たし(か)、たし(かめる),"確 = 石 + 冖 + 隹。 「石」는 ""돌""을 뜻합니다. 冖는 여기서는 ""새장""을 그린 모양자입니다. 「隹」는 ""새""를 뜻합니다. 確는 ""돌(石)로 만든 새장(冖)에 새(隹)를 가둬놓다"" -> ""단단하다, 확실하다""라는 뜻의 글자입니다.",음독은 カク입니다. 특별한 점은 없습니다.,"確か는 ""확실함, 틀림없음""이라는 뜻입니다. 確かめる는 ""확인하다, 확실히 하다""라는 뜻의 2그룹 타동사입니다.",no
642,N2,坴,형세 세,"""형세 세"". 기세, 세력, 형세",セイ,いきお(い),"「坴+丸」 勢 = 坴 + 丸 + 力。 「坴」는 ""흙더미""를 뜻하는 글자입니다. 丸는 여기서는 ""땅(坴)에 나무를 심고 있는 사람""을 그린 모양자입니다(위 그림 참조). 「力」는 ""힘""을 뜻합니다. 勢는""땅(坴)에 심어놓은(丸) 나무가 힘차게(力) 자라다"" -> ""기세, 세력, 형세""라는 뜻의 글자입니다.",음독은 セイ입니다. 특별한 점은 없습니다.,"勢い는 ""기세, 세력, 활기""를 뜻합니다. 예문) すごい勢いで攻め立てる 무서운 기세로 공격을 퍼붓다 破竹の勢い 파죽지세",no
643,N2,減,덜 감,"""덜 감"". 줄다, 덜다, 감소하다",ゲン,へ(る)、へ(らす),"減 = 氵 + 咸。 「氵」는 ""물""을 뜻합니다. 咸는 ""창을 들고(戌) 함성을 지르는(口) 병사""를 뜻합니다(353.「感」모양 해설 참조). 減는""병사들(咸)이 피흘리며(氵) 쓰러지다"" -> ""병사의 수가 줄다"" -> ""줄다, 감소하다""라는 뜻의 글자입니다.",음독은 ゲン입니다. 특별한 점은 없습니다.,"減る는 ""줄다, 적어지다""라는 뜻의 1그룹 자동사입니다. 減らす는 ""줄이다""라는 뜻의 타동사입니다.",no
644,N2,容,얼굴 용,"""얼굴 용"". 담다, 수용하다, 얼굴/용모, 용서하다",ヨウ,,"容 = 穴 + 㕣。 「穴」는 ""구멍""을 뜻합니다. 㕣는 여기서는 ""항아리""를 그린 모양자입니다. 容는 ""구멍(穴)에 항아리(㕣)를 넣다"" -> ""담다, 수용하다""라는 뜻의 글자입니다.",음독은 ヨウ입니다. 특별한 점은 없습니다.,容의 정식 훈독은 없습니다.,no
645,N2,応,응할 응,"""응할 응"". 응하다, 반응하다",オウ,こた(える),"応 = 广 + 心。 「广」는 ""건물, 집""을 뜻합니다. 「心」는 ""마음""을 뜻합니다. 応는 ""집(广)에서 기다리는 가족들의 마음(心)에 답하다"" -> ""응하다, 반응하다""라는 뜻의 글자입니다.",음독은 オウ입니다. 특별한 점은 없습니다.,"応える는 ""응하다, (기대에) 부응하다""라는 뜻의 2그룹 자동사입니다. 참고)答える와応える의 차이점 아래 예문을 참조해 주세요. 예문) 質問に答える 질문에 대답하다 期待に応える 기대에 부응하다",no
646,N2,演,펼 연,"""펼 연"". 넓게 미치다, 펼치다",エン,,"演 = 氵 + 宀 + 一 + 由 + ハ。 「氵」는 ""물""을 뜻합니다. 「宀」는 ""집""을 뜻합니다. 아래쪽의 一+由+ハ는 ""(물을 받기 위한) 항아리""를 그린 모양자입니다. 演는 ""지붕(宀)에서 새는 물(氵)을 받는 항아리(一+由+ハ)""라는 뜻입니다. ""빗물이 집 안까지 새어 번지다"" -> ""넓게 미치다, 펼치다""라는 의미입니다.",음독은 エン입니다. 특별한 점은 없습니다.,演의 정식 훈독은 없습니다.,no
647,N2,歳,해 세,"""해 세"". 나이(~세)",サイ、セイ,,"歳 = 歩 + 戌。 「歩」는 ""걷다""라는 뜻입니다. 「戌」는 ""창을 든 손""을 뜻합니다. 歳는 ""전쟁터에서 창을 들고(戌) 싸우며 걸어온(歩) 세월들"" -> ""해, 나이""라는 뜻의 글자입니다.",음독은 サイ、セイ입니다. 사용 빈도는 サイ가 훨씬 높습니다. セイ는 일부 예외적인 단어에만 쓰이는 음독입니다.,歳의 정식 훈독은 없습니다.,no
648,N2,能,능할 능,"""능할 능"". 능력",ノウ,,"能는 ""곰""을 그린 상형문자입니다. ""곰"" -> ""강하다"" -> ""능력""이라는 의미입니다. 참고) 본래의 ""곰""이라는 뜻은 지금은「熊」가 대신하고 있습니다.",음독은 ノウ입니다. 특별한 점은 없습니다.,能의 정식 훈독은 없습니다.,no
649,N2,再,두 재,"""두 재"". 다시, 다시 하다",サイ、サ,ふたた(び),"再는 ""물고기가 수면 위로 입을 내민 모습""을 그린 상형문자입니다. ""물고기가 수면 위아래를 반복해서 왔다갔다하다"" -> ""다시, 다시금""이라는 의미입니다.",음독은 サイ、サ입니다. 사용 빈도는 サイ가 훨씬 높습니다. サ는再来~(다다음~) 외에는 거의 쓰이지 않는 음독입니다.,"再び는 ""재차, 다시""라는 뜻입니다. 예문) 同じ過ちを再び繰り返す 같은 실수를 다시 반복하다 再び挑戦する 다시 도전하다",no
650,N2,格,격식 격,"""격식 격"". 격, 지위, 신분",カク、コウ,,"格 = 木 + 各。 (의미부)「木」는 ""나무""를 뜻합니다. (소리부 겸 의미부)「各」(カク)는 ""각각, 각자""라는 뜻입니다. 格는 ""목재(木) 각각의(各) 질의 차이"" -> ""격, 지위, 신분""이라는 뜻의 글자입니다. (各는 소리부(カク -> カク・コウ)도 겸함)",음독은 カク、コウ입니다. 그러나 절대다수는 カク로 읽습니다. コウ는格子(격자)를 제외하고는 거의 쓰이지 않는 음독입니다.,格의 정식 훈독은 없습니다.,no
651,N2,疑,의심할 의,"""의심할 의"". 의심하다",ギ,うたが(う),"疑 = 匕 + 矢 + マ + 疋。 匕는 여기서는「刀」가 뒤집힌 것으로, ""칼""을 뜻합니다. 「矢」는 ""화살""을 뜻합니다. 오른쪽의 マ+疋는 여기서는 ""어린아이""를 그린 모양자입니다(マ는 머리, 乛는 팔, 龰는 몸통+다리를 각각 표현한 것입니다). 疑는 ""칼(匕)과 화살(矢)을 든 어린아이(マ+疋)""라는 뜻입니다. ""위험한 무기를 들고 노는 아이를 걱정하다"" -> ""의심하다""라는 의미입니다.",음독은 ギ입니다. 특별한 점은 없습니다.,"疑う는 ""의심하다""라는 뜻의 타동사입니다.",no
652,N2,過,지날 과,"""지날 과"". 넘치다, 지나치다, 잘못, 죄",カ,す(ぎる)、す(ごす)、あやま(つ)、あやま(ち),"過 = ⻌ + 咼。 (의미부)「⻌」는 ""길""을 뜻합니다. (소리부 겸 의미부)「咼」(カ)는 ""잘못되다, 어긋나다""라는 뜻의 글자입니다(링크 참조). 過는 ""길(⻌)을 착각해서(咼) 지나쳐버리다"" -> ""지나치다, 잘못, 죄""라는 뜻의 글자입니다. (咼는 소리부도 겸함)",음독은 カ입니다. 특별한 점은 없습니다.,"1.過ぎる、過ごす 過ぎる는 ""지나다, 지나가다, 넘다, 지나치다""라는 뜻의 2그룹 자동사입니다. 過ごす는 ""보내다, 지내다, 도를 넘다""라는 뜻의 타동사입니다. 예문) 冗談が過ぎる 농담이 지나치다 森を過ぎる 숲을 지나다 卒業して5年過ぎた 졸업하고 5년 지났다 氷山の一角に過ぎない 빙산의 일각에 불과하다 楽しい時間を過ごす 즐거운 시간을 보내다 2.過つ、過ち 過つ는 ""잘못하다, 실수하다""라는 뜻의 타동사입니다. 過ち는 ""잘못, 과오, 실수""를 뜻합니다. 예문) 過たず命中した 실수 없이 명중했다 過ちを正す 잘못을 바로잡다",no
653,N2,税,세금 세,"""세금 세"". 세금",ゼイ,,"税 = 禾 + 兑。 「禾」는 ""곡식""을 뜻합니다. 「兑」는 ""날카로운 눈을 한 사람""을 뜻합니다. 税은 ""세금으로 낸곡식(禾)의 양을확인하는 세금 징수관(兑)"" -> ""세금""이라는 뜻의 글자입니다.",음독은 ゼイ입니다. 특별한 점은 없습니다.,税의 정식 훈독은 없습니다.,no
654,N2,検,검사할 검,"""검사할 검"". 검사하다",ケン,,"検 = 木 + 㑒。 (의미부)「木」는 ""나무""를 뜻합니다. (소리부 겸 의미부)「㑒」(ケン)은 ""뾰족하다, 날카롭다""라는 뜻입니다. 検는 ""목재(木) 가구에 뾰족한(㑒) 부분이 남아있나 마감을 검사하다"" -> ""검사하다""라는 뜻의 글자입니다. (㑒은 소리부도 겸함)",음독은 ケン입니다. 특별한 점은 없습니다.,検의 정식 훈독은 없습니다.,no
655,N2,常,항상 상,"""항상 상"". 보통의, 일반적인, 한결같은",ジョウ,つね、とこ,"常 = 龸 + 口 + 巾。 「龸」는 ""궁궐""을 뜻합니다. 口는 여기서는 ""(궁궐의) 대문""을 그린 모양자입니다. 「巾」는 ""수건, 천""을 뜻합니다. 常는 ""궁궐(龸)에 출입할(口) 때 항상 입는 관복(巾)"" -> ""항상, 보통""이라는 뜻의 글자입니다.",음독은 ジョウ입니다. 특별한 점은 없습니다.,"常に는 ""늘, 항상""이란 뜻의 부사입니다. 常는 ""늘 변함없음, 영원""을 뜻합니다.",no
656,N2,状,형상 상/문서 장,"""형상 상/문서 장"". 상황, 문서",ジョウ,,"状 = 丬 + 犬。 「丬」는 ""탁자""를 뜻하는 부수입니다(링크 참조). 「犬」는 ""개""를 뜻합니다. 状는 ""미친개(犬)를 피해서탁자(丬) 뒤에 숨다""라는 뜻입니다. 라는 의미입니다.",음독은 ジョウ입니다. 특별한 점은 없습니다.,状의 정식 훈독은 없습니다.,no
657,N2,営,경영할 영,"""경영할 영"". 경영하다, 사업하다",エイ,いとな(む),"営 =⺍ +冖 + 呂。 「⺍+冖」는 ""불이 환하게 켜진 집""을 뜻합니다. 「呂」는""여러 채의 집이 이어져있는 대저택""을 뜻합니다(링크 참조). 営는 ""밤에도 환하게 불이 켜진(⺍+冖) 커다란 건물(呂)"" -> ""경영하다, 사업하다""라는 뜻의 글자입니다.",음독은 エイ입니다. 특별한 점은 없습니다.,"営む는 ""경영하다, 영위하다""라는 뜻의 타동사입니다. 예문) 事業を営む 사업을 경영하다 花屋を営む 꽃집을 운영하다",no
658,N2,職,직분 직,"""직분 직"". 직업, 직무",ショク,,"職 = 耳 + 音 + 戈。 「耳」는 ""귀""를 뜻합니다. 「音」는 ""소리""를 뜻합니다. 「戈」는 ""창""을 뜻합니다. 職는 ""창(戈)을 들고 귀기울여(耳) 소리(音)를 듣는 경비병 일"" -> ""직무, 직업""이라는 뜻의 글자입니다.",음독은 ショク입니다. 특별한 점은 없습니다.,職의 정식 훈독은 없습니다.,no
659,N2,与,줄 여,"""줄 여"". 주다, 관여하다",ヨ,あた(える),"与는 ""맞물려있는 치아""를 그린 상형문자입니다. ""맞물리다"" -> ""주고받다"" -> ""주다, 관여하다""라는 의미입니다.",음독은 ヨ입니다. 특별한 점은 없습니다.,"与える는 ""(자기 것을 남에게) 주다/수여하다, (영향을) 미치다""라는 뜻의 2그룹 타동사입니다. 예문) 妻に小遣いを与える 아내에게 용돈을 주다 影響を与える 영향을 미치다",no
660,N2,供,이바지할 공,"""이바지할 공"". 바치다, 제공하다, 올리다",キョウ、ク,そな(える)、とも,"供 = 亻 + 共。 (의미부)「亻」는 ""사람""을 뜻합니다. (소리부 겸 의미부)「共」(キョウ)는 본래 ""쟁반을 받쳐든 손""을 그린 글자입니다(링크 참조). 供는 ""높은 사람(亻)에게 공물을 올려바치다(共)"" -> ""바치다, 제공하다, 올리다""라는 뜻의 글자입니다. (共는 소리부(キョウ -> キョウ・ク)도 겸함)",음독은 キョウ、ク입니다. 사용 빈도는 キョウ가 더 높습니다.,"供える는 ""바치다, 올리다""라는 뜻의 2그룹 타동사입니다. 供는 ""윗사람을 따라감, 수행원""이라는 뜻입니다.",no
661,N2,可,옳을 가,"""옳을 가"". 가능하다, 허가하다",カ,,"可 =𠃌 +口。 「口」는 ""입""을 뜻합니다. 𠃌는 여기서는 ""곡괭이""를 그린 모양자입니다. 可는 본래 ""곡괭이질(𠃌)을 하며 흥얼거리다(口)"" -> ""노래하다""라는 뜻으로 만들어진 글자입니다. 그러나 이후 발음이 같다는 이유로 ""옳다""라는 뜻으로 쓰이게 된 것입니다. 즉, 可의 모양과 의미 사이에는 아무런 관계도 없습니다.",음독은 カ입니다. 특별한 점은 없습니다.,可의 정식 훈독은 없습니다.,no
662,N2,構,얽을 구,"""얽을 구"". 만들다, 구축하다",コウ,かま(える)、かま(う),"構 = 木 + 冓。 (의미부)「木」는 ""나무""를 뜻합니다. (소리부 겸 의미부)「冓」(コウ)는 ""얽다, 짜다""라는 뜻의 글자입니다(링크 참조). 構는 ""나무(木)를 얽고 짜다(冓)"" -> ""만들다, 구축하다""라는 뜻의 글자입니다. (冓는 소리부도 겸함)",음독은 コウ입니다. 특별한 점은 없습니다.,"構う는 ""상관하다, 구애되다, 마음을 쓰다""라는 뜻의 자동사 겸 타동사입니다. 構える는 ""차리다, 만들어 내다, 자세를 잡다""라는 뜻의 2그룹 타동사입니다. 예문) 時間がかかっても構わない 시간이 걸려도 상관없다 メールでも電話でも構いません 메일이든 전화든 상관 없습니다 一家を構える 가정을 꾸리다(결혼해서 살림을 차리다) 口実を構える 구실을 만들다 カメラを構える 카메라로 사진 찍을 자세를 취하다",no
663,N2,割,벨 할,"""벨 할"". 베다, 가르다, 나누다",カツ,わ(る)、わり、わ(れる)、さ(く),"割 = 害 + 刂。 「害」는 ""해치다""라는 뜻입니다. 「刂」는 ""칼""을 뜻합니다. 割는 ""칼(刂)로 해치다(害)"" -> ""베다, 가르다, 나누다""라는 뜻의 글자입니다.",음독은 カツ입니다. 특별한 점은 없습니다.,"1.割る、割れる、割 割る는 ""나누다, 가르다, 깨다""라는 뜻의 타동사입니다. 割れる는 ""깨지다, 갈라지다""라는 뜻의 2그룹 자동사입니다. 割는 ""비율, 나눔""을 뜻합니다. 예문) 三人に割る 세 명에게 나누다 リンゴを二つに割る 사과를 둘로 쪼개다 ガラスを割る 유래를 깨다 ガラスが割れる 유리가 깨지다 氷が割れる 얼음이 깨지다 十人に一人の割で合格する 열 명에 한 명꼴로 합격하다 値段の割に物が良い 값에 비해서 물건이 좋다 2.割く 割く는 ""할애하다, 가르다""라는 뜻의 타동사입니다. 예문) 小遣いを割いて本を買った 용돈을 할애하여 책을 샀다 時間を割いて勉強をする 시간을 할애해서 공부를 하다",no
664,N2,比,견줄 비,"""견줄 비"". 비교하다",ヒ,くら(べる),"比는 ""나란히 서 있는 사람들""을 그린 상형문자입니다. ""나란히 세워놓고 비교하다"" -> ""비교하다""라는 의미입니다.",음독은 ヒ입니다. 특별한 점은 없습니다.,"比べる는 ""비교하다, 대조하다""라는 뜻의 2그룹 타동사입니다.",no
665,N2,難,어려울 난,"""어려울 난"". 어렵다",ナン,むずか(しい)、かた(い),"難 = 𦰩 + 隹。 難의 명확한 유래는 알려진 바가 없습니다. 그래서 그냥 제가 만들어 보았습니다. 𦰩는 여기서는「漢」가 축약된 것으로, ""한자""를 뜻합니다. 「隹」는 ""새""를 뜻합니다. 難는 ""한자(𦰩)는 어려워서 새대가리(隹)들은 배울 수 없다"" -> ""어렵다""라는 뜻의 글자입니다.",음독은 ナン입니다. 특별한 점은 없습니다.,"1.難しい 難しい는 ""어렵다""라는 뜻의 형용사입니다. 예문) 難しい問題어려운 문제 説明が難しい 설명이 어렵다 2.難い 難い는 ""어렵다""라는 뜻의 형용사로, 주로 다음과 같은 두 가지 형태로 쓰입니다. 아래 예문을 참조해 주세요. 예문) 解するに難くない 이해하기 어렵지 않다 想像するに難くない 상상하기 어렵지 않다 君の言うことは信じ難い 네가 하는 말은 믿기 어렵다 暑すぎて耐え難い 너무 더워서 참기 어렵다",no
666,N2,防,막을 방,"""막을 방"". 막다, 지키다",ボウ,ふせ(ぐ),"防 = ⻖ + 方。 (의미부)「⻖」는 ""언덕""을 뜻합니다. (소리부 겸 의미부)「方」(ホウ)는 ""방향""을 뜻합니다. 防는 ""적이 오는 방향(方)의 언덕(⻖)에서 적을 막다"" -> ""막다, 지키다""라는 뜻의 글자입니다. (方는 소리부(ホウ -> ボウ)도 겸함)",음독은 ボウ입니다. 특별한 점은 없습니다.,"防ぐ는 ""막다, 방지하다""라는 뜻의 타동사입니다. 예문) 攻撃を防ぐ 공격을 막다 被害を防ぐ 피해를 방지하다",no
667,N2,補,기울 보,"""기울 보"". 보충하다, 보태다",ホ,おぎな(う),"補 = 衤 + 甫。 (의미부)「衤」는 ""옷, 옷감""을 뜻합니다. (소리부 겸 의미부)「甫」(ホ)는 ""채소밭""을 뜻하는 글자입니다(링크 참조). 補는 ""채소밭(甫)에서 일하느라 구멍난 옷(衤)에 천을 기워 덧대다"" -> ""보충하다, 보태다""라는 뜻의 글자입니다. (甫는 소리부도 겸함)",음독은 ホ입니다. 특별한 점은 없습니다.,"補う는 ""(부족한 것을) 보충하다""라는 뜻의 타동사입니다. 예문) 脚注で説明を補う 각주로 설명을 보충하다 欠員を補う 결원을 보충하다 チームの弱点を補う 팀의 약점을 보완하다",no
668,N2,優,넉넉할/뛰어날 우,"""넉넉할/뛰어날 우"". 뛰어난, 우아한, 상냥한",ユウ,やさ(しい)、すぐ(れる),"優 = 亻 + 憂。 (의미부)「亻」는 ""사람""을 뜻합니다. (소리부 겸 의미부)憂(ユウ - ""근심 우"")는 ""걱정, 근심""을 뜻하는 상용한자입니다. 憂 = 頁 + 冖 + 心 + 夂。 「頁」는 ""머리""를 뜻합니다. 「心」는 ""마음""을 뜻합니다. 冖는 여기서는 ""마음(心)을 짓누르는 모습""을 표현한 모양자입니다. 「夂」는 ""발""을 뜻합니다. 憂는 ""머릿속(頁)의 걱정이 마음(心)을 짓눌러(冖) 발걸음(夂)이 무거운 사람"" -> ""걱정, 근심""이라는 뜻의 글자입니다. 優는, 라는 뜻의 글자입니다. (憂는 소리부도 겸함)",음독은 ユウ입니다. 특별한 점은 없습니다.,"1.優れる 優れる는 ""뛰어나다, 출중하다""라는 뜻의 2그룹 자동사입니다. 예문) 彼は私より遥かに優れている 그는 나보다 훨씬 뛰어나다 判断力に優れる人판단력이 뛰어난 사람 運動神経に優れている 운동 신경이 뛰어나다 2.優しい 優しい는 ""온순하다, (마음씨가) 곱다, 상냥하다, 부드럽다""라는 뜻의 형용사입니다. 예문) 彼女は極めて優しい女の子だ 그녀는 지극히 상냥한 여자아이다 気立ての優しい子마음씨가 고운 아이 優しく言葉をかける 다정하게 말을 걸다",no
669,N2,収,거둘 수,"""거둘 수"". 거두다, 수습하다",シュウ,おさ(める)、おさ(まる),"収 = 丩 + 又。 「丩」는 ""얽히다""라는 뜻의 글자입니다(링크 참조). 「又」는 ""손""을 뜻합니다. 収는 ""떨어진 물건들을 주워서(又) 묶어놓다(丩)"" -> ""거두다, 수습하다""라는 뜻의 글자입니다.",음독은 シュウ입니다. 특별한 점은 없습니다.,"収める는 ""거두다, 넣다, 간수하다""라는 뜻의 2그룹 타동사입니다. 収まる는 ""담아지다, 들어가다, 수습되다""라는 뜻의 자동사입니다. 예문) 倉庫に収める 창고에 넣다(간수하다) 胸に収めておく 가슴속에 간직해 두다 本が箱の中に全部収まった 책이 상자 안에 전부 들어갔다 争いが収まる 분쟁이 수습되다",no
670,N2,断,끊을 단,"""끊을 단"". 끊다, 결정하다",ダン,た(つ)、ことわ(る),"断 = 𠃊 + 米 + 斤。 𠃊+米는 여기서는 ""실뭉치""를 그린 모양자입니다. 「𠃊+米」 「斤」는 ""도끼""를 뜻합니다. 断는 ""엉켜 있는 실뭉치(𠃊+米)를 도끼(斤)로 끊다"" -> ""끊다, 결정하다""라는 뜻의 글자입니다.",음독은 ダン입니다. 특별한 점은 없습니다.,"1.断る 断る는 ""거절하다""라는 뜻의 타동사입니다. 예문) 提案を断る 제안을 거절하다 2.断つ 断つ는 ""끊다, 자르다""라는 뜻의 타동사입니다. 예문) 鎖を断つ 쇠사슬을 끊다 煙草を断つ 담배를 끊다",no
671,N2,違,어긋날 위,"""어긋날 위"". 다르다, 틀리다, 어긋나다",イ,ちが(う)、ちが(える),"違 = ⻌ + 韋。 (의미부)「⻌」는 ""길""을 뜻합니다. (소리부 겸 의미부)「韋」(イ)는 ""성 주위를 돌며 경계서는 발들""을 그린 글자입니다(링크 참조). 여기서는 ""서로 반대 방향을 돌다"" -> ""엇갈리다""라는 뜻으로 쓰인 것입니다. 違는 ""길(⻌)이 엇갈리다(韋)"" -> ""다르다, 틀리다, 어긋나다""라는 뜻의 글자입니다. (韋는 소리부도 겸함)",음독은 イ입니다. 특별한 점은 없습니다.,"違う는 ""다르다, 차이가 있다""라는 뜻의 자동사입니다. 違える는 ""다르게 하다, 틀리다""라는 뜻의 2그룹 타동사입니다. 예문) 理論と実際とは違う 이론과 실제는 다르다 性格の違う友達성격이 다른 친구 君の答えは違っている 너의 답은 틀렸다 今までとやり方を違える 지금까지와 방식을 달리하다 番号を言い違える 번호를 잘못 말하다 答えを違える 답을 틀리다",no
672,N2,境,지경 경,"""지경 경"". 경계, 범위, 땅",キョウ、ケイ,さかい,"境 = 土 + 音 + 儿。 「土」는 ""흙, 땅""을 뜻합니다. 「音」는 ""소리""를 뜻합니다. 儿는「人」가 변형된 것으로, ""사람""을 뜻합니다. 境는 ""악사(儿)의악기 소리(音)가 들리는 범위(土)"" -> ""경계, 범위, 땅""이라는 뜻의 글자입니다.",음독은 キョウ、ケイ입니다. 사용 빈도는 キョウ가 훨씬 높습니다. ケイ는 일부 예외적인 단어에만 쓰이는 음독입니다.,"境는 ""경계""를 뜻합니다.",no
673,N2,規,법 규,"""법 규"". 규범, 규칙, 규정, 표준",キ,,"規 = 夫 + 見。 「夫」는 ""남편""을 뜻합니다. 「見」는 ""보다""라는 뜻입니다. 規는 ""남편(夫)의 안목(見)은 옳다"" -> ""규범, 규칙, 표준""이라는 뜻의 글자입니다.",음독은 キ입니다. 특별한 점은 없습니다.,規의 정식 훈독은 없습니다.,no
674,N2,術,재주 술,"""재주 술"". 기술, 재주, 술수",ジュツ,,"術 = 行 + 朮。 (의미부)「行」는 본래 ""사거리""를 그린 글자입니다(링크 참조). (소리부 겸 의미부)「朮」(ジュツ)는 ""모자를 쓴 재주꾼""을 그린 글자입니다(링크 참조). 術는 ""사거리(行) 한가운데서 공연 중인 재주꾼(朮)"" -> ""재주, 기술, 술수""라는 뜻의 글자입니다. (朮는 소리부도 겸함)",음독은 ジュツ입니다. 특별한 점은 없습니다.,術의 정식 훈독은 없습니다.,no
675,N2,展,펼 전,"""펼 전"". 늘어놓다, 펼치다, 퍼지다",テン,,"展 = 尸 + 龷 + 衣。 「尸」는 ""앉아있는 사람""을 뜻합니다. 글자의 아래쪽은「衣」가 축약된 것으로, ""옷""을 뜻합니다. 龷는 여기서는 ""옷(衣)이 좌우로 길게 펼쳐진 모습""을 표현한 모양자입니다. 展는 ""자리에 앉았는데(尸)옷이 너무 길어서 땅바닥까지 길게 늘어지다(龷+衣)""라는 뜻입니다. ""옷이 바닥에 길게 늘어지다"" -> ""늘어놓다, 펼치다, 퍼지다""라는 의미입니다.",음독은 テン입니다. 특별한 점은 없습니다.,展의 정식 훈독은 없습니다.,no
676,N2,導,인도할 도,"""인도할 도"". 이끌다",ドウ,みちび(く),"導 = 道 + 寸。 (의미부 겸 소리부)「道」(ドウ)는 ""길""을 뜻합니다. (의미부)「寸」는 ""손""을 뜻합니다. 導는 ""방향을 지시하며(寸) 길(道)을 이끌다"" -> ""이끌다""라는 뜻의 글자입니다. (道는 소리부도 겸함)",음독은 ドウ입니다. 특별한 점은 없습니다.,"導く는 ""이끌다, 인도하다, 지도하다, 가르치다""라는 뜻의 타동사입니다. 예문) 事業を成功に導く 사업을 성공으로 이끌다 子供を導く 아이를 지도하다 戦争を勝利に導く 전쟁을 승리로 이끌다",no
677,N2,備,갖출 비,"""갖출 비"". 준비하다, 갖추다, 구비하다",ビ,そな(える)、そな(わる),"備 = 亻 + 𤰇。 「亻」는 ""사람""을 뜻합니다. 𤰇는 여기서는 ""화살(𠀗)이 든 화살통(用)""을 그린 모양자입니다. 아래 그림을 참조해 주세요. 「𤰇」 備는 ""사냥꾼(亻)이화살통(𤰇)을 매고 사냥 채비를 갖추다""-> ""갖추다, 준비하다, 구비하다""라는 뜻의 글자입니다.",음독은 ビ입니다. 특별한 점은 없습니다.,"備える는 ""준비하다, 대비하다, 갖추다, 구비하다""라는 뜻의 2그룹 자동사/타동사입니다. 備わる는 ""갖추어지다, 구비되다""라는 뜻의 자동사입니다. 예문) 将来に備える 장래에 대비하다 必要品を備える 필요한 물품을 갖추다 様々な機能が備わっている 다양한 기능이 갖추어져 있다 恥じらいと淑やかさが備わっている処女수줍음과 조신함이 갖추어져 있는 처녀",no
678,N2,宅,집 택,"""집 택"". 집, 댁",タク,,"宅 = 宀 + 乇。 「宀」는 ""집""을 뜻합니다. 乇는 여기서는 ""앉아있는 사람""을 그린 모양자입니다. 宅는 ""자기 집(宀)에 앉아있는 사람(乇)"" -> ""집""이라는 뜻의 글자입니다.",음독은 タク입니다. 특별한 점은 없습니다.,宅의 정식 훈독은 없습니다.,no
679,N2,条,조목 조,"""조목 조"". 조항, 조목",ジョウ,,"条 = 夂 + 木。 夂는 여기서는「攵」가 잘못 변형된 것으로, 본래는 ""막대기를 든 손""을 그린 글자입니다(링크 참조). 「木」는 ""나무""를 뜻합니다. 条는 ""나무(木)에서 뻗어난 가지들 중 하나를 골라 집어든 손(攵)""을 그린 글자입니다. 나무 기둥에서 뻗어난 여러 갈래의 나뭇가지들을 각각의 조목, 조항에 비유한 것입니다. ""나무에서 뻗어난 나뭇가지들"" -> ""(각각의) 조목, 조항""이라는 의미입니다.",음독은 ジョウ입니다. 특별한 점은 없습니다.,条의 정식 훈독은 없습니다.,no
680,N2,独,홀로 독,"""홀로 독"". 혼자, 홀로",ドク,ひと(り),"独 = 犭 + 虫。 「犭」는 ""개""를 뜻하는 부수입니다(링크 참조). 「虫」는 ""벌레""를 뜻합니다. 独는 ""개(犭)가 날파리(虫)를 피해 달아나 혼자 숨다"" -> ""혼자, 홀로""라는 뜻의 글자입니다.",음독은 ドク입니다. 특별한 점은 없습니다.,"独り는 ""혼자""라는 뜻입니다.",no
681,N2,警,경계할 경,"""경계할 경"". 경계하다, 조심하다",ケイ,,"警 = 敬 + 言。 (소리부 겸 의미부)敬(ケイ - ""공경 경"")은 ""존경하다""라는 뜻의 상용한자입니다. 敬 =苟 +攵。 苟는 여기서는 ""귀(艹)를 쫑긋 세운 개(句)""의 모습을 그린 모양자입니다. 「攵」는 ""때리다, 치다""라는 뜻입니다. 敬는 ""개(苟)를 때려서(攵) 예절을 갖추도록 훈육하다"" -> ""공경하다, 존경하다""라는 뜻의 글자입니다. (의미부)「言」는 ""말하다""라는 뜻입니다. 警는 ""존경(敬)을 담아 조심스럽게 말하다(言)"" -> ""조심하다, 경계하다""라는 뜻의 글자입니다. (敬는 소리부도 겸함)",음독은 ケイ입니다. 특별한 점은 없습니다.,警의 정식 훈독은 없습니다.,no
682,N2,輸,보낼 수,"""보낼 수"". 나르다, 운반하다",ユ,,"輸 = 車 + 俞。 (의미부)「車」는 ""수레, 차""를 뜻합니다. (소리부 겸 의미부)「俞」(ユ)는 ""보내다""라는 뜻의 글자입니다(링크 참조). 輸는 ""수레(車)에 실어 보내다(俞)"" -> ""나르다, 운반하다""라는 뜻의 글자입니다. (俞는 소리부도 겸함)",음독은 ユ입니다. 특별한 점은 없습니다.,輸의 정식 훈독은 없습니다.,no
683,N2,訪,찾을 방,"""찾을 방"". 방문하다",ホウ,おとず(れる)、たず(ねる),"訪 = 言 + 方。 (의미부)「言」는 ""말하다""라는 뜻입니다. (소리부 겸 의미부)「方」(ホウ)는 ""방향, 방법""을 뜻합니다. 訪는 ""방법(方)을 물어보러(言) 찾아가다"" -> ""방문하다""라는 뜻의 글자입니다. (方는 소리부도 겸함)",음독은 ホウ입니다. 특별한 점은 없습니다.,"訪れる는 ""방문하다, 찾다, 찾아오다""라는 뜻의 2그룹 자동사/타동사입니다. 訪ねる는 ""찾다, 방문하다""라는 뜻의 2그룹 타동사입니다. 둘의 차이점은 다음과 같습니다. 1. 방문 대상 訪れる는 ""지역""만 대상으로 할 수 있습니다. 訪ねる는 ""인물, 지역"" 모두 대상으로 할 수 있습니다. 2. 뉘앙스 訪れる는 단순히 ""그곳을 방문했다""라는 객관적인 사실만 전달하는 느낌입니다. 訪ねる는 ""의도적으로 방문했다""라는 주관적인 의미가 포함되어 있습니다. 3. 기타 용법 訪れる는 ""봄이 찾아왔다""와 같이 무생물을 주어로 한 관용적 용법으로도 쓰입니다. 아래 예문을 참조해 주세요. 예문) 東京を訪れる 도쿄를 방문하다 春が訪れた 봄이 찾아왔다(訪ねる는 불가능) 京都を訪ねる 교토를 찾아가다 先生を訪ねる 선생님을 찾아가다(訪れる는 불가능)",no
684,N2,述,펼 술,"""펼 술"". 말하다, 진술하다",ジュツ,の(べる),"述 = ⻌ + 朮。 (의미부)「⻌」는 ""길""을 뜻합니다. (소리부 겸 의미부)「朮」(ジュツ)는 ""모자를 쓴 재주꾼""을 그린 글자입니다. 述는 ""길가(⻌)에서 자신이 보여준 묘기를 상세히 설명하는 재주꾼(朮)"" -> ""말하다, 진술하다""라는 뜻의 글자입니다. (朮는 소리부도 겸함)",음독은 ジュツ입니다. 특별한 점은 없습니다.,"述べる는 ""말하다, 진술하다, 기술하다""라는 뜻의 2그룹 타동사입니다. 예문) 意見を述べる 의견을 진술하다 上に述べたように 위에 기술한 바와 같이 次項で詳しく述べる 다음 항에서 상세히 기술하다",no
685,N2,率,거느릴 솔/비율 률,"""거느릴 솔/비율 률"". 이끌다, 비율",ソツ、リツ,ひき(いる),"率는 ""밧줄을 잡아당기는 모습""을 그린 상형문자입니다. ""줄을 적절한 힘으로 잡아당기다"" -> ""이끌다, 비율""이라는 의미입니다.",음독은 ソツ、リツ입니다. 구분법은 다음과 같습니다. 아래 예시단어를 참조해 주세요.,"率いる는 ""거느리다, 이끌다""라는 뜻의 2그룹 타동사입니다. 예문) 艦隊を率いて出撃する 함대를 거느리고 출격하다 選手団を率いて大会に参加する 선수단을 이끌고 대회에 참가하다 生徒を率いて遠足に行く 학생들을 이끌고 소풍 가다",no
686,N2,武,호반 무,"""호반 무"". 무력, 무, 강함",ブ、ム,,"武 = 止 + 戈。 「止」는 ""발""을 뜻합니다. 「戈」는 ""창""을 뜻합니다(아래쪽의 ノ가 위쪽의 一로 올라간 형태로 쓰인 것입니다). 武는 ""창칼(戈)로 짓밟다(止)"" -> ""무력, 무""라는 뜻의 글자입니다.",음독은 ブ、ム입니다. 사용 빈도는 ブ가 훨씬 높습니다.,武의 정식 훈독은 없습니다.,no
687,N2,域,지경 역,"""지경 역"". 지역, 영역, 경계",イキ,,"域 = 土 + 戈 + 口 + 一。 「土」는 ""땅""을 뜻합니다. 「戈」는 ""창""을 뜻합니다. 口+一는 여기서는 ""성문""을 그린 모양자입니다. 域는 ""창(戈)을 들고 영토(土)로 들어가는 성문(口+一)을 지키다"" -> ""지역, 영역""이라는 뜻의 글자입니다.",음독은 イキ입니다. 특별한 점은 없습니다.,域의 정식 훈독은 없습니다.,no
688,N2,張,베풀 장,"""베풀 장"". 펴다, 넓히다, 당기다, 뻗치다",チョウ,は(る),"張 = 弓 + 長。 (의미부)「弓」는 ""활""을 뜻합니다. (소리부 겸 의미부)「長」(チョウ)는 ""길다""라는 뜻입니다. 張는 ""활시위(弓)를 길게(長) 잡아당기다"" -> 펴다, 넓히다, 당기다, 뻗치다""라는 뜻의 글자입니다. (長는 소리부도 겸함)",음독은 チョウ입니다. 특별한 점은 없습니다.,"張る는 ""뻗어나다, 퍼져 덮이다, 활짝 펴다, 펼치다""라는 뜻의 자동사 겸 타동사입니다. 예문) 四方に根が張る 사방으로 뿌리가 뻗어나가다 氷が張る 얼음이 덮이다 張り切る 긴장하다 試験を控えて張り切っている 시험을 앞두고 긴장해 있다",no
689,N2,限,한할 한,"""한할 한"". 제한, 한계, 한도",ゲン,かぎ(る),"限 = ⻖ + 艮。 「⻖」는 ""언덕, 산""을 뜻합니다. 「艮」는 ""고개를 숙인 사람""을 뜻합니다. 限는 ""높은 산(⻖)에 가로막혀 좌절하고 있는 사람(艮)"" -> ""한계, 한도, 제한""이라는 뜻의 글자입니다.",음독은 ゲン입니다. 특별한 점은 없습니다.,"限る는 ""경계를 짓다, 한정하다, ~가 제일이다""라는 뜻의 1그룹 타동사/자동사입니다. 예문) 限られた予算한정된 예산 彼に限ってそんな事はない 그에 한해서 그런 일은 없다 花は桜に限る 꽃은 벚꽃이 제일이다",no
690,N2,額,이마 액,"""이마 액"". 이마, 금액, 액자",ガク,ひたい,"額 = 客 + 頁。 (소리부 겸 의미부)「客」(カク)는 ""손님""을 뜻합니다. (의미부)「頁」는 ""머리""를 뜻합니다. 額는 ""가게에 자주 머리를(頁) 들이미는 단골손님(客)"" -> ""이마, 금액""이라는 뜻의 글자입니다. (客는 소리부(カク -> ガク)도 겸함)",음독은 ガク입니다. 특별한 점은 없습니다.,"額는 ""이마""를 뜻합니다.",no
691,N2,環,고리 환,"""고리 환"". 고리, 두르다",カン,,"環 = 𤣩 +睘。 (의미부)「𤣩」는 ""구슬, 보석""을 뜻합니다. (소리부 겸 의미부)「睘」(カン)은 ""둥글다""라는 뜻의 글자로, ""품 안의 둥근 옥을 바라보는 모습""을 그린 것입니다(링크 참조). 環는 ""둥근(睘) 옥가락지(𤣩)"" -> ""고리, 두르다""라는 뜻의 글자입니다. (睘은 소리부도 겸함)",음독은 カン입니다. 특별한 점은 없습니다.,環의 정식 훈독은 없습니다.,no
692,N2,欧,토할 구,"""토할 구"". 유럽",オウ,,"欧 = 区 + 欠。 「欠」는 ""입으로 하는 동작""을 뜻합니다. 区는 여기서는 ""땅에 묻은 토사물""을 그린 모양자입니다. 欧는 본래 ""입을 벌리고(欠) 토하다(区)"" -> ""토하다""라는 뜻으로 만들어진 글자입니다. 그러나 이후 발음이 비슷하다는 이유로 ""유럽""이라는 뜻으로 쓰이게 된 것입니다. 즉, 欧의 모양과 의미 사이에는 아무런 관계도 없습니다.",음독은 オウ입니다. 특별한 점은 없습니다.,欧의 정식 훈독은 없습니다.,no
693,N2,担,멜 담,"""멜 담"". 메다, 부담하다",タン,かつ(ぐ)、にな(う),"担 = 扌 + 旦。 「扌」는 ""손""을 뜻합니다. 旦는 여기서는 ""등에 멘 봇짐""을 그린 모양자입니다. 担는 ""봇짐(旦)을 메다(扌)"" -> ""메다, 부담하다""라는 뜻의 글자입니다.",음독은 タン입니다. 특별한 점은 없습니다.,"担ぐ는 ""(짐 등을) 메다, 추대하다""라는 뜻의 타동사입니다. 担う는 ""(짐 등을) 메다, (책임 따위를) 지다/떠맡다""라는 뜻의 타동사입니다. 예문) 荷物を担いで運ぶ 짐을 메고 나르다 会長に担ぐ 회장으로 추대하다 荷物を二人で担う 짐을 둘이서 메다 チームの攻撃の柱を担っている 팀 공격의 주축을 담당하고 있다 父として家族を養う責任を担う 아버지로서 가족을 부양할 책임을 지다",no
694,N2,退,물러날 퇴,"""물러날 퇴"". 물러나다, 사양하다, 멀리하다",タイ,しりぞ(く)、しりぞ(ける),"退 = ⻌ + 艮。 「⻌」는 ""길""을 뜻합니다. 「艮」는 ""고개를 숙인 사람""을 뜻합니다. 退는 ""상대에게 고개를 숙이고(艮) 길에서(⻌) 물러나다"" -> ""물러나다, 사양하다, 멀리하다""라는 뜻의 글자입니다.",음독은 タイ입니다. 특별한 점은 없습니다.,"退く는 ""물러나다, 후퇴하다""라는 뜻의 자동사입니다. 退ける는 ""물리치다, 격퇴하다, 멀리하다""라는 뜻의 2그룹 타동사입니다. 예문) 政界から退く 정계에서 물러나다 一歩退く 한 걸음 물러나다 一歩も退かない決心だ 한 발짝도 물러서지 않겠다 人を退けて密談する 사람을 물리치고 밀담하다 敵の攻撃を退ける 적의 공격을 물리치다 誘惑をきっぱりと退ける 유혹을 단호히 물리치다",no
695,N2,準,준할 준,"""준할 준"". 기준, 준하다, 갖추다",ジュン,,"準 = 氵 + 隹 + 一 + 丨。 「氵」는 ""물""을 뜻합니다. 「隹」는 ""새""를 뜻합니다. 一는 여기서는 ""평평한 수면""을 그린 모양자입니다. 丨는 여기서는 ""직선""을 그린 모양자입니다. 準는 ""물(氵)위의 수면(一)을 일직선(丨)으로 곧게날아가는새(隹)"" -> ""정밀하다"" -> ""기준, 표준""이라는 뜻의 글자입니다.",음독은 ジュン입니다. 특별한 점은 없습니다.,準의 정식 훈독은 없습니다.,no
696,N2,造,지을 조,"""지을 조"". 만들다, 짓다",ゾウ,つく(る),"造 = ⻌ + 𠂒 + 口。 「⻌」는 ""길""을 뜻합니다. 「𠂒」는 ""소""를 뜻합니다. 口는 여기서는 ""외양간""을 그린 모양자입니다. 造는 ""길(⻌) 옆에 소(𠂒)를 넣어둘 외양간(口)을 지어놓다"" -> ""만들다, 짓다""라는 뜻의 글자입니다.",음독은 ゾウ입니다. 특별한 점은 없습니다.,"造る는 ""만들다, 제조하다""라는 뜻의 타동사입니다. 예문) 船を造る 배를 만들다(건조하다) 庭園を造る 정원을 만들다 참고)作る와造る의 차이 아래 예문을 참조해 주세요. 예문) 料理を作る 요리를 만들다 会社を作る 회사를 만들다 記録を作る 기록을 만들다 船を造る 배를 만들다(건조하다) 庭園を造る 정원을 만들다 日本酒を造る 일본주를 제조하다",no
697,N2,被,입을 피,"""입을 피"". 덮다, 덮이다",ヒ,こうむ(る),"被 = 衤 + 皮。 (의미부)「衤」는 ""옷, 옷감""을 뜻합니다. (소리부 겸 의미부)「皮」(ヒ)는 ""가죽, 피부""를 뜻합니다. 被는 ""피부(皮)를 옷(衤)으로 덮다"" -> ""덮다, 덮이다""라는 뜻의 글자입니다. (皮는 소리부도 겸함)",음독은 ヒ입니다. 특별한 점은 없습니다.,"被る는 ""(은혜/피해 등을)입다""라는 뜻의 타동사입니다. 예문) 恩恵を被る 은혜를 입다 被害を被る 손해를 입다",no
698,N2,技,재주 기,"""재주 기"". 기술, 재주, 솜씨",ギ,わざ,"技 = 扌 + 十 + 又。 「扌」는 ""손""을 뜻합니다. 十는 여기서는 ""나무막대 두 개""를 그린 모양자입니다. 「又」는 ""손""을 뜻합니다. 技는 ""양 손(扌+又)에 나무막대(十)를 들고 묘기를 펼치다"" -> ""재주, 기술, 솜씨""라는 뜻의 글자입니다.",음독은 ギ입니다. 특별한 점은 없습니다.,"技는 ""기술, 기법, 재주""를 뜻합니다.",no
699,N2,復,회복할 복/다시 부,"""회복할 복/다시 부"". 되돌아가다, 회복하다, 보복하다",フク,,"復 = 彳 + 复。 (의미부)「彳」는 ""길""을 뜻합니다. (소리부 겸 의미부)「复」(フク)는 ""되돌아가다""라는 뜻의 글자입니다(링크 참조). 復는 ""길(彳)을 되돌아가다(复)"" -> ""되돌아가다, 회복하다""라는 뜻의 글자입니다. (复는 소리부도 겸함)",음독은 フク입니다. 특별한 점은 없습니다.,復의 정식 훈독은 없습니다.,no
700,N2,渡,건널 도,"""건널 도"". 건너다, 건네주다",ト,わた(る)、わた(す),"渡 = 氵 + 度。 (의미부)「氵」는 ""물""을 뜻합니다. (소리부)「度」(ト)는 여기서는 소리부의 역할만 하고 있습니다. 渡는 ""물(氵)을 건너다"" -> ""건너다, 건네주다""라는 뜻의 글자입니다(度는 소리부).",음독은 ト입니다. 특별한 점은 없습니다.,"渡る는 ""건너다""라는 뜻의 자동사입니다. 渡す는 ""건네주다""라는 뜻의 타동사입니다. 예문) 横断歩道を渡る 횡단보도를 건너다 川を泳いで渡る 강을 헤엄쳐 건너다 お土産を渡す 선물을 건네주다 手紙を渡す 편지를 건네다",no
701,N2,移,옮길 이,"""옮길 이"". 옮기다",イ,うつ(る)、うつ(す),"移 = 禾 + 多。 「禾」는 ""곡식""을 뜻합니다. 「多」는 ""많다""라는 뜻입니다. 移는 ""곡식(禾)이 너무 많아서(多) 다른 곳으로 옮기다"" -> ""옮기다""라는 뜻의 글자입니다.",음독은 イ입니다. 특별한 점은 없습니다.,"移る는 ""옮기다, 이동하다""라는 뜻의 자동사입니다. 移す는 ""옮기다, 이동시키다""라는 뜻의 타동사입니다. 예문) 会社を移る 회사를 옮기다 実行に移る 실행에 옮기다 風邪が移る 감기가 옮다 料理を皿に移す 요리를 접시에 옮겨 담다 計画を実行に移す 계획을 실행에 옮기다 病気を移す 병을 옮기다",no
702,N2,個,낱 개,"""낱 개"". 갯수, 개인, 개별",コ,,"個 = 亻 + 固。 (의미부)「亻」는 ""사람""을 뜻합니다. (소리부 겸 의미부)「固」(コ)는 ""딱딱하다""라는 뜻입니다. 여기서는 ""딱딱하다"" -> ""개체""라는 뜻으로 쓰인 것입니다. 個는 ""사람(亻) 한 개체(固)"" -> ""개인, 개별, 갯수""라는 뜻의 글자입니다. (固는 소리부도 겸함)",음독은 コ입니다. 특별한 점은 없습니다.,個의 정식 훈독은 없습니다.,no
703,N2,評,평할 평,"""평할 평"". 비평하다, 품평하다",ヒョウ,,"評 = 言 + 平。 (의미부)「言」는 ""말하다""라는 뜻입니다. (소리부 겸 의미부)「平」(ヒョウ)는 ""평평하다""라는 뜻입니다. 評는 ""공평하게(平) 평가하다(言)"" -> ""비평하다, 평가하다""라는 뜻의 글자입니다. (平는 소리부도 겸함)",음독은 ヒョウ입니다. 특별한 점은 없습니다.,評의 정식 훈독은 없습니다.,no
704,N2,若,같을 약,"""같을 약"". 젊다, 어리다, 만약, 약간",ジャク、ニャク,わか(い)、も(しくは),"若는 ""땅에 머리를 대고 엎드린 사람""을 그린 상형문자입니다. ""노인 앞에 엎드려 예를 취하는 젊은이"" -> ""젊다, 어리다""라는 의미입니다.",음독은 ジャク、ニャク입니다. 사용 빈도는 ジャク가 훨씬 높습니다.,"若い는 ""젊다, 어리다""라는 뜻의 형용사입니다. 若しくは는 ""또는, 혹은""이라는 뜻입니다.",no
705,N2,脳,골 뇌,"""골 뇌"". 뇌",ノウ,,"脳 = 月 + ⺍ + 凶。 「月」는 ""신체의 일부""를 뜻합니다. ⺍+凶는 여기서는 ""뇌의 주름""을 그린 모양자입니다. 脳는 ""신체의 일부(月) + 뇌(⺍+凶)"" -> ""뇌""라는 뜻의 글자입니다.",음독은 ノウ입니다. 특별한 점은 없습니다.,脳의 정식 훈독은 없습니다.,no
706,N2,含,머금을 함,"""머금을 함"". 머금다, 포함하다",ガン,ふく(む)、ふく(める),"含 = 今 + 口。 「今」는 ""지금, 현재""를 뜻합니다. 「口」는 ""입""을 뜻합니다. 含는 ""지금(今) 입 안에(口) 머금고 있는 것"" -> ""머금다, 포함하다""라는 뜻의 글자입니다.",음독은 ガン입니다. 특별한 점은 없습니다.,"含む는 ""머금다, 포함하다""라는 뜻의 타동사입니다. 含める는 ""포함시키다, 내포하다""라는 뜻의 2그룹 타동사입니다. 예문) 水を口に含む 물을 입에 머금다 詩が含んでいる意味시가 함축하고 있는 의미 手数料を含んだ料金수수료를 포함한 요금 日本を含めて三ヵ国일본을 포함하여 3개국 手数料を含めて計算する 수수료를 포함하여 계산하다",no
707,N2,蔵,감출 장,"""감출 장"". 창고, 간직하다",ゾウ,くら,"蔵 = 艹 + 戊 + 臣。 「艹」는 ""풀""을 뜻합니다. 「戊」는 ""창""을 뜻합니다. 「臣」는 ""신하""를 뜻합니다. 蔵는 ""정적의 습격(戊)을 피해 풀숲(艹)에 숨은 신하(臣)"" -> ""감추다, 간직하다, 창고""라는 뜻의 글자입니다.",음독은 ゾウ입니다. 특별한 점은 없습니다.,"蔵는 ""창고""를 뜻합니다.",no
708,N2,非,아닐 비,"""아닐 비"". 아니다, 옳지 않은, 어긋난",ヒ,,"非는 ""새의 날개""를 그린 상형문자입니다. ""등 위의 날개"" -> ""등지다"" -> ""배반"" -> ""아니다""라는 의미입니다.",음독은 ヒ입니다. 특별한 점은 없습니다.,非의 정식 훈독은 없습니다.,no
709,N2,段,층계 단,"""층계 단"". 단계, 등급, 계단",ダン,,"段의 왼쪽에 있는 글자는 ""돌계단""을 그린 모양자입니다. 「殳」는 ""때리다, 휘두르다""라는 뜻입니다. 段는 ""망치를 휘둘러(殳) 돌을 깎아내 계단을 만들다""-> ""계단, 단계, 등급""이라는 뜻의 글자입니다.",음독은 ダン입니다. 특별한 점은 없습니다.,段의 정식 훈독은 없습니다.,no
710,N2,製,지을 제,"""지을 제"". 제조하다, 만들다",セイ,,"製 = 制 + 衣。 (소리부)「制」(セイ)는 여기서는 소리부의 역할만 하고 있습니다. (의미부)「衣」는 ""옷""을 뜻합니다. 製는 ""옷(衣)을 만들다"" -> ""제조하다, 만들다""라는 뜻의 글자입니다(制는 소리부).",음독은 セイ입니다. 특별한 점은 없습니다.,製의 정식 훈독은 없습니다.,no
711,N2,況,상황 황,"""상황 황"". 상황, 실황",キョウ,,"況 = 氵 + 兄。 (의미부)「氵」는 ""물""을 뜻합니다. (소리부 겸 의미부)「兄」(キョウ)는 ""형, 맏이""를 뜻합니다. 況는 ""폭우에 불어난 강물(氵)을 걱정스레 지켜보는 맏형(兄)""이라는 뜻입니다. ""폭우에 강의 상황을 지켜보다"" -> ""상황, 실황""이라는 의미입니다. (兄는 소리부도 겸함)",음독은 キョウ입니다. 특별한 점은 없습니다.,況의 정식 훈독은 없습니다.,no
712,N2,財,재물 재,"""재물 재"". 재물, 재산",ザイ、サイ,,"財 = 貝 + 才。 (의미부)「貝」는 ""돈, 재물""을 뜻합니다. (소리부 겸 의미부)「才」(サイ)는 ""재능, 재주""를 뜻합니다. 財는 ""돈(貝) 버는 재주(才)"" -> ""재물, 재산""이라는 뜻의 글자입니다. (才는 소리부(サイ -> ザイ・サイ)도 겸함)",음독은 ザイ、サイ입니다. 사용 빈도는 ザイ가 훨씬 높습니다.,財의 정식 훈독은 없습니다.,no
713,N2,識,알 식,"""알 식"". 지식, 알다",シキ,,"識 = 言 + 戠。 「言」는 ""말하다""라는 뜻입니다. 戠는 여기서는「職」이 축약된 것으로, ""직무, 직업""을 뜻합니다. 識는 ""가르치는(言) 직업(戠)"" -> ""지식, 알다""라는 뜻의 글자입니다.",음독은 シキ입니다. 특별한 점은 없습니다.,識의 정식 훈독은 없습니다.,no
714,N2,呼,부를 호,"""부를 호"". 부르다, (숨을)내쉬다",コ,よ(ぶ),"呼 = 口 +平。 「口」는 ""입""을 뜻합니다. 「平」는 본래 ""악기 소리가 퍼져나가는 것""을 표현한 글자입니다(링크 참조). 呼는 ""입(口)에서 소리가 퍼져나가다(平)"" -> ""부르다, (숨을)내쉬다""라는 뜻의 글자입니다.",음독은 コ입니다. 특별한 점은 없습니다.,"呼ぶ는 ""부르다""라는 뜻의 타동사입니다. 예문) 名前を呼ぶ 이름을 부르다 救急車を呼ぶ 구급차를 부르다",no
715,N2,針,바늘 침,"""바늘 침"". 바늘, 침",シン,はり,"針 = 金 + 十。 「金」는 ""쇠, 금속""을 뜻합니다. 十는 여기서는 ""뾰족한 바늘""을 그린 모양자입니다. 針는 ""쇠(金)로 된 뾰족한 바늘(十)"" -> ""바늘, 침""이라는 뜻의 글자입니다.",음독은 シン입니다. 특별한 점은 없습니다.,"針는 ""바늘, 침""을 뜻합니다.",no
716,N2,専,오로지 전,"""오로지 전"". 오로지, 전념하다",セン,もっぱ(ら),"専 = 𤰔 + 寸。 「𤰔」는 ""방추(실을 감는 도구)""를 그린 글자입니다(링크 참조). 「寸」는 ""손""을 뜻합니다. 専는 ""방추(𤰔)를 손(寸)으로 계속 돌리다""-> ""오로지, 전념하다""라는 뜻의 글자입니다.",음독은 セン입니다. 특별한 점은 없습니다.,"専ら는 ""오로지, 한결같이""라는 뜻입니다.",no
717,N2,程,한도 정,"""한도 정"". 규정, 정도, 여정",テイ,ほど,"程 = 禾 + 口 + 王。 「禾」는 ""곡식""을 뜻합니다. 口는 여기서는 ""곡식 자루""를 그린 모양자입니다. 王는 여기서는 ""무게를 재는 저울""을 그린 모양자입니다. 程는 ""세금으로 낼 곡식(禾)의 무게를 저울에 달다(呈)""라는 뜻입니다. ""세금의 규정량"" -> ""규정, 정도""라는 의미입니다.",음독은 テイ입니다. 특별한 점은 없습니다.,"程는 ""한계, 분수, 정도""를 뜻합니다.",no
718,N2,値,값 치,"""값 치"". 값, 가치",チ,ね、あたい,"値 = 亻 + 直。 「亻」는 ""사람""을 뜻합니다. 「直」는 ""곧다""라는 뜻입니다. 値는 ""올곧은(直) 사람(亻)"" -> ""가치있는 사람"" -> ""가치, 값""이라는 뜻의 글자입니다.",음독은 チ입니다. 특별한 점은 없습니다.,"値는 ""가격""을 뜻합니다. 値는 ""가치""를 뜻합니다.",no
719,N2,突,갑자기 돌,"""갑자기 돌"". 세차게 부딪치다, 찌르다, 갑작스러운",トツ,つ(く),"突 = 穴 + 大。 「穴」는 ""구멍""을 뜻합니다. 「大」는 ""크다""라는 뜻입니다. 突는 ""구멍(穴)에 커다란 것(大)을 확 찔러넣다"" -> ""부딪치다, 찌르다, 갑작스러운""이라는 뜻의 글자입니다.",음독은 トツ입니다. 특별한 점은 없습니다.,"突く는 ""찌르다""라는 뜻의 타동사입니다. 예문) 針で指を突く 바늘로 손가락을 찌르다 肘で脇を突く 팔꿈치로 옆구리를 쿡 찌르다 弱点を突く 약점을 찌르다 意表を突く 의표를 찌르다 問題の核心を突く 문제의 핵심을 찌르다",no
720,N2,接,이을 접,"""이을 접"". 접하다, 접촉하다, 잇다",セツ,つ(ぐ),"接 = 扌 + 妾。 「扌」는 ""손""을 뜻합니다. 「女」는 ""여자""를 뜻합니다. 立는 여기서는 ""땋아올린 여자의 머리""를 그린 모양자입니다. 接는 ""여자(女)의 머리(立)를 만지작거리다(扌)"" -> ""접하다, 접촉하다, 잇다""라는 뜻의 글자입니다.",음독은 セツ입니다. 특별한 점은 없습니다.,"接ぐ는 ""이어 붙이다, 접목하다""라는 뜻의 타동사입니다.",no
721,N2,授,줄 수,"""줄 수"". 주다, 전수하다",ジュ,さず(ける)、さず(かる),"授 = 扌 + 受。 (의미부)「扌」는 ""손""을 뜻합니다. (소리부 겸 의미부)「受」(ジュ)는 ""받다""라는 뜻입니다. 授는 ""받는 사람(受)에게 건네주다(扌)"" -> ""주다, 전수하다""라는 뜻의 글자입니다. (受는 소리부도 겸함)",음독은 ジュ입니다. 특별한 점은 없습니다.,"授ける는 ""(윗사람이 아랫사람에게) 주다, 하사하다""라는 뜻의 2그룹 타동사입니다. 授かる는 ""(신불이나 윗사람이) 내려주시다""라는 뜻의 자동사/타동사입니다. 예문) 文化勲章を授ける 문화 훈장을 수여하다 秘法を授ける 비법을 전수하다 幸せを授けてくれる 복을 내려 주다 秘伝を授かる 비전을 전수받다 才能を授かる 재능을 타고나다(내려 주시다) 十年ぶりに授かった長男십 년 만에 얻은 장남",no
722,N2,効,본받을 효,"""본받을 효"". 효과, 효능, 효율",コウ,き(く),"効 = 交 + 力。 (소리부 겸 의미부)「交」(コウ)는 ""교차하다, 교제하다""라는 뜻입니다. (의미부)「力」는 ""힘""을 뜻합니다. 効는 ""약효(力)가 몸에 스며들다(交)"" -> ""효과, 효능, 효율""이라는 뜻의 글자입니다. (交는 소리부도 겸함)",음독은 コウ입니다. 특별한 점은 없습니다.,"効く는 ""효과가 있다, 효능이 나타나다""라는 뜻의 자동사입니다.",no
723,N2,湾,물굽이 만,"""물굽이 만"". (바닷가의) 만, 물굽이",ワン,,"湾 = 氵 +弯。 「氵」는 ""물""을 뜻합니다. 弯는 여기서는 ""강물(亦)이 굽이쳐 흐르는(弓) 모습""을 그린 모양자입니다. 湾은 ""물(氵)이 굽이쳐 흐르는(弯) 곳"" -> ""만, 물굽이""라는 뜻의 글자입니다.",음독은 ワン입니다. 특별한 점은 없습니다.,湾의 정식 훈독은 없습니다.,no
724,N2,処,곳 처,"""곳 처"". 머무르다, 처리하다",ショ,,"処 = 夂 + 几。 「夂」는 ""발""을 뜻합니다. 几는 여기서는 ""책상""을 그린 모양자입니다. 処는 ""일을 하다가 책상(几)에 기대서서(夂) 쉬다"" -> ""머무르다, 처리하다""라는 뜻의 글자입니다.",음독은 ショ입니다. 특별한 점은 없습니다.,処의 정식 훈독은 없습니다.,no
725,N2,旧,옛 구,"""옛 구"". 오랜, 옛날",キュウ,,"旧 = 丨 + 日。 「日」는 ""날짜""를 뜻합니다. 丨는 여기서는 ""(날짜가) 지나가다""라는 뜻을 표현한 모양자입니다. 旧는 ""지나간(丨) 나날들(日)"" -> ""오랜, 옛날""이라는 뜻의 글자입니다.",음독은 キュウ입니다. 특별한 점은 없습니다.,旧의 정식 훈독은 없습니다.,no
726,N2,否,아닐 부,"""아닐 부"". 부정, 아니다",ヒ,いな,"否 = 不 + 口。 「不」는 ""아니다""라는 뜻입니다. 「口」는 ""입""을 뜻합니다. 否는 ""부정하는(不) 말(口)"" -> ""아니다, 부정""이라는 뜻의 글자입니다.",음독은 ヒ입니다. 특별한 점은 없습니다.,"훈독은 いな입니다. 주로 ~か否か의 형태로 ""~인지 아닌지""라는 뜻으로 쓰입니다.",no
727,N2,師,스승 사,"""스승 사"". 전문가, 기술자, 스승, 지도자",シ,,"師 = 𠂤 +帀。 「𠂤」는 ""언덕""을 뜻합니다. 帀는 ""두르다, 에워싸다""라는 뜻의 글자입니다. 帀 = 一 + 巾。 「巾」는 ""수건, 천""을 뜻합니다. 一는 여기서는 ""천을 두른 모습""을 그린 모양자입니다. 帀는 ""천(巾)을 머리에 두르다(一)"" -> ""두르다, 에워싸다""라는 뜻의 글자입니다. 師는 ""단상(𠂤) 주위를 에워싸고(帀) 가르침을 받는 제자들"" -> ""전문가, 스승""이라는 뜻의 글자입니다.",음독은 シ입니다. 특별한 점은 없습니다.,師의 정식 훈독은 없습니다.,no
728,N2,批,비평할 비,"""비평할 비"". 비평하다",ヒ,,"批 = 扌 + 比。 (의미부)「扌」는 ""손""을 뜻합니다. (소리부 겸 의미부)「比」(ヒ)는 ""비교하다""라는 뜻입니다. 批는 ""손(扌)으로 가리키며 비교하고(比) 평가하다"" -> ""비평하다""라는 뜻의 글자입니다. (比는 소리부도 겸함)",음독은 ヒ입니다. 특별한 점은 없습니다.,批의 정식 훈독은 없습니다.,no
729,N2,易,바꿀 역/쉬울 이,"""바꿀 역/쉬울 이"". 바꾸다, 쉽다, 운세",エキ、イ,やさ(しい),"易는 ""접시(日)에 담긴 물을 쏟아버리는(勿) 모습""을 그린 상형문자입니다. 라는 의미입니다. 주의) 모양이 비슷한「昜」와 혼동하지 않도록 주의해주세요.",음독은 エキ、イ입니다. 구분법은 다음과 같습니다. 아래 예시단어를 참조해 주세요.,"易しい는 ""쉽다""라는 뜻의 형용사입니다.",no
730,N2,存,있을 존,"""있을 존"". 존재하다, 있다",ソン、ゾン,,"存 = 才 + 子。 「才」는 ""재능""을 뜻합니다. 「子」는 ""아이""를 뜻합니다. 存는 ""아이(子)에게는재능(才)이 있다"" -> ""있다, 존재하다""라는 뜻의 글자입니다.",음독은 ソン、ゾン입니다. 특별한 구분법은 없습니다.,存의 정식 훈독은 없습니다.,no
731,N2,券,문서 권,"""문서 권"". 표, 증서, 권(증권/채권 등)",ケン,,"券 = 龹 + 刀。 「刀」는 ""칼""을 뜻합니다. 龹는 여기서는 ""(칼로 새겨둔) 특별한 표식""을 그린 모양자입니다. 券은 ""진짜라는표식(龹)이 새겨진(刀) 증서"" -> ""증서, 표""라는 뜻의 글자입니다.",음독은 ケン입니다. 특별한 점은 없습니다.,券의 정식 훈독은 없습니다.,no
732,N2,座,자리 좌,"""자리 좌"". 자리, 좌석, 앉다",ザ,すわ(る),"座 = 广 + 土 + 人 + 人。 「广」는 ""집, 건물""을 뜻합니다. 「土」는 ""땅""을 뜻합니다. 「人」는 ""사람""을 뜻합니다. 座는 ""집(广)의 바닥(土)에 앉아있는 사람들(人人)"" -> ""자리, 앉다, 좌석""이라는 뜻의 글자입니다.",음독은 ザ입니다. 특별한 점은 없습니다.,"座る는 ""앉다""라는 뜻의 자동사입니다. 예문) 椅子に座る 의자에 앉다 子供を正しく座らせる 아이를 바르게 앉히다",no
733,N2,破,깨뜨릴 파,"""깨뜨릴 파"". 깨뜨리다, 파괴하다",ハ,やぶ(る)、やぶ(れる),"破 = 石 + 皮。 (의미부)「石」는 ""돌""을 뜻합니다. (소리부 겸 의미부)「皮」(ヒ)는 ""가죽, 표면""을 뜻합니다. 破는 ""돌(石)의 표면(皮)을 두드려 깨뜨리다"" -> ""깨뜨리다, 파괴하다""라는 뜻의 글자입니다. (皮는 소리부(ヒ -> ハ)도 겸함)",음독은 ハ입니다. 특별한 점은 없습니다.,"破る는 ""깨뜨리다, 부수다""라는 뜻의 타동사입니다. 破れる는 ""찢어지다, 터지다, 깨지다""라는 뜻의 2그룹 자동사입니다. 예문) 壁を破る 벽을 부수다 ガラスを破る 유리를 깨다 紙が破れる 종이가 찢어지다 ガラスが破れる 유리가 깨지다",no
734,N2,編,엮을 편,"""엮을 편"". 엮다, 편찬하다, 편집하다",ヘン,あ(む),"編 = 糸 + 扁。 (의미부)「糸」는 ""실""을 뜻합니다. (소리부 겸 의미부)「扁」(ヘン)은 ""집(戸) 안의 책(冊)""을 뜻하는 글자입니다(링크 참조). 編는 ""집 안의 책들(扁)을 하나로 묶다(糸)"" -> ""엮다, 편찬하다, 편집하다""라는 뜻의 글자입니다. (扁는 소리부도 겸함)",음독은 ヘン입니다. 특별한 점은 없습니다.,"編む는 ""뜨다, 짜다, 엮다""라는 뜻의 타동사입니다.",no
735,N2,捜,찾을 수,"""찾을 수"". 찾다, 수색하다",ソウ,さが(す),"捜 = 扌 + 申 + 又。 「扌」는 ""손""을 뜻합니다. 申는 여기서는 ""횃불""을 그린 모양자입니다. 「又」는 ""손""을 뜻합니다. 捜는 ""양 손(扌+又)에 횃불(申)을 들고 사람을 찾아다니다"" -> ""찾다, 수색하다""라는 뜻의 글자입니다.",음독은 ソウ입니다. 특별한 점은 없습니다.,"捜す는 ""(잃어버린 것을) 찾아다니다, 수색하다""라는 뜻의 타동사입니다. 예문) 落した財布を捜す 잃어버린 지갑을 찾다 犯人を捜す 범인을 찾다",no
736,N2,除,덜 제,"""덜 제"". 제거하다, 없애다",ジョ、ジ,のぞ(く),"除 = ⻖ + 余。 「⻖」는 ""언덕""을 뜻합니다. 余는 ""잎이 풍성한 나무""를 그린 상형문자입니다. 除는 ""언덕(⻖)의 나무(余)를 베다"" -> ""제거하다, 덜다""라는 뜻의 글자입니다.",음독은 ジョ、ジ입니다. 그러나 절대다수는 ジョ로 읽습니다. ジ는 掃除(청소)를 제외하고는 거의 쓰이지 않는 음독입니다.,"除く는 ""제거하다, 빼다, 제외하다""라는 뜻의 타동사입니다. 예문) 雑草を除く 잡초를 제거하다 名簿から除く 명부에서 빼다 一人を除いて全員が賛成した 한 명을 제외하고 전원이 찬성했다",no
737,N2,降,내릴 강/항복할 항,"""내릴 강/항복할 항"". 내리다, 내려오다, 항복하다",コウ,お(りる)、お(ろす)、ふ(る),"降 = ⻖ + 夂 + 㐄。 「⻖」는 ""언덕""을 뜻합니다. 「夂」는 ""발""을 뜻합니다. 「㐄」는 ""발""을 뜻합니다. 降는 ""언덕(⻖)을 걸어 내려오다(夂+㐄)"" -> ""내려가다, 내리다, 항복하다""라는 뜻의 글자입니다.",음독은 コウ입니다. 특별한 점은 없습니다.,"1.降りる、降ろす 降りる는 ""(탈것/역 등에서) 내리다""라는 뜻의 2그룹 자동사입니다. 降ろす는 ""(탈것에서) 내려놓다""라는 뜻의 타동사입니다. 예문) 電車から降りる 전철에서 내리다 乗客を降ろす 승객을 내려 주다 2.降る 降る는 ""(비/눈 등이) 내리다""라는 뜻의 자동사입니다. 예문) 雨が降る 비가 오다 雪が降る 눈이 내리다",no
738,N2,超,뛰어넘을 초,"""뛰어넘을 초"". 뛰어넘다, 초월하다",チョウ,こ(える)、こ(す),"超 = 走 + 召。 (의미부)「走」는 ""달리다""라는 뜻입니다. (소리부 겸 의미부)召(ショウ - 부를 소)는 ""부르다""라는 뜻의 상용한자입니다. 召 = 刀 + 口。 「刀」는 ""칼""을 뜻합니다. 「口」는 ""입""을 뜻합니다. 옛사람들은 ""입은 화를 부르는 문이며, 혀는 몸을 베는 칼이다""라고 경계했다고 합니다. 召는 ""말실수(口)가 화(刀)를 부르다"" -> ""부르다""라는 뜻의 글자입니다. 超는 ""부름(召)에 응해 달려가다(走)"" -> ""뛰어넘다""라는 뜻의 글자입니다. (召는 소리부(ショウ -> チョウ)도 겸함)",음독은 チョウ입니다. 특별한 점은 없습니다.,"超える는 ""(기준/수량/한도 등을) 넘어서다""라는 뜻의 2그룹 자동사입니다. 超す는 ""(기준 등을) 넘다, 초과하다""라는 뜻의 타동사입니다. 예문) 時代を超える 시대를 초월하다 限界を超えて 한계를 넘어서 百人を超す 백 명을 넘다",no
739,N2,責,꾸짖을 책,"""꾸짖을 책"". 책임, 꾸짖다, 책망하다",セキ,せ(める),"責 = 龶 + 貝。 龶는 여기서는 ""무언가가 쌓여있는 모습""을 표현한 모양자입니다. 「貝」는 ""돈""을 뜻합니다. 責는 ""빚(貝)이 쌓이다(龶)""-> ""책임,책망하다, 꾸짖다""라는 뜻의 글자입니다.",음독은 セキ입니다. 특별한 점은 없습니다.,"責める는 ""나무라다, 비난하다, 괴롭히다""라는 뜻의 2그룹 타동사입니다. 예문) 自らを責める 자신을 나무라다 仲間を責める 동료를 비난하다",no
740,N2,並,나란히 병,"""나란히 병"". 나란히",ヘイ,な(み)、なら(べる)、なら(ぶ)、なら(びに),"並는 ""나란히 서 있는 두 사람""을 그린 상형문자입니다.",음독은 ヘイ입니다. 특별한 점은 없습니다.,"1.並べる、並ぶ 並べる는 ""(나란히) 늘어놓다, 열거하다""라는 뜻의 2그룹 타동사입니다. 並ぶ는 ""줄을 서다, 늘어서다, 필적하다""라는 뜻의 자동사입니다. 예문) 一列に並べる 일렬로 늘어놓다 口実を並べる 핑계를 늘어놓다 店が並んでいる 가게가 늘어서 있다 先着順に並んでください 선착순으로 줄을 서 주세요 彼に並ぶ者はいない 그에게 견줄 만한 자는 없다 2.並み、並びに 並み는 ""평균, 평범함, 보통""을 뜻합니다. 並びに는 ""및, 또""라는 뜻입니다. 예문) 並みの選手평범한 선수 首相並びに外相수상 및 외상(외무장관)",no
741,N2,療,고칠 료,"""고칠 료"". 치료하다, 고치다",リョウ,,"療 = 疒 + 尞。 (의미부)「疒」는 ""질병, 질환""을 뜻합니다. (소리부 겸 의미부)「尞」(リョウ)는 ""타오르는 횃불""을 그린 글자입니다(링크 참조). 療는 ""병(疒)을 태워버리다(尞)"" -> ""치료하다, 고치다""라는 뜻의 글자입니다. (尞는 소리부도 겸함)",음독은 リョウ입니다. 특별한 점은 없습니다.,療의 정식 훈독은 없습니다.,no
742,N2,修,닦을 수,"""닦을 수"". 수행하다, 수양하다",シュウ、シュ,おさ(める)、おさ(まる),"修 = 亻 + 丨 + 攵 + 彡。 「亻」는 ""사람""을 뜻합니다. 丨는 여기서는 ""사람(亻)의 등""을 그린 모양자입니다. 「攵」는 ""때리다, 치다""라는 뜻입니다. 彡는 여기서는 ""맞아서 난 자국""을 그린 모양자입니다. 修는 ""사람(亻)의 등(丨)을 채찍질하며(攵+彡) 단련시키다"" -> ""수행하다, 수양하다""라는 뜻의 글자입니다.",음독은 シュウ、シュ입니다. 특별한 구분법은 없습니다.,"修める는 ""수양하다, 익히다""라는 뜻의 2그룹 타동사입니다. 修まる는 ""닦아지다, 좋아지다""라는 뜻의 자동사입니다.",no
743,N2,捕,잡을 포,"""잡을 포"". 붙잡다, 잡다",ホ,と(らえる)、と(らわれる)、と(る)、つか(まえる)、つか(まる),"捕 = 扌 + 甫。 (의미부)「扌」는 ""손""을 뜻합니다. (소리부 겸 의미부)「甫」(ホ)는 ""채소밭""을 뜻합니다. 捕는 ""채소밭(甫)에 서리하러 숨어든 도둑을 붙잡다(扌)"" -> ""붙잡다, 잡다""라는 뜻의 글자입니다. (甫는 소리부도 겸함)",음독은 ホ입니다. 특별한 점은 없습니다.,"1.捕まえる、捕る、捕らえる 捕まえる、捕らえる는 둘 다 ""잡다, 붙잡다, 붙들다""라는 뜻의 2그룹 타동사입니다. 捕る는 ""잡다, 포획하다""라는 뜻의 타동사입니다. 셋의 차이점은 다음과 같습니다. 아래 예문을 참조해 주세요. 예문) 犯人を捕まえる 범인을 붙잡다 タクシーを捕まえる 택시를 잡다 犯人を捕らえる 범인을 붙잡다 魚を捕る 물고기를 잡다 2.捕まる、捕らわれる 捕まる는 ""잡히다, 붙잡히다""라는 뜻의 자동사입니다. 捕らわれる는 ""(도망치던 것이) 붙잡히다, 얽매이다/구애되다""라는 뜻의 2그룹 자동사입니다. 예문) 犯人が捕まる 범인이 붙잡히다 なかなかタクシーが捕まらない 좀처럼 택시가 잡히지 않는다 警察に捕らわれる 경찰에 붙잡히다 形式に捕らわれて本質を忘れてしまう 형식에 얽매여서 본질을 잊어버리다",no
744,N2,危,위태할 위,"""위태할 위"". 위험하다, 위태롭다",キ,あぶ(ない)、あや(うい)、あや(ぶむ),"危 = ⺈ + 厂 + 㔾。 「⺈」는 ""칼""을 뜻합니다. 「厂」는 ""기슭, 절벽""을 뜻합니다. 「㔾」는 ""무릎꿇은 사람""을 뜻하는 글자입니다(링크 참조). 危는 ""칼(⺈)에 찔려절벽(厂) 아래로 굴러 떨어질(㔾) 위기에 처하다"" -> ""위험하다, 위태롭다""라는 뜻의 글자입니다.",음독은 キ입니다. 특별한 점은 없습니다.,"1.危ない、危うい 危ない는 ""위험하다, 위태롭다""라는 뜻의 형용사입니다. 危うい는 ""위태롭다, 아슬아슬하다""라는 뜻의 형용사입니다. 둘의 차이점은 다음과 같습니다. 아래 예문을 참조해 주세요. 예문) 危ない玩具위험한 장난감 危ない刃物위험한 날붙이 命が危ない 생명이 위태롭다 危うく間に合った 아슬아슬하게 제시간에 도착했다 このままでは合格が危うい 이대로는 합격이 위태롭다 危ういところで助かった 위태로운 고비에서 간신히 살아났다 2.危ぶむ 危ぶむ는 ""위험하게 여기다, (실현 여부를) 의심하다""라는 뜻의 타동사입니다. 예문) 成功を危ぶむ 성공을 의심하다(걱정하다) 天気を危ぶむ 날씨를 걱정하다 会社の存立が危ぶまれる 회사의 존립이 위태롭다",no
745,N2,採,캘 채,"""캘 채"". 뽑다, 뽑아내다, 취하다",サイ,と(る),"採 = 扌 +采。 (의미부)「扌」는 ""손""을 뜻합니다. (소리부 겸 의미부)「采」(サイ)는 ""뽑다, 따다""라는 뜻입니다. 採는 ""손(扌)으로 뽑아내다(采)"" -> ""뽑다, 뽑아내다, 취하다""라는 뜻의 글자입니다. (采는 소리부도 겸함)",음독은 サイ입니다. 특별한 점은 없습니다.,"採る는 ""(나물 등을) 채취하다""라는 뜻의 타동사입니다.",no
746,N2,拡,넓힐 확,"""넓힐 확"". 확장하다, 넓히다",カク,,"拡 = 扌 + 広。 「扌」는 ""손""을 뜻합니다. 「広」는 ""넓다""라는 뜻입니다. 拡는 ""잡아당겨(扌) 넓히다(広)"" -> ""확장하다, 넓히다""라는 뜻의 글자입니다.",음독은 カク입니다. 특별한 점은 없습니다.,拡의 정식 훈독은 없습니다.,no
747,N2,故,연고 고,"""연고 고"". 까닭, 이유, 연고",コ,ゆえ,"故 = 古 + 攵。 (소리부 겸 의미부)「古」(コ)는 ""옛날, 오래된""이라는 뜻입니다. (의미부)「攵」는 ""때리다, 치다""라는 뜻입니다. 故는 ""과거(古)의 원한을 이유로 때리다(攵)"" -> ""까닭, 이유, 연고""라는 뜻의 글자입니다. (古는 소리부도 겸함)",음독은 コ입니다. 특별한 점은 없습니다.,"故는 ""까닭, 이유, 사정""을 뜻합니다. 故に는 ""고로, 그러므로, 따라서""라는 뜻입니다. 예문) 若き故の失敗젊기 때문에 저지르는 실패 貧故の盗み 가난 때문의 도둑질 我思う、故に我あり 나는 생각한다, 고로 존재한다",no
748,N2,介,끼일 개,"""끼일 개"". 끼이다, 중개하다",カイ,,"介는 ""갑옷을 껴입은 모습""을 그린 상형문자입니다. ""갑옷을 껴입다"" -> ""끼다, 끼이다"" -> ""중개하다""라는 의미입니다.",음독은 カイ입니다. 특별한 점은 없습니다.,介의 정식 훈독은 없습니다.,no
749,N2,迎,맞을 영,"""맞을 영"". 맞이하다, 영접하다, 마중하다",ゲイ,むか(える),"迎 = ⻌ +卬。 「⻌」는 ""길""을 뜻합니다. 「卬」는 ""우러러보다""라는 뜻의 글자입니다(링크 참조). 迎는 ""먼 길(⻌)을 찾아온 손님을 공손히(卬) 맞이하다"" -> ""맞이하다, 영접하다""라는 뜻의 글자입니다.",음독은 ゲイ입니다. 특별한 점은 없습니다.,"迎える는 ""맞이하다, 마중하다""라는 뜻의 2그룹 타동사입니다. 예문) 新しい春を迎える 새로운 봄을 맞이하다 客を笑顔で迎える 손님을 웃는 얼굴로 맞이하다",no
750,N2,販,팔 판,"""팔 판"". 판매하다",ハン,,"販 = 貝 + 反。 (의미부)「貝」는 ""돈, 재물""을 뜻합니다. (소리부 겸 의미부)「反」(ハン)은 ""돌이키다, 뒤집다, 반대""라는 뜻입니다. 販는 ""돈(貝)을 받고 물건을 넘겨주다(反)"" -> ""판매하다""라는 뜻의 글자입니다. (反은 소리부도 겸함)",음독은 ハン입니다. 특별한 점은 없습니다.,販의 정식 훈독은 없습니다.,no
751,N2,異,다를 이,"""다를 이"". 다른, 괴이한",イ,こと,"異는 ""괴이한 가면(田)을 쓰고 양팔을 벌린 사람""을 그린 상형문자입니다. ""괴상한 사람"" -> ""괴이하다, 이상하다, 다르다""라는 의미입니다.",음독은 イ입니다. 특별한 점은 없습니다.,"훈독은 こと입니다. 異なる는 ""다르다""라는 뜻의 자동사입니다. 예문) 双子でも性格は異なる 쌍둥이라도 성격은 다르다 彼は次元が異なる 그는 차원이 다르다 事実と異なる部分がある 사실과 다른 부분이 있다",no
752,N2,将,장차/장수 장,"""장차/장수 장"". 장래, 앞으로, 장수",ショウ,,"将 = 丬 + ⺤ + 寸。 「丬」는 ""탁자""를 뜻합니다. 「⺤」는 ""손""을 뜻합니다. 「寸」는 ""손""을 뜻합니다. 将는 ""양 손(⺤+寸)으로 커다란 탁자(丬)를 들어올린 아이""라는 뜻입니다. 이라는 의미입니다.",음독은 ショウ입니다. 특별한 점은 없습니다.,将의 정식 훈독은 없습니다.,no
753,N2,因,인할 인,"""인할 인"". 원인, 연유",イン,よ(る),"因 = 囗 + 大。 囗는 여기서는 ""침대""를 그린 모양자입니다. 大는 여기서는 ""누워있는 사람""을 그린 모양자입니다. 因는 ""침대(囗)에 누워있는 사람(大)""이라는 뜻입니다. ""누워서 빈둥거리는 것은 게으름이 원인이다"" -> ""원인, 연유""라는 의미입니다.",음독은 イン입니다. 특별한 점은 없습니다.,"因る는 ""기인하다, 원인이 되다""라는 뜻의 자동사입니다. 예문) 不注意に因る事故부주의로 인한 사고 悪天候に因る欠航악천후로 인한 결항",no
754,N2,幅,폭 폭,"""폭 폭"". 폭, 너비",フク,はば,"幅 = 巾 + 畐。 (의미부)「巾」는 ""수건, 천""을 뜻합니다. (소리부 겸 의미부)「畐」(フク)는 ""안이 가득 찬 항아리""를 그린 글자입니다. 幅는 ""천(巾)으로 항아리(畐)의 둘레를 감싸 폭을 재다"" -> ""폭, 너비""라는 뜻의 글자입니다. (畐는 소리부도 겸함)",음독은 フク입니다. 특별한 점은 없습니다.,"幅는 ""폭, 너비""를 뜻합니다.",no
755,N2,富,부유할 부,"""부유할 부"". 부, 부유, 풍족",フ、フウ,と(む)、とみ,"富 = 宀 + 畐。 「宀」는 ""집""을 뜻합니다. 「畐」는 ""가득하다""라는 뜻입니다. 富는 ""집(宀)에 재물이 가득하다(畐)"" -> ""부, 부유, 풍족""이라는 뜻의 글자입니다.",음독은 フ、フウ입니다. 사용 빈도는 フ가 훨씬 높습니다.,"富む는 ""부유하다, 풍부하다""라는 뜻의 자동사입니다. 富는 ""부, 재산""을 뜻합니다. 예문) 彼は非常に機知に富んだ人だ 그는 매우 재치 넘치는 사람이다 音楽的才能に富んでいる 음악적 재능이 풍부하다 感受性に富む 감수성이 풍부하다 莫大な富を築く 막대한 부를 축적하다 富と名誉부와 명예",no
756,N2,彼,저 피,"""저 피"". 상대방, 저쪽",ヒ,かれ、かの,"彼 = 彳 + 皮。 (의미부)「彳」는 ""길""을 뜻합니다. (소리부 겸 의미부)「皮」(ヒ)는 ""가죽, 표면""을 뜻합니다. 彼는 ""길(彳) 바깥쪽(皮)"" -> ""건너편, 상대방, 저쪽""이라는 뜻의 글자입니다. (皮는 소리부도 겸함)",음독은 ヒ입니다. 특별한 점은 없습니다.,"彼는 ""그""라는 뜻입니다. 彼女는 ""그녀""라는 뜻입니다.",no
757,N2,般,일반 반,"""일반 반"". 일반",ハン,,"般 = 舟 +𠘧 + 又。 舟(""배 주"")는 ""배""를 뜻하는 상용한자입니다. 舟는 ""노를 저어 움직이는 작은 조각배""를 그린 상형문자입니다. 𠘧는 여기서는 ""고기잡이 그물""을 그린 모양자입니다. 「又」는 ""손""을 뜻합니다. 般는 ""배(舟)에서 그물(𠘧)을던져(又) 고기를 잡다""라는 뜻입니다. ""고기를 잡는 것은 일반적인 일이다"" -> ""일반""이라는 의미입니다.",음독은 ハン입니다. 특별한 점은 없습니다.,般의 정식 훈독은 없습니다.,no
758,N2,貿,무역할 무,"""무역할 무"". 무역하다",ボウ,,"貿 =𠂎 + 刀+ 貝。 𠂎+刀는 여기서는""문을 활짝 열어놓은 모습""을 그린 모양자입니다. 「貝」는 ""돈, 재물""을 뜻합니다. 貿는 ""활짝 개방된 교역로(𠂎+刀)를 통해 교역을 하다(貝)"" -> ""무역하다""라는 뜻의 글자입니다.",음독은 ボウ입니다. 특별한 점은 없습니다.,貿의 정식 훈독은 없습니다.,no
759,N2,講,욀 강,"""욀 강"". 설명하다, 강의하다",コウ,,"講 = 言 + 冓。 (의미부)「言」는 ""말하다""라는 뜻입니다. (소리부 겸 의미부)「冓」(コウ)는 ""얽다, 짜다""라는 뜻입니다. 講는 ""짜임새있게(冓) 말하다(言)"" -> ""설명하다, 강의하다""라는 뜻의 글자입니다. (冓는 소리부도 겸함)",음독은 コウ입니다. 특별한 점은 없습니다.,講의 정식 훈독은 없습니다.,no
760,N2,舞,춤출 무,"""춤출 무"". 춤추다",ブ,ま(う)、まい,"舞는 ""기우제를 지내며 춤을 추는 무희""를 그린 상형문자입니다(「無」와 유래가 같습니다). ""춤추는 무희"" -> ""춤추다""라는 의미입니다. 참고) 글자 아래쪽의「舛」는 ""두 발, 양발""을 뜻하는 부수입니다(링크 참조). 여기서는 ""춤추는 무희의 두 발""을 표현함으로써 無와 의미를 구분한 것입니다.",음독은 ブ입니다. 특별한 점은 없습니다.,"舞う는 ""춤추다, 흩날리다""라는 뜻의 자동사입니다. 舞는 ""춤, 무용""을 뜻합니다. 예문) 舞を舞う 춤을 추다 風に舞う落ち葉바람에 흩날리는 낙엽 獅子舞사자춤 舞姫무희",no
761,N2,装,꾸밀 장,"""꾸밀 장"". 꾸미다, 치장하다",ソウ、ショウ,よそお(う),"装 = 丬 + 士 + 衣。 「丬」는 ""탁자""를 뜻합니다. 士(""선비 사"")는 ""선비, 무사""를 뜻하는 상용한자입니다. 士는 ""고대에 무사들이 허리에 차고 다니던 무기""를 그린 상형문자입니다. ""무사를 상징하는 무기"" -> ""무사, 선비""라는 의미입니다. 「衣」는 ""옷""을 뜻합니다. 装는 ""책상(丬) 앞에서 근엄하게 옷(衣)을 차려입고 앉아있는 선비(士)"" -> ""꾸미다, 치장하다""라는 뜻의 글자입니다.",음독은 ソウ、ショウ입니다. 사용 빈도는 ソウ가 훨씬 높습니다.,"装う는 ""단장하다/꾸미다, 가장하다/~인 체하다""라는 뜻의 타동사입니다. 예문) 華やかに装ってパーティーに行く 화려하게 치장하고 파티에 가다 春らしく装って出かける 봄 분위기에 맞게 차려입고 외출하다 病気を装う 아픈 척하다 努めて無関心を装う 애써 무관심한 척하다 息子を装う詐欺電話자식을 가장한 사기 전화",no
762,N2,諸,모두 제,"""모두 제"". 모두, 갖가지의",ショ,,"諸 = 言 + 者。 (의미부)「言」는 ""말하다""라는 뜻입니다. (소리부 겸 의미부)「者」(シャ)는 ""사람""을 뜻합니다. 諸는 ""모두(者)의 앞에서 연설하다(言)"" -> ""모두, 갖가지""라는 뜻의 글자입니다. (者는 소리부(シャ -> ショ)도 겸함)",음독은 ショ입니다. 특별한 점은 없습니다.,諸의 정식 훈독은 없습니다.,no
763,N2,亡,망할 망,"""망할 망"". 망하다, 죽다",ボウ、モウ,な(い),"亡는 ""부러진 칼날""을 그린 상형문자입니다. ""부러진 칼날"" -> ""망하다""라는 의미입니다.",음독은 ボウ、モウ입니다. 사용 빈도는 ボウ가 훨씬 높습니다.,"亡い는 ""죽었다, 죽고 없다""라는 뜻의 형용사입니다.",no
764,N2,劇,심할 극,"""심할 극"". 심하다, 연극",ゲキ,,"劇 = 虍 + 豕 + 刂。 「虍」는 ""호랑이""를 뜻하는 부수입니다(링크 참조). 「豕」는 ""돼지""를 뜻합니다. 「刂」는 ""칼""을 뜻합니다. 劇는 ""호랑이(虍)와 멧돼지(豕)가 싸우다(刂)""라는 뜻입니다. 이라는 의미입니다.",음독은 ゲキ입니다. 특별한 점은 없습니다.,劇의 정식 훈독은 없습니다.,no
765,N2,河,물 하,"""물 하"". 강",カ,かわ,"河 = 氵 + 可。 (의미부)「氵」는 ""물""을 뜻합니다. (소리부 겸 의미부)「可」(カ)는 ""가능하다""라는 뜻입니다. 河는 ""물(氵)을 마실 수 있는(可) 강가"" -> ""강""이라는 뜻의 글자입니다 (可는 소리부도 겸함)",음독은 カ입니다. 특별한 점은 없습니다.,"河는 ""강""을 뜻합니다.",no
766,N2,適,맞을 적,"""맞을 적"". 알맞다, 적합하다",テキ,,"適 = ⻌ + 啇。 (의미부)「⻌」는 ""길""을 뜻합니다. (소리부 겸 의미부)「啇」(テキ)는 ""화초를 심은 화분""을 뜻하는 글자입니다(링크 참조). 適는 ""화초(啇)를 심기 적합하게 가꾸어진 꽃길(⻌)"" -> ""알맞다, 적합하다""라는 뜻의 글자입니다. (啇는 소리부도 겸함)",음독은 テキ입니다. 특별한 점은 없습니다.,適의 정식 훈독은 없습니다.,no
767,N2,婦,며느리 부,"""며느리 부"". 아내",フ,,"婦 = 女 + 帚。 「女」는 ""여자""를 뜻합니다. 「帚」는 ""빗자루""를 뜻합니다. 婦는 ""빗자루(帚)를 들고 집을 청소하는 아내(女)"" -> ""아내""라는 뜻의 글자입니다.",음독은 フ입니다. 특별한 점은 없습니다.,婦의 정식 훈독은 없습니다.,no
768,N2,寄,부칠 기,"""부칠 기"". 맡기다, 부치다, 들르다",キ,よ(る)、よ(せる),"寄 = 宀 + 大 + 可。 「宀」는 ""집""을 뜻합니다. 「大」는 본래 ""사람""을 그린 글자입니다(링크 참조). 可는 여기서는 ""짐보따리""를 그린 모양자입니다(79.「何」모양 해설 참조). 寄는 ""남의 집(宀)에 짐(可)을 맡겨놓으러 들른 사람(大)"" -> ""맡기다, 부치다, 들르다""라는 뜻의 글자입니다.",음독은 キ입니다. 특별한 점은 없습니다.,"寄る는 ""접근하다, 들르다""라는 뜻의 자동사입니다. 寄せる는 ""(바싹) 옆으로 대다, 의지하다, 두다""라는 뜻의 2그룹 타동사입니다. 예문) 船が岸に寄る 배가 해안에 다가서다 帰りにコンビニに寄る 돌아오는 길에 편의점에 들르다 通り掛けに寄ってみる 지나는 길에 들러 보다 車を道端に寄せて止める 차를 길가에 바싹 붙여 대다 親類に身を寄せる 친척에게 몸을 의탁하다",no
769,N2,込,담을 입,"""담을 입"". 붐비다, 들어가다, 속에 넣다",,こ(む)、こ(める),"込 = ⻌ + 入。 「⻌」는 ""길""을 뜻합니다. 「入」는 ""들어가다""라는 뜻입니다. 込는 ""길(⻌)에 들어가다(入)"" -> ""들어가다, 붐비다, 속에 넣다""라는 뜻의 글자입니다.",込의 정식 음독은 없습니다.,"1.込む 込む는 동사의 ます형에 붙어서 쓰이는 복합동사입니다. 주로 ""안쪽으로 이동하다, 오랜 시간 ~하다, 충분히 ~하다""라는 뜻으로 쓰입니다. 예문) 風が吹き込む 바람이 들이치다 海に飛び込む 바다에 뛰어들다 ここに答えを書き込んでください 여기에 답을 써넣어 주세요 考え込む 생각에 잠기다(깊이 생각하다) 文法を教え込む 문법을 충분히(철저히) 가르치다 先生と母はもう1時間も話し込んでいる 선생님과 어머니는 벌써 한 시간이나 이야기에 열중하고 있다 2.込める 込める는 ""속에 넣다, (정성 등을) 들이다/담다""라는 뜻의 2그룹 타동사입니다. 예문) 真心を込めた贈り物정성을 담은 선물 満身の力を込める 혼신의 힘을 기울이다 弾丸を込める 탄환을 재다",no
770,N2,余,남을 여,"""남을 여"". 남다, 여분",ヨ,あま(る)、あま(す),"余는 ""잎이 풍성한 나무""를 그린 상형문자입니다. ""잎이 풍성하다"" -> ""남다, 여분""이라는 의미입니다.",음독은 ヨ입니다. 특별한 점은 없습니다.,"余る는 ""남다, 넘치다""라는 뜻의 자동사입니다. 余す는 ""남게 하다, 남기다""라는 뜻의 타동사입니다. 예문) 予算が余る 예산이 남다 節約して予算を余す 절약해서 예산을 남기다",no
771,N2,禁,금할 금,"""금할 금"". 금지하다",キン,,"禁 = 林 + 示。 「林」는 ""숲""을 뜻합니다. 「示」는 ""신, 종교, 고대의 비석""을 뜻합니다. 禁는 ""신성한 숲(林) 앞에 비석(示)을 세우고 들어가지 못하도록 막다"" -> ""금지하다""라는 뜻의 글자입니다.",음독은 キン입니다. 특별한 점은 없습니다.,禁의 정식 훈독은 없습니다.,no
772,N2,逆,거스를 역,"""거스를 역"". 거꾸로, 거스르다, 반항하다",ギャク,さか、さか(らう),"逆 = ⻌ + 屰。 「⻌」는 ""길""을 뜻합니다. 「屰」는 ""거꾸로""라는 뜻의 글자로, ""거꾸로 선 사람""을 그린 글자입니다(링크 참조). 逆는 ""길(⻌)을 거꾸로(屰) 가다"" -> ""거꾸로, 거스르다, 반항하다""라는 뜻의 글자입니다.",음독은 ギャク입니다. 특별한 점은 없습니다.,"逆는 ""거꾸로""라는 뜻입니다. 逆らう는 ""거스르다, 거역하다, 반항하다""라는 뜻의 자동사입니다.",no
773,N2,換,바꿀 환,"""바꿀 환"". 바꾸다, 교환하다",カン,か(える)、か(わる),"換 = 扌 + 奐。 (의미부)「扌」는 ""손""을 뜻합니다. (소리부 겸 의미부)「奐」(カン)은 ""태어나는 아기를 받아내는 모습""을 그린 글자입니다(링크 참조). 換는 ""산파가 태어나는 아기(奐)를 받아서 산모에게 넘겨주다(扌)"" -> ""바꾸다, 교환하다""라는 뜻의 글자입니다. (奐는 소리부도 겸함)",음독은 カン입니다. 특별한 점은 없습니다.,"換える는 ""교환하다, 전환하다, 치환하다""라는 뜻의 2그룹 타동사입니다. 換わる는 ""교환되다, 전환되다, 치환되다""라는 뜻의 자동사입니다.",no
774,N2,久,오랠 구,"""오랠 구"". 오래다, 길다",キュウ、ク,ひさ(しい),"久는 ""옆으로 누운 사람""을 그린 상형문자입니다. ""옆으로 누워 오랫동안 잠만 자다"" -> ""오래다""라는 의미입니다.",음독은 キュウ、ク입니다. 사용 빈도는 キュウ가 훨씬 높습니다.,"久しい는 ""오래다, 오래되다""라는 뜻의 형용사입니다. 예문) 別れて久しい 헤어진 지 오래다 久しい昔오래된 옛날 久しぶりの休日오랜만에 맞는 휴일",no
775,N2,妻,아내 처,"""아내 처"". 아내, 처",サイ,つま,"妻 = 十 + ⺕ + 女。 「⺕」는 ""손""을 뜻합니다. 「女」는 ""여자""를 뜻합니다. 十는 여기서는 ""여자의 머리칼""을 그린 모양자입니다. 妻는 ""아내(女)의 머리(十)를 쓰다듬어주다(⺕)"" -> ""아내""라는 뜻의 글자입니다.",음독은 サイ입니다. 특별한 점은 없습니다.,"妻는 ""아내""를 뜻합니다.",no
776,N2,暴,사나울 폭,"""사나울 폭"". 난폭한, 거친, 드러내다",ボウ、バク,あば(く)、あば(れる),"暴 = 日 + 共 + 氺。 「日」는 ""태양""을 뜻합니다. 「共」는 ""함께, 같이""라는 뜻입니다. 氺는 여기서는「水」가 살짝 변형된 것으로, ""물""을 뜻합니다. 暴는 ""강물(水)이 한꺼번에(共) 말라 버릴 정도로 매서운 햇빛(日)"" -> ""거친, 난폭한""이라는 뜻의 글자입니다.",음독은 ボウ、バク입니다. 그러나 절대다수는 ボウ로 읽습니다. バク는暴露(폭로) 외에는 거의 쓰지 않는 음독입니다.,"暴れる는 ""난폭하게 날뛰다, 설치다""라는 뜻의 2그룹 자동사입니다. 暴く는 ""파헤치다, 폭로하다""라는 뜻의 타동사입니다. 예문) 酒に酔って暴れる 술에 취해 난동을 부리다 狂気のように暴れる 미친 듯이 날뛰다 棒を振り回して暴れる 몽둥이를 휘두르며 날뛰다 過去を暴く 과거를 폭로하다 企業の不正を暴く 기업의 비리를 폭로하다 人の秘密を暴く 남의 비밀을 까발리다",no
777,N2,占,점령할/점칠 점,"""점령할/점칠 점"". 점령하다, 점거하다, 점치다",セン,し(める)、うらな(う),"占 = 卜 + 口。 「卜」는 ""점, 점괘""를 뜻합니다. 口는 여기서는 ""점술 도구가 보관된 통""을 그린 모양자입니다. 占는 ""점술 도구(卜)와 보관함(口)""이라는 뜻입니다. ""점쟁이가 자리를 잡고 점을 치다"" -> ""점거하다, 점치다""라는 의미입니다.",음독은 セン입니다. 특별한 점은 없습니다.,"1.占める 占める는 ""차지하다, 점유하다, 얻다""라는 뜻의 2그룹 타동사입니다. 예문) 机が部屋の半分を占める 책상이 방의 반을 차지하다 一位を占める 1위를 차지하다 重要な地位を占める 중요한 지위를 차지하다 2.占う 占う는 ""점치다""라는 뜻의 타동사입니다. 예문) 運勢を占う 운세를 점치다",no
778,N2,背,등 배,"""등 배"". 등, 뒤쪽/배후, 키, 배반하다",ハイ,せ、せい、そむ(く)、そむ(ける),"背 = 北 + 月。 「北」는 본래 ""두 사람이 등을 맞대고 있는 모습""을 그린 글자입니다(링크 참조). 「月」는 ""신체의 일부""를 뜻합니다. 背는 ""등(北) + 신체 부위(月)"" -> ""등, 뒤쪽, 배후""라는 뜻의 글자입니다.",음독은 ハイ입니다. 특별한 점은 없습니다.,"1.背く、背ける 背く는 ""등지다, 등을 돌리다""라는 뜻의 자동사입니다. 背ける는 ""등을 돌리다, 외면하다""라는 뜻의 2그룹 타동사입니다. 예문) 太陽に背いて立つ 태양을 등지고 서다 師の教えに背く 스승의 가르침을 거역하다 知らないふりをして顔を背ける 모른 체하고 얼굴을 돌리다(외면하다) あまりの惨状に目を背ける 너무나도 처참한 참상에 시선을 돌리다 2. せ、せい 背는 ""등""을 뜻합니다. 背는 ""키""를 뜻합니다.",no
779,N2,険,험할 험,"""험할 험"". 험하다, 위험하다",ケン,けわ(しい),"険 = ⻖ + 㑒。 (의미부)「⻖」는 ""언덕, 산""을 뜻합니다. (소리부 겸 의미부)「㑒」(ケン)은 ""날카롭다, 뾰족하다""라는 뜻입니다. 険는 ""날카롭게 깎아지른(㑒) 산맥(⻖)"" -> ""위험하다""라는 뜻의 글자입니다. (㑒는 소리부도 겸함)",음독은 ケン입니다. 특별한 점은 없습니다.,"険しい는 ""험하다, 가파르다""라는 뜻의 형용사입니다.",no
780,N2,頼,의뢰할 뢰,"""의뢰할 뢰"". 부탁하다, 의지하다, 신뢰하다",ライ,たの(む)、たの(もしい)、たよ(る),"頼 = 束 + 頁。 「束」는 ""묶다""라는 뜻입니다. 「頁」는 ""머리""를 뜻합니다. 頼는 ""머리(頁)를 한데 모아(束) 함께 의논하다"" -> ""의지하다, 신뢰하다, 부탁하다""라는 뜻의 글자입니다.",음독은 ライ입니다. 특별한 점은 없습니다.,"1.頼む、頼る 頼む는 ""부탁하다""라는 뜻의 타동사입니다. 頼る는 ""의지하다, 믿다, 의존하다""라는 뜻의 자동사 겸 타동사입니다. 예문) 頭を下げて頼む 머리를 숙여 부탁하다 頼むから黙っていてくれ 부탁이니까 잠자코 있어 줘 経験に頼る 경험에 의지하다 杖に頼って歩く 지팡이에 의지해 걷다 原油のほとんどを輸入に頼る 원유의 대부분을 수입에 의존하다 2.頼もしい 頼もしい는 ""믿음직하다""라는 뜻의 형용사입니다. 예문) 彼は頼もしい人だ 그는 믿음직한 사람이다",no
781,N2,均,고를 균,"""고를 균"". 고르다, 평균",キン,,"均 = 土 + 匀。 「土」는 ""땅""을 뜻합니다. 匀는 ""고르다, 평평하다""라는 뜻의 글자로, ""줄이 가지런히 늘어선 현악기""를 그린 상형문자입니다. 均는 ""고르고 평평한(匀)땅(土)"" -> ""고르다, 평균""이라는 뜻의 글자입니다.",음독은 キン입니다. 특별한 점은 없습니다.,均의 정식 훈독은 없습니다.,no
782,N2,途,길 도,"""길 도"". 길",ト,,"途 = ⻌ + 余。 「⻌」는 ""길""을 뜻합니다. 「余」는 본래 ""잎이 풍성한 나무""를 그린 글자입니다(링크 참조). 途는 ""가로수(余)가 늘어선 길(⻌)"" -> ""길""이라는 뜻의 글자입니다.",음독은 ト입니다. 특별한 점은 없습니다.,途의 정식 훈독은 없습니다.,no
783,N2,圧,누를 압,"""누를 압"". 누르다, 압력",アツ,,"圧 = 厂 + 土。 厂는 여기서는 ""위에서 찍어누르는 손""을 그린 모양자입니다. 「土」는 ""흙""을 뜻합니다. 圧는 ""흙(土)을 눌러 뭉치다(厂)"" -> ""압력, 누르다""라는 뜻의 글자입니다.",음독은 アツ입니다. 특별한 점은 없습니다.,圧의 정식 훈독은 없습니다.,no
784,N2,許,허락할 허,"""허락할 허"". 허락하다, 허가하다",キョ,ゆる(す),"許 = 言 + 午。 (의미부)「言」는 ""말하다""라는 뜻입니다. (소리부)「午」(ゴ)는 여기서는 소리부(ゴ -> キョ)의 역할만 하고 있습니다. 許는 ""허락을 내리다(言)"" -> ""허락하다""라는 뜻의 글자입니다(午는 소리부).",음독은 キョ입니다. 특별한 점은 없습니다.,"許す는 ""허락하다, 용서하다""라는 뜻의 타동사입니다. 예문) 娘の結婚を許す 딸의 결혼을 허락하다 営業を許す 영업을 허가하다 過ちを許す 잘못을 용서하다 許せない行為용서할 수 없는 행위",no
785,N2,署,마을 서,"""마을 서"". 관청, 부서, 서명",ショ,,"署 = 罒 + 者。 「罒」는 ""그물""을 뜻합니다. 「者」는 ""사람""을 뜻합니다. 署는 ""그물(罒)처럼 조직적으로 얽힌 사람들(者)"" -> ""관청, 부서"" -> ""서명""이라는 뜻의 글자입니다.",음독은 ショ입니다. 특별한 점은 없습니다.,署의 정식 훈독은 없습니다.,no
786,N2,抜,뽑을 발,"""뽑을 발"". 뽑다, 가려내다",バツ,ぬ(く)、ぬ(ける)、ぬ(かす)、ぬ(かる),"抜 = 扌 + 𠂇 + 又。 「扌」는 ""손""을 뜻합니다. 「又」는 ""손""을 뜻합니다. 𠂇는 여기서는 ""손에 박힌 가시""를 그린 모양자입니다. 抜는 ""손(扌)에박힌 가시(𠂇)를 뽑아내다(又)"" -> ""뽑다, 가려내다""라는 뜻의 글자입니다.",음독은 バツ입니다. 특별한 점은 없습니다.,"1.抜く、抜ける 抜く는 ""뽑다, 빼내다""라는 뜻의 타동사입니다. 抜ける는 ""빠지다, 뽑아지다""라는 뜻의 2그룹 자동사입니다. 예문) 雑草を抜く 잡초를 뽑다 刀を抜く 칼을 뽑다 力を抜く 힘을 빼다 歯が抜ける 이가 빠지다 髪の毛が抜ける 머리카락이 빠지다 力が抜ける 힘이 빠지다 2.抜かす、抜かる 抜かす는 ""빠뜨리다, 빼다, 거르다""라는 뜻의 타동사입니다. 抜かる는 ""실수하다, 실패하다""라는 뜻의 자동사입니다. 예문) 一人抜かして数える 한 명 빠뜨리고 세다 昼飯を抜かす 점심을 거르다 これは抜かった 아차, 이거 실수했군",no
787,N2,伸,펼 신,"""펼 신"". 뻗다, 펴다",シン,の(びる)、の(ばす)、の(べる),"伸 = 亻 + 申。 (의미부)「亻」는 ""사람""을 뜻합니다. (소리부 겸 의미부)「申」(シン)은 본래 ""번개가 내리치는 모습""을 그린 글자입니다. 여기서는 ""번개"" -> ""길게 뻗다, 뻗치다""라는 뜻으로 쓰인 것입니다. 伸는 ""사람(亻)이 몸을 길게 뻗다(申)"" -> ""뻗다, 펴다""라는 뜻의 글자입니다. (申는 소리부도 겸함)",음독은 シン입니다. 특별한 점은 없습니다.,"1.伸びる、伸ばす 伸びる는 ""펴지다, 뻗다, 자라나다""라는 뜻의 2그룹 자동사입니다. 伸ばす는 ""펴다, 늘이다, 뻗다""라는 뜻의 타동사입니다. 예문) 背が伸びる 키가 자라다 枝が伸びる 가지가 뻗다 成績が伸びる 성적이 향상되다 曲がった針金を伸ばす 구부러진 철사를 펴다 手足を伸ばす 팔다리를 뻗다/편안한 자세를 취하다 勢力を伸ばす 세력을 넓히다 2.伸べる 伸べる는 단독으로는 거의 쓰이지 않고,差し伸べる(내밀다, 내뻗다) 등의 복합동사로 쓰이는 2그룹 자동사입니다. 예문) 救いの手を差し伸べる 구원의 손길을 뻗치다",no
788,N2,留,머무를 류,"""머무를 류"". 머무르다, 남기다",リュウ、ル,と(める)、と(まる),"留 =𠂎 + 刀+ 田。 𠂎+刀는 여기서는""밭을 갈고 있는 사람들""을 그린 모양자입니다. 「田」는 ""밭""을 뜻합니다. 留는 ""밭(田)을 경작하며(𠂎+刀) 한 곳에 머물러 살다"" -> ""머무르다""라는 뜻의 글자입니다.",음독은 リュウ、ル입니다. 사용 빈도는 リュウ가 훨씬 높습니다.,"留める는 ""고정시키다, (마음에) 두다/새기다""라는 뜻의 2그룹 타동사입니다. 留まる는 ""머물다, 고정되다""라는 뜻의 자동사입니다. 예문) 心に留める 마음에 두다(새기다) ボタンを留める 단추를 채우다 海外に留まる 해외에 머물다",no
789,N2,罪,허물 죄,"""허물 죄"". 죄, 허물",ザイ,つみ,"罪 = 罒 + 非。 「罒」는 ""그물""을 뜻합니다. 「非」는 ""아니다, 옳지 않다""라는 뜻입니다. 罪는 ""잘못(非)을 저지른 사람이 붙잡히다(罒)"" -> ""죄""라는 뜻의 글자입니다.",음독은 ザイ입니다. 특별한 점은 없습니다.,"罪는 ""죄""를 뜻합니다.",no
790,N2,爆,터질 폭,"""터질 폭"". 터지다, 폭발하다",バク,,"爆 = 火 + 暴。 (의미부)「火」는 ""불""을 뜻합니다. (소리부 겸 의미부)「暴」(バク)는 ""난폭한, 거친""이라는 뜻입니다. 爆는 ""불(火)이 격렬하게(暴) 타오르다"" -> ""폭발하다, 터지다""라는 뜻의 글자입니다. (暴는 소리부도 겸함)",음독은 バク입니다. 특별한 점은 없습니다.,爆의 정식 훈독은 없습니다.,no
791,N2,延,늘일 연,"""늘일 연"". 늘이다, 늦어지다",エン,の(びる)、の(ばす)、の(べる),"延 = 廴 + 一 + 止。 「廴」는 ""길""을 뜻합니다. 「止」는 ""발""을 뜻합니다. 위쪽의 一는 여기서는 ""발걸음(止)이 늘어지는 모습""을 표현한 모양자입니다. 延는 ""길(廴)을 느릿느릿(一) 걷다(止)"" -> ""늘이다, 늦어지다""라는 뜻의 글자입니다.",음독은 エン입니다. 특별한 점은 없습니다.,"1.延びる、延ばす 延びる는 ""(시간이) 늘어나다/늦어지다, (길이가) 더해지다""라는 뜻의 2그룹 자동사입니다. 延ばす는 ""(시간을) 연장시키다, 연기하다""라는 뜻의 타동사입니다. 예문) 時間が延びる 시간이 연장되다 出発が延びる 출발이 늦어지다 鉄道が延びる 철도가 연장되다 営業時間を延ばす 영업 시간을 연장하다 出発を延ばす 출발을 연기하다 返事を延ばす 답장을 연기하다(미루다) 2.延べる 延べる는 단독으로는 거의 쓰이지 않고,繰り延べる(순연하다)와 같은 복합동사로 쓰이는 2그룹 타동사입니다. 예문) 来週に繰り延べる 다음 주로 순연하다",no
792,N2,精,정할 정,"""정할 정"". 정기, 정신, 순수한, 세밀한",セイ、ショウ,,"精 = 米 + 青。 (의미부)「米」는 ""쌀""을 뜻합니다. (소리부 겸 의미부)「青」(セイ・ショウ)는 ""푸르다""라는 뜻입니다. 精는 ""깨끗한(青) 쌀(米)"" -> ""맑다, 깨끗하다"" -> ""정기, 정신, 순수한, 세밀한""이라는 뜻의 글자입니다. (青는 소리부도 겸함)",음독은 セイ、ショウ입니다. 사용 빈도는 セイ가 훨씬 높습니다.,精의 정식 훈독은 없습니다.,no
793,N2,則,법칙 칙,"""법칙 칙"". 규칙, 법칙",ソク,,"則 = 貝 + 刂。 「貝」는 ""돈, 재물""을 뜻합니다. 「刂」는 ""칼""을 뜻합니다. 則는 ""법과 규칙은 돈(貝)과 무력(刂)을 가진 자에 의해 결정된다"" -> ""법칙, 규정""이라는 뜻의 글자입니다.",음독은 ソク입니다. 특별한 점은 없습니다.,則의 정식 훈독은 없습니다.,no
794,N2,乱,어지러울 란,"""어지러울 란"". 혼란한, 어지러운, 음란한",ラン,みだ(れる)、みだ(す),"乱 = 舌 + 乚。 「舌」는 ""혀""를 뜻합니다. 乚는 여기서는 ""여자의 가슴""을 그린 모양자입니다. 乱는 ""입맞춤(舌) + 여자의 가슴(乚)"" -> ""음란한, 어지러운, 혼란한""이라는 뜻의 글자입니다.",음독은 ラン입니다. 특별한 점은 없습니다.,"乱れる는 ""어지러워지다, 혼란해지다, 문란해지다""라는 뜻의 2그룹 자동사입니다. 乱す는 ""어지럽히다, 혼란시키다""라는 뜻의 타동사입니다. 예문) 生活リズムが乱れてしまう 생활 리듬이 깨져 버리다 秩序が乱れる 질서가 흐트러지다 乱れた世の中어지러운 세상 心が乱される 마음이 어지러워지다 公共の秩序を乱す 공공질서를 어지럽히다 風紀を乱す 풍기를 문란하게 하다",no
795,N2,普,넓을 보,"""넓을 보"". 넓다, 보편적인",フ,,"普 = 並 + 日。 「並」는 ""나란히""라는 뜻입니다. 「日」는 ""태양""을 뜻합니다. 普는 ""하늘의 태양(日)은 모두에게(並) 골고루 내리쬔다"" -> ""넓다, 보편적인""이라는 뜻의 글자입니다.",음독은 フ입니다. 특별한 점은 없습니다.,普의 정식 훈독은 없습니다.,no
796,N2,測,헤아릴 측,"""헤아릴 측"". (길이/넓이/온도 등을)재다, 측정하다",ソク,はか(る),"測 = 氵 + 則。 (의미부)「氵」는 ""물""을 뜻합니다. (소리부 겸 의미부)「則」(ソク)는 ""법칙, 규칙""을 뜻합니다. 測는 ""물(氵)의 양을 기준(則)에 따라재다"" -> ""재다, 측정하다""라는 뜻의 글자입니다. (則는 소리부도 겸함)",음독은 ソク입니다. 특별한 점은 없습니다.,"測る는 ""(길이/온도/넓이 등을) 재다, 측정하다""라는 뜻의 타동사입니다. 예문) 川の深さを測る 강의 깊이를 재다 体温を測る 체온을 재다 距離を測る 거리를 재다",no
797,N2,豊,풍년 풍,"""풍년 풍"". 풍부한, 풍성한",ホウ,ゆた(か),"豊 = 曲 + 豆。 「豆」는 ""제기그릇""을 뜻합니다. 曲는 여기서는 ""그릇 위에 가득 쌓인 음식""을 그린 모양자입니다. 豊는 ""음식이 가득 쌓인(曲) 그릇(豆)"" -> ""풍부한, 풍성한""이라는 뜻의 글자입니다.",음독은 ホウ입니다. 특별한 점은 없습니다.,"豊か는 ""풍부함, 풍성함, 부유함""을 뜻합니다. 예문) 豊かな想像力풍부한 상상력 豊かな資源풍부한 자원 豊かな国부유한 나라",no
798,N2,善,착할 선,"""착할 선"". 착하다, 바르다",ゼン,よ(い),"善 = 羊 + 䒑 + 口。 「羊」는 ""양""을 뜻합니다. 䒑+口는 여기서는 ""양의 눈""을 그린 모양자입니다. 善는 ""양(羊)의 눈망울(䒑+口)"" -> ""착하다, 바르다""라는 뜻의 글자입니다.",음독은 ゼン입니다. 특별한 점은 없습니다.,"善い는 ""좋다, 착하다""라는 뜻의 형용사입니다.",no
799,N2,婚,혼인할 혼,"""혼인할 혼"". 혼인하다",コン,,"婚 = 女 + 氏 + 日。 「女」는 ""여자""를 뜻합니다. 氏(""성씨 씨"")는 ""성씨""를 뜻하는 상용한자입니다. 氏는 ""나무뿌리가 땅 속으로 뻗은 모습""을 그린 상형문자입니다. ""뿌리"" -> ""혈통"" -> ""성씨""라는 의미입니다. 「日」는 ""날""을 뜻합니다. 일본에서는 여자가 결혼하면 남편의 성을 따르게 됩니다. 婚는 ""여자(女)가 남편의 성씨(氏)를 따라 이름을 바꾸는 날(日)"" -> ""혼인하다""라는 뜻의 글자입니다.",음독은 コン입니다. 특별한 점은 없습니다.,婚의 정식 훈독은 없습니다.,no
800,N2,厚,두터울 후,"""두터울 후"". 두껍다",コウ,あつ(い),"厚 = 厂 + 日 + 子。 「厂」는 ""절벽""을 뜻합니다. 「日」는 ""태양""을 뜻합니다. 「子」는 ""아이""를 뜻합니다. 厚는 ""대낮(日)에도 절벽(厂)아래 그늘에서 잠만 자는 게으른 아이(子)"" -> ""낮짝이 두껍다"" -> ""두껍다""라는 뜻의 글자입니다.",음독은 コウ입니다. 특별한 점은 없습니다.,"厚い는 ""두껍다""라는 뜻의 형용사입니다. 예문) 厚い本두꺼운 책 読者層が厚い 독자층이 두껍다 面の皮が厚い 낯짝이 두껍다",no
801,N2,齢,나이 령,"""나이 령"". 나이",レイ,,"齢 = 歯 + 令。 (의미부)「歯」는 ""이, 치아""를 뜻합니다. (소리부)「令」(レイ)는 여기서는 소리부의 역할만 하고 있습니다. 齢는 ""이(歯)가 나기 시작하는 나이"" -> ""나이""라는 뜻의 글자입니다(令는 소리부).",음독은 レイ입니다. 특별한 점은 없습니다.,齢의 정식 훈독은 없습니다.,no
802,N2,略,간략할 략,"""간략할 략"". 생각, 계책, 간략, 생략",リャク,,"略 = 田 + 各。 「田」는 ""밭""을 뜻합니다. 「各」는 ""각각, 각자""라는 뜻입니다. 略는 ""각자(各)에게 논밭(田)을 분배하다""라는 뜻입니다. 이라는 의미입니다.",음독은 リャク입니다. 특별한 점은 없습니다.,略의 정식 훈독은 없습니다.,no
803,N2,承,이을 승,"""이을 승"". 계승하다, 승낙하다",ショウ,うけたまわ(る),"承는 ""높은 사람을 두 손으로 떠받들고 있는 모습""을 그린 상형문자입니다. ""받들어 모시다"" -> ""받들다, 계승하다, 승낙하다""라는 의미입니다.",음독은 ショウ입니다. 특별한 점은 없습니다.,"承る는聞く(듣다),引き受ける(떠맡다)의 겸양어입니다.",no
804,N2,浮,뜰 부,"""뜰 부"". 뜨다, 떠오르다",フ,う(く)、う(かぶ)、う(かべる)、う(かれる),"浮 = 氵 + ⺤ + 子。 「氵」는 ""물""을 뜻합니다. 「⺤」는 ""손""을 뜻합니다. 「子」는 ""아이""를 뜻합니다. 浮는 ""물(氵)에 빠진 아이(子)를 건져내다(⺤)"" -> ""뜨다, 떠오르다""라는 뜻의 글자입니다.",음독은 フ입니다. 특별한 점은 없습니다.,"1.浮く、浮かぶ 浮く、浮かぶ는 둘 다 ""뜨다, 떠오르다""라는 뜻의 자동사입니다. 차이점은 다음과 같습니다. 아래 예문을 참조해 주세요. 예문) 風船が浮く 풍선이 뜨다 体が水に浮かぶ 몸이 물에 뜨다 疑問が浮かぶ 의문이 떠오르다 名案が浮かぶ 명안이 떠오르다 2.浮かべる 浮かべる는 ""뜨게 하다, (생각 등을) 떠올리다""라는 뜻의 2그룹 타동사입니다. 예문) 船を海に浮かべる 배를 바다에 띄우다 故国の面影を浮かべる 고국의 모습을 떠올리다 3.浮かれる 浮かれる는 ""(마음이) 들뜨다, 신나다""라는 뜻의 2그룹 자동사입니다. 예문) 酒に酔って浮かれる 술에 취해 마음이 들뜨다 浮かれている場合じゃない 들떠 있을 때가 아니다",no
805,N2,絶,끊을 절,"""끊을 절"". 끊다, 끊어지다, 대단히",ゼツ,た(える)、た(やす)、た(つ),"絶 = 糸 + ⺈ + 巴。 「糸」는 ""실""을 뜻합니다. 「⺈」는 ""칼""을 뜻합니다. 「巴」는 ""꼬리""를 뜻하는 글자입니다(링크 참조). 絶는 ""실타래(糸)에서 빠져나온 꼬리(巴)를 자르다(⺈)"" -> ""끊다, 끊어지다"" -> ""절세의, 대단한""이라는 뜻의 글자입니다.",음독은 ゼツ입니다. 특별한 점은 없습니다.,"1.絶える 絶える는 ""끊기다, 끊어지다, 중단되다""라는 뜻의 2그룹 자동사입니다. 예문) 家が絶える 대가 끊어지다 道が絶える 길이 끊어지다 供給が絶える 공급이 끊기다 心配が絶えない 걱정이 끊이지 않는다 戦争が絶えない 전쟁이 끊이지 않는다 2.絶やす、絶つ 絶やす는 ""(품종/해충 등을) 절멸시키다/없애다""라는 뜻의 타동사입니다. 絶つ는 ""(이어져오던 것을) 끝내다, (인연 등을) 끊다""라는 뜻의 타동사입니다. 예문) 害虫を絶やす 해충을 없애다 大切なラベンダーの原種を絶やしてしまった 소중한 라벤더 원종을 절멸시켜 버렸다 縁を絶つ 인연을 끊다 交わりを絶つ 교제를 끊다 命を絶つ 목숨을 끊다 唯一の望みが絶たれる 유일한 희망이 끊어지다 交通事故が後を絶たない 교통사고가 끊이지 않다 참고)絶つ、断つ의 차이점 아래 예문을 참조해 주세요. 예문) 鎖を断つ 쇠사슬을 끊다 酒を断つ 술을 끊다 消息がなくて交流が断たれた 소식이 없어서 교류가 끊어졌다(언제든 다시 이어질 수 있음) あいつとの関係は絶つようにしたほうがいい 그녀석과의 관계는 끊는 것이 좋다(영구적으로 관계를 끊는 것을 의미) 唯一の望みが絶たれる 유일한 희망이 끊어지다 命を絶つ 목숨을 끊다",no
806,N2,押,누를 압,"""누를 압"". 누르다, 억누르다",オウ,お(す)、お(さえる),"押 = 扌 + 甲。 「扌」는 ""손""을 뜻합니다. 甲(""갑옷 갑"")은 ""갑옷""을 뜻하는 상용한자입니다. 甲는 ""거북의 등딱지와 꼬리""를 그린 상형문자입니다. ""단단한 거북의 등딱지"" -> ""갑옷""이라는 의미입니다. 押는 ""갑옷(甲)을 꽉 눌러(扌) 입다"" -> ""누르다, 억누르다""라는 뜻의 글자입니다.",음독은 オウ입니다. 특별한 점은 없습니다.,"押す는 ""밀다, 누르다""라는 뜻의 타동사입니다. 押さえる는 ""누르다, 억누르다""라는 뜻의 2그룹 타동사입니다. 둘의 차이점은 다음과 같습니다. 아래 예문을 참조해 주세요. 예문) ベルを押す 벨을 누르다 ボタンを押す 버튼을 누르다 両手で帽子を押さえる 양손으로 모자를 누르다 石で紙を押さえておく 돌로 종이를 눌러두다",no
807,N2,倒,넘어질 도,"""넘어질 도"". 넘어지다, 쓰러지다",トウ,たお(れる)、たお(す),"倒 = 亻 + 至 + 刂。 「亻」는 ""사람""을 뜻합니다. 至(""이를 지"")는 ""화살이 과녁에 날아가 박힌 모습""을 그린 상용한자입니다. 至 =𠫔 + 土。 𠫔는 여기서는 ""과녁""을 그린 모양자입니다. 土는 여기서는 ""(과녁에 날아가 박힌) 화살""을 그린 모양자입니다. 至는 ""화살(土)이 과녁(𠫔)에 날아가 박히다"" -> ""이르다, 극에 달하다, 도달하다""라는 뜻의 글자입니다. 「刂」는 ""칼""을 뜻합니다. 倒는 ""사람(亻)이 화살(至)과 칼(刂)에 맞아 쓰러지다"" -> ""넘어지다, 쓰러지다""라는 뜻의 글자입니다.",음독은 トウ입니다. 특별한 점은 없습니다.,"倒れる는 ""쓰러지다, 넘어지다""라는 뜻의 2그룹 자동사입니다. 倒す는 ""쓰러뜨리다, 넘어뜨리다""라는 뜻의 타동사입니다. 예문) 子供が倒れる 아이가 넘어지다 過労で倒れる 과로로 쓰러지다 花瓶を倒す 꽃병을 넘어뜨리다 強敵を倒す 강적을 쓰러뜨리다",no
808,N2,了,마칠 료,"""마칠 료"". 마치다, 끝내다",リョウ,,"了는 ""갓 태어나 몸을 웅크리고 있는 아이""를 그린 상형문자입니다. (子에서 양 팔을 몸에 붙인 형태로 생각하시면 됩니다.) ""출산을 마치다"" -> ""마치다, 끝내다""라는 의미입니다.",음독은 リョウ입니다. 특별한 점은 없습니다.,了의 정식 훈독은 없습니다.,no
809,N2,庁,관청 청,"""관청 청"". 관청",チョウ,,"庁 = 广 + 丁。 (의미부)「广」는 ""건물, 집""을 뜻합니다. (소리부)「丁」(チョウ)는 여기서는 소리부의 역할만 하고 있습니다. 庁는 ""큰 건물(广)"" -> ""관청""이라는 뜻의 글자입니다(丁는 소리부).",음독은 チョウ입니다. 특별한 점은 없습니다.,庁의 정식 훈독은 없습니다.,no
810,N2,城,재 성,"""재 성"". 성(castle)",ジョウ,しろ,"城 = 土 + 成。 (의미부)「土」는 ""흙""을 뜻합니다. (소리부 겸 의미부)「成」(ジョウ)는 ""이루다, 성취하다""라는 뜻입니다. 城는 ""흙(土)을 높이 쌓아 성벽을 완성시키다(成)"" -> ""성""이라는 뜻의 글자입니다. (成는 소리부도 겸함)",음독은 ジョウ입니다. 특별한 점은 없습니다.,"城는 ""성"" 을 뜻합니다.",no
811,N2,層,층 층,"""층 층"". 층, 계급",ソウ,,"層 = 尸 + 曽。 (의미부)「尸」는 ""집, 지붕""을 뜻합니다. (소리부 겸 의미부)「曽」(ソウ)는 ""쌓이다""라는 뜻입니다. 層는 ""층층이 쌓인(曽) 건물(尸)"" -> ""층, 계급""이라는 뜻의 글자입니다. (曽는 소리부도 겸함)",음독은 ソウ입니다. 특별한 점은 없습니다.,層의 정식 훈독은 없습니다.,no
812,N2,版,판목 판,"""판목 판"". 판, 출판, 장부",ハン,,"版 = 片 + 反。 (의미부)片(""조각 편"")은 ""나무판자를 이어붙인 모습""을 그린 상용한자입니다. 片는 ""나무판자를 이어붙인 모습""을 그린 상형문자입니다. ""판자 조각"" -> ""조각, 파편""이라는 의미입니다. (소리부)「反」(ハン)은 여기서는 소리부의 역할만 하고 있습니다. 版는 ""글자를 새겨놓은 인쇄용 나무판(片)"" -> ""판, 출판, 장부""라는 뜻의 글자입니다(反는 소리부).",음독은 ハン입니다. 특별한 점은 없습니다.,版의 정식 훈독은 없습니다.,no
813,N2,絡,이을 락,"""이을 락"". 잇다, 동여매다, 얽다",ラク,から(む)、から(まる)、から(める),"絡 = 糸 + 各。 「糸」는 ""실""을 뜻합니다. 「各」는 ""각자, 각각""을 뜻합니다. 絡는 ""각자(各) 떨어져있던 것들을 하나로 잇다(糸)"" -> ""잇다, 동여매다, 얽다""라는 뜻의 글자입니다.",음독은 ラク입니다. 특별한 점은 없습니다.,"1.絡む、絡まる 絡む、絡まる는 둘 다 ""휘감기다, 얽히다, 밀접한 관련이 있다""라는 뜻의 자동사입니다. 차이점은 다음과 같습니다. 아래 예문을 참조해 주세요. 예문) つるが垣根に絡む 덩굴이 울타리에 휘감기다 その件には金銭問題が絡んでいる 그 일에는 금전 문제가 얽혀 있다 選挙に絡んだ犯罪선거에 관련된 범죄 糸が絡まって解けない 실이 얽혀서 풀리지 않는다 釣り糸が絡まる 낚싯줄이 뒤얽히다 面倒なことに絡まる 귀찮은 일에 얽히다 2.絡める 絡める는 ""휘감다, 얽다, 묻히다/바르다, 관련시키다""라는 뜻의 2그룹 타동사입니다. 예문) 腕を絡める 팔을 휘감다 足を絡めて倒す 다리를 감아서 쓰러뜨리다 砂糖を絡める 설탕을 묻히다 油を絡めて焼く 기름을 발라 굽다 他の条件も絡めて考える 다른 조건도 결부시켜 생각하다 税制問題と絡めて審議する 세제 문제와 결부시켜 심의하다",no
814,N2,損,덜 손,"""덜 손"". 손해보다, 상처내다",ソン,そこ(なう)、そこ(ねる),"損 = 扌 + 員。 「扌」는 ""손""을 뜻합니다. 「員」는 ""인원, 점원""을 뜻합니다. 損는 ""매출 감소로 인원수(員)를 덜어내다(扌)"" -> ""손해보다, 상처내다""라는 뜻의 글자입니다.",음독은 ソン입니다. 특별한 점은 없습니다.,"損なう는 ""손상하다, 파손하다, 해치다""라는 뜻의 타동사입니다. 損ねる는 ""손상하다, 파손하다, 해치다""라는 뜻의 2그룹 타동사입니다. 둘 사이에 의미의 차이는 거의 없으나, 굳이 따지자면 다음과 같습니다(엄밀한 차이는 아닙니다). 아래 예문을 참조해 주세요. 예문) 友人の感情を損なう 친구의 감정을 상하게 하다 美観を損なう 미관을 해치다 健康を損ねる 건강을 해치다 美観を損ねる 미관을 해치다",no
815,N2,募,모을 모,"""모을 모"". 모집하다, 뽑다",ボ,つの(る),"募 = 莫 + 力。 (소리부 겸 의미부)「莫」(ボ)는 ""없다""라는 뜻의 글자입니다(링크 참조). (의미부)「力」는 ""힘""을 뜻합니다. 募는 ""인력(力)이 부족해(莫) 사람을 모집하다"" -> ""모집하다, 뽑다""라는 뜻의 글자입니다. (莫는 소리부도 겸함)",음독은 ボ입니다. 특별한 점은 없습니다.,"募る는 ""모집하다, 모으다""라는 뜻의 타동사입니다.",no
816,N2,裏,속 리,"""속 리"". 내부, 뒷면, 이면",リ,うら,"裏 = 衣 + 里。 (의미부)「衣」는 ""옷""을 뜻합니다. (소리부 겸 의미부)「里」(リ)는 ""마을""을 뜻합니다. 여기서는 ""마을 안"" -> ""안쪽, 내부""라는 뜻입니다. 裏는 ""옷(衣)의 안쪽(里)"" -> ""내부"" -> ""뒷면, 이면""이라는 뜻의 글자입니다. (里는 소리부도 겸함)",음독은 リ입니다. 특별한 점은 없습니다.,"裏는 ""뒤, 뒷면, 뒤쪽""을 뜻합니다.",no
817,N2,払,떨칠 불,"""떨칠 불"". 떨쳐내다, 털어버리다",フツ,はら(う),"払 = 扌 + 厶。 「扌」는 ""손""을 뜻합니다. 「厶」는 ""팔을 안으로 굽힌 모습""을 그린 글자입니다. 払는 ""손(扌)으로 닦아내다(厶)"" -> ""떨쳐내다, 털어버리다""라는 뜻의 글자입니다.",음독은 フツ입니다. 특별한 점은 없습니다.,"払う는 ""(불필요한 것을)제거하다, 없애다, 털어내다""라는 뜻의 타동사입니다. 예문) 木の下枝を払う 나무의 잔가지를 제거하다 本棚のほこりを払う 책장의 먼지를 털어내다 裏切り者を追い払う 배신자를 내쫓다",no
818,N2,仏,부처 불,"""부처 불"". 부처",ブツ,ほとけ,"仏 = 亻 + 厶。 「亻」는 ""사람""을 뜻합니다. 「厶」는 ""팔을 안으로 굽힌 모습""을 그린 글자입니다. 仏는 ""모두를 포용하는(厶) 부처님(亻)의 자비"" -> ""부처""라는 뜻의 글자입니다.",음독은 ブツ입니다. 특별한 점은 없습니다.,"仏는 ""부처""라는 뜻입니다.",no
819,N2,績,길쌈할 적,"""길쌈할 적"". 성과, 업적, 실을 뽑다",セキ,,"績 = 糸 +龶 + 貝。 「糸」는 ""실""을 뜻합니다. 龶는 여기서는 ""무언가가 쌓여있는 모습""을 그린 모양자입니다. 「貝」는 ""돈, 재물""을 뜻합니다. 績는 ""실(糸)을 짜서 많은(龶) 돈을(貝) 벌다"" -> ""실을 뽑다, 성과, 업적""이라는 뜻의 글자입니다.",음독은 セキ입니다. 특별한 점은 없습니다.,績의 정식 훈독은 없습니다.,no
820,N2,築,쌓을 축,"""쌓을 축"". 쌓다, 짓다",チク,きず(く),"築 = 𥫗 + 工 + 凡 + 木。 (소리부 겸 의미부)「𥫗」(チク)는 ""대나무""를 뜻합니다. (의미부)「工」는 ""공작, 가공, 공정""을 뜻합니다. (의미부)凡(""무릇 범"")은 ""평범하다""라는 뜻의 상용한자입니다. 凡는 ""나무판자""를 그린 상형문자입니다. ""아무데나 있는 나무판자"" -> ""평범하다""라는 의미입니다. (의미부)「木」는 ""나무""를 뜻합니다. 筑는 ""대나무(𥫗)와 목재(木)로 집을 쌓는(工)평범한(凡) 공사장 인부들"" -> ""쌓다, 짓다""라는 뜻의 글자입니다. (𥫗는 소리부도 겸함)",음독은 チク입니다. 특별한 점은 없습니다.,"築く는 ""쌓다, 구축하다, 쌓아 올리다""라는 뜻의 타동사입니다. 예문) 土台を築く 토대를 쌓다(구축하다) 城を築く 성을 쌓다 信用を築く 신용을 쌓다 信頼関係を築く 신뢰 관계를 구축하다 新しい家庭を築く 새로운 가정을 이루다",no
821,N2,志,뜻 지,"""뜻 지"". 목적, 목표",シ,こころざ(す)、こころざし,"志 = 士 + 心。 (소리부 겸 의미부)士(シ - ""선비 사"")는 ""선비, 무사""를 뜻하는 상용한자입니다. 士는 ""고대에 무사들이 허리에 차고 다니던 무기""를 그린 상형문자입니다. ""무사를 상징하는 무기"" -> ""무사, 선비""라는 의미입니다. (의미부)「心」는 ""마음""을 뜻합니다. 志는 ""선비(士)가 마음(心)에 품은 높은 뜻"" -> ""목적, 목표""라는 뜻의 글자입니다. (士는 소리부도 겸함)",음독은 シ입니다. 특별한 점은 없습니다.,"志す는 ""뜻하다, 뜻을 두다""라는 뜻의 자동사 겸 타동사입니다. 志는 ""뜻, 마음""을 뜻합니다. 예문) 学問に志す 학문에 뜻을 두다 作家を志す 작가를 지망하다 志を立てる 뜻을 세우다 志を遂げる 뜻을 이루다 참고) 「こころざす」는 「心(마음) +指す(가리키다)」에서 유래한 단어입니다.",no
822,N2,混,섞을 혼,"""섞을 혼"". 섞다, 섞이다, 혼잡한",コン,ま(じる)、ま(ざる)、ま(ぜる)、こ(む),"混 = 氵 + 日 + 比。 「氵」는 ""물""을 뜻합니다. 「日」는 ""태양""을 뜻합니다. 「比」는 본래 ""나란히 서 있는 사람들""을 그린 글자입니다(링크 참조). 混는 ""더위(日)를 피해 다함께 강물(氵)에 뛰어든 사람들(比)""이라는 뜻입니다. ""한데 뒤섞여 물놀이하는 사람들"" -> ""섞다, 섞이다, 혼잡한""이라는 의미입니다.",음독은 コン입니다. 특별한 점은 없습니다.,"1.混じる、混ざる 混じる、混ざる는 둘 다 ""섞이다""라는 뜻의 1그룹 자동사입니다. 예문) 異物が混じる 이물질이 섞이다 砂にセメントが混じる 모래에 시멘트가 섞이다 雑音が混ざって聞こえない 잡음이 섞여서 들리지 않는다 2.混ぜる 混ぜる는 ""혼합하다, 넣어 섞다""라는 뜻의 2그룹 타동사입니다. 예문) 酒に水を混ぜる 술에 물을 섞다 絵の具を混ぜる 그림물감을 섞다 3.混む 混む는 ""붐비다, 혼잡하다""라는 뜻의 자동사입니다. 예문) 混んだ電車の中혼잡한 전철 안 참고) 「混じる・混ざる・混ぜる」와 「交じる・交ざる・交ぜる」의 차이 아래 예문을 참조해 주세요. 예문) 砂にセメントが混じる 모래에 시멘트가 섞이다 絵の具を混ぜる 그림물감을 섞다 大人の中に交じっている子供어른들 사이에 섞여 있는 아이 漢字を交ぜて書く 한자를 섞어서 쓰다",no
823,N2,昇,오를 승,"""오를 승"". 오르다, 상승하다",ショウ,のぼ(る),"昇 = 日 + 升。 「日」는 ""태양""을 뜻합니다. 升는 여기서는 ""양손으로 떠받치는 모습""을 그린 모양자입니다. 日는 ""태양(日)이 하늘로 떠오르다(升)"" -> ""오르다, 상승하다""라는 뜻의 글자입니다.",음독은 ショウ입니다. 특별한 점은 없습니다.,"昇る는 ""(높이) 떠오르다""라는 뜻의 자동사입니다. 예문) 日が昇る 해가 떠오르다 天に昇る 하늘 높이 떠오르다",no
824,N2,勤,부지런할 근,"""부지런할 근"". 근면하다, 근무하다",キン、ゴン,つと(める)、つと(まる),"勤 = 堇 + 力。 (소리부 겸 의미부)「堇」(キン)은 ""처벌, 형벌""을 뜻하는 글자입니다(링크 참조). (의미부)「力」는 ""힘""을 뜻합니다. 勤는 ""처벌(堇)받지 않기 위해 열심히(力) 일하다"" -> ""근면하다, 근무하다""라는 뜻의 글자입니다. (堇는 소리부(キン -> キン・ゴン)도 겸함)",음독은 キン、ゴン입니다. 그러나 절대다수는 キン으로 읽습니다. ゴン은 일부 예외적인 단어에만 쓰이는 음독입니다.,"勤める는 ""근무하다, 종사하다""라는 뜻의 2그룹 타동사입니다. 勤まる는 ""잘 수행할 수 있다, 감당해 낼 수 있다""라는 뜻의 자동사입니다.",no
825,N2,遅,늦을 지,"""늦을 지"". 늦다, 더디다",チ,おく(れる)、おく(らす)、おそ(い),"遅 = ⻌ + 尸 + 羊。 「⻌」는 ""길""을 뜻합니다. 「尸」는 ""앉다""라는 뜻입니다. 「羊」는 ""양""을 뜻합니다. 遅는 ""양(羊)을 타고(尸) 길을 가다(⻌)"" ->""늦다, 더디다""라는 뜻의 글자입니다.",음독은 チ입니다. 특별한 점은 없습니다.,"遅れる는 ""늦다""라는 뜻의 2그룹 자동사입니다. 遅らす는 ""늦추다""라는 뜻의 타동사입니다. 遅い는 ""느리다""라는 뜻의 형용사입니다.",no
826,N2,居,살 거,"""살 거"". 살다, 거주하다",キョ,い(る),"居 = 尸 + 古。 (의미부)「尸」는 ""집, 지붕""을 뜻합니다. (소리부 겸 의미부)「古」(コ)는 ""오래되다, 낡다""라는 뜻입니다. 居는 ""오랫동안(古) 살아온 집(尸)"" -> ""살다, 거주하다""라는 뜻의 글자입니다. (古는 소리부(コ -> キョ)도 겸함)",음독은 キョ입니다. 특별한 점은 없습니다.,"居る는 ""살고 있다, 머무르고 있다""라는 뜻의 2그룹 자동사입니다.",no
827,N2,雑,섞일 잡,"""섞일 잡"". 잡다한, 뒤섞인, 난잡한, 잡스러운",ザツ、ゾウ,,"雑 = 九 + 木 + 隹。 「九」는 ""9""를 뜻합니다. 「木」는 ""나무""를 뜻합니다. 「隹」는 ""새""를 뜻합니다. 雑는 ""나무(木) 위에 앉아있는 아홉(九) 종류의 새(隹)""라는 뜻입니다. ""여러 종류의 잡다한 새들"" -> ""잡다한, 뒤섞인, 잡스러운""이라는 의미입니다.",음독은 ザツ、ゾウ입니다. 사용 빈도는 ザツ가 더 높으나 특별한 구분법은 없습니다.,雑의 정식 훈독은 없습니다.,no
828,N2,招,부를 초,"""부를 초"". 초대하다, 부르다",ショウ,まね(く),"招 = 扌 + 召。 (의미부)「扌」는 ""손""을 뜻합니다. (소리부 겸 의미부)召(ショウ - 부를 소)는 ""부르다""라는 뜻의 상용한자입니다. 召 = 刀 + 口。 「刀」는 ""칼""을 뜻합니다. 「口」는 ""입""을 뜻합니다. 옛사람들은 ""입은 화를 부르는 문이며, 혀는 몸을 베는 칼이다""라고 경계했다고 합니다. 召는 ""말실수(口)가 화(刀)를 부르다"" -> ""부르다""라는 뜻의 글자입니다. 招는 ""손짓해서(扌) 부르다(召)"" -> ""초대하다, 부르다""라는 뜻의 글자입니다. (召는 소리부도 겸함)",음독은 ショウ입니다. 특별한 점은 없습니다.,"招く는 ""초대하다, 손짓하며 부르다""라는 뜻의 타동사입니다. 예문) 友達を招く 친구들을 초대하다 手を振って招く 손을 흔들어 부르다",no
829,N2,困,곤할 곤,"""곤할 곤"". 곤란하다",コン,こま(る),"困 = 囗 + 木。 囗는 여기서는 ""출입구""를 그린 모양자입니다. 「木」는 ""나무""를 뜻합니다. 困는 ""출입구(囗)를 가로막은 나무(木)"" -> ""장애물"" -> ""곤란하다""라는 뜻의 글자입니다.",음독은 コン입니다. 특별한 점은 없습니다.,"困る는 ""곤란하다""라는 뜻의 자동사입니다.",no
830,N2,永,길 영,"""길 영"". 기나긴, 영원의",エイ,なが(い),"永는 ""길게 굽이쳐 흐르는 강""을 그린 상형문자입니다. ""길다란 강"" -> ""길다, 영원하다""라는 의미입니다.",음독은 エイ입니다. 특별한 점은 없습니다.,"永い는 ""(세월/시간이) 아주 오래다, 영원하다""라는 뜻의 형용사입니다.",no
831,N2,著,나타날 저,"""나타날 저"". 현저하다, 저명하다, 저술하다",チョ,あらわ(す)、いちじる(しい),"著 = 艹 + 者。 「艹」는 ""풀""을 뜻합니다. 「者」는 ""사람""을 뜻합니다. 著는 ""월계관(艹)을 쓴 사람(者)"" -> ""현저하다, 저명하다""라는 뜻의 글자입니다.",음독은 チョ입니다. 특별한 점은 없습니다.,"著す는 ""저술하다""라는 뜻의 타동사입니다. 著しい는 ""현저하다, 두드러지다, 명백하다""라는 뜻의 형용사입니다. 예문) 彼は多くの名著を著した 그는 많은 명저를 저술했다 成績が著しく伸びた 성적이 눈에 띄게(현저히) 향상되었다 著しい活躍を見せる 두드러진 활약을 보이다 犯罪の発生件数が著しく減少した 범죄 발생 건수가 현저히 감소했다",no
832,N2,誌,기록할 지,"""기록할 지"". 기록하다, ~지(잡지 등)",シ,,"誌 = 言 + 志。 (의미부)「言」는 ""말하다""라는 뜻입니다. (소리부 겸 의미부)「志」(シ)는 ""목적, 목표""를 뜻합니다. 誌는 ""목표(志)를 말(言)로 써서 기록해두다"" -> ""기록하다""라는 뜻의 글자입니다. (志는 소리부도 겸함)",음독은 シ입니다. 특별한 점은 없습니다.,誌의 정식 훈독은 없습니다.,no
833,N2,刊,새길 간,"""새길 간"". 출판하다, 간행하다",カン,,"刊 = 干 + 刂。 (소리부 겸 의미부)干(カン - ""방패 간"")은 ""방패""를 뜻하는 상용한자입니다. 干는 ""고대에 쓰이던 방패""를 본따 그린 상형문자입니다. (의미부)「刂」는 ""칼""을 뜻합니다. 刊는 ""방패(干) 모양의 나무판에 글자를 새겨(刂) 인쇄하다"" -> ""간행하다, 출판하다""라는 뜻의 글자입니다. (干는 소리부도 겸함)",음독은 カン입니다. 특별한 점은 없습니다.,刊의 정식 훈독은 없습니다.,no
834,N2,像,모양 상,"""모양 상"". 형체, 형상",ゾウ,,"像 = 亻 + 象。 (의미부)「亻」는 ""사람""을 뜻합니다. (소리부 겸 의미부)「象」(ゾウ)는 ""형상""을 뜻합니다. 像는 ""사람(亻)을 본뜬 형상(象)"" -> ""형체, 형상""이라는 뜻의 글자입니다. (象는 소리부도 겸함) 참고) 象와 像의 차이에 대해서는 아래 설명을 참조해 주세요.",음독은 ゾウ입니다. 특별한 점은 없습니다.,像의 정식 훈독은 없습니다.,no
835,N2,香,향기 향,"""향기 향"". 향기",コウ、キョウ,か、かお(り)、かお(る),"香 = 禾 + 日。 「禾」는 ""곡식""을 뜻합니다. 「日」는 ""태양""을 뜻합니다. 香는 ""가을 햇빛(日) 아래 곡식(禾)이 익어가는 냄새"" -> ""향기""라는 뜻의 글자입니다.",음독은 コウ、キョウ입니다. 사용 빈도는 コウ가 훨씬 높습니다. キョウ는 일부 예외적인 단어에만 쓰이는 음독입니다.,"香り는 ""향기""라는 뜻입니다. 香る는 ""향기가 나다""라는 뜻의 자동사입니다.",no
836,N2,更,고칠 경/다시 갱,"""고칠 경/다시 갱"". 고치다, 갱신하다",コウ,さら、ふ(ける)、ふ(かす),"更는 ""회초리를 든 손 + 두 다리""를 그린 상형문자입니다. ""잘못을 저지른 아이를 회초리로 때리다"" -> ""바로잡다, 고치다""라는 의미입니다.",음독은 コウ입니다. 특별한 점은 없습니다.,"更ける는 ""(밤/계절 등이) 깊어지다, 한창이다""라는 뜻의 2그룹 자동사입니다. 更かす는 ""밤늦도록 안 자다, 밤을 새우다""라는 뜻의 타동사입니다.",no
837,N2,刻,새길 각,"""새길 각"". 새기다, 썰다, 조각하다",コク,きざ(む),"刻 = 亥 + 刂。 「亥」는 ""도축/가공된 돼지""를 뜻하는 글자입니다(링크 참조). 「刂」는 ""칼""을 뜻합니다. 刻는 ""돼지(亥)를 칼(刂)로 잘라 가공하다"" -> ""새기다, 썰다, 조각하다""라는 뜻의 글자입니다.",음독은 コク입니다. 특별한 점은 없습니다.,"刻む는 ""새기다, 조각하다, 썰다""라는 뜻의 타동사입니다. 예문) 文字を刻む 글자를 새기다 心に刻む 마음에 새기다 仏像を刻む 불상을 조각하다 野菜を刻む 야채를 잘게 썰다 刻んだネギ 잘게 썬 파",no
838,N2,賛,도울 찬,"""도울 찬"". 돕다, 칭찬하다",サン,,"賛 = 夫 + 夫 + 貝。 「夫」는 ""남편, 성인 남성""을 뜻합니다. 「貝」는 ""돈, 재물""을 뜻합니다. 賛는 ""가장들끼리(夫+夫) 서로 재정적(貝) 도움을 주고받다"" -> ""돕다, 칭찬하다""라는 뜻의 글자입니다.",음독은 サン입니다. 특별한 점은 없습니다.,賛의 정식 훈독은 없습니다.,no
839,N2,抱,안을 포,"""안을 포"". 안다, 품다",ホウ,だ(く)、いだ(く)、かか(える),"抱 = 扌 + 包。 (의미부)「扌」는 ""손""을 뜻합니다. (소리부 겸 의미부)「包」(ホウ)는 ""감싸다""라는 뜻입니다. 抱는 ""손(扌)으로 감싸안다(包)"" -> ""안다, 품다""라는 뜻의 글자입니다. (包는 소리부도 겸함)",음독은 ホウ입니다. 특별한 점은 없습니다.,"1.抱く 抱く는 ""(물리적으로) 끌어안다, 품다""라는 뜻의 타동사입니다. 예문) 子供を抱く 아이를 끌어안다 人形を抱いて寝る 인형을 끌어안고 자다 女を抱く 여자를 안다 2.抱く 抱く는 ""(생각/기분 등을 마음속에) 품다""라는 뜻의 타동사입니다. 예문) 希望を抱く 희망을 품다 俺は彼に疑いを抱いている 나는 그에게 의심을 품고 있다 不満を抱いている 불만을 품고 있다 3.抱える 抱える는 ""(운반/지탱하기 위해) 부둥켜안다, (문제/책임 등을) 끌어안고 있다""라는 뜻의 2그룹 타동사입니다. 예문) 荷物を抱えている 짐을 부둥켜안고 있다 頭を抱えて考える 머리를 감싸쥐고 생각하다 手いっぱい仕事を抱えている 일을 한가득 떠맡고 있다 妻子を抱える 처자식을 거느리다",no
840,N2,犯,범할 범,"""범할 범"". 어기다, 범하다",ハン,おか(す),"犯 = 犭 + 㔾。 「犭」는 ""개""를 뜻합니다. 「㔾」는 ""무릎꿇은 사람""을 뜻합니다. 犯는 ""개(犭)가 사람을 공격해 쓰러뜨리다(㔾)""-> ""어기다, 범하다""라는 뜻의 글자입니다.",음독은 ハン입니다. 특별한 점은 없습니다.,"犯す는 ""(죄 등을) 범하다""라는 뜻의 타동사입니다.",no
841,N2,布,베/펼 포,"""베/펼 포"". 직물, 천, 베풀다, 퍼지다, 펴다",フ,ぬの,"布 = 𠂇 + 巾。 「𠂇」는 ""손""을 뜻합니다. 「巾」는 ""수건, 천""을 뜻합니다. 布는 ""삼베(巾)를 손으로(𠂇) 넓게 펴다"" -> ""직물, 천, 퍼지다, 펴다, 베풀다""라는 뜻의 글자입니다.",음독은 フ입니다. 특별한 점은 없습니다.,"布는 ""직물, 천""을 뜻합니다.",no
842,N2,恐,두려울 공,"""두려울 공"". 두려워하다",キョウ,おそ(れる)、おそ(ろしい),"恐 = 工 + 凡 + 心。 「工」는 ""공작, 가공, 공정""을 뜻합니다. 凡(""무릇 범"")은 ""평범하다""라는 뜻의 상용한자입니다. 凡는 ""나무판자""를 그린 상형문자입니다. ""아무데나 있는 나무판자"" -> ""평범하다""라는 의미입니다. 「心」는 ""마음""을 뜻합니다. 恐는 ""위험한 공사(工)에 강제로 동원된 평범한(凡) 인부들이 마음 속으로(心) 느끼는 공포"" -> ""두려워하다""라는 뜻의 글자입니다.",음독은 キョウ입니다. 특별한 점은 없습니다.,"恐れる는 ""두려워하다, 무서워하다, 걱정하다""라는 뜻의 2그룹 자동사입니다. 恐ろしい는 ""두렵다, 걱정스럽다, 심하다/대단하다""라는 뜻의 형용사입니다. 예문) 失敗を恐れない人실패를 두려워하지 않는 사람 挑戦することを恐れるな 도전하는 것을 두려워하지 마라 恐ろしい話を聞いた 무서운 이야기를 들었다 人間の執念は恐ろしいものだ 인간의 집념은 무서운 법이다",no
843,N2,宇,집 우,"""집 우"". 지붕, 집, 우주",ウ,,"宇 = 宀 + 于。 「宀」는 ""집""을 뜻합니다. 于는 여기서는 ""지붕을 떠받치는 기둥""을 그린 모양자입니다. 宇는 ""기둥(于) 위에 올려진 지붕(宀)"" -> ""지붕, 집, 우주""라는 뜻의 글자입니다.",음독은 ウ입니다. 특별한 점은 없습니다.,宇의 정식 훈독은 없습니다.,no
844,N2,戻,어그러질 려,"""어그러질 려"". 돌려보내다",レイ,もど(す)、もど(る),"戻 = 戸 + 大。 「戸」는 ""집, 출입구""를 뜻합니다. 「大」는 본래 ""사람""을 그린 글자입니다. 戻는 ""문(戸) 앞에서 거절당하고 돌아가는 사람(大)"" -> ""돌아가다, 돌려보내다""라는 뜻의 글자입니다.",음독은 レイ입니다. 특별한 점은 없습니다.,"戻す는 ""(본래의 자리/상태로) 되돌리다, 갚다""라는 뜻의 타동사입니다. 戻る는 ""(본래의 자리/상태로) 되돌아가다, 되돌아오다""라는 뜻의 자동사입니다. 예문) 本を書庫に戻す 책을 서고에 되돌리다 契約を白紙に戻す 계약을 백지로 되돌리다 席に戻る 자리로 되돌아오다 来た道を戻る 왔던 길을 되돌아가다 意識が戻る 의식이 돌아오다 盗まれた物が戻る 도둑맞은 물건이 되돌아오다",no
845,N2,巨,클 거,"""클 거"". 크다",キョ,,"巨는 ""거대한 자로 나무의 길이를 재는 사람""을 그린 상형문자입니다. ""나무의 길이를 잴 만큼 거대한 자"" -> ""크다""라는 의미입니다.",음독은 キョ입니다. 특별한 점은 없습니다.,巨의 정식 훈독은 없습니다.,no
846,N2,震,우레 진,"""우레 진"". 흔들리다, 떨리다, 지진",シン,ふる(う)、ふる(える),"震 = 雨 + 辰。 (의미부)「雨」는 ""비""를 뜻합니다. (소리부 겸 의미부)「辰」(シン)은 ""쟁기, 농기구""를 뜻합니다. 震는 ""농기구(辰)를 땅에 강하게 내리쳐 천둥이 치듯(雨)땅이 울리다""-> ""흔들리다, 떨리다, 지진""이라는 뜻의 글자입니다. (辰는 소리부도 겸함)",음독은 シン입니다. 특별한 점은 없습니다.,"震える는 ""흔들리다, 떨리다""라는 뜻의 2그룹 자동사입니다. 震う는 ""흔들리다, 떨리다""라는 뜻의 자동사입니다. 이 동사는 원형으로는 쓰이지 않고震わせる의 형태로만 쓰이는 동사입니다. 예문) 寒くて震える 추워서 (몸이) 떨리다 怒りに震える 분노에 떨리다 緊張して声が震える 긴장해서 목소리가 떨리다 声を震わせる 목소리를 떨다 怒りで体を震わせる 분노로 몸을 떨다",no
847,N2,越,넘을 월,"""넘을 월"". 넘다, 능가하다",エツ,こ(す)、こ(える),"越 = 走 + 戉。 「走」는 ""달리다""라는 뜻입니다. 戉는「戊」가 살짝 변형된 것으로, ""창""을 뜻합니다. 越는 ""창(戉)을 들고 담을 뛰어넘어(走) 돌격하다"" -> ""넘다, 능가하다""라는 뜻의 글자입니다.",음독은 エツ입니다. 특별한 점은 없습니다.,"越す는 ""넘다, 넘어가다, 건너다""라는 뜻의 타동사입니다. 越える는 ""넘다, 넘어가다, 건너다, 넘기다""라는 뜻의 2그룹 자동사입니다. 참고) 「超す・超える」와「越す・越える」의 차이 아래 예문을 참조해 주세요. 예문) 世界記録を超える 세계 기록을 넘어서다 定員を超える 정원을 넘어서다 限界を超える 한계를 초월하다 国境を越える 국경을 넘어가다 ハードルを越える 허들을 넘어가다 年を越す 해를 넘기다",no
848,N2,欲,하고자 할 욕,"""하고자 할 욕"". 탐내다, 욕심",ヨク,ほっ(する)、ほ(しい),"欲 = 谷 + 欠。 「谷」는 ""계곡""을 뜻합니다. 「欠」는 ""입을 벌린 사람""을 뜻합니다. 欲는 ""계곡물(谷)을 전부 받아마시려는(欠) 사람""이라는 뜻입니다. ""터무니없는 욕심을 부리다"" -> ""탐내다, 욕심""이라는 의미입니다.",음독은 ヨク입니다. 특별한 점은 없습니다.,"欲しい는 ""원하다, 바라다, 하고 싶다""라는 뜻의 형용사입니다. 欲する는 ""원하다, 바라다, 하고 싶다""라는 뜻의 타동사입니다.",no
849,N2,痛,아플 통,"""아플 통"". 아프다, 고통",ツウ,いた(い)、いた(む)、いた(める),"痛 = 疒 + 甬。 「疒」는 ""질병, 질환""을 뜻합니다. 「甬」는 ""종""을 뜻합니다. 痛는 ""종소리(甬)가 울려퍼지듯 온몸에 고통(疒)이 울려퍼지다"" -> ""아프다, 고통""이라는 뜻의 글자입니다.",음독은 ツウ입니다. 특별한 점은 없습니다.,"痛い는 ""아프다, 괴롭다""라는 뜻의 형용사입니다. 痛む는 ""아프다, 괴롭다""라는 뜻의 자동사입니다. 痛める는 ""다치다, 상하다""라는 뜻의 2그룹 타동사입니다. 예문) 歯が痛い 이가 아프다 痛いところを突かれる 아픈 데를 찔리다 心が痛む 마음이 아프다 傷が痛む 상처가 아프다 足を痛める 발을 다치다 腰を痛める 허리를 다치다",no
850,N2,触,닿을 촉,"""닿을 촉"". 닿다, 접하다",ショク,ふ(れる)、さわ(る),"触 = 角 + 虫。 「角」는 ""뿔""을 뜻합니다. 「虫」는 ""벌레""를 뜻합니다. 触는 ""장수풍뎅이(虫)의 뿔(角)을 만져보다"" -> ""만지다, 닿다, 접하다""라는 뜻의 글자입니다.",음독은 ショク입니다. 특별한 점은 없습니다.,"触れる는 ""접촉하다, 닿다""라는 뜻의 2그룹 자동사/타동사입니다. 触る는 ""접촉하다, 닿다, 관여하다, 기분을 상하게 하다""라는 뜻의 자동사입니다. 둘의 차이점은 다음과 같습니다. 아래 예문을 참조해 주세요. 예문) 手と手が触れる 손과 손이 닿다 軽く触れる 가볍게 닿다 展示品には触るな 전시품에는 손대지 말아라 誰も触りたがらない問題누구도 관여하고 싶어하지 않는 문제 神経に触る 신경에 거슬리다",no
851,N2,依,의지할 의,"""의지할 의"". 의지하다, 의존하다",イ、エ,,"依 = 亻 + 衣。 (의미부)「亻」는 ""사람""을 뜻합니다. (소리부 겸 의미부)「衣」(イ)는 ""옷""을 뜻합니다. 依는 ""사람(亻)은 옷(衣)에 의존해 추위를 막는다"" -> ""의지하다, 의존하다""라는 뜻의 글자입니다. (衣는 소리부(イ -> イ・エ)도 겸함)",음독은 イ、エ입니다. 사용 빈도는 イ가 훨씬 높습니다. エ는 일부 예외적인 단어에만 쓰이는 음독입니다.,依의 정식 훈독은 없습니다.,no
852,N2,汚,더러울 오,"""더러울 오"". 더럽다",オ,けが(す)、けが(れる)、けが(らわしい)、よご(す)、よご(れる)、きたな(い),"汚 = 氵 + 亐。 「氵」는 ""물""을 뜻합니다. 亐는 여기서는 ""구부러진 물길""을 그린 모양자입니다. 汚는 ""물길(氵)이 구부러져(亐) 흐름이 막히다"" ->""물이 고여서 썩다"" -> ""더럽다""라는 뜻의 글자입니다.",음독은 オ입니다. 특별한 점은 없습니다.,"1.汚す、汚れる、汚らわしい 汚す는 ""더럽히다, 모독하다""라는 뜻의 타동사입니다. 汚れる는 ""더러워지다, 더럽혀지다""라는 뜻의 2그룹 자동사입니다. 汚らわしい는 ""더럽다, 추잡스럽다""라는 뜻의 형용사입니다. (이 세 가지는 공통적으로 ""정신적/도덕적인 더러움""을 표현하는 단어들입니다.) 예문) 子供の純粋な心を汚す 아이의 순수한 마음을 더럽히다 家門の名誉を汚す 가문의 명예를 더럽히다 汚れた金더러운 돈(부정한 방법으로 얻은 돈) 名が汚れる 이름이 더럽혀지다 汚らわしい噂추잡스러운 소문 汚らわしい手を使うな 더러운 수법을 쓰지 마라 2.汚す、汚れる、汚い 汚す는 ""더럽히다""라는 뜻의 타동사입니다. 汚れる는 ""더러워지다""라는 뜻의 2그룹 자동사입니다. 汚い는 ""더럽다, 불결하다""라는 뜻의 형용사입니다. (이 세 가지는 물질/정신 양쪽에 모두 쓸 수 있으나, 주로 ""물질적인 더러움""을 표현하는 단어들입니다.) 예문) 空気を汚す 공기를 오염시키다 衣服を泥で汚す 옷을 흙으로 더럽히다 汚れた川오염된 강 車が汚れる 차가 더러워지다 汚い足더러운 발 汚い部屋지저분한 방",no
853,N2,枚,낱 매,"""낱 매"". 매수, 장수",マイ,,"枚 = 木 + 攵。 「木」는 ""나무""를 뜻합니다. 「攵」는 본래 ""막대기를 든 손""을 그린 글자입니다(링크 참조). 枚는 ""나무판자(木)를 한장한장 들어 넘기며(攵) 세다"" -> ""매수, 장수""라는 뜻의 글자입니다.",음독은 マイ입니다. 특별한 점은 없습니다.,枚의 정식 훈독은 없습니다.,no
854,N2,互,서로 호,"""서로 호"". 서로, 상호간의",ゴ,たが(い),"互는 ""같은 것 두 개가 위아래로 얽힌 모습"" -> ""서로, 상호간의""라는 뜻의 글자입니다.",음독은 ゴ입니다. 특별한 점은 없습니다.,"互い는 ""서로, 상호, 쌍방""이라는 뜻입니다.",no
855,N2,複,겹칠 복/부,"""겹칠 복/부"". 겹치다, 중복되다",フク,,"複 = 衤 + 复。 (의미부)「衤」는 ""옷, 옷감""을 뜻합니다. (소리부 겸 의미부)「复」(フク)는 ""되돌아가다""라는 뜻입니다. 複는 ""옷감(衤)을 여러 번 다시(复) 겹쳐 덧대다"" -> ""겹치다, 중복되다""라는 뜻의 글자입니다. (复는 소리부도 겸함)",음독은 フク입니다. 특별한 점은 없습니다.,複의 정식 훈독은 없습니다.,no
856,N2,郵,우편 우,"""우편 우"". 우편",ユウ,,"郵 = 垂 + ⻏。 垂(""드리울 수"")는 ""드리우다, 매달리다""라는 뜻의 상용한자입니다. 垂는 ""풀잎이 드리워져 있는 모습""을 그린 상형문자입니다. 「⻏」는 ""도시""를 뜻합니다. 郵는 ""편지 가방을 어깨에 늘어뜨리고(垂) 도시(⻏)를 달리는 배달부"" -> ""우편""이라는 뜻의 글자입니다.",음독은 ユウ입니다. 특별한 점은 없습니다.,郵의 정식 훈독은 없습니다.,no
857,N2,似,닮을 사,"""닮을 사"". 비슷하다, 닮다",ジ,に(る),"似 = 亻 + 以。 (의미부)「亻」는 ""사람""을 뜻합니다. (소리부)「以」(イ)는 여기서는 소리부(イ -> ジ)의 역할만 하고 있습니다. 似는 ""서로 닮은 사람(亻)"" -> ""비슷하다, 닮다""라는 뜻의 글자입니다(以는 소리부).",음독은 ジ입니다. 특별한 점은 없습니다.,"似る는 ""닮다, 비슷하다""라는 뜻의 2그룹 자동사입니다. 예문) 親に似ている子부모를 닮은 아이 これとよく似た話を聞いたことがある 이것과 아주 비슷한 이야기를 들은 적이 있다",no
858,N2,恵,은혜 혜,"""은혜 혜"". 은혜",ケイ、エ,めぐ(む),"恵 = 𤰔 + 心。 「𤰔」는 ""실을 감는 방추""를 그린 글자입니다. 「心」는 ""마음""을 뜻합니다. 恵는 ""방추에 감긴 실을 풀듯(𤰔) 선한 마음을(心) 베풀다"" -> ""은혜""라는 뜻의 글자입니다.",음독은 ケイ、エ입니다. 사용 빈도는 ケイ가 훨씬 높습니다. エ는知恵(지혜) 외에는 거의 쓰지 않는 음독입니다.,"恵む는 ""베풀다, (은혜를) 주다""라는 뜻의 타동사입니다. 예문) 貧民に米を恵む 빈민에게 쌀을 베풀다 慈悲を恵む 자비를 베풀다",no
859,N2,探,찾을 탐,"""찾을 탐"". 찾다",タン,さが(す)、さぐ(る),"探 = 扌 + 罙。 「扌」는 ""손""을 뜻합니다. 罙는 여기서는「深」이 축약된 것으로, ""깊다""라는 뜻입니다. 探는 ""깊은 곳(深)까지 더듬어(扌) 찾아보다"" -> ""찾다""라는 뜻의 글자입니다.",음독은 タン입니다. 특별한 점은 없습니다.,"探す、探る는 둘 다 ""찾다""라는 뜻의 타동사입니다. 참고)探す、捜す、探る의 차이점 아래 예문을 참조해 주세요. 예문) 仕事を探す 일자리를 찾다 プレゼントに適した物を探す 선물에 적합한 물건을 찾다 行方不明者を捜す 행방불명자를 찾다 犯人を捜す 범인을 찾다 不信感の原因を探る 불신감의 원인을 찾다 自然の神秘を探る 자연의 신비를 탐구하다 解決の道を探る 해결의 길을 찾다 相手の真意を探る 상대의 진의를 살피다",no
860,N2,逃,도망할 도,"""도망할 도"". 달아나다, 도망치다",トウ,に(げる)、に(がす)、のが(す)、のが(れる),"逃 = ⻌ + 兆。 「⻌」는 ""길""을 뜻합니다. 「兆」는 ""징조, 전조, 징후""를 뜻합니다. 逃는 ""재앙의 전조(兆)를 느끼고 달아나다(⻌)"" -> ""도망치다, 달아나다""라는 뜻의 글자입니다.",음독은 トウ입니다. 특별한 점은 없습니다.,"1.逃がす、逃す 逃がす、逃す는 둘 다 ""놓아주다, 놓치다""라는 뜻의 타동사입니다. 둘의 차이점은 다음과 같습니다. 아래 예문을 참조해 주세요. 예문) かごの鳥を逃がす 새장의 새를 놓아주다 魚を逃がす 물고기를 놓아주다 せっかくの機会を逃す 모처럼의 기회를 놓치다 敵を逃す 적을 놓치다 2.逃げる、逃れる 逃げる는 ""도망치다, 달아나다""라는 뜻의 2그룹 자동사입니다. 逃れる는 ""도망치다, 달아나다, 면하다""라는 뜻의 2그룹 자동사/타동사입니다. 둘의 차이점은 다음과 같습니다. 아래 예문을 참조해 주세요. 예문) 危険な場所から逃げる 위험한 장소에서 달아나다 責任から逃げる 책임을 회피하다 災いを逃れる 재난을 면하다 都会の騒音を逃れる 도회지의 소음에서 벗어나다",no
861,N2,骨,뼈 골,"""뼈 골"". 뼈",コツ,ほね,"骨 = 冎 + 月。 「冎」는 ""뼈""를 뜻합니다. 「月」는 ""신체의 일부""를 뜻합니다. 骨는 ""몸(月) 안의 뼈(冎)"" -> ""뼈""라는 뜻의 글자입니다.",음독은 コツ입니다. 특별한 점은 없습니다.,"骨는 ""뼈""를 뜻합니다.",no
862,N2,傾,기울 경,"""기울 경"". 기울다, 기울어지다",ケイ,かたむ(く)、かたむ(ける),"傾 = 亻 + 匕 + 頁。 「亻」는 ""사람""을 뜻합니다. 「匕」는 ""숟가락""을 뜻합니다. 「頁」는 ""머리""를 뜻합니다. 음식을 떠먹을 때는 고개를 앞으로 숙이게 됩니다. 傾는 ""사람(亻)이 음식을 먹느라(匕) 고개가(頁) 기울어지다"" -> ""기울다, 기울어지다""라는 뜻의 글자입니다.",음독은 ケイ입니다. 특별한 점은 없습니다.,"傾く는 ""기울다, 기울어지다""라는 뜻의 자동사입니다 傾ける는 ""기울이다, 기울어지게 하다""라는 뜻의 2그룹 타동사입니다. 예문) 地震で家が傾く 지진으로 집이 기울다 気持ちが傾く 마음이 쏠리다(기울다) 首を傾ける 고개를 갸우뚱하다 全力を傾ける 전력을 기울이다",no
863,N2,届,,"닿게 하다, 보내주다",,とど(ける)、とど(く),"届 = 尸 + 由。 「尸」는 ""집, 지붕""을 뜻합니다. 「由」는 ""유래, 이유""를 뜻합니다. 여기서는 ""유래"" -> ""이르다, 닿다""라는 뜻으로 응용된 것입니다. 届는 ""집(尸)에 보낸 편지가 도착하다(由)"" -> ""닿게 하다, 보내주다""라는 뜻의 글자입니다.",届의 정식 음독은 없습니다.,"届く는 ""닿다, 도달하다, 미치다, 이르다""라는 뜻의 자동사입니다. 届ける는 ""닿게 하다, 보내주다, 배달하다, (관청 등에) 신고하다""라는 뜻의 2그룹 타동사입니다. 예문) 手紙が届いた 편지가 왔다 声が遠くまで届かない 목소리가 멀리까지 닿지 않는다 手の届くところにリモコンを置く 손이 닿는 곳에 리모컨을 두다 細かいところまで神経が届く 세세한 데까지 신경이 미치다 赤ちゃんを母の目の届くところに寝かす 아기를 엄마의 눈길이 닿는 곳에 재우다 荷物を届ける 짐을 보내다 落とし物を届ける 분실물을 신고하다 市役所に届ける 시청에 신고하다",no
864,N2,迷,미혹할 미,"""미혹할 미"". 헤메다, 헷갈리다, 미혹되다",メイ,まよ(う),"迷 = ⻌ + 米。 (의미부)「⻌」는 ""길""을 뜻합니다. (소리부 겸 의미부)「米」(ベイ・マイ)는 여기서는 ""사방으로 뻗은 갈림길""을 그린 모양자로 쓰인 것입니다. 迷는 ""여러 방향의(米) 갈림길(⻌) 가운데서 갈피를 잡지 못하고 헤메다"" -> ""헤메다, 헷갈리다""라는 뜻의 글자입니다. (米는 소리부(ベイ・マイ -> メイ)도 겸함)",음독은 メイ입니다. 특별한 점은 없습니다.,"迷う는 ""헤메다, 망설이다, 혹하다""라는 뜻의 자동사입니다. 예문) 道に迷う 길을 잃다 選択に迷う 선택을 망설이다 迷わず実行せよ 망설이지 말고 실행하라 金に迷う 돈에 현혹되다 欲に迷って失敗する 욕심에 사로잡혀 실패하다",no
865,N2,夢,꿈 몽,"""꿈 몽"". 꿈",ム,ゆめ,"夢 = 艹 + 罒 + 冖 + 夕。 「艹」는 ""풀""을 뜻합니다. 「罒」는 ""그물""을 뜻합니다. 冖는 여기서는「宀」가 축약된 것으로, ""집""을 뜻합니다. 「夕」는 ""저녁""을 뜻합니다. 夢는 ""풀(艹)을 엮어(罒) 만든 초가집(冖)에서 밤(夕)에 자면서 꾸는 꿈"" -> ""꿈""이라는 뜻의 글자입니다.",음독은 ム입니다. 특별한 점은 없습니다.,"夢는 ""꿈""을 뜻합니다.",no
866,N2,巻,책/말 권,"""책/말 권"". 돌돌 말다, 감다, 두루마리, 책을 세는 단위(~권)",カン,ま(く)、まき,"巻 = 龹 + 己。 (소리부 겸 의미부)龹는 여기서는「券」(ケン)이 축약된 것으로, ""증서, 표""를 뜻합니다. (의미부)「己」는 본래 ""구부러진 새끼줄""을 그린 글자입니다(링크 참조). 巻는 ""증서(龹)를 새끼줄(己)로 돌돌 감아놓다"" -> ""감다, 돌돌 말다, 두루마리""라는 뜻의 글자입니다. (龹->券은 소리부(ケン -> カン)도 겸함)",음독은 カン입니다. 특별한 점은 없습니다.,"巻く는 ""감다, 말다, 휘감기다""라는 뜻의 자동사 겸 타동사입니다. 巻는 ""감겨있는 것, 두루마리, 서적""등을 뜻합니다. 예문) 紙をぐるぐる巻く 종이를 돌돌 말다 渦に巻き込まれる 소용돌이에 휘말리다 紛争に巻き込まれる 분쟁에 말려들다 渦巻소용돌이 鉢巻머리띠",no
867,N2,燃,탈 연,"""탈 연"". 불태우다, 불타다",ネン,も(える)、も(やす)、も(す),"燃 = 火 + 然。 (소리부 겸 의미부)「然」(ネン)은 본래 ""개고기를 불에 굽는 모습""을 그린 글자입니다(링크 참조). (의미부)「火」는 ""불""을 뜻합니다. 燃는 ""너무 강한 불(火)로 개고기를 구워(然) 새까맣게 태우다"" -> ""불타다, 불태우다""라는 뜻의 글자입니다. (然는 소리부도 겸함)",음독은 ネン입니다. 특별한 점은 없습니다.,"1.燃える、燃やす 燃える는 ""불타다, 불길이 일다, (감정 등이) 솟아오르다""라는 뜻의 2그룹 자동사입니다. 燃やす는 ""불태우다, (의욕/정열 등을) 끓어오르게 하다""라는 뜻의 타동사입니다. 예문) 紙が燃えて灰になる 종이가 타서 재가 되다 赤く燃える夕日붉게 타오르는 석양 彼の目は怒りに燃えていた 그의 눈은 분노로 불타고 있었다 落ち葉を燃やす 낙엽을 태우다 情熱を燃やす 정열을 불태우다 新たな意欲を燃やす 새로운 의욕을 불태우다 2.燃す 燃す는 ""불태우다""라는 뜻의 타동사로,燃やす의 방언입니다. 다만, 이 동사는 실제로는 거의 쓰이지 않는 표현입니다. 예문) 落ち葉を燃す 낙엽을 태우다",no
868,N2,閉,닫을 폐,"""닫을 폐"". 닫다",ヘイ,と(じる)、と(ざす)、し(める)、し(まる),"閉 = 門 + オ。 「門」는 ""문""을 뜻합니다. オ는 여기서는 ""문에 걸어놓은 빗장""을 그린 모양자입니다. 閉는 ""빗장(オ)이 걸린 문(門)"" -> ""닫다""라는 뜻의 글자입니다.",음독은 ヘイ입니다. 특별한 점은 없습니다.,"1.閉じる、閉ざす 閉じる는 ""닫히다, 닫다""라는 뜻의 2그룹 자동사/타동사입니다. 閉ざす는 ""닫다, 폐쇄하다""라는 뜻의 타동사로,閉じる에 비해 부정적인 뉘앙스가 강한 표현입니다. 예문) 目を閉じる 눈을 감다 風で門が閉じる 바람에 문이 닫히다 口を閉じる 입을 다물다(단순히 말을 하지 않는다는 뜻) 口を閉ざす 입을 다물다(안 좋은 이유나 기분 등을 암시) 心を閉ざす 마음을 닫다 道を閉ざす 길을 폐쇄하다 2.閉める、閉まる 閉める는 ""닫다""라는 뜻의 2그룹 타동사입니다. 閉まる는 ""닫히다""라는 뜻의 자동사입니다. 예문) 窓を閉める 창문을 닫다 店を閉める 가게 문을 닫다(그날 영업을 끝내다) 店が閉まる 가게 문이 닫히다(그날 영업이 끝나다) 참고)閉める・閉まる와閉じる의 차이점 아래 예문을 참조해 주세요. 예문) ドアが閉まる 문이 닫히다 窓を閉める 창문을 닫다 蛇口を閉める 수도꼭지를 잠그다 ドアが閉じる 문이 닫히다 目を閉じる 눈을 감다 心を閉じる 마음을 닫다 傘を閉じる 우산을 접다 本を閉じる 책을 덮다 ブラウザーを閉じる 브라우저를 닫다 店を閉める 가게 문을 닫다(그날 영업을 끝내다) 店を閉じる 가게를 폐업하다",no
869,N2,緒,실마리 서,"""실마리 서"". 실마리, 시작, 처음",ショ、チョ,お,"緒 = 糸 + 者。 (의미부)「糸」는 ""실""을 뜻합니다. (소리부 겸 의미부)「者」(シャ)는 ""사람""을 뜻합니다. 緒는 ""뭉쳐있는 실타래(糸) 속에서 자신이 원하는 실 한 가닥을 찾아낸 사람(者)"" -> ""실마리, 시작, 처음""이라는 뜻의 글자입니다. (者는 소리부(シャ -> ショ・チョ)도 겸함)",음독은 ショ、チョ입니다. 사용 빈도는 ショ가 훨씬 높습니다.,"緒는 ""가는 끈, 신발끈, 악기줄"" 등을 뜻합니다.",no
870,N2,駐,머무를 주,"""머무를 주"". 머무르다",チュウ,,"駐 = 馬 + 主。 (의미부)「馬」는 ""말""을 뜻합니다. (소리부 겸 의미부)「主」(シュ)는 ""주인""을 뜻합니다. 駐는 ""주인(主)이말(馬)을 마굿간에 묶어두고 머무르다"" -> ""머무르다""라는 뜻의 글자입니다. (主는 소리부(シュ -> チュウ)도 겸함)",음독은 チュウ입니다. 특별한 점은 없습니다.,駐의 정식 훈독은 없습니다.,no
871,N2,賃,품삯 임,"""품삯 임"". 임금, 보수, 요금",チン,,"賃 = 任 + 貝。 (소리부 겸 의미부)「任」(ニン)은 ""맡기다""라는 뜻입니다. (의미부)「貝」는 ""돈, 재물""을 뜻합니다. 賃는 ""맡긴(任) 일에 대한 보수(貝)"" -> ""임금, 보수, 요금""이라는 뜻의 글자입니다. (任는 소리부(ニン -> チン)도 겸함)",음독은 チン입니다. 특별한 점은 없습니다.,賃의 정식 훈독은 없습니다.,no
872,N2,紹,이을 소,"""이을 소"". 소개하다",ショウ,,"紹 = 糸 + 召。 (의미부)「糸」는 ""실""을 뜻합니다. (소리부 겸 의미부)召(ショウ - 부를 소)는 ""부르다""라는 뜻의 상용한자입니다. 召 = 刀 + 口。 「刀」는 ""칼""을 뜻합니다. 「口」는 ""입""을 뜻합니다. 옛사람들은 ""입은 화를 부르는 문이며, 혀는 몸을 베는 칼이다""라고 경계했다고 합니다. 召는 ""말실수(口)가 화(刀)를 부르다"" -> ""부르다""라는 뜻의 글자입니다. 紹는 ""두 사람을 불러서(召) 사이를 이어주다(糸)"" -> ""소개하다""라는 뜻의 글자입니다. (召는 소리부도 겸함)",음독은 ショウ입니다. 특별한 점은 없습니다.,紹의 정식 훈독은 없습니다.,no
873,N2,雇,품 팔 고,"""품 팔 고"". 고용하다",コ,やと(う),"雇 = 戸 + 隹。 (소리부 겸 의미부)「戸」(コ)는 ""집, 출입구""를 뜻합니다. (의미부)「隹」는 ""새""를 뜻합니다. 雇는 ""문(戸) 안팎으로 들락날락하는 새(隹)""라는 뜻입니다. 직장에 출퇴근하는 직원을 ""들락날락하는 새""로 비유한 것입니다. ""매일 출퇴근하는 고용인"" -> ""고용하다""라는 의미입니다. (戸는 소리부도 겸함)",음독은 コ입니다. 특별한 점은 없습니다.,"雇う는 ""고용하다""라는 뜻의 타동사입니다.",no
874,N2,暮,저물 모,"""저물 모"". 저녁, 황혼, 세월을 보내다",ボ,く(れる)、く(らす),"暮 = 莫 + 日。 (소리부 겸 의미부)「莫」(ボ)는 ""없다""라는 뜻의 글자로, ""해가 저무는 모습""을 그린 글자입니다(링크 참조). (의미부)「日」는 ""해""를 뜻합니다. 暮는 ""해(日)가 저물다(莫)"" -> ""저물다, 황혼""이라는 뜻의 글자입니다. (莫는 소리부도 겸함)",음독은 ボ입니다. 특별한 점은 없습니다.,"暮れる는 ""해가 저물다, 세월이 지나가다""라는 뜻의 2그룹 자동사입니다. 暮らす는 ""살아가다, 세월을 보내다""라는 뜻의 자동사 겸 타동사입니다. 예문) 日が暮れて暗くなる 해가 져서 어두워지다 今年も暮れていく 올해도 저물어 간다 毎日幸せに暮らす 매일 행복하게 살아가다 一日中本を読んで暮らした 하루 종일 책을 읽으며 보냈다 一人で暮らしている 혼자 살고 있다 気楽に暮らす 마음 편히 지내다 老後は田舎で暮らしたい 노후엔 시골에서 살고 싶다",no
875,N2,替,바꿀 체,"""바꿀 체"". 교체하다, 바꾸다",タイ,か(える)、か(わる),"替 = 夫 + 夫 + 日。 「夫」는 ""남편, 성인 남성""을 뜻합니다. 「日」는 ""날짜""를 뜻합니다. 替는 ""두 사람(夫+夫)이 약속날(日) 만나서 물건을 교환하다"" -> ""교체하다, 바꾸다""라는 뜻의 글자입니다.",음독은 タイ입니다. 특별한 점은 없습니다.,"替える는 ""갈다, 교체하다""라는 뜻의 2그룹 타동사입니다. 替わる는 ""갈리다, 교체되다""라는 뜻의 자동사입니다.",no
876,N2,預,맡길 예,"""맡길 예"". 맡기다",ヨ,あず(ける)、あず(かる),"預 = 予 + 頁。 (소리부 겸 의미부)「予」(ヨ)는 ""미리, 사전에""라는 뜻입니다. (의미부)「頁」는 ""머리""를 뜻합니다. 預는 ""앞날(予)을 생각해(頁) 돈을 은행에 맡겨두다"" -> ""맡기다""라는 뜻의 글자입니다. (予는 소리부도 겸함)",음독은 ヨ입니다. 특별한 점은 없습니다.,"預ける는 ""맡기다""라는 뜻의 2그룹 타동사입니다. 預かる는 ""맡다, 보관하다""라는 뜻의 타동사입니다. 예문) 荷物を預ける 짐을 맡기다 子供を実家に預ける 어린아이를 친정집에 맡기다 銀行にお金を預ける 은행에 돈을 맡기다 貴重品を預かる 귀중품을 맡다 顧客から預かった財産고객이 맡긴 재산 孫を預かる 손자를 맡다",no
877,N2,簡,대쪽 간,"""대쪽 간"". 간략하다",カン,,"簡 =𥫗+ 間。 (의미부)「𥫗」는 ""대나무 죽간""을 뜻합니다. (소리부 겸 의미부)「間」(カン)은 ""사이, 틈새""라는 뜻입니다. 簡는 ""대나무 죽간(𥫗) 틈새(間)에 간략하게 써놓은 메모"" -> ""간략하다""라는 뜻의 글자입니다. (間는 소리부도 겸함)",음독은 カン입니다. 특별한 점은 없습니다.,簡의 정식 훈독은 없습니다.,no
878,N2,臓,오장 장,"""오장 장"". 내장",ゾウ,,"臓 = 月 + 蔵。 (의미부)「月」는 ""신체의 일부""를 뜻합니다. (소리부 겸 의미부)「蔵」(ゾウ)는 ""창고""를 뜻합니다. 臓는 ""여러 가지 기능이 저장된(蔵) 신체 기관(月)"" -> ""내장, 오장""이라는 뜻의 글자입니다. (蔵는 소리부도 겸함)",음독은 ゾウ입니다. 특별한 점은 없습니다.,臓의 정식 훈독은 없습니다.,no
879,N2,律,법칙 률,"""법칙 률"". 음률, 법률, 계율, 주기율 등",リツ、リチ,,"律 = 彳 + 聿。 「彳」는 ""길""을 뜻합니다. 「聿」는 ""붓을 든 손""을 뜻합니다. 律는 ""법령을 만들어(聿) 널리(彳) 반포하다"" -> ""법률, 음률, 계율, 법칙""이라는 뜻의 글자입니다.",음독은 リツ、リチ입니다. 그러나 절대다수는 リツ로 읽습니다. リチ는律儀(의리가 두터움)을 제외하고는 거의 쓰이지 않는 음독입니다.,律의 정식 훈독은 없습니다.,no
880,N2,贈,줄 증,"""줄 증"". 증여하다",ゾウ、ソウ,おく(る),"贈 = 貝 + 曽。 (의미부)「貝」는 ""돈, 재물""을 뜻합니다. (소리부 겸 의미부)「曽」(ソウ)는 ""쌓이다""라는 뜻입니다. 贈는 ""재물(貝)을 더해주다(曽)"" -> ""증여하다""라는 뜻의 글자입니다. (曽는 소리부(ソウ -> ゾウ・ソウ)도 겸함)",음독은 ゾウ、ソウ입니다. 그러나 절대다수는 ゾウ로 읽습니다. ソウ는恵贈(혜증)외에는 거의 쓰지 않는 음독입니다.,"贈る는 ""주다, 증여하다, 선사하다""라는 뜻의 타동사입니다. 예문) 花束を贈る 꽃다발을 선물하다 記念品を贈る 기념품을 증정하다",no
881,N2,宙,집 주,"""집 주"". 허공, 하늘, 우주",チュウ,,"宙 = 宀 + 由。 (의미부)「宀」는 본래 ""집의 지붕""을 그린 글자입니다. (소리부)「由」(ユウ)는 여기서는 소리부(ユウ -> チュウ)의 역할만 하고 있습니다. 宙는 ""하늘 위의 지붕(宀)"" -> ""허공, 하늘, 우주""라는 뜻의 글자입니다(由는 소리부).",음독은 チュウ입니다. 특별한 점은 없습니다.,宙의 정식 훈독은 없습니다.,no
882,N2,薄,엷을 박,"""엷을 박"". 엷다, 얇다",ハク,うす(い)、うす(める)、うす(まる)、うす(らぐ)、うす(れる),"薄 = 艹 + 氵 + 尃。 (의미부)「艹」는 ""풀""을 뜻합니다. (의미부)「氵」는 ""물""을 뜻합니다. (소리부 겸 의미부)「尃」(ハク)는 ""넓게 퍼지다""라는 뜻의 글자입니다(링크 참조). 薄는 ""물가(氵)에 넓고 얇게 퍼져(尃) 자라난이끼(艹)"" -> ""엷다, 얇다""라는 뜻의 글자입니다. (尃는 소리부도 겸함)",음독은 ハク입니다. 특별한 점은 없습니다.,"1.薄い 薄い는 ""얇다, 엷다""라는 뜻의 형용사입니다. 예문) 薄い紙얇은 종이 薄い本얇은 책 薄い色엷은 색깔 薄いコーヒー 연한 커피 興味が薄い 흥미가 적다 2.薄める 薄める는 ""옅게 하다, 묽게 하다""라는 뜻의 2그룹 타동사입니다. 예문) コーヒーを水で薄める 커피를 물로 희석시키다 3.薄まる、薄らぐ、薄れる 薄まる는 ""(농도/색/맛 등이) 엷어지다""라는 뜻의 자동사입니다. 薄らぐ는 ""(추위/고통 등이) 덜해지다, 엷어지다, 줄어들다""라는 뜻의 자동사입니다. 薄れる는 ""(감정/기억/관계 등이) 엷어지다, 약해지다, 희미해지다""라는 뜻의 2그룹 자동사입니다. 예문) 塩味が薄まる 짠맛이 엷어지다 色が薄まる 색이 엷어지다 寒さが薄らぐ 추위가 약해지다 痛みが薄らぐ 고통이 덜해지다 記憶が薄れる 기억이 희미해지다 意識が薄れる 의식이 흐려지다 関係が薄れる 관계가 멀어지다",no
883,N2,群,무리 군,"""무리 군"". 무리, 떼",グン,む(れる)、む(れ)、むら,"群 = 君 + 羊。 (의미부)「羊」는 ""양""을 뜻합니다. (소리부 겸 의미부)「君」(クン)은 ""군주""를 뜻합니다. 群는 ""주인(君) 옆으로 모여든양떼(羊)"" -> ""무리, 떼""라는 뜻의 글자입니다. (君는 소리부(クン -> グン)도 겸함)",음독은 グン입니다. 특별한 점은 없습니다.,"群れる는 ""떼를 짓다, 군집하다""라는 뜻의 2그룹 자동사입니다. 群れ는 ""무리""를 뜻합니다. 群がる는 ""떼지어 모이다, 군집하다""라는 뜻의 자동사입니다. 예문) 広場に群れる 광장에 떼지어 모이다 鳥が群れて飛ぶ 새가 떼지어 날다 魚の群れ 물고기 떼 広場に群がった群衆광장에 운집한 군중 餌に群がる魚미끼에 떼로 모여드는 물고기",no
884,N2,操,잡을 조,"""잡을 조"". 잡다, 조종하다, 지조, 절개",ソウ,みさお、あやつ(る),"操 = 扌 + 品 + 木。 「扌」는 ""손""을 뜻합니다. 「木」는 ""나무""를 뜻합니다. 品는 여기서는「口」세 개가 합쳐진 것으로, ""지저귀는(口) 새들""을 표현한 것입니다. 操는 ""나무(木) 위의 새(品)를 손(扌)으로 잡다""라는 뜻입니다. 라는 의미입니다.",음독은 ソウ입니다. 특별한 점은 없습니다.,"操는 ""여자의 정조, 절개, 지조""를 뜻합니다. 操る는 ""조종하다, 다루다""라는 뜻의 타동사입니다. 예문) 固い操굳은 절개 操を守る 정조를 지키다 様々な楽器を操る 여러 종류의 악기를 다루다 ハンドルを巧みに操る 핸들을 능숙하게 조작하다 人をうまく操る 사람을 잘 조종하다",no
885,N2,奥,깊을 오,"""깊을 오"". 깊은, 심오한, 안쪽",オウ,おく,"奥 =宀 + 米 + 大。 「宀」는 ""집""을 뜻합니다. 「米」는 ""쌀""을 뜻합니다. 「大」는 ""사람""을 그린 글자입니다. 奥는 ""집(宀) 안쪽 깊숙이 쌀(米)을 숨겨두고 지키는 사람(大)"" -> ""깊은, 안쪽""이라는 뜻의 글자입니다.",음독은 オウ입니다. 특별한 점은 없습니다.,"奥는 ""깊숙한 곳, 안쪽""을 뜻합니다.",no
886,N2,詰,물을/꾸짖을 힐,"""물을/꾸짖을 힐"". 문책하다, 힐난하다",キツ,つ(める)、つ(まる)、つ(む),"詰 = 言 + 士 + 口。 「言」는 ""말하다""라는 뜻입니다. 士(""선비 사"")는 ""선비, 무사""를 뜻하는 상용한자입니다. 士는 ""고대에 무사들이 허리에 차고 다니던 무기""를 그린 상형문자입니다. ""무사를 상징하는 무기"" -> ""무사, 선비""라는 의미입니다. 「口」는 ""입""을 뜻합니다. 詰는 ""선비(士)가 아랫사람을 큰 소리로(口) 꾸짖다(言)"" -> ""문책하다, 힐난하다""라는 뜻의 글자입니다.",음독은 キツ입니다. 특별한 점은 없습니다.,"1.詰める、詰まる 詰める는 ""채우다, 채워넣다, 죄다, 좁히다""라는 뜻의 2그룹 타동사입니다. 詰まる는 ""가득 차다, 막히다""라는 뜻의 자동사입니다. 예문) 箱に商品を詰める 상자에 상품을 채워넣다 穴を詰める 구멍을 틀어막다 パイプが詰まる 파이프가 막히다 暮らしに詰まる 생계가 막히다 2.詰む 詰む는 ""촘촘하다, 외통수에 몰리다""라는 뜻의 자동사입니다. 예문) あと一手で詰む 앞으로 한 수면 외통수다",no
887,N2,双,두 쌍,"""두 쌍"". 쌍, 짝",ソウ,ふた,"双 = 又 + 又。 「又」는 ""손""을 뜻합니다. 双는 ""손 한 쌍(又+又)"" -> ""쌍, 짝""이라는 뜻의 글자입니다.",음독은 ソウ입니다. 특별한 점은 없습니다.,훈독은 ふた입니다. 특별한 점은 없습니다.,no
888,N2,刺,찌를 자,"""찌를 자"". 찌르다",シ,さ(す)、さ(さる),"刺 = 朿 + 刂。 「朿」는 ""삼지창""을 그린 글자입니다(링크 참조). 「刂」는 ""칼""을 뜻합니다. 刺는 ""삼지창(朿)과 칼(刂)로 찌르다"" -> ""찌르다""라는 뜻의 글자입니다.",음독은 シ입니다. 특별한 점은 없습니다.,"刺す는 ""찌르다, 꿰다""라는 뜻의 타동사입니다. 刺さる는 ""박히다, 꽂히다, 찔리다""라는 뜻의 자동사입니다. 예문) 短刀で刺す 단도로 찌르다 魚を串に刺す 생선을 꼬치에 꿰다 指にとげが刺さる 손가락에 가시가 박히다 心に刺さる名言마음에 박히는 명언",no
889,N2,到,이를 도,"""이를 도"". 도착하다, 도달하다",トウ,,"到 = 至 + 刂。 至(""이를 지"")는""화살이 과녁에 날아가 박힌 모습""을 그린상용한자입니다. 至 =𠫔 + 土。 𠫔는 여기서는 ""과녁""을 그린 모양자입니다. 土는 여기서는 ""(과녁에 날아가 박힌) 화살""을 그린 모양자입니다. 至는 ""화살(土)이 과녁(𠫔)에 날아가 박히다"" -> ""이르다, 극에 달하다, 도달하다""라는 뜻의 글자입니다. 刂는 여기서는 ""길""을 그린 모양자로 쓰인 것입니다. 到는 ""길(刂)을 달려 목적지에 도달하다(至)"" -> ""도착하다, 도달하다""라는 뜻의 글자입니다.",음독은 トウ입니다. 특별한 점은 없습니다.,到의 정식 훈독은 없습니다.,no
890,N2,寝,잠잘 침,"""잠잘 침"". 잠자리에 들다, 눕다",シン,ね(る)、ね(かす),"寝 = 宀 + 丬 + 𠬶。 「宀」는 ""집""을 뜻합니다. 「丬」는 ""탁자""를 뜻합니다. 여기서는 ""침상""이라는 뜻으로 쓰인 것입니다. 𠬶는 ""빗자루(「帚」)를 든 손(「又」)""을 뜻합니다. 寝는 ""집(宀)에서 잠들기 전에 침상(丬)을 정돈하다(𠬶)"" -> ""잠자리에 들다, 눕다""라는 뜻의 글자입니다.",음독은 シン입니다. 특별한 점은 없습니다.,"寝る는 ""자다""라는 뜻의 2그룹 자동사입니다. 寝かす는 ""재우다, 누이다""라는 뜻의 타동사입니다.",no
891,N2,壁,벽 벽,"""벽 벽"". 벽",ヘキ,かべ,"壁 = 辟 + 土。 (소리부 겸 의미부)「辟」(ヘキ)는 ""피하다, 숨다""라는 뜻의 글자입니다(링크 참조). (의미부)「土」는 ""흙""을 뜻합니다 壁는 ""흙벽(土) 뒤로 도망쳐 숨다(辟)"" -> ""벽""이라는 뜻의 글자입니다. (辟는 소리부도 겸함)",음독은 ヘキ입니다. 특별한 점은 없습니다.,"壁는 ""벽""을 뜻합니다.",no
892,N2,仮,거짓 가,"""거짓 가"". 가짜, 거짓",カ、ケ,かり,"仮 = 亻 + 反。 「亻」는 ""사람""을 뜻합니다. 「反」는 ""뒤집다, 반대""라는 뜻입니다. 仮는 ""사실과 반대의(反) 말만 하는 사람(亻)"" -> ""거짓말쟁이"" -> ""거짓, 가짜""라는 뜻의 글자입니다.",음독은 カ、ケ입니다. 사용 빈도는 カ가 더 높으나 특별한 구분법은 없습니다.,"仮는 ""임시, 가짜, 가정""을 뜻합니다.",no
893,N2,純,순수할 순,"""순수할 순"". 순수한, 진실한, 있는 그대로의",ジュン,,"純 = 糸 + 屯。 「糸」는 ""실""을 뜻합니다. 「屯」는 ""뿌리깊은 나무""를 그린 글자입니다(링크 참조). 純는, 이라는 뜻의 글자입니다.",음독은 ジュン입니다. 특별한 점은 없습니다.,純의 정식 훈독은 없습니다.,no
894,N2,盗,훔칠 도,"""훔칠 도"". 훔치다, 도둑",トウ,ぬす(む),"盗 = 冫 + 欠 + 皿。 「欠」는 ""입을 벌린 사람""을 뜻합니다. 冫는 여기서는 ""침방울""을 그린 모양자입니다. 「皿」는 ""접시""를 뜻합니다. 盗는 ""남의 접시(皿) 위의 음식을 보며 군침(冫)을 흘리는(欠) 사람""이라는 뜻입니다. ""남의 음식을 탐내서 훔쳐먹다"" -> ""훔치다, 도둑""이라는 의미입니다.",음독은 トウ입니다. 특별한 점은 없습니다.,"盗む는 ""훔치다""라는 뜻의 타동사입니다.",no
895,N2,吸,마실 흡,"""마실 흡"". (숨을) 들이쉬다",キュウ,す(う),"吸 = 口 + 及。 (의미부)「口」는 ""입""을 뜻합니다. (소리부 겸 의미부)及(キュウ - ""미칠 급"")은 ""이르다, 미치다""라는 뜻의 상용한자입니다. 及 = 人 + 又。 「人」는 ""사람""을 뜻합니다. 「又」는 ""손""을 뜻합니다. 及는 ""사람(人)을 붙잡다(又)"" -> ""손이 닿다"" -> ""이르다, 미치다""라는 뜻의 글자입니다. 吸는 ""공기가 폐에 닿도록(及)숨을 들이마시다(口)"" -> ""숨을 들이쉬다""라는 뜻의 글자입니다. (及는 소리부도 겸함)",음독은 キュウ입니다. 특별한 점은 없습니다.,"吸う는 ""(공기 등을) 들이마시다, 빨아들이다, 흡수하다""라는 뜻의 타동사입니다. 예문) 新鮮な空気を吸う 신선한 공기를 들이마시다 海綿が水を吸う 해면이 물을 빨아들이다 赤ん坊が母親の乳を吸う 아기가 엄마의 젖을 빨다 ストローでジュースを吸う 빨대로 주스를 쭉 빨다 タバコを吸う 담배를 피우다",no
896,N2,看,볼 간,"""볼 간"". 살펴보다, 보살피다",カン,,"看 = 手 + 目。 「手」는 ""손""을 뜻합니다. 「目」는 ""눈""을 뜻합니다. 看는 ""자세히 살펴보며(目) 돌보다(手)"" -> ""살펴보다, 보살피다""라는 뜻의 글자입니다.",음독은 カン입니다. 특별한 점은 없습니다.,看의 정식 훈독은 없습니다.,no
897,N2,翌,다음날 익,"""다음날 익"". 이튿날, 다음",ヨク,,"翌 = 羽 + 立。 「羽」는 ""날개""를 뜻합니다. 「立」는 ""서다""라는 뜻입니다. 翌는 ""새가 자리에서 일어선(立) 다음에 날아가다(羽)"" -> ""이튿날, 다음""이라는 뜻의 글자입니다.",음독은 ヨク입니다. 특별한 점은 없습니다.,翌의 정식 훈독은 없습니다.,no
898,N2,快,쾌할 쾌,"""쾌할 쾌"". 상쾌한, 재미있는, 빠른",カイ,こころよ(い),"快 = 忄 + 夬。 「忄」는 ""마음""을 뜻합니다. 夬는 여기서는""활(𠃍)을 쏘는 사람(大)""을 그린 모양자입니다(296.「決」참조). 快는 ""활을 쏘며(夬) 사냥을 즐기는 상쾌한 마음(忄)"" -> ""상쾌하다""라는 뜻의 글자입니다.",음독은 カイ입니다. 특별한 점은 없습니다.,"快い는 ""상쾌하다, 시원하다""라는 뜻의 형용사입니다. 예문) 快い春風상쾌한 봄바람 快く引き受ける 선뜻 떠맡다",no
899,N2,片,조각 편,"""조각 편"". 조각, 파편",ヘン,かた,"片는 ""나무판자를 이어붙인 모습""을 그린 상형문자입니다. ""판자 조각"" -> ""조각, 파편""이라는 의미입니다.",음독은 ヘン입니다. 특별한 점은 없습니다.,"片는 ""(둘 중의) 한 쪽""을 뜻합니다.",no
900,N2,敬,공경 경,"""공경 경"". 공경하다, 존중하다",ケイ,うやま(う),"敬 =苟 +攵。 苟는 여기서는 ""귀(艹)를 쫑긋 세운 개(句)""의 모습을 그린 모양자입니다. 「攵」는 ""때리다, 치다""라는 뜻입니다. 敬는 ""개(苟)를 때려서(攵) 예절을 갖추도록 훈육하다"" -> ""공경하다, 존경하다""라는 뜻의 글자입니다.",음독은 ケイ입니다. 특별한 점은 없습니다.,"敬う는 ""존경하다, 공경하다""라는 뜻의 타동사입니다. 예문) 親を敬う 부모를 공경하다 主人を敬う 남편을 공경하다 敬うべき人존경할 만한 사람",no
901,N2,悩,번뇌할 뇌,"""번뇌할 뇌"". 고민하다",ノウ,なや(む)、なや(ます),"悩 = 忄 + ⺍ + 凶。 (의미부)「忄」는 ""마음""을 뜻합니다. (소리부 겸 의미부)⺍+凶는 여기서는「脳」(ノウ)가 축약된 것으로, ""뇌""를 뜻합니다. 悩는 ""머릿속(脳)의 고민으로 마음(忄)이 괴롭다"" -> ""고민하다, 괴로워하다""라는 뜻의 글자입니다. (脳는 소리부도 겸함)",음독은 ノウ입니다. 특별한 점은 없습니다.,"悩む는 ""고민하다, 괴로워하다""라는 뜻의 자동사입니다. 悩ます는 ""성가시게 굴다, 괴롭히다""라는 뜻의 타동사입니다. 예문) 恋に悩む 사랑 때문에 번민하다 人間関係で悩む 인간관계로 고민하다 将来について悩んでいる 장래에 대해 고민하고 있다 頭を悩ます難題골치를 썩이는 난제 心を悩ます 괴로워하다(속을 끓이다) 蚊に悩まされる 모기에 시달리다",no
902,N2,泉,샘 천,"""샘 천"". 샘, 샘물",セン,いずみ,"泉 = 白 + 水。 「白」는 ""흰색""을 뜻합니다. 「水」는 ""물""을 뜻합니다. 泉는 ""맑은(白) 물(水)"" -> ""샘, 샘물""이라는 뜻의 글자입니다.",음독은 セン입니다. 특별한 점은 없습니다.,"泉는 ""샘, 샘물""을 뜻합니다.",no
903,N2,御,거느릴 어,"""거느릴 어"". 통치하다, 거느리다, 막다",ギョ、ゴ,おん,"御 = 彳 + 午 + 止 + 卩。 (의미부)「彳」는 ""길""을 뜻합니다. (소리부)「午」(ゴ)는 여기서는 소리부(ゴ -> ギョ・ゴ)의 역할만 하고 있습니다. (의미부)「止」는 ""발""을 뜻합니다. (의미부)「卩」는 ""무릎꿇은 사람""을 뜻합니다. 御는 ""길(彳)에서 왕의 발밑(止)에 꿇어 엎드린(卩) 백성들"" -> ""거느리다, 통치하다""라는 뜻의 글자입니다(午는 소리부).",음독은 ギョ、ゴ입니다. 御는 접두어로서 존경의 뜻을 나타내는 표현입니다.,御은 접두어로서 존경의 뜻을 나타내는 표현입니다.,no
904,N2,荒,거칠 황,"""거칠 황"". 거친, 황폐한",コウ,あら(い)、あ(れる)、あ(らす),"荒 = 艹 + 亡 + 川。 「艹」는 ""풀""을 뜻합니다. 「川」는 ""강, 하천""을 뜻합니다. 「亡」는 ""망하다""라는 뜻입니다. 荒는 ""풀(艹) 한 포기도 물(川) 한 모금도 없는 버려진(亡) 땅"" -> ""거친, 황폐한""이라는 뜻의 글자입니다.",음독은 コウ입니다. 특별한 점은 없습니다.,"1.荒い 荒い는 ""거칠다, 사납다, 거세다""라는 뜻의 형용사입니다. 예문) 波が荒い 파도가 거세다 呼吸が荒い 호흡이 거칠다 気性の荒い動物기질이 사나운 동물 2.荒れる、荒らす 荒れる는 ""거칠어지다, 사나워지다, 황폐해지다""라는 뜻의 2그룹 자동사입니다. 荒らす는 ""휩쓸다, 파손하다, 망치다""라는 뜻의 타동사입니다. 예문) 海が荒れる (폭풍으로)바다가 거칠어지다 畑が荒れる 밭이 황폐해지다 肌が荒れる 피부가 거칠어지다 トラックが道を荒らす 트럭이 길을 엉망으로 만들다 嵐が庭を荒らす 폭풍우가 뜰을 휩쓸다 獣が作物を荒らす 짐승이 농작물을 망치다",no
905,N2,硬,굳을 경,"""굳을 경"". 딱딱한, 단단한",コウ,かた(い),"硬 = 石 + 更。 (의미부)「石」는 ""돌""을 뜻합니다. (소리부 겸 의미부)「更」(コウ)는 본래 ""회초리로 때리는 모습""을 그린 글자입니다(링크 참조). 硬는 ""돌(石)을 두드리다(更)"" -> ""딱딱한, 단단한""이라는 뜻의 글자입니다. (更는 소리부도 겸함)",음독은 コウ입니다. 특별한 점은 없습니다.,"硬い는 ""(물체가) 딱딱하다, (표정/표현 등이) 딱딱하다""라는 뜻의 형용사입니다. 예문) 硬い石딱딱한 돌 硬い鉛筆딱딱한 연필 表情が硬い 표정이 딱딱하다",no
906,N2,埋,묻을 매,"""묻을 매"". 묻다, 묻히다",マイ,う(める)、う(まる)、う(もれる),"埋 = 土 + 里。 「土」는 ""흙""을 뜻합니다. 「里」는 ""마을""을 뜻합니다. 埋는 ""마을(里) 앞의 공동묘지(土)"" -> ""묻다, 묻히다""라는 뜻의 글자입니다.",음독은 マイ입니다. 특별한 점은 없습니다.,"1.埋める、埋まる 埋める는 ""묻다, 메우다, 막다""라는 뜻의 2그룹 타동사입니다. 埋まる는 ""묻히다, 메워지다, 꽉 차다""라는 뜻의 자동사입니다. 예문) ゴミを埋める 쓰레기를 매립하다 穴を埋める 구멍을 메우다 穴が埋まる 구멍이 메워지다 建物が土砂に埋まる 건물이 토사에 묻히다 2.埋もれる 埋もれる는 ""(무언가에 가려서) 알려지지 않다, 가려지다""라는 뜻의 2그룹 자동사입니다. 예문) 埋もれた人材を見つけた 숨은 인재를 찾았다 手紙が書類の下に埋もれていた 편지가 서류 아래 묻혀 있었다",no
907,N2,袋,자루 대,"""자루 대"". 자루, 주머니",タイ,ふくろ,"袋 = 代 + 衣。 (소리부)「代」(タイ)는 여기서는 소리부의 역할만 하고 있습니다. (의미부)「衣」는 ""옷""을 뜻합니다. 袋는 ""옷(衣) 안의 주머니"" -> ""주머니, 자루""라는 뜻의 글자입니다(代는 소리부).",음독은 タイ입니다. 특별한 점은 없습니다.,"袋는 ""주머니, 봉지, 자루""를 뜻합니다.",no
908,N2,忘,잊을 망,"""잊을 망"". 잊다",ボウ,わす(れる),"忘 = 亡 + 心。 (소리부 겸 의미부)「亡」(ボウ)는 ""망하다, 죽다""라는 뜻입니다. (의미부)「心」는 ""마음""을 뜻합니다. 忘는 ""마음(心)에서 사라지다(亡)"" -> ""잊다""라는 뜻의 글자입니다. (亡는 소리부도 겸함)",음독은 ボウ입니다. 특별한 점은 없습니다.,"忘れる는 ""잊다""라는 뜻의 2그룹 자동사/타동사입니다. 예문) 忘れられない人잊을 수 없는 사람 私を忘れないでください 저를 잊지 말아 주세요 暗証番号を忘れる 비밀번호를 잊다",no
909,N2,吹,불 취,"""불 취"". 불다",スイ,ふ(く),"吹 = 口 + 欠。 「口」는 ""입""을 뜻합니다. 「欠」는 ""입을 벌린 사람, 입으로 하는 동작""을 뜻합니다. 吹는 ""입(口)을 벌리고(欠) 입김을 불다"" -> ""불다""라는 뜻의 글자입니다.",음독은 スイ입니다. 특별한 점은 없습니다.,"吹く는 ""불다""라는 뜻의 자동사 겸 타동사입니다. 예문) 風が吹く 바람이 불다 口笛を吹く 휘파람을 불다 ハーモニカを吹いている子供하모니카를 불고 있는 아이",no
910,N2,宝,보배 보,"""보배 보"". 보물",ホウ,たから,"宝 = 宀 + 玉。 「宀」는 ""집""을 뜻합니다. 「玉」는 ""구슬, 보석""을 뜻합니다. 宝는 ""집(宀)에 있는 값비싼 보석(玉)"" -> ""보물""이라는 뜻의 글자입니다.",음독은 ホウ입니다. 특별한 점은 없습니다.,"宝는 ""보물, 보배""라는 뜻입니다.",no
911,N2,封,봉할 봉,"""봉할 봉"". 봉하다, 닫다",フウ、ホウ,,"封 = 圭 + 寸。 圭는 ""흙더미(土+土)""라는 뜻입니다. 「寸」는 ""손""을 뜻합니다. 封는 ""흙더미(圭) 속에 묻어두다(寸)"" -> ""봉하다""라는 뜻의 글자입니다.","음독은 フウ、ホウ입니다. 사용 빈도는 フウ가 더 높습니다. ホウ는 주로 ""봉건 제도""와 관련된 단어에서 쓰이는 음독입니다.",封의 정식 훈독은 없습니다.,no
912,N2,胸,가슴 흉,"""가슴 흉"". 가슴",キョウ,むね、むな,"胸 = 月 + 匈。 (의미부)「月」는 ""신체의 일부""를 뜻합니다. (의미부)勹는 여기서는 ""(안쪽을) 품은 모습""을 그린 모양자입니다. (소리부 겸 의미부)凶(キョウ - ""흉할 흉"")은 ""흉하다, 간악하다""라는 뜻의 상용한자입니다. 凶는 ""함정(凵)에 빠진 사람(メ)""을 그린 상형문자입니다. ""함정에 빠지다"" -> ""흉하다, 간악하다""라는 의미입니다. 胸는 ""신체의 일부(月) + 흉한 생각(凶)을 품은(勹) 곳"" -> ""가슴""이라는 뜻의 글자입니다. (凶는 소리부도 겸함)",음독은 キョウ입니다. 특별한 점은 없습니다.,"胸는 ""가슴""을 뜻합니다.",no
913,N2,娘,계집 낭,"""계집 낭"". 처녀, 소녀, 딸",,むすめ,"娘 = 女 + 良。 「女」는 ""여자""를 뜻합니다. 「良」는 ""좋다""라는 뜻입니다. 娘는 ""착한(良) 딸아이(女)"" -> ""처녀, 소녀, 딸""이라는 뜻의 글자입니다.",娘의 정식 음독은 없습니다.,"娘는 ""딸, 아가씨""라는 뜻입니다.",no
914,N2,砂,모래 사,"""모래 사"". 모래",サ、シャ,すな,"砂 = 石 + 少。 「石」는 ""돌""을 뜻합니다. 「少」는 ""적다""라는 뜻입니다. 砂는 ""돌(石)이 잘게(少) 갈린 것"" -> ""모래""라는 뜻의 글자입니다.",음독은 サ、シャ입니다. 사용 빈도는 サ가 훨씬 높습니다.,"砂는 ""모래""를 뜻합니다.",no
915,N2,誤,그르칠 오,"""그르칠 오"". 틀리다, 실수하다",ゴ,あやま(る),"誤 = 言 + 呉。 (소리부 겸 의미부)「呉」(ゴ)는 ""머리가 옆으로 기울어진 사람""을 그린 글자입니다(링크 참조). (의미부)「言」는 ""말""을 뜻합니다. 誤는 ""틀린 말(言)에 고개를 갸우뚱하다(呉)"" -> ""틀리다, 실수하다""라는 뜻의 글자입니다. (呉는 소리부도 겸함)",음독은 ゴ입니다. 특별한 점은 없습니다.,"誤る는 ""틀리다, 실수하다, 잘못되다""라는 뜻의 자동사 겸 타동사입니다. 예문) 順序を誤る 순서를 틀리다 答えを誤る 답을 틀리다 選択を誤る 선택을 잘못하다 誤った認識잘못된 인식 誤った考え 잘못된 생각",no
916,N2,賢,어질 현,"""어질 현"". 현명하다",ケン,かしこ(い),"賢 = 臣 + 又 + 貝。 「臣」는 ""신하""를 뜻합니다. 「又」는 ""손""을 뜻합니다. 「貝」는 ""돈, 재물""을 뜻합니다. 賢는 ""빈민들에게 재물(貝)을 나누어주는(又) 신하(臣)"" -> ""어질다, 현명하다""라는 뜻의 글자입니다.",음독은 ケン입니다. 특별한 점은 없습니다.,"賢い는 ""현명하다, 영리하다, 슬기롭다""라는 뜻의 형용사입니다. 예문) 賢い判断현명한 판단 賢い人と結婚したい 현명한 사람과 결혼하고 싶다 賢い子に育てたい 영리한 아이로 키우고 싶다",no
917,N2,腕,팔뚝 완,"""팔뚝 완"". 팔, 능력, 실력",ワン,うで,"腕 = 月 + 宛。 「月」는 ""신체의 일부""를 뜻합니다. 宛는 여기서는 ""사람의 목~어깨(宀)와 양팔(夕+㔾)""을 그린 모양자입니다. 腕는 ""신체의 일부(月) + 양팔(宛)"" -> ""팔뚝, 팔, 실력""이라는 뜻의 글자입니다.",음독은 ワン입니다. 특별한 점은 없습니다.,"腕는 ""팔, 솜씨, 능력""을 뜻합니다. 예문) 腕팔/솜씨/능력 腕を組む 팔짱을 끼다 腕が上がる 솜씨가 늘다",no
918,N2,較,견줄 교,"""견줄 교"". 비교하다",カク,,"較 = 車 + 交。 「車」는 ""수레, 차""를 뜻합니다. 「交」는 ""엇갈리다, 교차하다""라는 뜻입니다. 較는 ""엇갈려 지나가는(交) 두 수레(車)의 속도를 비교하다"" -> ""비교하다""라는 뜻의 글자입니다.",음독은 カク입니다. 특별한 점은 없습니다.,較의 정식 훈독은 없습니다.,no
919,N2,床,평상 상,"""평상 상"". 평상(침상, 걸상, 병상 등)",ショウ,とこ、ゆか,"床 = 广 + 木。 「广」는 ""집, 건물""을 뜻합니다. 「木」는 ""나무""를 뜻합니다. 床는 ""집(广)의 나무바닥(木)"" -> ""평상, 상""이라는 뜻의 글자입니다.",음독은 ショウ입니다. 특별한 점은 없습니다.,"床는 ""잠자리, 침상""을 뜻합니다. 床는 ""마루""를 뜻합니다.",no
920,N2,慣,익숙할 관,"""익숙할 관"". 익숙해지다, 습관",カン,な(れる)、な(らす),"慣 = 忄 + 貫。 (의미부)「忄」는 ""마음""을 뜻합니다. (소리부 겸 의미부)貫(カン - ""꿸 관"")은 ""꿰다, 관통하다""라는 뜻의 상용한자입니다. 貫 =毌 + 貝。 毌는 ""판자에 쇠막대를 꿰어놓은 모습""을 그린 모양자입니다. 「貝」는 ""돈, 재물""을 뜻합니다. 貫는 ""동전(貝)을 한 줄로 꿰어놓다(毌)"" -> ""꿰다, 관통하다""라는 뜻의 글자입니다. 慣는 ""마음(忄)에 깊이 박힌(貫) 습관"" -> ""습관, 익숙해지다""라는 뜻의 글자입니다. (貫는 소리부도 겸함)",음독은 カン입니다. 특별한 점은 없습니다.,"慣れる는 ""익숙해지다, 길들다""라는 뜻의 2그룹 자동사입니다. 慣らす는 ""익숙하게 하다, 순응시키다, 길들이다""라는 뜻의 타동사입니다. 예문) 新しい仕事に慣れてきた 새로운 일에 익숙해졌다 貧乏には慣れている 가난에는 익숙해져 있다 季節の変化に体を慣らす 계절 변화에 몸을 적응시키다 速いボールに目を慣らす 빠른 공을 눈에 익히다",no
921,N2,尊,높을 존,"""높을 존"". 존경하다, 소중하다",ソン,たっと(い)、とうと(い)、たっと(ぶ)、とうと(ぶ),"尊 = 丷 + 酉 + 寸。 「酉」는 ""술병, 술""을 뜻합니다. 丷는 여기서는 ""따뜻한 술에서 올라오는 김""을 그린 모양자입니다. 「寸」는 ""손""을 뜻합니다. 尊는 ""윗사람에게 따뜻한 술(丷+酉)을 따라 올리다(寸)"" -> ""존경하다, 소중하다""라는 뜻의 글자입니다.",음독은 ソン입니다. 특별한 점은 없습니다.,"尊い、尊い는 둘 다""고귀하다, 소중하다""라는 뜻의 형용사입니다. 尊ぶ、尊ぶ는 둘 다 ""존경하다, 소중히 여기다""라는 뜻의 타동사입니다. 예문) 尊い教え 고귀한 가르침 尊い命소중한 생명 老人を尊ぶ 노인을 공경하다 人命を尊ぶ 인명을 소중히 여기다",no
922,N2,窓,창 창,"""창 창"". 창문",ソウ,まど,"窓 = 穴 + 厶 + 心。 「穴」는 ""구멍""을 뜻합니다. 「厶」는 ""사사로운, 개인적인""이라는 뜻입니다. 「心」는 ""마음""을 뜻합니다. 窓는 ""사적인(厶) 마음(心)이 엿보이는 구멍(穴)"" -> ""마음의 창"" -> ""창문""이라는 뜻의 글자입니다.",음독은 ソウ입니다. 특별한 점은 없습니다.,"窓는 ""창문""을 뜻합니다.",no
923,N2,柔,부드러울 유,"""부드러울 유"". 부드러운, 유순한",ジュウ、ニュウ,やわ(らか)、やわ(らかい),"柔 = 矛 + 木。 矛는 여기서는 ""(나무에 돋아난) 새순""을 그린 모양자입니다. 「木」는 ""나무""를 뜻합니다. 柔는 ""나무(木)에 돋아난 새순(矛)"" -> ""부드러운, 유순한""이라는 뜻의 글자입니다.",음독은 ジュウ、ニュウ입니다. 사용 빈도는 ジュウ가 훨씬 높습니다.,"柔らか는 ""부드러움, 폭신함, 온화함""을 뜻합니다. 柔らかい는 ""부드럽다, 폭신폭신하다, 온화하다""라는 뜻의 형용사입니다. 예문) 柔らかな布団폭신한 이불 柔らかな餅말랑말랑한 떡 柔らかな表現온화한 표현 柔らかい体부드러운(유연한) 몸 柔らかいソファ 폭신한 소파 柔らかい日差し 부드러운 햇살 柔らかい表情を浮かべる 온화한 표정을 띄우다",no
924,N2,殿,전각 전,"""전각 전"". 전각, 궁전",デン、テン,との、どの,"殿 =尸 + 共+ 殳。 「尸」는 ""앉아있는 사람""을 뜻합니다. 「共」는 본래 ""쟁반을 두 손으로 받쳐든 모습""을 그린 글자입니다(링크 참조). 「殳」는 ""때리다, 휘두르다""라는 뜻입니다. 殿는 ""자리에 앉아(尸) 시중을 받으며(共) 채찍을 휘두르는(殳) 귀족"" -> ""전각, 궁전""이라는 뜻의 글자입니다.",음독은 デン、テン입니다. 사용 빈도는 デン이 훨씬 높습니다.,"~殿는 ""~님, ~씨, 귀하""라는 뜻의 경칭입니다.",no
925,N2,濃,짙을 농,"""짙을 농"". 짙다, 진하다",ノウ,こ(い),"濃 = 氵 + 農。 (의미부)「氵」는 ""물""을 뜻합니다. (소리부 겸 의미부)「農」(ノウ)는 ""농사""를 뜻합니다. 濃는 ""논(農)의 흙탕물(氵)"" -> ""진하다, 짙다""라는 뜻의 글자입니다. (農는 소리부도 겸함)",음독은 ノウ입니다. 특별한 점은 없습니다.,"濃い는 ""짙다, 진하다""라는 뜻의 형용사입니다. 예문) 濃いスープ 진한 수프 濃い赤진홍색 血は水よりも濃い 피는 물보다 진하다",no
926,N2,液,진 액,"""진 액"". 액체",エキ,,"液 = 氵 + 夜。 「氵」는 ""물""을 뜻합니다. 「夜」는 ""밤""을 뜻합니다. 液는 ""밤늦게까지(夜) 일하며 흘리는 땀(氵)"" -> ""액체""라는 뜻의 글자입니다.",음독은 エキ입니다. 특별한 점은 없습니다.,液의 정식 훈독은 없습니다.,no
927,N2,貧,가난할 빈,"""가난할 빈"". 가난하다, 부족하다",ヒン、ビン,まず(しい),"貧 = 分 + 貝。 「分」는 ""나누다""라는 뜻입니다. 「貝」는 ""돈, 재물""을 뜻합니다. 貧는 ""재물(貝)이 쪼개지다(分)"" -> ""돈이 없다"" -> ""가난하다, 부족하다""라는 뜻의 글자입니다.",음독은 ヒン、ビン입니다. 사용 빈도는 ヒン이 훨씬 높습니다. ビン은貧乏(가난/궁핍)을 제외하고는 거의 쓰이지 않는 음독입니다.,"貧しい는 ""가난하다, 빈약하다, 부족하다""라는 뜻의 형용사입니다. 예문) 貧しい家庭가난한 가정 貧しい医療設備빈약한 의료 설비 心の貧しい人마음이 가난한 사람 貧しい才能부족한 재능 想像力が貧しい 상상력이 부족하다",no
928,N2,肩,어깨 견,"""어깨 견"". 어깨",ケン,かた,"肩 = 戸 + 月。 戸는 여기서는 ""사람의 어깨""를 그린 모양자입니다. 「月」는 ""신체의 일부""를 뜻합니다. 肩는 ""신체의 일부(月) + 어깨(戸)"" -> ""어깨""라는 뜻의 글자입니다.",음독은 ケン입니다. 특별한 점은 없습니다.,"肩는 ""어깨""를 뜻합니다.",no
929,N2,零,떨어질/영 영,"""떨어질/영 영"". 극히 작다, 0",レイ,,"零 = 雨 + 令。 (의미부)「雨」는 ""비""를 뜻합니다. (소리부)「令」(レイ)는 여기서는 소리부의 역할만 하고 있습니다. 零는 ""작은 빗방울(雨)"" -> ""아주 작다, 0""이라는 뜻의 글자입니다(令는 소리부).",음독은 レイ입니다. 특별한 점은 없습니다.,零의 정식 훈독은 없습니다.,no
930,N2,怒,성낼 노,"""성낼 노"". 화내다, 분노하다",ド,いか(る)、おこ(る),"怒 = 奴 + 心。 (소리부 겸 의미부)奴(ド - ""종 노"")는 ""노예, 종""을 뜻하는 상용한자입니다. 「女」는 ""여자""를 뜻합니다. 「又」는 ""손""을 뜻합니다. 奴는 ""여자(女) 노예를 손에(又) 넣다"" -> ""노예, 종""이라는 뜻의 글자입니다. (의미부)「心」는 ""마음""을 뜻합니다. 怒는 ""노예(奴)의 억울한 마음(心)"" -> ""화내다, 분노하다""라는 뜻의 글자입니다. (奴는 소리부도 겸함)",음독은 ド입니다. 특별한 점은 없습니다.,"怒る는 ""분노하다""라는 뜻의 자동사입니다. 怒る는 ""화내다, 꾸짖다""라는 뜻의 자동사입니다. 예문) 腐敗政治に怒る 부패 정치에 분노하다 相手の怒りを買う 상대의 분노를 사다 主人に怒られる 남편에게 혼나다 彼が怒るのも無理はない 그가 화내는 것도 무리는 아니다",no
931,N2,祖,할아버지 조,"""할아버지 조"". 조상, 시조",ソ,,"祖 = 礻 + 且。 (의미부)「礻」는 ""종교, 신""을 뜻합니다. (소리부 겸 의미부)「且」(ソ)는 ""비석, 조상, 장례""를 뜻합니다. 祖는 ""조상님(且)의 신령(礻)"" -> ""조상, 시조, 선조""라는 뜻의 글자입니다. (且는 소리부도 겸함)",음독은 ソ입니다. 특별한 점은 없습니다.,祖의 정식 훈독은 없습니다.,no
932,N2,幼,어릴 유,"""어릴 유"". 어리다, 미숙하다",ヨウ,おさな(い),"幼 = 幺 + 力。 「幺」는 ""짧은 실, 작다, 어리다""라는 뜻입니다. 「力」는 ""힘""을 뜻합니다. 幼는 ""힘(力)이 약한 어린아이(幺)"" -> ""어린, 미숙한""이라는 뜻의 글자입니다.",음독은 ヨウ입니다. 특별한 점은 없습니다.,"幼い는 ""어리다, 미숙하다, 유치하다""라는 뜻의 형용사입니다. 예문) 幼い子供어린 아이 幼い頃の思い出어린 시절의 추억 幼い考え方유치한 생각",no
933,N2,泊,머무를 박,"""머무를 박"". 머무르다, 숙박하다",ハク,と(まる)、と(める),"泊 = 氵 + 白。 (의미부)「氵」는 ""물""을 뜻합니다. (소리부 겸 의미부)「白」(ハク)는 여기서는 ""조각배""를 그린 모양자로 쓰인 것입니다. 泊는 ""물가(氵)에 정박한 배(白)"" -> ""머무르다, 숙박하다""라는 뜻의 글자입니다. (白는 소리부도 겸함)",음독은 ハク입니다. 특별한 점은 없습니다.,"泊まる는 ""숙박하다, 머무르다""라는 뜻의 자동사입니다. 泊める는 ""숙박시키다, 묵게 하다""라는 뜻의 2그룹 타동사입니다. 예문) 宿屋に泊まる 여관에 묵다 ホテルに泊まる 호텔에 묵다 港に泊まる 항구에 정박하다 友人を自宅に泊める 친구를 자택에 묵게 하다 知人の家に泊めてもらう 지인의 집에서 묵다 船を港に泊める 배를 부두에 정박시키다",no
934,N2,杯,잔 배,"""잔 배"". 술잔, 세는 단위(수저/잔 등)",ハイ,さかずき,"杯 = 木 + 不。 「木」는 ""나무""를 뜻합니다. 不는 여기서는 ""술잔""을 그린 모양자입니다. 杯는 ""나무(木)로 만든 술잔(不)"" -> ""술잔, 잔""이라는 뜻의 글자입니다.",음독은 ハイ입니다. 특별한 점은 없습니다.,"杯는 ""술잔""을 뜻합니다.",no
935,N2,甘,달 감,"""달 감"". 달콤하다, 만족하다",カン,あま(い)、あま(える)、あま(やかす),"甘는 ""입에 음식을 넣은 모습""을 그린 상형문자입니다. ""달콤한 음식"" -> ""달다, 만족하다""라는 의미입니다.",음독은 カン입니다. 특별한 점은 없습니다.,"1.甘い 甘い는 ""달다, 달콤하다, 엄하지 않다""라는 뜻의 형용사입니다. 예문) 甘いお菓子단 과자 甘い新婚生活달콤한 신혼 생활 子に甘い親자식에게 무른 부모 2.甘える、甘やかす 甘える는 ""응석 부리다, 어리광 부리다""라는 뜻의 2그룹 자동사입니다. 甘やかす는 ""응석을 받아주다, 제멋대로 굴도록 내버려두다""라는 뜻의 타동사입니다. 예문) 親に甘える 부모에게 어리광부리다 母親に甘える子供엄마에게 어리광부리는 아이 甘やかされて育った子供응석받이로 자란 아이 甘やかし過ぎると我がままになってしまう 응석을 너무 받아 주면 버릇없어진다",no
936,N2,掃,쓸 소,"""쓸 소"". 쓸다, 제거하다",ソウ,は(く),"掃 = 扌 + 帚。 「扌」는 ""손""을 뜻합니다. 「帚」는 ""빗자루""를 뜻합니다. 掃는 ""빗자루(帚)를 들고(扌)청소하다"" -> ""쓸다, 제거하다""라는 뜻의 글자입니다.",음독은 ソウ입니다. 특별한 점은 없습니다.,"掃く는 ""쓸다""라는 뜻의 타동사입니다.",no
937,N2,掘,팔 굴,"""팔 굴"". 파다, 파내다",クツ,ほ(る),"掘 = 扌 + 屈。 (의미부)「扌」는 ""손""을 뜻합니다. (소리부 겸 의미부)屈(クツ - ""굽힐 굴"")은 ""굽히다, 움츠리다""라는 뜻의 상용한자입니다. 屈 = 尸 + 出。 「尸」는 ""앉아있는 사람""을 뜻합니다. 「出」는 ""나오다""라는 뜻입니다. 屈는 ""앉아있던 사람(尸)이 자리에서 일어나(出) 허리를 굽혀 인사하다"" -> ""굽히다""라는 뜻의 글자입니다. 掘는 ""허리를 굽히고(屈) 땅을 파다(扌)"" -> ""파다, 파내다""라는 뜻의 글자입니다. (屈는 소리부도 겸함)",음독은 クツ입니다. 특별한 점은 없습니다.,"掘る는 ""파다, 캐다""라는 뜻의 타동사입니다. 예문) 穴を掘る 구멍을 파다 井戸を掘る 우물을 파다 トンネルを掘る 터널을 뚫다 石炭を掘る 석탄을 캐다 芋を掘る 감자를 캐다",no
938,N2,疲,피곤할 피,"""피곤할 피"". 피로하다, 피곤하다",ヒ,つか(れる),"疲 = 疒 + 皮。 (의미부)「疒」는 ""질병, 질환""을 뜻합니다. (소리부 겸 의미부)「皮」(ヒ)는 ""가죽, 표면""을 뜻합니다. 疲는 ""피부(皮)가 일어날 정도로 피로하다(疒)"" -> ""피곤하다, 피로하다""라는 뜻의 글자입니다. (皮는 소리부도 겸함)",음독은 ヒ입니다. 특별한 점은 없습니다.,"疲れる는 ""지치다, 피곤해지다""라는 뜻의 2그룹 자동사입니다. 예문) 一日中働いて疲れた 하루 종일 일해서 피곤하다 心身ともに疲れている 심신 모두 지쳐 있다 疲れた顔피로한 얼굴",no
939,N2,捨,버릴 사,"""버릴 사"". 버리다",シャ,す(てる),"捨 = 扌 + 舎。 (의미부)「扌」는 ""손""을 뜻합니다. (소리부 겸 의미부)舎(シャ - ""집 사"")는 ""숙소, 집, 저택""을 뜻하는 상용한자입니다. 舎는 ""잠시 쉬어갈 수 있는 쉼터""를 그린 상형문자입니다. ""쉴 수 있는 곳"" -> ""숙소, 집, 저택""이라는 의미입니다. 捨는 ""집(舎)을 버리고(扌) 뛰쳐나오다"" -> ""버리다""라는 뜻의 글자입니다. (舎는 소리부도 겸함)",음독은 シャ입니다. 특별한 점은 없습니다.,"捨てる는 ""버리다""라는 뜻의 2그룹 타동사입니다. 예문) ゴミを捨てる 쓰레기를 버리다 疑いを捨てる 의심을 버리다 名を捨てて実を取る 명분을 버리고 실리를 택하다",no
940,N2,皆,다 개,"""다 개"". 모두, 전부",カイ,みな,"皆 = 比 + 白。 「比」는 본래 ""나란히 서 있는 사람들""을 그린 글자입니다(링크 참조). 白는 여기서는「曰」이 잘못 변형되어 굳어진 것으로, ""말하다""라는 뜻입니다. 皆는 ""여러 사람(比)이 함께 말하다(曰)"" -> ""모두, 다""라는 뜻의 글자입니다.",음독은 カイ입니다. 특별한 점은 없습니다.,"皆는 ""모두, 전부, 전원""을 뜻합니다.",no
941,N2,軟,연할 연,"""연할 연"". 부드러운, 연한",ナン,やわ(らか)、やわ(らかい),"軟 = 車 + 欠。 「車」는 ""수레, 차""를 뜻합니다. 「欠」는 ""부족한, 결함의""라는 뜻입니다. 軟는 ""낡아서 여기저기 망가진(欠) 수레(車)"" -> ""연약한, 부드러운""이라는 뜻의 글자입니다.",음독은 ナン입니다. 특별한 점은 없습니다.,"軟らか는 ""연함, 부드러움""을 뜻합니다. 軟らかい는 ""연하다, 부드럽다""라는 뜻의 형용사입니다. 예문) 軟らかな餅말랑한 떡 軟らかな肉연한 고기 軟らかい土부드러운 흙 彼女の言い方はいつも軟らかい 그녀의 말투는 항상 부드럽다",no
942,N2,沈,잠길 침,"""잠길 침"". 잠기다, 가라앉다",チン,しず(む)、しず(める),"沈 = 氵 + 冘。 「氵」는 ""물""을 뜻합니다. 冘는 ""목에 칼(冖)을 찬 죄수(人)""를 그린 모양자입니다. 沈는 ""물(氵) 속에 죄수(冘)를 수장시키다"" -> ""잠기다, 가라앉다""라는 뜻의 글자입니다.",음독은 チン입니다. 특별한 점은 없습니다.,"沈む는 ""가라앉다""라는 뜻의 자동사입니다. 沈める는 ""가라앉히다""라는 뜻의 2그룹 타동사입니다. 예문) 船が沈む 배가 가라앉다 海に沈む 바다에 가라앉다 沈んだ気持ち 침울한 기분 悲しみに沈む 슬픔에 잠기다 敵船を沈める 적선을 가라앉히다",no
943,N2,凍,얼 동,"""얼 동"". 얼다",トウ,こお(る)、こご(える),"凍 = 冫 + 東。 (의미부)「冫」는 ""얼음""을 뜻합니다. (소리부 겸 의미부)「東」(トウ)는 ""동쪽""을 뜻합니다. 凍는 ""모든 게 얼어붙는(冫) 추운 극동(東)"" -> ""얼다""라는 뜻의 글자입니다. (東는 소리부도 겸함)",음독은 トウ입니다. 특별한 점은 없습니다.,"1.凍る 凍る는 ""얼다""라는 뜻의 자동사입니다. 예문) 池の水が凍る 연못의 물이 얼다 洗濯物が凍る 빨래가 얼다 水道管が凍って水が出ない 수도관이 얼어서 물이 나오지 않는다 2.凍える 凍える는 ""추위로 몸에 감각이 없어지다""라는 뜻의 2그룹 자동사입니다. 예문) 寒くて手が凍えそうだ 추워서 손에 감각이 없어질 것 같다 手が凍えて字が書けない 손이 곱아서 글씨를 쓸 수 없다",no
944,N2,腹,배 복,"""배 복"". 배",フク,はら,"腹 = 月 + 复。 (의미부)「月」는 ""신체의 일부""를 뜻합니다. (소리부)「复」(フク)는 여기서는 소리부의 역할만 하고 있습니다. 腹는 ""신체의 일부(月)"" -> ""배""라는 뜻의 글자입니다(复는 소리부).",음독은 フク입니다. 특별한 점은 없습니다.,"腹는 ""배""를 뜻합니다.",no
945,N2,乳,젖 유,"""젖 유"". 젖, 유방",ニュウ,ちち、ち,"乳 = ⺤ + 子 + 乚。 「⺤」는 ""손""을 뜻합니다. 「子」는 ""아이""를 뜻합니다. 乚는 여기서는 ""여자의 유방""을 그린 모양자입니다. 乳는 ""아이(子)를 손(⺤)에 안고 젖(乚)을 먹이다"" -> ""젖, 유방""이라는 뜻의 글자입니다.",음독은 ニュウ입니다. 특별한 점은 없습니다.,"乳는 ""젖, 유방""을 뜻합니다.",no
946,N2,煙,연기 연,"""연기 연"". 연기, 그을음",エン,けむ(る)、けむり、けむ(い),"煙 = 火 + 覀 + 土。 「火」는 ""불""을 뜻합니다. 「覀」는 ""덮다""라는 뜻입니다. 「土」는 ""땅""을 뜻합니다. 煙는 ""연기(火)가 땅(土)을 뒤덮다(覀)"" -> ""연기, 그을음""이라는 뜻의 글자입니다.",음독은 エン입니다. 특별한 점은 없습니다.,"煙る는 ""연기가 나다""라는 뜻의 자동사입니다. 煙는 ""연기""를 뜻합니다. 煙い는 ""냅다(연기로 인해 눈/목이 쓰라리다)""라는 뜻의 형용사입니다.",no
947,N2,恋,사모할 연,"""사모할 연"". 그리워하다, 사모하다",レン,こ(う)、こい、こい(しい),"恋 = 亦 + 心。 「亦」는 ""팔을 벌리고 걷는 사람""을 그린 글자입니다. 「心」는 ""마음""을 뜻합니다. 恋는 ""떠나간 사람(亦)을 그리워하는 마음(心)"" -> ""그리워하다, 사모하다""라는 뜻의 글자입니다.",음독은 レン입니다. 특별한 점은 없습니다.,"1.恋 恋는 ""(남녀간의) 사랑""을 뜻합니다. 예시단어) 恋人연인/애인 初恋첫사랑 2.恋う 恋う는 현대어에서는 단독으로는 거의 쓰이지 않는 동사입니다. 恋い慕う(연모하다/그리워하다),恋い侘びる(그리움에 지치다)와 같은 복합동사로서 주로 쓰입니다. 예문) ひそかに恋い慕う 남몰래 연모하다 恋い侘びる 그리움에 지치다 3.恋しい 恋しい는 ""그립다""라는 뜻의 형용사입니다. 예문) 恋しい人그리운 사람 家族が恋しい 가족이 그립다",no
948,N2,紅,붉을 홍,"""붉을 홍"". 붉다, 홍색",コウ、ク,べに、くれない,"紅 = 糸 + 工。 (의미부)「糸」는 ""실""을 뜻합니다. (소리부)「工」(コウ・ク)는 여기서는 소리부의 역할만 하고 있습니다. 紅는 ""붉게 염색한 실(糸)"" -> ""붉다""라는 뜻의 글자입니다(工는 소리부).",음독은 コウ、ク입니다. 그러나 절대다수는 コウ로 읽습니다. ク는真紅(진홍)을 제외하고는 거의 쓰이지 않는 음독입니다.,"紅는 ""연지, 주홍색""을 뜻합니다. 紅는 ""다홍색, 주홍색""을 뜻합니다.",no
949,N2,郊,들 교,"""들 교"". 변두리, 교외",コウ,,"郊 = 交 + ⻏。 (소리부 겸 의미부)「交」(コウ)는 ""교차하다""라는 뜻입니다. (의미부)「⻏」는 ""도시""를 뜻합니다. 郊는 ""도시(⻏) 밖으로 나가는 교차로(交)"" -> ""변두리, 교외""라는 뜻의 글자입니다. (交는 소리부도 겸함)",음독은 コウ입니다. 특별한 점은 없습니다.,郊의 정식 훈독은 없습니다.,no
950,N2,腰,허리 요,"""허리 요"". 허리",ヨウ,こし,"腰 = 月 + 要。 (의미부)「月」는 ""신체의 일부""를 뜻합니다. (소리부 겸 의미부)「要」(ヨウ)는 본래 ""허리에 손을 올린 여자""를 그린 글자입니다(링크 참조). 腰는 ""신체의 일부(月) + 여자의 허리(要)"" -> ""허리""라는 뜻의 글자입니다. (要는 소리부도 겸함)",음독은 ヨウ입니다. 특별한 점은 없습니다.,"腰는 ""허리""를 뜻합니다.",no
951,N2,踊,뛸 용,"""뛸 용"". 춤추다",ヨウ,おど(る),"踊 = 足 + 甬。 「足」는 ""발""을 뜻합니다. 「甬」는 ""종""을 뜻합니다. 踊는 ""종소리(甬)에 맞춰 춤추다(足)"" -> ""춤추다""라는 뜻의 글자입니다.",음독은 ヨウ입니다. 특별한 점은 없습니다.,"踊る는 ""춤추다""라는 뜻의 자동사입니다.",no
952,N2,冊,책 책,"""책 책"". 책",サツ、サク,,"冊는 ""죽간을 둥글게 말아놓은 모습""을 그린 상형문자입니다. ""죽간을 말아놓은 것"" -> ""책""이라는 의미입니다.",음독은 サツ、サク입니다. 사용 빈도는 サツ가 훨씬 높습니다.,冊의 정식 훈독은 없습니다.,no
953,N2,眠,잘 면,"""잘 면"". 잠자다, 졸리다",ミン,ねむ(る)、ねむ(い),"眠 = 目 + 民。 (의미부)「目」는 ""눈""을 뜻합니다. (소리부 겸 의미부)「民」(ミン)은 ""백성, 국민""을 뜻합니다. 眠는 ""서민(民)의 졸리고 피곤한 눈(目)"" -> ""잠자다, 졸다""라는 뜻의 글자입니다. (民는 소리부도 겸함)",음독은 ミン입니다. 특별한 점은 없습니다.,"眠る는 ""잠자다, 잠들다""라는 뜻의 자동사입니다. 眠い는 ""졸리다""라는 뜻의 형용사입니다.",no
954,N2,怖,두려워할 포,"""두려워할 포"". 두려워하다, 무서워하다",フ,こわ(い),"怖 = 忄 + 布。 (의미부)「忄」는 ""마음""을 뜻합니다. (소리부 겸 의미부)「布」(フ)는 ""퍼지다, 베풀다""라는 뜻입니다. 怖는 ""두려운 마음(忄)이 퍼져나가다(布)"" -> ""두려워하다""라는 뜻의 글자입니다. (布는 소리부도 겸함)",음독은 フ입니다. 특별한 점은 없습니다.,"怖い는 ""무섭다, 두렵다, 겁나다""라는 뜻의 형용사입니다. 예문) 私は雷が怖い 나는 천둥이 무섭다 怖い先生무서운 선생님 怖くて大声を上げる 무서워서 큰 소리를 지르다",no
955,N2,珍,보배 진,"""보배 진"". 진귀한, 흔치 않은",チン,めずら(しい),"珍 = 𤣩 + 㐱。 「𤣩」는 ""구슬""을 뜻합니다. 㐱는 여기서는 ""반짝반짝 윤기가 흐르는 모습""을 표현한 모양자입니다. 珍는 ""반짝반짝 윤기가 흐르는(㐱) 옥구슬(𤣩)"" -> ""진귀한, 흔치 않은""이라는 뜻의 글자입니다.",음독은 チン입니다. 특별한 점은 없습니다.,"珍しい는 ""드물다, 희귀하다, 진귀하다""라는 뜻의 형용사입니다. 예문) 珍しい古書진귀한 고서 珍しい事だな 드문 일이군 都会には珍しい純朴な人도시에서는 보기 드문 순박한 사람",no
956,N2,卵,알 란,"""알 란"". 알",ラン,たまご,"卵는 ""곤충이 식물의 줄기에 알을 낳아놓은 모습""을 그린 상형문자입니다. ""곤충의 알"" -> ""알""이라는 의미입니다.",음독은 ラン입니다. 특별한 점은 없습니다.,"卵는 ""알, 달걀""을 뜻합니다.",no
957,N2,狭,좁을 협,"""좁을 협"". 좁다, 좁히다",キョウ,せま(い)、せば(める)、せば(まる),"狭 = 犭 + 夹。 (의미부)「犭」는 ""개""를 뜻합니다. (소리부 겸 의미부)「夹」(キョウ)는 ""끼다, 끼이다""라는 뜻의 글자입니다(링크 참조). 狭는 ""좁은 틈에 끼어서(夹) 나오지 못하고 있는 개(犭)"" -> ""좁다, 좁히다""라는 뜻의 글자입니다. (夹는 소리부도 겸함)",음독은 キョウ입니다. 특별한 점은 없습니다.,"狭い는 ""좁다""라는 뜻의 형용사입니다. 狭める는 ""좁히다""라는 뜻의 2그룹 타동사입니다. 狭まる는 ""좁아지다, 좁혀지다""라는 뜻의 자동사입니다. 예문) 狭い道좁은 길 狭い部屋좁은 방 間隔を狭める 간격을 좁히다 包囲網を狭めてくる 포위망을 좁혀 오다 幅が狭まる 폭이 좁아지다 先頭との差がだんだん狭まる 선두와의 차가 점점 좁혀지다",no
958,N2,喫,먹을 끽,"""먹을 끽"". 씹다, 먹다, 만끽하다",キツ,,"喫 = 口 +龶 + 刀 + 大。 「口」는 ""입""을 뜻합니다. 龶는 여기서는 ""담뱃잎""을 그린 모양자입니다. 「刀」는 ""칼""을 뜻합니다. 「大」는 ""사람""을 그린 글자입니다. 喫는 ""담뱃잎(龶)을 잘라(刀) 입(口) 안에 넣고 씹는 사람(大)"" -> ""씹다, 먹다, 만끽하다""라는 뜻의 글자입니다. 담뱃잎",음독은 キツ입니다. 특별한 점은 없습니다.,喫의 정식 훈독은 없습니다.,no
959,N2,干,"방패/줄기 간, 마를 건","""방패/줄기 간, 마를 건"". 방패, 줄기, 상관하다, 마르다",カン,ほ(す)、ひ(る),"干는 ""고대에 쓰이던 방패""를 본따 그린 상형문자입니다. (干에 포함된 여러 가지 다른 의미들(줄기, 상관하다, 마르다 등)은 전부 음독이 비슷하다는 이유로 나중에 추가된 것입니다.)",음독은 カン입니다. 특별한 점은 없습니다.,"干す는 ""말리다""라는 뜻의 타동사입니다. 干る는 ""마르다""라는 뜻의 2그룹 자동사입니다. 예문) 洗濯物を干す 세탁물을 말리다 干した魚말린 생선 干し柿곶감 池が干る 연못이 마르다",no
960,N2,頂,정수리 정,"""정수리 정"". 정상, 꼭대기",チョウ,いただ(く)、いただき,"頂 = 丁 + 頁。 (소리부 겸 의미부)「丁」(チョウ)는 ""못""을 뜻합니다. 여기서는 ""뾰족한 못"" -> ""꼭대기""라는 뜻으로 쓰인 것입니다. (의미부)「頁」는 ""머리""를 뜻합니다. 頂는 ""머리(頁) 꼭대기(丁)"" -> ""정상, 꼭대기""라는 뜻의 글자입니다. (丁는 소리부도 겸함)",음독은 チョウ입니다. 특별한 점은 없습니다.,"頂く는 もらう(받다)의 겸양어입니다. 頂는 ""맨 위, 꼭대기, 정상""을 뜻합니다.",no
961,N2,溶,녹을 용,"""녹을 용"". 녹다, 녹이다",ヨウ,と(ける)、と(かす)、と(く),"溶 = 氵 + 容。 (의미부)「氵」는 ""물""을 뜻합니다. (소리부 겸 의미부)「容」(ヨウ)는 ""담다, 수용하다""라는 뜻입니다. 溶는 ""물(氵)에 녹아 스며들다(容)"" -> ""녹다, 녹이다""라는 뜻의 글자입니다. (容는 소리부도 겸함)",음독은 ヨウ입니다. 특별한 점은 없습니다.,"1.溶ける 溶ける는 ""녹다""라는 뜻의 2그룹 자동사입니다. 예문) 砂糖が水に溶ける 설탕이 물에 녹다 氷が溶ける 얼음이 녹다 雪が溶け始める 눈이 녹기 시작하다 チョコレートが溶けてしまった 초콜릿이 녹아 버렸다 溶鉱炉の中で鉄が溶ける 용광로 속에서 쇠가 녹다 2.溶く、溶かす 溶く는 ""(액체 등에 섞어서) 풀다, 개다""라는 뜻의 타동사입니다. 溶かす는 ""녹이다""라는 뜻의 타동사입니다. 예문) 小麦粉を水に溶く 밀가루를 물에 개다 お湯で溶いた粉末スープ 뜨거운 물에 푼 분말수프 絵の具を油で溶く 그림물감을 기름으로 개다 日差しが氷を溶かす 햇살이 얼음을 녹이다 バターを溶かす 버터를 녹이다 鉄を溶かす 쇠를 녹이다",no
962,N2,暖,따뜻할 난,"""따뜻할 난"". 따뜻하다",ダン,あたた(か)、あたた(かい)、あたた(まる)、あたた(める),"暖 = 日 + 爰。 「日」는 ""태양""을 뜻합니다. 「爰」는 ""한가롭다, 여유롭다, 느긋하다""라는 뜻의 글자입니다(링크 참조). 暖는 ""따뜻한 햇살(日) 아래서 여유를(爰) 즐기다"" -> ""따뜻하다""라는 뜻의 글자입니다.",음독은 ダン입니다. 특별한 점은 없습니다.,"1.暖か、暖かい 暖か는 ""따뜻함, 따스함""을 뜻합니다. 暖かい는 ""따뜻하다""라는 뜻의 형용사입니다. 예문) 暖かな天気따뜻한 날씨 暖かい国따뜻한 나라 2.暖まる、暖める 暖まる는 ""따뜻해지다""라는 뜻의 자동사입니다. 暖める는 ""따뜻하게 하다""라는 뜻의 2그룹 타동사입니다. 예문) 部屋が暖まる 방이 따뜻해지다 部屋を暖める 방을 따뜻하게 하다 참고)暖まる・暖める와温まる・温める의 차이점 아래 예문을 참조해 주세요. 예문) 暖かな天気따뜻한 날씨 部屋が暖まる 방이 따뜻해지다 暖かい色따뜻한 색깔 温かいご飯찬밥을 데우다 心が温まる 마음이 따뜻해지다",no
963,N2,鉱,광물 광,"""광물 광"". 광석, 광물",コウ,,"鉱 = 金 + 広。 (의미부)「金」는 ""쇠, 금속""을 뜻합니다. (소리부 겸 의미부)「広」(コウ)는 ""넓다""라는 뜻입니다. 鉱는 ""넓은 광산(広)에서 나는 금속들(金)"" -> ""광석, 광물""이라는 뜻의 글자입니다. (広는 소리부도 겸함)",음독은 コウ입니다. 특별한 점은 없습니다.,鉱의 정식 훈독은 없습니다.,no
964,N2,涙,눈물 루,"""눈물 루"". 눈물",ルイ,なみだ,"涙 = 氵 + 戻。 「氵」는 ""물""을 뜻합니다. 「戻」는 본래 ""문(戸) 앞에서 거절당하고 돌아가는 사람(大)""을 그린 글자입니다(링크 참조). 涙는 ""거절당하고 돌아가며(戻) 눈물을 흘리다(氵)"" -> ""눈물""이라는 뜻의 글자입니다.",음독은 ルイ입니다. 특별한 점은 없습니다.,"涙는 ""눈물""을 뜻합니다.",no
965,N2,匹,짝 필,"""짝 필"". 짝, 상대, ~필(동물을 세는 단위)",ヒツ,ひき,"匹는 ""사람의 콧구멍""을 그린 상형문자입니다. ""콧구멍 두 개"" -> ""짝, 상대""라는 의미입니다.",음독은 ヒツ입니다. 특별한 점은 없습니다.,"匹는 ""동물을 세는 단위""로 쓰이는 단어입니다.",no
966,N2,鋭,날카로울 예,"""날카로울 예"". 날카로운, 예리한",エイ,するど(い),"鋭 = 金 + 兑。 「金」는 ""쇠, 금속""을 뜻합니다. 「兑」는 ""날카로운 눈을 한 사람""을 그린 글자입니다. 鋭는 ""날카로운(兑) 금속(金)"" -> ""날카로운, 예리한""이라는 뜻의 글자입니다.",음독은 エイ입니다. 특별한 점은 없습니다.,"鋭い는 ""날카롭다, 예리하다""라는 뜻의 형용사입니다. 예문) 鋭い刀날카로운 칼 鋭い剃刀날카로운 면도칼 鋭い感覚예리한 감각 鋭い質問예리한 질문 鋭い直観力날카로운 직감력",no
967,N2,枝,가지 지,"""가지 지"". 가지, 나뭇가지",シ,えだ,"枝 = 木 + 支。 (의미부)「木」는 ""나무""를 뜻합니다. (소리부 겸 의미부)「支」(シ)는 ""(갈라져 나온) 지류/지부""를 뜻합니다. 枝는 ""나무(木)에서 갈라져 나온(支) 가지"" -> ""나뭇가지""라는 뜻의 글자입니다. (支는 소리부도 겸함)",음독은 シ입니다. 특별한 점은 없습니다.,"枝는 ""가지, 갈래""를 뜻합니다.",no
968,N2,塗,칠할 도,"""칠할 도"". 칠하다, 바르다",ト,ぬ(る),"塗 = 氵 + 余 + 土。 「氵」는 ""물""을 뜻합니다. 「土」는 ""흙""을 뜻합니다. 「余」는 ""잎이 풍성한 나무""를 그린 글자입니다. 塗는 ""나무(余)에 진흙(氵+土)을 바르다"" -> ""칠하다, 바르다""라는 뜻의 글자입니다.",음독은 ト입니다. 특별한 점은 없습니다.,"塗る는 ""바르다, 칠하다""라는 뜻의 타동사입니다. 예문) ペンキを塗る 페인트를 칠하다 傷口に薬を塗る 상처에 약을 바르다 パンにバターを塗る 빵에 버터를 바르다 色を薄めに塗る 색을 살짝 연하게 칠하다 壁を白く塗る 벽을 하얗게 칠하다",no
969,N2,軒,집 헌,"""집 헌"". 처마, 가옥",ケン,のき,"軒 = 車 + 干。 「車」는 ""수레, 차""를 뜻합니다. 「干」는 ""방패""를 뜻합니다. 여기서는 ""방패"" -> ""차양막""이라는 뜻으로 쓰인 것입니다. 軒는 ""수레(車)에 달린 차양막(干)"" -> ""처마""라는 뜻의 글자입니다.",음독은 ケン입니다. 특별한 점은 없습니다.,"軒는 ""처마""라는 뜻입니다.",no
970,N2,晩,늦을 만,"""늦을 만"". 저녁, 밤, 늦다",バン,,"晩 = 日 + 免。 「日」는 ""해""를 뜻합니다. 免(""면할 면"")은 ""면하다""라는 뜻의 상용한자입니다. 免는 ""투구를 쓴 사람""을 그린 상형문자입니다. ""전장에서 투구 덕분에 죽음을 면하다"" -> ""면하다""라는 의미입니다. 晩는 ""해가 져서 햇빛(日)을 면하다(免)"" -> ""저녁, 밤, 늦다""라는 뜻의 글자입니다.",음독은 バン입니다. 특별한 점은 없습니다.,晩의 정식 훈독은 없습니다.,no
971,N2,叫,부르짖을 규,"""부르짖을 규"". 울부짖다, 부르짖다",キョウ,さけ(ぶ),"叫 = 口 + 丩。 「口」는 ""입""을 뜻합니다. 「丩」는 ""얽히다""라는 뜻입니다. 叫는 ""한데 얽혀(丩) 울부짖다(口)"" -> ""부르짖다, 울부짖다""라는 뜻의 글자입니다.",음독은 キョウ입니다. 특별한 점은 없습니다.,"叫ぶ는 ""외치다, 부르짖다""라는 뜻의 자동사 겸 타동사입니다. 예문) 大声で叫ぶ 큰 소리로 외치다 教育改革を叫ぶ 교육 개혁을 부르짖다",no
972,N2,拝,절 배,"""절 배"". 절하다, 경의를 표하다",ハイ,おが(む),"拝 =扌 + 一 + 丰。 「扌」는 ""손""을 뜻합니다. 「一」는 ""1""을 뜻합니다. 丰는 여기서는「手」가 변형된 것으로, ""손""을 뜻합니다. 拝는 ""두 손(扌+丰)을 하나로 모아(一) 합장하다"" -> ""절하다, 경의를 표하다""라는 뜻의 글자입니다.",음독은 ハイ입니다. 특별한 점은 없습니다.,"拝む는 ""(합장) 배례하다, 공손히 절하다""라는 뜻의 타동사입니다. 예문) 仏を拝む 부처님께 합장 배례하다 手を合わせて拝む 두 손 모아 절하다 初日の出を拝む 설날 아침 해를 향해 배례하다",no
973,N2,乾,마를 건,"""마를 건"". 마르다, 말리다",カン,かわ(く)、かわ(かす),"乾 = 𠦝 + 乞。 「𠦝」는 ""떠오르는 아침해""를 그린 글자입니다. 乞는 여기서는 ""아지랑이(乙)가 피어오르는(𠂉) 모습""을 표현한 모양자입니다. 乾는 ""햇볕(𠦝)을 받아 아지랑이가(乞) 피어오르다"" -> ""마르다, 말리다""라는 뜻의 글자입니다.",음독은 カン입니다. 특별한 점은 없습니다.,"乾く는 ""마르다, 건조하다""라는 뜻의 자동사입니다. 乾かす는 ""말리다""라는 뜻의 타동사입니다. 예문) 洗濯物が乾く 세탁물이 마르다 乾いた空気건조한 공기 日照りで地面がからからに乾いている 가뭄으로 지면이 바싹 말라 있다 髪を乾かす 머리를 말리다 濡れた服を乾かす 젖은 옷을 말리다 洗濯物を乾かす 세탁물을 말리다",no
974,N2,棒,막대 봉,"""막대 봉"". 막대, 봉",ボウ,,"棒 = 木 + 奉。 (의미부)「木」는 ""나무""를 뜻합니다. (소리부)奉(ホウ - ""받들 봉"")은 ""받들다, 섬기다""라는 뜻의 상용한자입니다. 다만 여기서는 소리부(ホウ -> ボウ)의 역할만 하고 있습니다. 奉는 ""약초를 두 손으로 받들고 있는 모습""을 그린 상형문자입니다. 棒는 ""나무(木) 막대기"" -> ""막대, 봉""이라는 뜻의 글자입니다(奉는 소리부).",음독은 ボウ입니다. 특별한 점은 없습니다.,棒의 정식 훈독은 없습니다.,no
975,N2,祈,빌 기,"""빌 기"". 빌다, 기원하다",キ,いの(る),"祈 = 礻 + 斤。 「礻」는 ""종교, 신, 고대의 비석""을 뜻합니다. 「斤」는 ""도끼""를 뜻합니다. 祈는 ""전쟁(斤)의 승리를 신에게 빌다(礻)"" -> ""기원하다, 빌다""라는 뜻의 글자입니다.",음독은 キ입니다. 특별한 점은 없습니다.,"祈る는 ""기원하다, 바라다""라는 뜻의 타동사입니다. 예문) ご成功を祈ります 성공을 기원합니다 幸福を神に祈る 행복을 신에게 빌다 健康を祈る 건강을 기원하다",no
976,N2,髪,터럭 발,"""터럭 발"". 머리카락",ハツ,かみ,"髪 = 镸 + 彡 + 友。 镸는「長」가 축약된 것으로, ""길다""라는 뜻입니다. 彡는 여기서는 ""머리카락""을 그린 모양자입니다. 「友」는 ""친구""를 뜻합니다. 髪는 ""머리(彡)를 길게(镸) 기른 친구(友)"" -> ""머리카락""이라는 뜻의 글자입니다.",음독은 ハツ입니다. 특별한 점은 없습니다.,"髪는 ""머리털""을 뜻합니다.",no
977,N2,忙,바쁠 망,"""바쁠 망"". 바쁘다",ボウ,いそが(しい),"忙 = 忄 + 亡。 (의미부)「忄」는 ""마음""을 뜻합니다. (소리부 겸 의미부)「亡」(ボウ)는 ""망하다, 죽다""라는 뜻입니다. 忙는 ""마음을(忄) 잊을(亡) 정도로 바쁘다"" -> ""바쁘다""라는 뜻의 글자입니다. (亡는 소리부도 겸함)",음독은 ボウ입니다. 특별한 점은 없습니다.,"忙しい는 ""바쁘다""라는 뜻의 형용사입니다.",no
978,N2,綿,솜 면,"""솜 면"". 솜, 무명",メン,わた,"綿 = 糸 + 白 + 巾。 「糸」는 ""실""을 뜻합니다. 「白」는 ""흰색""을 뜻합니다. 「巾」는 ""수건, 천""을 뜻합니다. 綿는 ""실(糸)로 된 흰색(白) 천(巾)"" -> ""솜, 무명""이라는 뜻의 글자입니다.",음독은 メン입니다. 특별한 점은 없습니다.,"綿는 ""목화, 솜""을 뜻합니다.",no
979,N2,汗,땀 한,"""땀 한"". 땀",カン,あせ,"汗 = 氵 + 干。 (의미부)「氵」는 ""물""을 뜻합니다. (소리부 겸 의미부)「干」(カン)은 ""마르다""라는 뜻입니다. 汗는 ""땀(氵)이 마르다(干)"" -> ""땀""이라는 뜻의 글자입니다. (干은 소리부도 겸함)",음독은 カン입니다. 특별한 점은 없습니다.,"汗는 ""땀""을 뜻합니다.",no
980,N2,銅,구리 동,"""구리 동"". 구리",ドウ,,"銅 = 金 + 同。 (의미부)「金」는 ""쇠, 금속""을 뜻합니다. (소리부)「同」(ドウ)는 여기서는 소리부의 역할만 하고 있습니다. 銅는 ""금속(金)"" -> ""구리""라는 뜻의 글자입니다(同는 소리부).",음독은 ドウ입니다. 특별한 점은 없습니다.,銅의 정식 훈독은 없습니다.,no
981,N2,湿,젖을 습,"""젖을 습"". 습기차다, 젖다",シツ,しめ(る)、しめ(す),"湿 = 氵 + 日 + 业。 「氵」는 ""물""을 뜻합니다. 「日」는 ""태양""을 뜻합니다. 业는 여기서는 ""젖은 윗옷""을 그린 모양자입니다. 湿는 ""물(氵)에 젖은 윗옷(业)을 햇볕(日)에 말리다"" -> ""습기차다, 젖다""라는 뜻의 글자입니다.",음독은 シツ입니다. 특별한 점은 없습니다.,"湿る는 ""축축해지다, 습기차다, 침울해지다""라는 뜻의 1그룹 자동사입니다. 湿す는 ""적시다, 축이다""라는 뜻의 타동사입니다. 예문) 雨で湿った地面비로 축축히 젖은 지면 洗濯物がまだ湿っている 세탁물이 아직 젖어 있다 湿った雰囲気침울한 분위기 喉を湿す 목을 축이다 布を湯で湿す 천을 더운물에 축이다",no
982,N2,咲,필 소,"""필 소"". (꽃이)피다",,さ(く),"咲 = 口 + 关。 「口」는 ""입""을 뜻합니다. 「关」는 ""웃음""을 뜻합니다. 咲는 ""꽃봉오리가 입(口)을 벌리고 활짝 웃다(关)"" -> ""꽃이 피다""라는 뜻의 글자입니다.",咲의 정식 음독은 없습니다.,"咲く는 ""(꽃이) 피다""라는 뜻의 자동사입니다.",no
983,N2,召,부를 소,"""부를 소"". 부르다, 소환",ショウ,め(す),"召 = 刀 + 口。 「刀」는 ""칼""을 뜻합니다. 「口」는 ""입""을 뜻합니다. 옛사람들은 ""입은 화를 부르는 문이며, 혀는 몸을 베는 칼이다""라고 경계했다고 합니다. 召는 ""말실수(口)가 화(刀)를 부르다"" -> ""부르다""라는 뜻의 글자입니다. 참고) 招、召의 차이점",음독은 ショウ입니다. 특별한 점은 없습니다.,"召す는 ""부르다, 먹다, 마시다, 타다""등의 여러 가지 의미로 쓰이는 존경동사입니다. 예문) ご飯を召し上がりますか 진지를 드시겠습니까 お風邪を召す 감기에 걸리시다 殿下がお召しです 전하께옵서 부르십니다",no
984,N2,脂,기름 지,"""기름 지"". 기름, 지방",シ,あぶら,"脂 = 月 + 旨。 (의미부)「月」는 ""고기""를 뜻합니다. (소리부 겸 의미부)旨는 여기서는「指」(シ)가 축약된 것으로, ""손가락""을 뜻합니다. 脂는 ""개기름(月)이 줄줄 흐르는 손가락(指)"" -> ""기름, 지방""이라는 뜻의 글자입니다. (旨->指는 소리부도 겸함)",음독은 シ입니다. 특별한 점은 없습니다.,"脂는 ""기름, 기름기""를 뜻합니다.",no
985,N2,蒸,찔 증,"""찔 증"". 찌다, 증기",ジョウ,む(れる)、む(らす)、む(す),"蒸 = 艹 + 氶 + 一 + 灬。 「艹」는 ""풀""을 뜻합니다. 氶는「水」가 살짝 변형된 것으로, ""물""을 뜻합니다. 一는 여기서는 ""불판""을 그린 모양자입니다. 「灬」는 ""불""을 뜻합니다. 蒸는 ""불판(一+灬)위에 야채(艹)를 올리고 수증기(氶)를 내서 찌다"" -> ""찌다, 증기""라는 뜻의 글자입니다.",음독은 ジョウ입니다. 특별한 점은 없습니다.,"1.蒸す 蒸す는 ""찌다, 무덥다""라는 뜻의 자동사/타동사입니다. 예문) 芋を蒸す 감자를 찌다 今夜はひどく蒸す 오늘 밤은 몹시도 찐다(무덥다) 2.蒸らす、蒸れる 蒸らす는 ""뜸들이다""라는 뜻의 타동사입니다. 蒸れる는 ""뜸들다, 무덥다""라는 뜻의 2그룹 자동사입니다. 예문) 火を止めてご飯を蒸らす 불을 끄고 밥을 뜸들이다 ご飯が蒸れる 밥이 뜸들다 部屋の中が蒸れる 방 안이 눅눅하다",no
986,N2,肌,살 기,"""살 기"". 살갗, 피부",,はだ,"肌 = 月 + 几。 「月」는 ""신체의 일부""를 뜻합니다. 几는 여기서는 ""살가죽""을 그린 모양자입니다. 肌는 ""신체의 일부(月) + 살가죽(几)"" -> ""살갗, 피부""라는 뜻의 글자입니다.",肌의 정식 음독은 없습니다.,"肌는 ""피부""를 뜻합니다.",no
987,N2,靴,신 화,"""신 화"". 구두",カ,くつ,"靴 = 革 + 化。 (의미부)「革」는 ""가죽""을 뜻합니다. (소리부 겸 의미부)「化」(カ)는 ""바뀌다, 변하다""라는 뜻입니다. 靴는 ""가죽(革)을 가공해서(化) 만든 구두"" -> ""구두""라는 뜻의 글자입니다. (化는 소리부도 겸함)",음독은 カ입니다. 특별한 점은 없습니다.,"靴는 ""구두""라는 뜻입니다.",no
988,N2,耕,밭 갈 경,"""밭 갈 경"". 밭을 갈다, 경작하다",コウ,たがや(す),"耕 = 耒 + 井。 「耒」는 ""쟁기""를 그린 글자입니다(링크 참조). 井(""우물 정"")은 ""우물""을 뜻하는 상용한자입니다. 井는 ""우물""을 본따 그린 상형문자입니다. 耕는 ""쟁기(耒)와 농사에 쓸 물(井)"" -> ""경작하다""라는 뜻의 글자입니다.",음독은 コウ입니다. 특별한 점은 없습니다.,"耕す는 ""밭을 갈다, 파서 일구다""라는 뜻의 타동사입니다.",no
989,N2,鈍,둔할 둔,"""둔할 둔"". 둔하다, 무디다",ドン,にぶ(い)、にぶ(る),"鈍 = 金 + 屯。 (의미부)「金」는 ""쇠, 금속""을 뜻합니다. (소리부 겸 의미부)「屯」(トン)은 ""뿌리깊은 나무""를 뜻합니다. 鈍는 ""무쇠(金)처럼 굳건히 뿌리박고(屯) 서 있는 거대한 나무"" -> ""둔하다, 무디다""라는 뜻의 글자입니다. (屯는 소리부(トン -> ドン)도 겸함)",음독은 ドン입니다. 특별한 점은 없습니다.,"鈍い는 ""둔하다, 무디다""라는 뜻의 형용사입니다. 鈍る는 ""둔해지다, 무디어지다""라는 뜻의 자동사입니다. 예문) 鈍い包丁무딘 식칼 感覚が鈍い 감각이 둔하다 頭が鈍い 머리가 둔하다 刀が鈍る 칼이 무디어지다 感覚が鈍る 감각이 둔해지다 頭の動きが鈍る 머리 회전이 둔해지다",no
990,N2,恥,부끄러울 치,"""부끄러울 치"". 부끄러워하다, 부끄러움",チ,は(じる)、はじ、は(じらう)、は(ずかしい),"恥 = 耳 + 心。 「耳」는 ""귀""를 뜻합니다. 「心」는 ""마음""을 뜻합니다. 恥는 ""부끄러운 마음(心)에 귀(耳)가 빨개지다"" -> ""부끄러움""이라는 뜻의 글자입니다.",음독은 チ입니다. 특별한 점은 없습니다.,"1.恥、恥ずかしい 恥는 ""부끄러움, 수치""를 뜻합니다. 恥ずかしい는 ""부끄럽다""라는 뜻의 형용사입니다. 예문) 我が家の恥だ 우리 집안의 수치다 恥ずかしいことだな 부끄러운 일이다 人前に出るのが恥ずかしい 사람들 앞에 나서는 것이 부끄럽다 2.恥じる、恥じらう 恥じる는 ""수치스러워하다, 부끄러워하다""라는 뜻의 2그룹 자동사입니다. 恥じらう는 ""수줍어하다, 부끄러워하다""라는 뜻의 자동사입니다. 둘의 차이점은 다음과 같습니다. 아래 예문을 참조해 주세요. 예문) 自らの不明を恥じる 스스로의 어리석음을 부끄러워하다 良心に恥じる 양심에 부끄럽게 여기다 彼女は頬を染めて恥じらった 그녀는 볼을 붉히며 부끄러워했다 恥じらいの色を見せる 수줍은 기색을 보이다",no
991,N2,泥,진흙 니,"""진흙 니"". 진흙",デイ,どろ,"泥 = 氵 +尸 + 匕。 「氵」는 ""물""을 뜻합니다. 「尸」는 ""앉아있는 사람""을 뜻합니다. 「匕」는 ""넘어져있는 사람""을 뜻합니다. 泥는 ""진흙탕(氵)에 넘어져(匕) 주저앉은(尸) 사람"" -> ""진흙""이라는 뜻의 글자입니다.",음독은 デイ입니다. 특별한 점은 없습니다.,"泥는 ""진흙""을 뜻합니다.",no
992,N2,隅,모퉁이 우,"""모퉁이 우"". 구석, 모퉁이",グウ,すみ,"隅 = ⻖ + 禺。 (의미부)「⻖」는 ""언덕, 산""을 뜻합니다. (소리부 겸 의미부)「禺」(グウ)는 ""원숭이""를 뜻하는 글자입니다(링크 참조). 隅는 ""깊은 산속(⻖) 구석에만 숨어사는 원숭이(禺)"" -> ""구석, 모퉁이""라는 뜻의 글자입니다. (禺는 소리부도 겸함)",음독은 グウ입니다. 특별한 점은 없습니다.,"隅는 ""모퉁이, 귀퉁이""를 뜻합니다.",no
993,N2,偶,짝 우,"""짝 우"". 우연, 짝, 배필, 우상",グウ,,"偶 = 亻 +禺。 (의미부)「亻」는 ""사람""을 뜻합니다. (소리부 겸 의미부)「禺」(グウ)는 ""원숭이""를 뜻합니다. 偶는 ""사람(亻)이 원숭이(禺)를 마주치다""라는 뜻입니다. 이라는 의미입니다. (禺는 소리부도 겸함)",음독은 グウ입니다. 특별한 점은 없습니다.,偶의 정식 훈독은 없습니다.,no
994,N2,辛,매울 신,"""매울 신"". 맵다, 가혹하다, 괴롭다",シン,から(い),"辛는 ""노예의 몸에 문신을 새기던 도구""를 그린 상형문자입니다. ""노예 신세"" -> ""가혹하다, 괴롭다, 맵다""라는 의미입니다.",음독은 シン입니다. 특별한 점은 없습니다.,"辛い는 ""맵다, 짜다, 가혹하다""라는 뜻의 형용사입니다. 예문) 辛い食べ物매운 음식 辛い目を見る 괴로운 일을 당하다(매운맛을 보다)",no
995,N2,磨,갈 마,"""갈 마"". 갈다, 윤기나게 닦다, 연마하다",マ,みが(く),"磨 =广 + 林+ 石。 「广」는 ""건물, 집""을 뜻합니다. 「石」는 ""돌""을 뜻합니다. 林는 여기서는 ""대마(삼베의 원료)""를 그린 모양자입니다. 아래 그림을 참조해 주세요. 대마 삼베를 만들기 위해서는, 먼저 대마를 말린 다음 돌로 문질러야 한다고 합니다. 磨는 ""집(广)에서 말린 대마(林)를 돌(石)로 문지르다"" -> ""갈다, 닦다, 연마하다""라는 뜻의 글자입니다. 참고) 磨에서 石를 뺀 麻는 ""삼베""를 뜻하는 상용한자입니다(1296.「麻」참조).",음독은 マ입니다. 특별한 점은 없습니다.,"磨く는 ""닦다, 윤기를 내다, 솜씨를 연마하다""라는 뜻의 타동사입니다. 예문) 窓ガラスを磨く 유리창을 닦다 寝る前に歯を磨く 자기 전에 이를 닦다 技術を磨く 기술을 연마하다",no
996,N2,姓,성 성,"""성 성"". 성씨",セイ、ショウ,,"姓 = 女 + 生。 (의미부)「女」는 ""여자""를 뜻합니다. (소리부 겸 의미부)「生」(セイ・ショウ)는 ""생명, 태어나다""라는 뜻입니다. 일본에서는 여자가 결혼하면 남편의 성을 따르게 됩니다. 姓는 ""여자(女)가 자라서(生) 결혼하면 받게 되는 것"" -> ""성씨""라는 뜻의 글자입니다. (生는 소리부도 겸함)",음독은 セイ、ショウ입니다. 사용 빈도는 セイ가 훨씬 높습니다.,姓의 정식 훈독은 없습니다.,no
997,N2,筒,통 통,"""통 통"". 통, 원통",トウ,つつ,"筒 = 𥫗 + 同。 (의미부)「𥫗」는 ""대나무""를 뜻합니다. (소리부 겸 의미부)「同」(ドウ)는 본래 ""둥글게 둘러앉은 모습""을 그린 글자입니다(링크 참조). 筒는 ""둥근(同) 통 모양의 대나무 줄기(𥫗)"" -> ""원통""이라는 뜻의 글자입니다. (同는 소리부(ドウ -> トウ)도 겸함) 대나무 줄기",음독은 トウ입니다. 특별한 점은 없습니다.,"筒는 ""통, 속이 비고 긴 관""을 뜻합니다.",no
998,N2,粒,낟알 립,"""낟알 립"". 낟알, 입자",リュウ,つぶ,"粒 = 米 + 立。 (의미부)「米」는 ""쌀""을 뜻합니다. (소리부)「立」(リュウ)는 여기서는 소리부의 역할만 하고 있습니다. 粒는 ""쌀알(米)"" -> ""낟알, 입자""라는 뜻의 글자입니다(立는 소리부).",음독은 リュウ입니다. 특별한 점은 없습니다.,"粒는 ""낟알""을 뜻합니다.",no
999,N2,詞,말/글 사,"""말/글 사"". 말, 언어, 시",シ,,"詞 = 言 + 司。 (의미부)「言」는 ""말하다""라는 뜻입니다. (소리부 겸 의미부)「司」(シ)는 ""주관하다, 다스리다""라는 뜻입니다. 詞는 ""높은 사람(司)이 쓰는 말(言)"" -> ""말, 언어, 시""라는 뜻의 글자입니다. (司는 소리부도 겸함)",음독은 シ입니다. 특별한 점은 없습니다.,詞의 정식 훈독은 없습니다.,no
1000,N2,偉,클 위,"""클 위"". 위대하다, 뛰어나다",イ,えら(い),"偉 = 亻 + 韋。 (의미부)「亻」는 ""사람""을 뜻합니다. (소리부 겸 의미부)「韋」(イ)는 ""성 주위를 돌며 경계서는 발들""을 그린 글자입니다. 偉는 ""호위병들(韋)에게 호위받는 높은 사람(亻)"" -> ""위대하다, 훌륭하다""라는 뜻의 글자입니다. (韋는 소리부도 겸함)",음독은 イ입니다. 특별한 점은 없습니다.,"偉い는 ""훌륭하다/위대하다, 지위가 높다, 대단하다""라는 뜻의 형용사입니다. 예문) 偉い学者훌륭한 학자 偉い人のお越し 높으신 분의 행차 偉い寒さ 대단한 추위",no
1001,N2,畳,겹쳐질 첩,"""겹쳐질 첩"". (이불 등을) 접다, 개다, 다다미",ジョウ,たた(む)、たたみ,"畳는 ""이불을 반듯이 개서 쌓아놓은 모습""을 그린 상형문자입니다. (田、冖、且는 여기서는 전부 단순한 모양자로 쓰인 것입니다.)",음독은 ジョウ입니다. 특별한 점은 없습니다.,"畳む는 ""접다, 개다""라는 뜻의 타동사입니다. 畳는 ""다다미""를 뜻합니다.",no
1002,N2,机,책상 궤,"""책상 궤"". 책상, 탁자",キ,つくえ,"机 = 木 + 几。 「木」는 ""나무""를 뜻합니다. 几는 여기서는 ""책상""을 그린 모양자입니다. 机는 ""나무(木)로 만든 책상(几)"" -> ""책상, 탁자""라는 뜻의 글자입니다.",음독은 キ입니다. 특별한 점은 없습니다.,"机는 ""책상""을 뜻합니다.",no
1003,N2,膚,살갗 부,"""살갗 부"". 피부",フ,,"膚 = 虍 + 胃。 「虍」는 ""호랑이""를 뜻합니다. 「胃」는 ""위""를 뜻합니다. 膚는 ""호랑이(虍)의 내장(胃)을 덮고 있는 가죽"" -> ""피부, 살갗""이라는 뜻의 글자입니다.",음독은 フ입니다. 특별한 점은 없습니다.,膚의 정식 훈독은 없습니다.,no
1004,N2,濯,씻을 탁,"""씻을 탁"". 씻다, 세탁",タク,,"濯 = 氵 + 羽 +隹。 「氵」는 ""물""을 뜻합니다. 「羽」는 ""날개""를 뜻합니다. 「隹」는 ""새""를 뜻합니다. 濯는 ""새(隹)가 날개(羽)를 퍼덕이며 물기(氵)를 털어내다"" -> ""씻다, 세탁""이라는 뜻의 글자입니다.",음독은 タク입니다. 특별한 점은 없습니다.,濯의 정식 훈독은 없습니다.,no
1005,N2,猫,고양이 묘,"""고양이 묘"". 고양이",ビョウ,ねこ,"猫 = ⺨ +艹 + 田。 「⺨」는 ""개, 동물""을 뜻합니다. 「艹」는 ""풀""을 뜻합니다. 「田」는 ""밭""을 뜻합니다. 猫는 ""밭(田)의 곡식(艹)을 갉아먹는 쥐를 잡아먹는 애완동물(⺨)"" -> ""고양이""라는 뜻의 글자입니다.",음독은 ビョウ입니다. 특별한 점은 없습니다.,"猫는 ""고양이""를 뜻합니다.",no
1006,N2,塔,탑 탑,"""탑 탑"". 탑",トウ,,"塔 = 土 + 荅。 (의미부)「土」는 ""흙""을 뜻합니다. (소리부 겸 의미부)荅는 여기서는「答」(トウ)가 살짝 변형된 것으로, ""탑""의 모습을 그린 모양자로 쓰인 것입니다. 塔는 ""흙(土)으로 쌓아올린 탑(荅)"" -> ""탑""이라는 뜻의 글자입니다. (荅->答는 소리부도 겸함)",음독은 トウ입니다. 특별한 점은 없습니다.,塔의 정식 훈독은 없습니다.,no
1007,N2,沸,끓을 비,"""끓을 비"". 끓다, 용솟음치다",フツ,わ(く)、わ(かす),"沸 = 氵 + 弗。 「氵」는 ""물""을 뜻합니다. 弗는 여기서는 ""땅에서 온천수가 솟아나는 모습""을 그린 모양자입니다. 沸는 ""온천수(氵)가 땅에서 솟아나다(弗)"" -> ""끓다, 용솟음치다""라는 뜻의 글자입니다.",음독은 フツ입니다. 특별한 점은 없습니다.,"沸く는 ""끓다""라는 뜻의 자동사입니다. 沸かす는 ""끓이다""라는 뜻의 타동사입니다.",no
1008,N2,灰,재 회,"""재 회"". 재",カイ,はい,"灰 = 厂 + 火。 厂는 여기서는 ""아궁이""를 그린 모양자입니다. 「火」는 ""불""을 뜻합니다. 灰는 ""아궁이(厂)의 불(火)이 타고 남은 재"" -> ""재, 잿더미""라는 뜻의 글자입니다.",음독은 カイ입니다. 특별한 점은 없습니다.,"灰는 ""재""를 뜻합니다.",no
1009,N2,菓,과자 과,"""과자 과"". 과자",カ,,"菓 = 艹 + 果。 (의미부)「艹」는 ""풀""을 뜻합니다. (소리부 겸 의미부)「果」(カ)는 본래 ""나무 위의 열매""를 그린 글자입니다(링크 참조). 菓는 ""나무열매(果)와 야채(艹)로 만든 과자"" -> ""과자""라는 뜻의 글자입니다. (果는 소리부도 겸함)",음독은 カ입니다. 특별한 점은 없습니다.,菓의 정식 훈독은 없습니다.,no
1010,N2,帽,모자 모,"""모자 모"". 모자",ボウ,,"帽 = 巾 + 日 + 目。 「巾」는 ""수건, 천""을 뜻합니다. 「日」는 ""태양""을 뜻합니다. 「目」는 ""눈""을 뜻합니다. 帽는 ""태양빛(日)을 막기 위해 눈(目) 위에 두른 천(巾)"" -> ""모자""라는 뜻의 글자입니다.",음독은 ボウ입니다. 특별한 점은 없습니다.,帽의 정식 훈독은 없습니다.,no
1011,N2,枯,마를 고,"""마를 고"". 마르다, 시들다, 고갈되다",コ,か(れる)、か(らす),"枯 = 木 + 古。 (의미부)「木」는 ""나무""를 뜻합니다. (소리부 겸 의미부)「古」(コ)는 ""오래되다""라는 뜻입니다. 枯는 ""너무 오래돼서(古) 말라죽은 나무(木)"" -> ""마르다, 시들다, 고갈되다""라는 뜻의 글자입니다. (古는 소리부도 겸함)",음독은 コ입니다. 특별한 점은 없습니다.,"枯れる는 ""(초목 등이) 마르다, 시들다""라는 뜻의 2그룹 자동사입니다. 枯らす는 ""말리다, 시들게 하다, 말려 죽이다""라는 뜻의 타동사입니다.",no
1012,N2,涼,서늘할 량,"""서늘할 량"". 서늘하다, 시원하다",リョウ,すず(しい)、すず(む),"涼 = 氵 + 京。 (의미부)「氵」는 ""물""을 뜻합니다. (소리부 겸 의미부)「京」(キョウ)는 본래 ""기둥 위에 세워진 건물""을 그린 글자입니다(링크 참조). 涼는 ""강가(氵)에 세워놓은 정자(京)"" -> ""시원하다, 서늘하다""라는 뜻의 글자입니다. (京는 소리부(キョウ -> リョウ)도 겸함)",음독은 リョウ입니다. 특별한 점은 없습니다.,"涼しい는 ""시원하다, 선선하다""라는 뜻의 형용사입니다. 涼む는 ""시원한 바람을 쐬다""라는 뜻의 자동사입니다.",no
1013,N2,舟,배 주,"""배 주"". 배",シュウ,ふね、ふな,"舟는 ""노를 저어 움직이는 작은 조각배""를 그린 상형문자입니다.",음독은 シュウ입니다. 특별한 점은 없습니다.,"舟는 ""배""를 뜻합니다.",no
1014,N2,符,부호 부,"""부호 부"". 부호, 기호",フ,,"符 = 𥫗 + 付。 (의미부)「𥫗」는 ""대나무""를 뜻합니다. (소리부 겸 의미부)「付」(フ)는 ""부치다, 붙이다""라는 뜻입니다. 먼 옛날에는 편지의 진위 여부를 확인하기 위해 반으로 쪼개 나눈 대나무 조각을 맞춰 보았다고 합니다. 즉, ""대나무 조각(𥫗)을 붙여(付) 보는 것""이 신원을 확인하는 표식의 역할을 한 것입니다. 符는 ""대나무 조각(𥫗)을 붙여서(付) 진위를 확인하는 증표"" -> ""부호, 기호""라는 뜻의 글자입니다. (付는 소리부도 겸함)",음독은 フ입니다. 특별한 점은 없습니다.,符의 정식 훈독은 없습니다.,no
1015,N2,憎,미울 증,"""미울 증"". 미워하다, 증오하다",ゾウ,にく(む)、にく(い)、にく(らしい)、にく(しみ),"憎 = 忄 + 曽。 (의미부)「忄」는 ""마음""을 뜻합니다. (소리부 겸 의미부)「曽」(ソウ)는 ""쌓이다""라는 뜻입니다. 憎는 ""증오하는 마음(忄)이 쌓이다(曽)"" -> ""미워하다, 증오하다""라는 뜻의 글자입니다. (曽는 소리부(ソウ -> ゾウ)도 겸함)",음독은 ゾウ입니다. 특별한 점은 없습니다.,"1.憎む、憎しみ 憎む는 ""미워하다, 증오하다""라는 뜻의 타동사입니다. 憎しみ는 ""미움, 증오""를 뜻합니다. 예문) 訳もなく憎む 이유도 없이 미워하다 戦争を憎む 전쟁을 증오하다 憎しみが深まる 증오가 깊어지다 2.憎い、憎らしい 憎い는 ""밉다""라는 뜻의 형용사입니다. 憎らしい는 ""얄밉다""라는 뜻의 형용사입니다. 예문) 憎い奴미운 놈 憎らしいことを言う 얄미운 소리를 하다",no
1016,N2,肯,즐길 긍,"""즐길 긍"". 긍정하다, 수긍하다",コウ,,"肯 = 止 + 月。 「止」는 ""발""을 뜻합니다. 「月」는 ""고기""를 뜻합니다. 肯는 ""돼지족발(止)로 만든 고기(月)는 맛있다"" -> ""긍정하다, 수긍하다""라는 뜻의 글자입니다.",음독은 コウ입니다. 특별한 점은 없습니다.,肯의 정식 훈독은 없습니다.,no
1017,N2,燥,마를 조,"""마를 조"". 마르다, 말리다",ソウ,,"燥 = 火 + 品 + 木。 「火」는 ""불""을 뜻합니다. 「品」는 ""물건, 물품""을 뜻합니다. 「木」는 ""나무""를 뜻합니다. 燥는 ""나무(木)를 말려서(火) 팔 수 있는 장작(品)으로 만들다"" -> ""마르다, 말리다""라는 뜻의 글자입니다.",음독은 ソウ입니다. 특별한 점은 없습니다.,燥의 정식 훈독은 없습니다.,no
1018,N2,畜,짐승 축,"""짐승 축"". 가축",チク,,"畜 = 亠 + 幺 + 田。 亠는 여기서는「宀」이 축약된 것으로, ""집""을 뜻합니다. 「幺」는 ""작다, 어리다""라는 뜻입니다. 「田」는 ""밭""을 뜻합니다. 畜는 ""어릴(幺) 때부터 집(亠)에서 키워서 밭(田)을 갈 때 쓰는 가축"" -> ""가축""이라는 뜻의 글자입니다.",음독은 チク입니다. 특별한 점은 없습니다.,畜의 정식 훈독은 없습니다.,no
1019,N2,坊,동네 방,"""동네 방"". 어린이, 승려, 동네",ボウ、ボッ,,"坊 = 土 + 方。 (의미부)「土」는 ""흙""을 뜻합니다. (소리부 겸 의미부)「方」(ホウ)는 ""방향""을 뜻합니다. 坊는 ""사방(方)이 흙(土)으로 둘러싸인 산골짜기"" -> ""승려, 동자승, 어린아이""라는 뜻의 글자입니다. (方는 소리부(ホウ -> ボウ・ボッ)도 겸함)",음독은 ボウ、ボッ입니다. 그러나 절대다수는 ボウ로 읽습니다. ボッ은坊ちゃん(도련님) 외에는 거의 쓰이지 않는 음독입니다.,坊의 정식 훈독은 없습니다.,no
1020,N2,挟,낄 협,"""낄 협"". (사이에)끼다, 끼이다",キョウ,はさ(む)、はさ(まる),"挟 = 扌 + 夹。 (의미부)「扌」는 ""손""을 뜻합니다. (소리부 겸 의미부)「夹」(キョウ)는 ""옆구리에 무언가를 끼고 있는 사람""을 그린 글자입니다(링크 참조). 挟는 ""옆구리에 무언가를 꽉 끼고(夹) 손으로 잡고있는(扌) 사람"" -> ""끼다, 끼이다""라는 뜻의 글자입니다. (夹는 소리부도 겸함)",음독은 キョウ입니다. 특별한 점은 없습니다.,"挟む는 ""끼우다, 사이에 두다""라는 뜻의 타동사입니다. 挟まる는 ""(사이에) 끼이다""라는 뜻의 자동사입니다. 예문) パンにハムを挟む 빵 사이에 햄을 끼우다 道を挟んで立つ 길을 사이에 두고 서다 机を挟んで向かい合う 책상을 사이에 두고 마주 앉다 ドアに手が挟まる 문에 손이 끼이다 魚の骨が歯に挟まる 생선 가시가 잇새에 끼이다 中に挟まって困る 중간에 끼어서 곤란하다",no
1021,N2,曇,흐릴 담,"""흐릴 담"". 구름이 끼다, 흐리다",ドン,くも(る),"曇 = 日 + 雲。 「日」는 ""해""를 뜻합니다. 「雲」는 ""구름""을 뜻합니다. 曇는 ""해(日)가 구름(雲)에 가리다"" -> ""구름이 끼다, 흐리다""라는 뜻의 글자입니다.",음독은 ドン입니다. 특별한 점은 없습니다.,"曇る는 ""흐리다, 흐려지다""라는 뜻의 자동사입니다. 예문) 空が曇る 하늘이 흐리다 眼鏡が曇る 안경이 흐려지다",no
1022,N2,滴,물방울 적,"""물방울 적"". 물방울, 방울져 떨어지다",テキ,しずく、したた(る),"滴 = 氵 +啇。 (의미부)「氵」는 ""물""을 뜻합니다. (소리부 겸 의미부)「啇」(テキ)는 ""화초를 심은 화분""을 그린 글자입니다. 滴는 ""화초(啇)에 맺힌 이슬(氵)""-> ""물방울, 방울져 떨어지다""라는 뜻의 글자입니다. (啇는 소리부도 겸함)",음독은 テキ입니다. 특별한 점은 없습니다.,"滴는 ""물방울""을 뜻합니다. 滴る는 ""방울져 떨어지다""라는 뜻의 자동사입니다. 예문) 滴물방울 血が滴る 피가 방울져 떨어지다 汗が滴り落ちる 땀이 뚝뚝 떨어지다",no
1023,N2,伺,엿볼 사,"""엿볼 사"". 찾아뵙다",シ,うかが(う),"伺 = 亻 + 司。 (의미부)「亻」는 ""사람""을 뜻합니다. (소리부 겸 의미부)「司」(シ)는 ""주관하다, 다스리다""라는 뜻입니다. 伺는 ""윗사람(司)을 찾아뵙다(亻)"" -> ""찾아뵙다""라는 뜻의 글자입니다. (司는 소리부도 겸함)",음독은 シ입니다. 특별한 점은 없습니다.,"伺う는 ""묻다, 듣다""라는 뜻의 겸양동사입니다.",no
1024,N1,氏,성씨 씨,"""성씨 씨"". 성씨, 집안, ~씨",シ,うじ,"氏는 ""나무뿌리가 땅 속으로 뻗은 모습""을 그린 상형문자입니다. ""뿌리"" -> ""혈통"" -> ""성씨""라는 의미입니다.",음독은 シ입니다. 특별한 점은 없습니다.,"氏는 ""성씨, 혈통""을 뜻합니다.",no
1025,N1,統,거느릴 통,"""거느릴 통"". 거느리다, 통괄하다, 계통",トウ,す(べる),"統 = 糸 +亠 + ム +儿。 「糸」는 ""실""을 뜻합니다. 亠+ム는「子」를 거꾸로 뒤집은 것으로, ""아이""를 뜻합니다. 儿는「人」가 살짝 변형된 것으로, ""사람""을 뜻합니다. 統는 ""아이들(子)을 한데 모아(糸) 데리고 가는 어른(儿)"" -> ""거느리다, 통괄하다""라는 뜻의 글자입니다.",음독은 トウ입니다. 특별한 점은 없습니다.,"統べる는 ""총괄하다, 통합하다, 다스리다""라는 뜻의 2그룹 타동사입니다. 예문) 全体を統べ合わせて言ってみれば 전체를 총괄해서 말한다면 世界を統べる 세계를 다스리다 国政は大統領が統べている 국정은 대통령이 통괄하고 있다",no
1026,N1,派,갈래 파,"""갈래 파"". 갈래, 파벌, 갈라지다",ハ,,"派 = 氵 + 𠂢。 「氵」는 ""물""을 뜻합니다. 𠂢는 ""물줄기가 여러 갈래로 갈라져 흘러가는 모습""을 그린 모양자입니다. 派는 ""여러 갈래로 갈라져(𠂢) 흘러가는 물(氵)"" -> ""갈래, 파벌, 갈라지다""라는 뜻의 글자입니다.",음독은 ハ입니다. 특별한 점은 없습니다.,派의 정식 훈독은 없습니다.,no
1027,N1,策,꾀 책,"""꾀 책"". 계책, 책략",サク,,"策 = 𥫗 + 朿。 「𥫗」는 ""대나무""를 뜻합니다. 「朿」는 ""삼지창""을 그린 글자입니다. 策는 ""대나무(𥫗) 죽창(朿)으로상대의 허를 찌르는 전략"" -> ""계책, 책략""이라는 뜻의 글자입니다.",음독은 サク입니다. 특별한 점은 없습니다.,策의 정식 훈독은 없습니다.,no
1028,N1,提,끌 제,"""끌 제"". 제시하다, 들다",テイ,さ(げる),"提 = 扌 + 是。 「扌」는 ""손""을 뜻합니다. 是(""옳을 시"")는 ""옳다, 바르다""라는 뜻의 상용한자입니다. 是 = 日 + 正。 「日」는 ""태양""을 뜻합니다. 「正」는 ""바르다""라는 뜻입니다. 是는 ""하늘의 태양(日)처럼 바르고 올곧다(正)"" -> ""옳다""라는 뜻의 글자입니다. 提는 ""올바른 제안(是)을 내밀다(扌)"" -> ""제시하다, 들다""라는 뜻의 글자입니다.",음독은 テイ입니다. 특별한 점은 없습니다.,"提げる는 ""(손에) 들다""라는 뜻의 2그룹 타동사입니다.",no
1029,N1,挙,들 거,"""들 거"". 들어올리다, 행동하다",キョ,あ(げる)、あ(がる),"挙 = 兴 + 手。 「手」는 ""손""을 뜻합니다. 兴는 여기서는 ""왕관""을 그린 모양자입니다. 挙는 ""왕관(兴)을 높이 들어올리다(手)"" -> ""들어올리다, 행동하다""라는 뜻의 글자입니다.",음독은 キョ입니다. 특별한 점은 없습니다.,"挙げる는 ""(손 등을) 들다, (예식 등을) 거행하다""라는 뜻의 2그룹 타동사입니다. 挙がる는 ""(손 등이) 올라가다, (범인이) 잡히다"" 라는 뜻의 자동사입니다. 예문) 手を挙げる 손을 들다 結婚式を挙げる 결혼식을 올리다 手が挙がる 손이 올라가다 犯人が挙がる 범인이 잡히다",no
1030,N1,企,꾀할 기,"""꾀할 기"". 도모하다, 계획하다",キ,くわだ(てる),"企 = 𠆢 + 止。 「止」는 ""발""을 뜻합니다. 𠆢는 여기서는 ""위쪽""을 표현한 모양자입니다. 企는 ""위쪽(𠆢)으로 올라가려(止) 하다"" -> ""신분 상승을 도모하다"" -> ""도모하다, 계획하다""라는 뜻의 글자입니다.",음독은 キ입니다. 특별한 점은 없습니다.,"企てる는 ""기도하다, 계획하다, 시도하다""라는 뜻의 2그룹 타동사입니다. 예문) 謀反を企てる 모반을 기도하다 新しい事業を企てる 새로운 사업을 계획하다",no
1031,N1,藤,등나무 등,"""등나무 등"". 등나무",トウ,ふじ,"藤 = 艹 + 月 +龹 + 氺。 「艹」는 ""풀""을 뜻합니다. 「月」는 ""고기""를 뜻합니다. 龹는 여기서는「关」가 변형된 것으로, ""웃음""을 뜻합니다. 氺는「水」가 변형된 것으로, ""물""을 뜻합니다. 藤는 ""등나무 덩굴(艹) 아래서 고기(月)와 술(氺)을 먹으며 웃고 떠들다(龹)""-> ""등나무""라는 뜻의 글자입니다. 등나무 덩굴",음독은 トウ입니다. 특별한 점은 없습니다.,"藤는 ""등나무""를 뜻합니다.",no
1032,N1,沢,못 택,"""못 택"". 못, 윤기, 윤택하다",タク,さわ,"沢 = 氵 + 尺。 「氵」는 ""물""을 뜻합니다. 尺는 여기서는 ""얕은 못""을 그린 모양자입니다. 沢는 ""물(氵)이 고여있는 얕은 못(尺)"" -> ""못"" -> ""윤기, 윤택하다""라는 뜻의 글자입니다.",음독은 タク입니다. 특별한 점은 없습니다.,"沢는 ""얕은 못""을 뜻합니다.",no
1033,N1,裁,옷 마를 재,"""옷 마를 재"". 재단하다, 판가름하다",サイ,た(つ)、さば(く),"裁 = 𢦏 + 衣。 (소리부 겸 의미부)「𢦏」(サイ)는 ""화려한 의장용 창""을 뜻하는 글자입니다(링크 참조). (의미부)「衣」는 ""옷""을 뜻합니다. 裁는 ""의장용 창(𢦏)과 함께 입을 제복(衣)을 재단하다"" -> ""재단하다""라는 뜻의 글자입니다. (𢦏는 소리부도 겸함)",음독은 サイ입니다. 특별한 점은 없습니다.,"1.裁つ 裁つ는 ""마르다, 재단하다""라는 뜻의 타동사입니다. 예문) 布を裁つ 천을 마르다 2.裁く 裁く는 ""판가름하다, 중재하다, 재판하다""라는 뜻의 타동사입니다. 예문) 罪人を裁く 죄인을 재판하다 喧嘩を裁く 싸움을 중재하다",no
1034,N1,証,증거 증,"""증거 증"". 증명, 증거",ショウ,,"証 = 言 + 正。 (의미부)「言」는 ""말하다""라는 뜻입니다. (소리부 겸 의미부)「正」(ショウ)는 ""바르다""라는 뜻입니다. 証는 ""바른대로(正) 말하다(言)"" -> ""증명, 증거""라는 뜻의 글자입니다. (正는 소리부도 겸함)",음독은 ショウ입니다. 특별한 점은 없습니다.,証의 정식 훈독은 없습니다.,no
1035,N1,援,도울 원,"""도울 원"". 돕다",エン,,"援 = 扌 + 爰。 「扌」는 ""손""을 뜻합니다. 「爰」는 ""여유롭다, 한가롭다""라는 뜻입니다. 援는 ""스스로가 여유로워(爰) 남에게 도움의 손길(扌)을 내밀다"" -> ""돕다""라는 뜻의 글자입니다.",음독은 エン입니다. 특별한 점은 없습니다.,援의 정식 훈독은 없습니다.,no
1036,N1,施,베풀 시,"""베풀 시"". 베풀다, 행하다",シ、セ,ほどこ(す),"施 = 𭤨 + 也。 「𭤨」는 ""바람에 나부끼는 깃발""을 그린 것입니다. 也는 여기서는「地」가 축약된 것으로, ""땅""을 뜻합니다. 施는 ""깃발을 들고(𭤨) 각지(地)를 돌아다니며 자선을 베푸는 승려들"" -> ""베풀다, 행하다""라는 뜻의 글자입니다.",음독은 シ、セ입니다. 특별한 구분법은 없습니다.,"施す는 ""베풀다, 행하다""라는 뜻의 타동사입니다. 예문) 慈悲を施す 자비를 베풀다 手術を施す 수술을 행하다",no
1037,N1,井,우물 정,"""우물 정"". 우물",セイ、ショウ,い,"井는 ""우물""을 본따 그린 상형문자입니다.",음독은 セイ、ショウ입니다. 특별한 점은 없습니다.,훈독은 い입니다. 특별한 점은 없습니다.,no
1038,N1,護,도울 호,"""도울 호"". 보호하다",ゴ,,"護 = 言 +艹 +隹 + 又。 「言」는 ""말하다""라는 뜻입니다. 「艹」는 ""풀""을 뜻합니다. 「隹」는 ""새""를 뜻합니다. 「又」는 ""손""을 뜻합니다. 護는 ""풀숲(艹)에 쓰러져있는 다친 새(隹)를 구해서(又) 다시 지저귈(言)수 있도록 보살펴주다"" -> ""보호하다""라는 뜻의 글자입니다.",음독은 ゴ입니다. 특별한 점은 없습니다.,護의 정식 훈독은 없습니다.,no
1039,N1,態,모습 태,"""모습 태"". 모습, 형태, 상태",タイ,,"態 = 能 + 心。 「能」는 본래 ""곰""을 그린 글자입니다(링크 참조). 「心」는 ""마음""을 뜻합니다. 態는 ""마음(心)속에 떠올린곰(能)의 모습"" -> ""모습, 형태, 상태""라는 뜻의 글자입니다.",음독은 タイ입니다. 특별한 점은 없습니다.,態의 정식 훈독은 없습니다.,no
1040,N1,鮮,고울 선,"""고울 선"". 신선한, 선명한",セン,あざ(やか),"鮮 = 魚 + 羊。 「魚」는 ""물고기""를 뜻합니다. 「羊」는 ""양""을 뜻합니다. 鮮는 ""신선한 생선(魚)과 양고기(羊)"" -> ""신선하다, 선명하다""라는 뜻의 글자입니다.",음독은 セン입니다. 특별한 점은 없습니다.,"鮮やか는 ""산뜻함, 선명함, 또렷함""을 뜻합니다. 예문) 鮮やかな赤산뜻한 빨강 鮮やかなブルーのワンピース 산뜻한 블루 원피스 鮮やかに覚えている 또렷이 기억하고 있다 幼い頃の記憶が鮮やかによみがえる 어릴 적 기억이 선명하게 되살아나다",no
1041,N1,視,볼 시,"""볼 시"". 보다, 살펴보다",シ,,"視 = 礻 + 見。 「礻」는 ""신, 종교, 고대의 비석""을 뜻합니다. 「見」는 ""보다""라는 뜻입니다. 視는 ""신들(礻)께서 내려다보시다(見)"" -> ""보다, 살펴보다""라는 뜻의 글자입니다.",음독은 シ입니다. 특별한 점은 없습니다.,視의 정식 훈독은 없습니다.,no
1042,N1,幹,줄기 간,"""줄기 간"". 줄기, 주요 부분",カン,みき,"幹 =𠦝 + 𠆢 + 干。 (의미부)「𠦝」는 ""떠오르는 아침해""를 그린 글자입니다. (소리부 겸 의미부)「干」(カン)은 여기서는 ""(줄기식물의) 지지대""를 그린 모양자로 쓰인 것입니다. (의미부)𠆢는 여기서는 ""(지지대 위에 자라난) 줄기식물""을 그린 모양자입니다. 幹는 ""햇빛(𠦝)을 받으며 지지대(干)를 타고 자라나는 줄기식물(𠆢)""을 그린 글자입니다. 토마토 등의 줄기식물은 지지대 없이는 줄기를 지탱할 수 없는 식물입니다. ""줄기식물을 지탱해주는 중요한 지지대"" -> ""줄기, 주요 부분""이라는 의미입니다. (干는 소리부도 겸함)",음독은 カン입니다. 특별한 점은 없습니다.,"幹는 ""(나무의) 줄기, (사물의) 주요 부분/근간""을 뜻합니다. 예문) 松の幹소나무 줄기 計画の幹계획의 근간",no
1043,N1,宮,집 궁,"""집 궁"". 궁전, 궁궐",キュウ、グウ、ク,みや,"宮 = 宀 +呂。 「宀」는 ""집""을 뜻합니다. 「呂」는""여러 채의 집이 이어진 대저택""을뜻합니다. 宮는 ""여러 채의 건물(呂)로 된 거대한 집(宀)"" -> ""궁궐""이라는 뜻의 글자입니다.",음독은 キュウ、グウ、ク입니다. 특별한 구분법은 없습니다.,"宮는 ""신사, 황궁""을 뜻합니다.",no
1044,N1,衛,지킬 위,"""지킬 위"". 지키다, 방비하다",エイ,,"衛 = 行 + 韋。 「行」는 본래 ""사거리""를 그린 글자입니다(링크 참조). 「韋」는 ""성 주위를 돌며 경계서는 발들""을 그린 글자입니다. 衛는 ""거리(行)를 돌며 보초를 서다(韋)"" -> ""지키다, 방비하다""라는 뜻의 글자입니다.",음독은 エイ입니다. 특별한 점은 없습니다.,衛의 정식 훈독은 없습니다.,no
1045,N1,監,볼 감,"""볼 감"". 감독하다, 감시하다",カン,,"監 = 臣 + 𠂉 + 一 + 皿。 「臣」는 본래 ""눈동자""를 그린 글자입니다(링크 참조). 𠂉+一는 여기서는 ""눈썹(𠂉)과 눈(一)""을 그린 모양자입니다. 「皿」는 ""그릇""을 뜻합니다. 監는 ""그릇(皿)을 내려다보는 눈(𠂉+一+臣)"" -> ""내려다보다"" -> ""감독하다, 감시하다""라는 뜻의 글자입니다.",음독은 カン입니다. 특별한 점은 없습니다.,監의 정식 훈독은 없습니다.,no
1046,N1,審,살필 심,"""살필 심"". 심사하다, 자세히 조사하다",シン,,"審 = 宀 + 番。 「宀」는 ""집""을 뜻합니다. 「番」는 ""차례""를 뜻합니다. 審는 ""관청(宀)에서 허가 심사 차례(番)를 기다리다"" -> ""심사하다, 자세히 조사하다""라는 뜻의 글자입니다.",음독은 シン입니다. 특별한 점은 없습니다.,審의 정식 훈독은 없습니다.,no
1047,N1,義,옳을 의,"""옳을 의"". 의, 도리",ギ,,"義 = 𦍌 + 扌 + 戈。 「𦍌」는 ""양""을 뜻합니다. 「扌」는 ""손""을 뜻합니다. 「戈」는 ""창""을 뜻합니다. 義는 ""손(扌)에 창(戈)을 들고 양(𦍌)을 지키다"" -> ""옳다, 의롭다""라는 뜻의 글자입니다.",음독은 ギ입니다. 특별한 점은 없습니다.,義의 정식 훈독은 없습니다.,no
1048,N1,訴,호소할 소,"""호소할 소"". 호소하다, 하소연하다",ソ,うった(える),"訴 = 言 + 斤 + 丶。 「言」는 ""말하다""라는 뜻입니다. 「斤」는 ""도끼""를 뜻합니다. 丶는 여기서는 ""(도끼에) 베인 자국""을 그린 모양자입니다. 訴는 ""이유없이 도끼(斤)로 공격당하고(丶) 억울함을 호소하다(言)"" -> ""호소하다, 하소연하다""라는 뜻의 글자입니다.",음독은 ソ입니다. 특별한 점은 없습니다.,"訴える는 ""소송하다, 호소하다""라는 뜻의 2그룹 자동사/타동사입니다. 예문) 警察に訴える 경찰에 고소하다 名誉毀損で訴える 명예 훼손으로 고소하다 苦痛を訴える 고통을 호소하다",no
1049,N1,株,그루 주,"""그루 주"". 그루, 그루터기, 주식",,かぶ,"株 = 木 + 朱。 (의미부)「木」는 ""나무""를 뜻합니다. (소리부)朱(シュ - ""붉을 주"")는 ""주홍색""을 뜻하는 상용한자입니다. 다만 여기서는 소리부의 역할만 하고 있습니다. (株의 정식 음독은 없으나, 본래의 음독은 シュ입니다.) 朱 = 𠂉 + 木。 「木」는 ""나무""를 뜻합니다. 𠂉는 여기서는 단순히 구분을 위한 장식으로 추가된 것입니다. 朱는 본래 ""적심목""이라는 붉은 빛을 띤 나무를 뜻하기 위해 만들어진 글자입니다. ""붉은색 나무(木)"" -> ""주홍색""이라는 의미입니다. 株는 ""잘려나간 나무(木)의 밑동"" -> ""그루, 그루터기""라는 뜻의 글자입니다(朱는 소리부).",株의 정식 음독은 없습니다.,"株는 ""그루, 주식""을 뜻합니다. 다만 실생활에서는 거의 ""주식""이라는 뜻으로 쓰입니다.",no
1050,N1,姿,모양 자,"""모양 자"". 모양, 자세, 자태, 맵시",シ,すがた,"姿 = 次 + 女。 「次」는 ""다음, 두 번째""를 뜻합니다. 「女」는 ""여자""를 뜻합니다. 姿는 ""교양이 부족한 둘째(次) 딸(女)에게 여자다운 자세를 가르치다"" -> ""자세, 자태, 모양, 맵시""라는 뜻의 글자입니다.",음독은 シ입니다. 특별한 점은 없습니다.,"姿는 ""모양, 모습, 형태""를 뜻합니다.",no
1051,N1,閣,집 각,"""집 각"". 전각, 누각, 복층 건물",カク,,"閣 = 門 + 各。 (의미부)「門」는 ""문""을 뜻합니다. (소리부 겸 의미부)「各」(カク)는 ""각자, 각각""을 뜻합니다. 閣는 ""층층마다 각각(各) 문(門)이 따로 있는 건물"" -> ""전각, 누각, 복층 건물""이라는 뜻의 글자입니다. (各는 소리부도 겸함)",음독은 カク입니다. 특별한 점은 없습니다.,閣의 정식 훈독은 없습니다.,no
1052,N1,衆,무리 중,"""무리 중"". 무리, 군중, 대중",シュウ、シュ,,"衆 = 血 + 乑。 「血」는 ""피""를 뜻합니다. 乑는 여기서는「人」세 개를 합쳐 놓은 글자로, ""여러 명의 사람(人)""이라는 뜻입니다. 衆는 ""피를 흘리며(血) 열심히 일하는 노비들(乑)"" -> ""군중, 무리, 대중""이라는 뜻의 글자입니다.",음독은 シュウ、シュ입니다. 사용 빈도는 シュウ가 훨씬 높습니다.,衆의 정식 훈독은 없습니다.,no
1053,N1,影,그림자 영,"""그림자 영"". 그림자",エイ,かげ,"影 = 景 + 彡。 「景」는 ""경치, 풍경""을 뜻합니다. 彡는 여기서는 ""햇빛""을 그린 모양자입니다. 햇빛이 비치면 반드시 그림자가 생기게 됩니다. 影는 ""풍경(景)에 햇빛(彡)이 비쳐 생긴 그림자"" -> ""그림자""라는 뜻의 글자입니다.",음독은 エイ입니다. 특별한 점은 없습니다.,"影는 ""그림자""라는 뜻입니다.",no
1054,N1,松,소나무 송,"""소나무 송"". 소나무",ショウ,まつ,"松 = 木 + 公。 「木」는 ""나무""를 뜻합니다. 「公」는 ""공정하다""라는 뜻입니다. 소나무의 곧게 뻗은 잎은 ""공정함""을 연상시키곤 합니다. 松는 ""공정한(公) 나무(木)"" -> ""소나무""라는 뜻의 글자입니다.",음독은 ショウ입니다. 특별한 점은 없습니다.,"松는 ""소나무""를 뜻합니다.",no
1055,N1,撃,칠 격,"""칠 격"". 때리다, 공격하다, 무력을 가하다",ゲキ,う(つ),"撃 = 車 + 殳 + 手。 「車」는 ""수레, 차""를 뜻합니다. 「殳」는 ""때리다, 휘두르다""라는 뜻입니다. 「手」는 ""손""을 뜻합니다. 撃는""손(手)을 마구 휘둘러(殳) 수레(車)를 때려부수다"" -> ""때리다, 공격하다""라는 뜻의 글자입니다.",음독은 ゲキ입니다. 특별한 점은 없습니다.,"撃つ는 ""(총포/화살 등을) 쏘다, 사격하다""라는 뜻입니다.",no
1056,N1,佐,도울 좌,"""도울 좌"". 돕다, 보좌하다",サ,,"佐 = 亻 + 左。 (의미부)「亻」는 ""사람""을 뜻합니다. (소리부 겸 의미부)「左」(サ)는 ""왼쪽""을 뜻합니다. 佐는 ""높은 사람의 왼쪽(左)에 서서 그를 보좌하는 보좌관(亻)"" -> ""돕다, 보좌하다""라는 뜻의 글자입니다. (左는 소리부도 겸함)",음독은 サ입니다. 특별한 점은 없습니다.,佐의 정식 훈독은 없습니다.,no
1057,N1,核,씨 핵,"""씨 핵"". 핵심, 핵, 중심",カク,,"核 = 木 + 亥。 「木」는 ""나무""를 뜻합니다. 「亥」는 ""뼈만 남은 돼지""를 그린 글자입니다. 核는 ""알맹이(亥)만 남은나무열매(木)"" -> ""알맹이"" -> ""핵심, 핵, 중심""이라는 뜻의 글자입니다.",음독은 カク입니다. 특별한 점은 없습니다.,核의 정식 훈독은 없습니다.,no
1058,N1,融,녹을 융,"""녹을 융"". 녹다, 녹이다, 화합하다",ユウ,,"融 = 鬲 + 虫。 鬲는 ""화로 위의 냄비(𠮛)""를 그린 모양자입니다. 「虫」는 ""벌레""를 뜻합니다. 融는 ""펄펄 끓는 냄비(鬲)에 멋모르고 들어가 녹아버린 벌레(虫)"" -> ""녹다, 녹이다, 화합하다""라는 뜻의 글자입니다.",음독은 ユウ입니다. 특별한 점은 없습니다.,融의 정식 훈독은 없습니다.,no
1059,N1,票,표 표,"""표 표"". 표, 쪽지, 증표, 투표",ヒョウ,,"票 = 覀 + 示。 「示」는 ""고대의 비석""을 뜻합니다. 覀는 여기서는 ""(이름을 적어둔) 위패""를 그린 모양자입니다. 票는 ""비석(示) 위에 놓아둔 작은 위패(覀)"" -> ""표, 쪽지""라는 뜻의 글자입니다.",음독은 ヒョウ입니다. 특별한 점은 없습니다.,票의 정식 훈독은 없습니다.,no
1060,N1,渉,건널 섭,"""건널 섭"". 건너다, 관계하다, 상관하다",ショウ,,"渉 = 氵 + 歩。 「氵」는 ""물""을 뜻합니다. 「歩」는 ""걷다""라는 뜻입니다. 渉는 ""강(氵) 반대편까지 건너와서(歩) 끼어들다"" -> ""건너다, 관계하다, 상관하다""라는 뜻의 글자입니다.",음독은 ショウ입니다. 특별한 점은 없습니다.,渉의 정식 훈독은 없습니다.,no
1061,N1,響,울릴 향,"""울릴 향"". 울리다, 공명하다, 메아리치다",キョウ,ひび(く),"響 = 郷 + 音。 (소리부 겸 의미부)郷(キョウ - ""시골 향"")은 ""정답게 이야기를 나누는 사람들""을 그린 상용한자입니다. 郷 = 乡 + 皀 + ⻏。 중간의「皀」는 ""음식이 담긴 식기""를 그린 글자입니다(링크 참조). 양 옆의 乡+⻏는 여기서는 ""(음식을 가운데 두고 앉은) 사람들""을 그린 모양자입니다. (위 그림을 참조해 주세요.) 郷는 ""음식(皀)을 먹으며 정답게 이야기를 나누는 사람들(乡+⻏)"" -> ""시골, 고향""이라는 뜻의 글자입니다. (의미부)「音」는 ""소리""를 뜻합니다. 響는 ""정겹게 대화를 나누는(郷) 소리(音)가 울려퍼지다"" -> ""울리다, 메아리치다""라는 뜻의 글자입니다. (郷는 소리부도 겸함)",음독은 キョウ입니다. 특별한 점은 없습니다.,"響く는 ""울리다, 울려퍼지다""라는 뜻의 자동사입니다. 예문) 大砲の音が響く 대포 소리가 울리다 笑い声が部屋中に響く 웃음소리가 온 방에 울려퍼지다 遠寺の鐘がかすかに響く 먼 곳에 있는 절의 종소리가 아스라이 울리다 爆音がガラス窓に響く 폭음이 유리창을 울리다 忠告が胸に響く 충고가 가슴에 울리다(와닿다)",no
1062,N1,推,밀 추,"""밀 추"". 밀다, 추측하다, 추천하다",スイ,お(す),"推 = 扌 + 隹。 「扌」는 ""손""을 뜻합니다. 「隹」는 ""새""를 뜻합니다. 새는 앞으로밖에 걸어갈 수 없다는 특징이 있습니다. 推는 ""새(隹)를 앞으로 밀다(扌)""라는 뜻입니다. 라는 의미입니다.",음독은 スイ입니다. 특별한 점은 없습니다.,"推す는 ""미루어 알다/헤아리다, (사람/물건 등을) 추천하다""라는 뜻의 타동사입니다. 예문) 情報から推すと、Aさんが犯人に間違いない 정보로 미루어 보아 A씨가 범인임에 틀림없다 この事から推すと、あれが原因に違いない 이 일로 미루어 보면 그것이 원인임에 틀림없다 この点を推していくと、物事の本質が明らかになる 이 점을 헤아려 가면, 일의 본질이 명확해진다 委員長に推す 위원장으로 추대하다 会長に推す 회장으로 추천하다(추대하다) 好きな作品を推す 좋아하는 작품을 추천하다",no
1063,N1,請,청할 청,"""청할 청"". 청원하다, 부탁하다",セイ、シン,こ(う)、う(ける),"請 = 言 + 青。 (의미부)「言」는 ""말하다""라는 뜻입니다. (소리부 겸 의미부)「青」(セイ)는 ""푸르다""라는 뜻입니다. 請는 ""정중하게(青) 말하다(言)"" -> ""청원하다, 부탁하다""라는 뜻의 글자입니다. (青는 소리부(セイ -> セイ・シン)도 겸함)",음독은 セイ、シン입니다. 그러나 절대다수는 セイ로 읽습니다. シン은普請(건축/토목 공사) 외에는거의 쓰지 않는 음독입니다.,"1.請う 請う는 ""청하다, 바라다, 소망하다""라는 뜻의 타동사입니다. 예문) 助けを請う 도움을 청하다 教えを請う 가르침을 청하다 2.請ける 請ける는 ""(일/공사 등을) 맡다, 인수하다""라는 뜻의 2그룹 타동사입니다. 예문) 工事を請ける 공사를 맡다 得意先の仕事を請ける 단골 거래처의 일을 맡다",no
1064,N1,士,선비 사,"""선비 사"". 선비, 무사",シ,,"士는 ""고대의 무사들이 허리에 차고 다니던 무기""를 그린 상형문자입니다. ""무사를 상징하는 무기"" -> ""무사, 선비""라는 의미입니다.",음독은 シ입니다. 특별한 점은 없습니다.,士의 정식 훈독은 없습니다.,no
1065,N1,討,칠 토,"""칠 토"". 따져 묻다, 공격하다",トウ,う(つ),"討 = 言 + 寸。 「言」는 ""말하다""라는 뜻입니다. 「寸」는 ""손""을 뜻합니다. 討는 ""말(言)로 때리다(寸)"" -> ""따져 묻다, 공격하다""라는 뜻의 글자입니다.",음독은 トウ입니다. 특별한 점은 없습니다.,"討つ는 ""(칼 따위로) 베다/죽이다, (적을) 공격하다/토벌하다""라는 뜻의 타동사입니다. 예문) 首を討つ 목을 베다 親の敵を討つ 부모의 원수를 갚다 敵を討つ 적을 치다 盗賊を討つ 도적을 토벌하다",no
1066,N1,攻,칠 공,"""칠 공"". 공격하다",コウ,せ(める),"攻 = 工 + 攵。 (소리부 겸 의미부)「工」(コウ)는 ""공작, 가공, 공정""을 뜻합니다. (의미부)「攵」는 ""때리다, 치다""라는 뜻입니다. 攻는 ""공구(工)로 때리다(攵)"" -> ""공격하다""라는 뜻의 글자입니다. (工는 소리부도 겸함)",음독은 コウ입니다. 특별한 점은 없습니다.,"攻める는 ""공격하다""라는 뜻의 2그룹 타동사입니다.",no
1067,N1,崎,험할 기,"""험할 기"". (지명에 쓰이는 한자)",,さき,"崎는 본래는 ""곶""을 뜻하는 한자로, ""산(山)""과 소리부(奇 - キ)가 합쳐져서 만들어진 글자입니다. ""산"" -> ""험한 지형"" -> ""곶""이라는 의미입니다. 그러나 이 한자는 실생활에서는 거의 지명의 일부로만 쓰이는 글자입니다. (이 한자가 상용한자에 포함된 이유는, 일본 초등교육과정의 목표 중 하나가 ""47도도부현의 지명을 전부 읽을 수 있게 되는 것""이기 때문입니다.)",崎의 정식 음독은 없습니다.,훈독은 さき입니다. 거의 지명에만 쓰입니다.,no
1068,N1,督,감독할 독,"""감독할 독"". 감독하다, 지켜보다",トク,,"督 = 尗 + 又 + 目。 「尗」는 ""식물의 줄기와 뿌리""를 그린 글자입니다(링크 참조). 「又」는 ""손""을 뜻합니다. 「目」는 ""눈""을 뜻합니다. 督는 ""땅에 심어놓은 식물(尗)이 잘 자라도록 관리해주며(又) 지켜보다(目)"" -> ""감독하다, 지켜보다""라는 뜻의 글자입니다.",음독은 トク입니다. 특별한 점은 없습니다.,督의 정식 훈독은 없습니다.,no
1069,N1,催,재촉할 최,"""재촉할 최"". 재촉하다, 개최하다",サイ,もよお(す),"催 = 亻 + 山 + 隹。 「亻」는 ""사람""을 뜻합니다. 「山」는 ""산""을 뜻합니다. 「隹」는 ""새""를 뜻합니다. 催는, 라는 뜻의 글자입니다.",음독은 サイ입니다. 특별한 점은 없습니다.,"催す는 ""개최하다, 열다, (기분/상태 등을) 불러일으키다/자아내다""라는 뜻의 타동사입니다. 예문) 送別会を催す 송별회를 열다 食欲を催す 식욕을 불러일으키다",no
1070,N1,及,미칠 급,"""미칠 급"". 미치다, 이르다",キュウ,およ(ぶ)、およ(ぼす)、およ(び),"及 = 人 + 又。 「人」는 ""사람""을 뜻합니다. 「又」는 ""손""을 뜻합니다. 及는 ""사람(人)을 붙잡다(又)"" -> ""손이 닿다"" -> ""이르다, 미치다""라는 뜻의 글자입니다.",음독은 キュウ입니다. 특별한 점은 없습니다.,"1.及ぶ、及ぼす 及ぶ는 ""미치다, 달하다, 이르다""라는 뜻의 자동사입니다. 及ぼす는 ""(작용/영향 등을) 미치게 하다, 끼치다""라는 뜻의 타동사입니다. 예문) 被害が全国に及ぶ 피해가 전국에 이르다 実力では彼に及ぶ者がいない 실력으로는 그에게 견줄 자가 없다 社会に害を及ぼす 사회에 해를 끼치다 子供によい影響を及ぼす 아이에게 좋은 영향을 미치다 2.及び 及び는 ""및, 또""라는 뜻입니다. 예문) 研究及び開発연구 및 개발",no
1071,N1,憲,법 헌,"""법 헌"". 헌법",ケン,,"憲 = 宀 + 龶 + 罒 + 心。 「宀」는 ""집""을 뜻합니다. 龶는 여기서는 ""날카로운 흉기""를 그린 모양자입니다. 「罒」는 ""그물""을 뜻합니다. 「心」는 ""마음""을 뜻합니다. 憲는 ""사람들의 마음(心)을 옭아매고(罒) 폭력으로 협박해(龶) 굴복시키는 국가의(宀) 법규"" -> ""헌법""이라는 뜻의 글자입니다.",음독은 ケン입니다. 특별한 점은 없습니다.,憲의 정식 훈독은 없습니다.,no
1072,N1,離,떠날 리,"""떠날 리"". 떨어지다, 분리되다",リ,はな(れる)、はな(す),"離 = 离 + 隹。 离는 ""덫에 걸린 동물""을 그린 모양자입니다. (윗부분의 㐫는 ""짐승의 머리""를 그린 것이고, 아래쪽의 禸는 ""덫(冂)에 걸린 다리(厶)""를 그린 것입니다.) 「隹」는 ""새""를 뜻합니다. 離는 ""덫(离)에서 빠져나와 달아나는 새(隹)"" -> ""떨어지다, 분리되다""라는 뜻의 글자입니다.",음독은 リ입니다. 특별한 점은 없습니다.,"離れる는 ""떨어지다, 멀어지다""라는 뜻의 2그룹 자동사입니다. 離す는 ""떼다, 놓다, 거리를 벌리다""라는 뜻의 타동사입니다. 예문) 手を離れる 손을 떠나다(손에서 떨어져 나가다) 故郷を離れる 고향을 떠나다 脳裏を離れない 뇌리에서 떠나지 않는다 本を手元から離さない 책을 손에서 놓지 않는다 ハンドルから手を離す 핸들에서 손을 떼다 1メートル離して植える 1미터 사이를 두고 심다 荷物から目を離すな 짐에서 눈을 떼지 마라",no
1073,N1,激,격할 격,"""격할 격"". 격렬하다, 거세다",ゲキ,はげ(しい),"激 = 氵 + 白 + 方 +攵。 「氵」는 ""물""을 뜻합니다. 「白」는 ""흰색""을 뜻합니다. 「方」는 ""방향""을 뜻합니다. 「攵」는 ""때리다, 치다""라는 뜻입니다. 激는 ""거센 급류(氵)가 휘몰아쳐(攵) 사방에(方) 하얀 거품(白)이 일다"" -> ""격렬한, 거센""이라는 뜻의 글자입니다.",음독은 ゲキ입니다. 특별한 점은 없습니다.,"激しい는 ""격렬하다, 거세다, 심하다""라는 뜻의 형용사입니다.",no
1074,N1,摘,딸 적,"""딸 적"". 집어내다, 따다, 들추어내다, 폭로하다",テキ,つ(む),"摘 = 扌 + 啇。 (의미부)「扌」는 ""손""을 뜻합니다. (소리부 겸 의미부)「啇」(テキ)는 ""화초를 심은 화분""을 그린 글자입니다. 摘는 ""화초(啇)에 붙은 벌레를 집어내다(扌)"" -> ""집어내다, 따다, 들추다, 폭로하다""라는 뜻의 글자입니다. (啇는 소리부도 겸함)",음독은 テキ입니다. 특별한 점은 없습니다.,"摘む는 ""따다""라는 뜻의 타동사입니다. 예문) 花を摘む 꽃을 따다 イチゴを摘む 딸기를 따다",no
1075,N1,系,이어맬 계,"""이어맬 계"". 계통, 분류",ケイ,,"系 = 一 + 糸。 「一」는 ""1""을 뜻합니다. 「糸」는 ""실""을 뜻합니다. 系는 ""하나로(一) 이어지는(糸) 계통"" -> ""계통, 분류""라는 뜻의 글자입니다.",음독은 ケイ입니다. 특별한 점은 없습니다.,系의 정식 훈독은 없습니다.,no
1076,N1,郎,사내 랑,"""사내 랑"". 젊은 남성",ロウ,,"郎 = 良 + ⻏。 「良」는 ""좋다""라는 뜻입니다. 「⻏」는 ""도시""를 뜻합니다. 郎는 ""도시(⻏)의 좋은(良) 신랑감"" -> ""젊은 남성""이라는 뜻의 글자입니다.",음독은 ロウ입니다. 특별한 점은 없습니다.,郎의 정식 훈독은 없습니다.,no
1077,N1,盟,맹세 맹,"""맹세 맹"". 맹세하다",メイ,,"盟 = 明 + 皿。 (소리부 겸 의미부)「明」(メイ)는 ""밝다""라는 뜻입니다. (의미부)「皿」는 ""그릇""을 뜻합니다. 옛날 중국에서는 동맹을 맺을 때 술잔을 나누며 의식을 치렀다고 합니다. 盟는 ""밝은 달(明) 아래에서 술잔을(皿) 나누며 맹세하다"" -> ""맹세하다""라는 뜻의 글자입니다. (明는 소리부도 겸함)",음독은 メイ입니다. 특별한 점은 없습니다.,盟의 정식 훈독은 없습니다.,no
1078,N1,従,좇을 종,"""좇을 종"". 따르다, 복종하다",ジュウ、ショウ、ジュ,したが(う)、したが(える),"従 = 彳 + 䒑 + 止。 「彳」는 ""길""을 뜻합니다. 䒑는 여기서는 ""발자국""을 그린 모양자입니다. 「止」는 ""발""을 뜻합니다. 従는 ""길(彳)에 남아있는 앞사람의 발자국(䒑)을 따라가다(止)"" -> ""따르다, 복종하다""라는 뜻의 글자입니다.",음독은 ジュウ、ショウ、ジュ입니다. 그러나 절대다수는 ジュウ로 읽습니다. ショウ・ジュ는 일부 예외적인 단어에만 쓰이는 음독입니다.,"従う는 ""따르다, 복종하다""라는 뜻의 자동사입니다. 従える는 ""따르게 하다, 복종시키다""라는 뜻의 2그룹 타동사입니다. 예문) 慣行に従う 관행에 따르다 大勢に従う 대세에 따르다 主人の言葉に従う 남편의 말씀에 따르다 群臣を従える 군신을 거느리다 一族を従えて移住する 일족을 거느리고 이주하다 女を従える 여자를 복종시키다",no
1079,N1,隊,무리 대,"""무리 대"". 조직, 무리",タイ,,"隊 = ⻖ +丷 +豕。 「⻖」는 ""언덕, 산""을 뜻합니다. 丷는 여기서는 ""수풀""을 그린 모양자입니다. 「豕」는 ""돼지""를 뜻합니다. 隊는 ""산속(⻖)의 수풀(丷) 사이로 몰려다니는 멧돼지(豕) 무리"" -> ""무리, 조직, 떼""라는 뜻의 글자입니다.",음독은 タイ입니다. 특별한 점은 없습니다.,隊의 정식 훈독은 없습니다.,no
1080,N1,織,짤 직,"""짤 직"". 짜다, 조직하다",ショク、シキ,お(る),"織 = 糸 + 戠。 (의미부)「糸」는 ""실""을 뜻합니다. (소리부 겸 의미부)戠는 여기서는「職」(ショク)가 축약된 것으로, ""일, 직업""을 뜻합니다. 織는 ""실(糸)을 짜는 일(職)"" -> ""(직물을) 짜다, 조직하다""라는 뜻의 글자입니다. (戠->職는 소리부(ショク -> ショク・シキ)도 겸함)",음독은 ショク、シキ입니다. 특별한 점은 없습니다.,"織る는 ""(옷감 등을) 짜다""라는 뜻의 타동사입니다.",no
1081,N1,振,떨칠 진,"""떨칠 진"". 흔들다",シン,ふ(る)、ふ(るう)、ふ(れる),"振 = 扌 + 辰。 (의미부)「扌」는 ""손""을 뜻합니다. (소리부 겸 의미부)「辰」(シン)은 ""쟁기, 농기구""를 뜻합니다. 振는 ""쟁기(辰)를 손에 들고(扌) 휘두르다"" -> ""흔들다""라는 뜻의 글자입니다. (辰는 소리부도 겸함)",음독은 シン입니다. 특별한 점은 없습니다.,"1.振る、振れる 振る는 ""흔들다, 휘두르다""라는 뜻의 타동사입니다. 振れる는 ""흔들리다""라는 뜻의 2그룹 자동사입니다. 예문) 首を横に振る 머리를 가로젓다 手を振る 손을 흔들다 旗を振る 깃발을 흔들다 バットを振る 배트를 휘두르다 空振り三振(야구 용어)헛스윙 삼진 電灯が振れる 전등이 흔들리다 地震計の針が振れる 지진계의 바늘이 흔들리다 2.振るう 振るう는 ""(솜씨/능력 등을) 발휘하다, 떨치다""라는 뜻의 자동사 겸 타동사입니다. 예문) 腕を振るう 솜씨를 발휘하다 インフルエンザが猛威を振るっている 독감이 맹위를 떨치고 있다 権力を振るう 권력을 휘두르다 暴力を振るう 폭력을 휘두르다",no
1082,N1,弁,말씀 변,"""말씀 변"". 변론하다, 말하다",ベン,,"弁 = 厶 + 廾。 「厶」는 ""팔을 안으로 굽힌 모습""을 그린 글자입니다. 廾는 여기서는 ""두 손을 들어올린 모습""을 그린 모양자입니다. 弁는 ""팔을 들었다(廾) 굽혔다(厶) 하며 열변을 토하다"" -> ""변론하다, 말하다""라는 뜻의 글자입니다.",음독은 ベン입니다. 특별한 점은 없습니다.,弁의 정식 훈독은 없습니다.,no
1083,N1,就,나아갈 취,"""나아갈 취"". 따라가다, 취임하다, 이루다",シュウ、ジュ,つ(く)、つ(ける),"就 = 京 + 尤。 「京」는 ""수도""를 뜻합니다. 尤는 여기서는 ""짐을 메고 걷는 사람""을 그린 모양자입니다. 就는 ""짐을 싸들고(尤) 수도로(京) 상경해 일을 시작하다"" -> ""따라가다, 취임하다, 이루다""라는 뜻의 글자입니다.",음독은 シュウ、ジュ입니다. 사용 빈도는 シュウ가 훨씬 높습니다. ジュ는成就(성취) 외에는 거의 쓰이지 않는 음독입니다.,"就く는 ""오르다, 취임하다, 종사하다""라는 뜻의 타동사입니다. 就ける는 ""(자리에) 앉히다, 취임시키다, 종사시키다""라는 뜻의 2그룹 타동사입니다. 예문) 社長の座に就く 사장 자리에 앉다 王座に就く 왕좌에 오르다 社長の座に就ける 사장 자리에 취임시키다 要職に就ける 요직에 앉히다",no
1084,N1,献,바칠 헌,"""바칠 헌"". 바치다, 드리다",ケン、コン,,"献 = 南 + 犬。 「南」는 ""남쪽""을 뜻합니다. 「犬」는 ""개""를 뜻합니다. 献는 ""남쪽(南)을 향해 제사를 지내며 동물(犬)을 공양하다"" -> ""바치다, 드리다""라는 뜻의 글자입니다.",음독은 ケン、コン입니다. 사용 빈도는 ケン이 훨씬 높습니다. コン은 일부 예외적인 단어에만 쓰이는 음독입니다.,献의 정식 훈독은 없습니다.,no
1085,N1,厳,엄할 엄,"""엄할 엄"". 엄한, 엄숙한",ゲン、ゴン,おごそ(か)、きび(しい),"厳 = ⺍ + 厂 +丅 + 耳 + 攵。 ⺍+厂는 여기서는「⺍＋冖」가 변형된 것으로, ""불이 환하게 켜진 집""을 뜻합니다. 「耳」는 ""귀""를 뜻합니다. 丅는 여기서는 ""(귀로 들어오는) 잔소리""를 표현한 모양자입니다. 「攵」는 ""때리다, 치다""라는 뜻입니다. 厳는 ""늦은 밤에(⺍+厂) 아이를 훈계하며(丅+耳) 회초리로 때리다(攵)"" -> ""엄한, 엄숙한""이라는 뜻의 글자입니다.",음독은 ゲン、ゴン입니다. 사용 빈도는 ゲン이 훨씬 높습니다. ゴン은 일부 예외적인 단어에만 쓰이는 음독입니다.,"厳か는 ""엄숙함""을 뜻합니다. 厳しい는 ""엄하다, 심하다, 지독하다""라는 뜻의 형용사입니다. 예문) 厳かな雰囲気엄숙한 분위기 厳しい先生엄격한 선생님 厳しい寒さ 지독한 추위",no
1086,N1,維,벼리 유,"""벼리 유"". 잇다, 유지하다",イ,,"維 = 糸 + 隹。 「糸」는 ""실""을 뜻합니다. 「隹」는 ""새""를 뜻합니다. 維는 ""새(隹)가 날아가지 못하도록 실(糸)로 묶어두다"" -> ""잇다, 유지하다""라는 뜻의 글자입니다.",음독은 イ입니다. 특별한 점은 없습니다.,維의 정식 훈독은 없습니다.,no
1087,N1,浜,물가 빈,"""물가 빈"". 물가, 해변",ヒン,はま,"浜 = 氵 + 兵。 「氵」는 ""물""을 뜻합니다. 「兵」는 ""병사""를 뜻합니다. 浜는 ""바닷가(氵)에 늘어서있는 수군(兵)들"" -> ""물가, 해변""이라는 뜻의 글자입니다.",음독은 ヒン입니다. 특별한 점은 없습니다.,"浜는 ""해변의 모래밭""을 뜻합니다.",no
1088,N1,遺,남길 유,"""남길 유"". (사후에) 남기다, 잃어버리다",イ、ユイ,,"遺 = ⻌ +𠀐 + 貝。 「⻌」는 ""길""을 뜻합니다. 𠀐는 여기서는「上」가 변형된 것으로, ""높다""라는 뜻입니다. 「貝」는 ""돈, 재물""을 뜻합니다. 遺는 ""길(⻌)에 상등품(𠀐)의 재보(貝)를 떨어뜨리다"" -> ""남기다, 잃어버리다""라는 뜻의 글자입니다.",음독은 イ、ユイ입니다. 그러나 절대다수는 イ로 읽습니다. ユイ는遺言(유언) 외에는 거의 쓰이지 않는 음독입니다.,遺의 정식 훈독은 없습니다.,no
1089,N1,塁,보루 루,"""보루 루"". 성채, 베이스(야구)",ルイ,,"塁 = 田 + 冫 + 冫 + 土。 塁는 본래 ""흙(土)으로 쌓아올린 작은 성""을 그린 상형문자입니다. 그러나 현재는 본래의 의미로는 거의 쓰이지 않고, ""야구의 베이스(1루, 2루, 3루)""를 뜻하는 글자로서만 쓰이고 있습니다. (田는 투수, 중간의 冫+冫는 1루/2루/3루/홈, 土는 타자를 각각 그린 것으로 기억하시면 됩니다.)",음독은 ルイ입니다. 특별한 점은 없습니다.,塁의 정식 훈독은 없습니다.,no
1090,N1,邦,나라 방,"""나라 방"". 국가, 나라",ホウ,,"邦 = 丰 + ⻏。 丰는 여기서는「手」가 변형된 것으로, ""손""을 뜻합니다. 「⻏」는 ""도시""를 뜻합니다. 邦는 ""모두의 손(手)으로 쌓아올린 대도시(⻏)"" -> ""나라, 국가""라는 뜻의 글자입니다.",음독은 ホウ입니다. 특별한 점은 없습니다.,邦의 정식 훈독은 없습니다.,no
1091,N1,素,본디 소,"""본디 소"". 꾸밈없는, 그대로의, 본래의, 원초적인",ソ、ス,,"素 = 龶 + 糸。 龶는 여기서는 ""돌돌 말린 누에고치""를 그린 모양자입니다. 「糸」는 ""실""을 뜻합니다. 素는 ""누에고치(龶)에서 갓 뽑은 실(糸)"" -> ""본래의, 원초적인, 그대로의""라는 뜻의 글자입니다.","음독은 ソ、ス입니다. 素는 ""아무것도 섞이지 않은, 맨~""이라는 뜻의 접두어입니다.",素의 정식 훈독은 없습니다.,no
1092,N1,遣,보낼 견,"""보낼 견"". 보내다, 파견하다",ケン,つか(う)、つか(わす),"遣 = ⻌ + 𠀐 + 㠯。 ⻌+𠀐는 여기서는「遺」가 축약된 것으로, ""잃어버리다""라는 뜻입니다. 㠯는 여기서는「官」가 축약된 것으로, ""관리, 벼슬아치""를 뜻합니다. 遣는 ""왕이 잃어버린(遺) 물건을 되찾기 위해 관리(官)를 파견하다"" -> ""보내다, 파견하다""라는 뜻의 글자입니다.",음독은 ケン입니다. 특별한 점은 없습니다.,"遣う는 ""쓰다""라는 뜻의 타동사로, 일부 명사에 붙어 한정적으로 쓰이는 동사입니다. 遣わす는 ""파견하다""라는 뜻의 타동사입니다.",no
1093,N1,抗,겨룰 항,"""겨룰 항"". 항거하다, 대항하다",コウ,,"抗 = 扌 + 亢。 (의미부)「扌」는 ""손""을 뜻합니다. (소리부 겸 의미부)「亢」(コウ)는 ""오르다""라는 뜻입니다. 抗는 ""높은 곳으로 올라가(亢) 적군을 막아내다(扌)"" -> ""항거하다, 대항하다""라는 뜻의 글자입니다. (亢는 소리부도 겸함)",음독은 コウ입니다. 특별한 점은 없습니다.,抗의 정식 훈독은 없습니다.,no
1094,N1,模,본뜰 모,"""본뜰 모"". 모형, 본, 무늬",モ、ボ,,"模 = 木 + 莫。 (의미부)「木」는 ""나무""를 뜻합니다. (소리부 겸 의미부)「莫」(ボ)는 ""없다""라는 뜻입니다. 模는""원본이 없을(莫) 때 쓰는, 나무(木)로 만든 모형""-> ""모형, 본""이라는 뜻의 글자입니다. (莫는 소리부(ボ -> モ・ボ)도 겸함)",음독은 モ、ボ입니다. 사용 빈도는 モ가 훨씬 높습니다. ボ는規模(규모)외에는 거의 쓰이지 않는 음독입니다.,模의 정식 훈독은 없습니다.,no
1095,N1,雄,수컷 웅,"""수컷 웅"". 수컷, 남자다운, 굳센, 힘찬",ユウ,お、おす,"雄 = 厷 + 隹。 厷는「広」가 살짝 변형된 것으로, ""넓다""라는 뜻입니다. 「隹」는 ""새""를 뜻합니다. 雄는 본래 ""수컷 새(隹)""를 뜻하던 글자입니다. ""몸통이 넓은(広) 새(隹)"" -> ""수컷 새"" -> ""수컷, 남자다운, 굳센, 힘찬""이라는 의미입니다.",음독은 ユウ입니다. 특별한 점은 없습니다.,"雄는 ""수컷""을 뜻합니다.",no
1096,N1,益,더할 익,"""더할 익"". 이익, 유익하다",エキ、ヤク,,"益 = 丷 + 一 + ハ + 皿。 「皿」는 ""그릇, 접시""를 뜻합니다. 丷+一+ハ는 여기서는 ""그릇(皿)에서 넘쳐흐르는 물""을 그린 모양자입니다. 益는 ""그릇(皿)에서 물이 넘쳐흐르다(丷+一+ハ)"" -> ""넘치다"" -> ""이익, 유익""이라는 뜻의 글자입니다.",음독은 エキ、ヤク입니다. 사용 빈도는 エキ가 훨씬 높습니다. ヤク는 일부 예외적인 단어에만 사용되는 음독입니다.,益의 정식 훈독은 없습니다.,no
1097,N1,緊,긴할 긴,"""긴할 긴"". 긴박하다, 시급하다, 세게 조르다",キン,,"緊 = 臣 + 又 + 糸。 「臣」는 ""신하""를 뜻합니다. 「又」는 ""손""을 뜻합니다. 「糸」는 ""줄""을 뜻합니다. 緊는 ""신하(臣)가 왕을 뵙기 전 갓끈(糸)을 단단히 동여매다(又)"" -> ""긴박하다, 시급하다, 세게 조르다""라는 뜻의 글자입니다.",음독은 キン입니다. 특별한 점은 없습니다.,緊의 정식 훈독은 없습니다.,no
1098,N1,宣,베풀 선,"""베풀 선"". 널리 퍼지다, 선언하다, 퍼뜨리다",セン,,"宣 = 宀 + 亘。 「宀」는 ""집""을 뜻합니다. 亘는 ""하늘(一)과 땅(一) 사이의 태양(日)"" -> ""천지""라는 뜻의 글자입니다. 宣는 ""황궁(宀)에서 반포한 칙명이천지(亘)로 퍼져나가다"" -> ""널리 퍼지다, 선언하다""라는 뜻의 글자입니다.",음독은 セン입니다. 특별한 점은 없습니다.,宣의 정식 훈독은 없습니다.,no
1099,N1,昭,밝을 소,"""밝을 소"". 밝다 (일본 연호에 쓰이는 글자)",ショウ,,"昭 = 日 + 召。 (의미부)「日」는 ""태양""을 뜻합니다. (소리부 겸 의미부)「召」(ショウ)는 ""부르다""라는 뜻입니다. 昭는 ""햇빛(日)을 불러들이다(召)"" -> ""밝다""라는 뜻의 글자입니다. 다만, 이 한자는 실제로는 일본의 연호(쇼와)를 지칭할 때에만 쓰이는 글자로, 그 외에는 거의 쓰이지 않습니다.",음독은 ショウ입니다. 특별한 점은 없습니다.,昭의 정식 훈독은 없습니다.,no
1100,N1,廃,폐할/버릴 폐,"""폐할/버릴 폐"". 버리다, 폐기하다, 쇠퇴하다",ハイ,すた(れる)、すた(る),"廃 = 广 + 発。 「广」는 ""건물, 집""을 뜻합니다. 「発」는 ""쏘다, 발사하다""라는 뜻입니다. 廃는 ""집(广)을 버리고 뛰쳐나오다(発)"" -> ""버리다, 폐기하다, 쇠퇴하다""라는 뜻의 글자입니다.",음독은 ハイ입니다. 특별한 점은 없습니다.,"廃れる는 ""쇠퇴하다, 한물 가다, 쓰이지 않게 되다""라는 뜻의 2그룹 자동사입니다. 廃る는廃れる의 옛 표현으로, 현재는 일부 관용구 외에는 거의 쓰이지 않는 표현입니다.",no
1101,N1,江,강 강,"""강 강"". 강",コウ,え,"江 = 氵 + 工。 (의미부)「氵」는 ""물""을 뜻합니다. (소리부)「工」(コウ)는 여기서는 소리부의 역할만 하고 있습니다. 江는 ""물길(氵)"" -> ""강""이라는 뜻의 글자입니다(工는 소리부).",음독은 コウ입니다. 특별한 점은 없습니다.,훈독은 え입니다. 특별한 점은 없습니다.,no
1102,N1,僚,동료 료,"""동료 료"". 친구, 동료, 관료",リョウ,,"僚 = 亻 + 尞。 (의미부)「亻」는 ""사람""을 뜻합니다. (소리부 겸 의미부)「尞」(リョウ)는 ""횃불""을 그린 글자입니다. 僚는 ""내가 어려울 때 옆에서 빛을 밝혀주며(尞) 도와주는 사람(亻)"" -> ""친구, 동료""라는 뜻의 글자입니다. (尞는 소리부도 겸함)",음독은 リョウ입니다. 특별한 점은 없습니다.,僚의 정식 훈독은 없습니다.,no
1103,N1,吉,길할 길,"""길할 길"". 길하다, 상서롭다, 운이 좋다",キチ、キツ,,"吉 = 士 + 口。 「士」는 ""선비""를 뜻합니다. 「口」는 ""입""을 뜻합니다. 吉는 ""선비(士)의 덕담(口)"" -> ""길하다, 상서롭다, 운이 좋다""라는 뜻의 글자입니다.",음독은 キチ、キツ입니다. 특별한 구분법은 없습니다.,吉의 정식 훈독은 없습니다.,no
1104,N1,盛,성할 성,"""성할 성"". 번성하다, 가득 쌓다",セイ、ジョウ,も(る)、さか(る)、さか(ん),"盛 = 成 + 皿。 (소리부 겸 의미부)「成」(セイ・ジョウ)는 ""이루다, 성취하다""라는 뜻입니다. (의미부)「皿」는 ""그릇, 접시""를 뜻합니다. 盛는 ""그릇(皿)에 음식을 가득 만들어(成) 쌓아놓다"" -> ""번성하다, 가득 쌓다""라는 뜻의 글자입니다. (成는 소리부도 겸함)",음독은 セイ、ジョウ입니다. 그러나 절대다수는 セイ로 읽습니다. ジョウ는繁盛(번성) 외에는 거의 쓰지 않는 음독입니다.,"1.盛る 盛る는 ""(음식 등을) 담다, 쌓아 올리다""라는 뜻의 타동사입니다. 예문) 飯を盛る 밥을 가득 담다 2.盛る、盛ん 盛る는 ""번창하다, 활발해지다""라는 뜻의 자동사입니다. 盛ん은 ""번창함, 성함, 기세가 좋음""이라는 뜻입니다. 예문) 店が盛る 가게가 번창하다 工業の盛んな都市공업이 번창한 도시",no
1105,N1,皇,임금 황,"""임금 황"". 황제",コウ、オウ,,"皇 = 丶 + 日 + 王。 丶는 여기서는「一」가 축약된 것으로, ""1""을 뜻합니다. 「日」는 ""태양""을 뜻합니다. 「王」는 ""임금, 왕""을 뜻합니다. 皇는 ""왕(王)들의 위에서 태양(日)처럼 군림하는 1인자(一)"" -> ""황제""라는 뜻의 글자입니다.",음독은 コウ、オウ입니다. 사용 빈도는 コウ가 훨씬 높습니다.,皇의 정식 훈독은 없습니다.,no
1106,N1,臨,임할 임,"""임할 임"". 내려다보다, 임하다, 임시",リン,のぞ(む),"臨 = 臣 + 𠂉 + 品。 「臣」는 ""신하""를 뜻합니다. 𠂉는 여기서는 ""내려다보는 눈""을 표현한 모양자입니다. 品는 여기서는 ""민가가 모여있는 마을""을 그린 모양자입니다. 臨는 ""자신이 다스릴 영지(品)를 내려다보는(𠂉) 신하(臣)"" -> ""내려다보다, 임하다""라는 뜻의 글자입니다.",음독은 リン입니다. 특별한 점은 없습니다.,"臨む는 ""면하다, 향하다, 임하다, 당면하다""라는 뜻의 자동사입니다. 예문) 海に臨んだ家바다를 향한 집 試合に臨む心構え 시합에 임하는 마음가짐 危機に臨む 위기에 당면하다",no
1107,N1,踏,밟을 답,"""밟을 답"". 밟다, 짓밟다",トウ,ふ(む)、ふ(まえる),"踏 = 足 + 水 + 日。 「足」는 ""발""을 뜻합니다. 「水」는 ""물""을 뜻합니다. 日는 여기서는 ""(물 속의) 징검다리""를 그린 모양자입니다. 踏는 ""물(水) 속의 징검다리(日)를 밟고(足) 건너가다"" -> ""밟다, 짓밟다""라는 뜻의 글자입니다.",음독은 トウ입니다. 특별한 점은 없습니다.,"踏む는 ""밟다, 발로 디디다""라는 뜻의 타동사입니다. 踏まえる는 ""밟아 누르다, 근거하다, 입각하다""라는 뜻의 2그룹 타동사입니다. 예문) 影を踏む 그림자를 밟다 大地を踏んで立つ 대지를 밟고 서다 事実を踏まえた論証사실에 근거한 논증 証拠を踏まえて責め立てる 증거에 입각해 몰아붙이다",no
1108,N1,壊,무너질 괴,"""무너질 괴"". 부서지다, 파괴되다, 무너지다",カイ,こわ(す)、こわ(れる),"壊 = 土 + 十 +罒 + 衣。 「土」는 ""흙""을 뜻합니다. 十+罒는 여기서는 ""눈썹(十)과 눈(罒)""을 그린 모양자입니다. 「衣」는 ""옷""을 뜻합니다. 壊는 ""힘들게 쌓은 흙벽(土)이 무너지는 것을 보며 옷(衣)에 눈을 파묻고(十+罒) 울다"" -> ""무너지다, 부서지다, 파괴되다""라는 뜻의 글자입니다.",음독은 カイ입니다. 특별한 점은 없습니다.,"壊す는 ""파괴하다, 부수다, 고장내다""라는 뜻의 타동사입니다. 壊れる는 ""파괴되다, 깨지다, 부서지다, 망가지다""라는 뜻의 2그룹 자동사입니다. 예문) 家を壊す 집을 파괴하다 皿を壊す 접시를 깨뜨리다 壊れた皿깨진 접시 家が壊れる 집이 파괴되다 テレビが壊れる TV가 망가지다",no
1109,N1,債,빚 채,"""빚 채"". 빚, 채무",サイ,,"債 = 亻 + 責。 「亻」는 ""사람""을 뜻합니다. 「責」는 ""책임, 꾸짖다, 책망하다""라는 뜻입니다. 債는 ""빚을 독촉하는(責) 빚쟁이(亻)"" -> ""빚, 채무""라는 뜻의 글자입니다.",음독은 サイ입니다. 특별한 점은 없습니다.,債의 정식 훈독은 없습니다.,no
1110,N1,興,일 흥,"""일 흥"". 흥하다, 부흥하다, 흥미, 흥겨움",コウ、キョウ,おこ(る)、おこ(す),"興 = 𦥑 + 一 + ハ + 同。 「同」는 ""같다""라는 뜻입니다. 𦥑는 여기서는「⺤」두 개가 합쳐진 것으로, ""손(⺤) 두 개""를 뜻합니다. 一+ハ는 여기서는 ""서로 붙잡은(一) 손(ハ)""을 그린 모양자입니다. 興는 ""모두 함께(同) 손(𦥑+ハ)을 잡고(一) 춤추다"" -> ""흥하다, 흥겨움, 흥미""라는 뜻의 글자입니다.",음독은 コウ、キョウ입니다. 특별한 구분법은 없습니다.,"興す는 ""(국가/사업 등을) 부흥시키다, 일으키다""라는 뜻의 타동사입니다. 興る는 ""(국가/사업 등이) 흥하다, 일어나다""라는 뜻의 자동사입니다.",no
1111,N1,源,근원 원,"""근원 원"". 원천, 원류",ゲン,みなもと,"源 = 氵 + 原。 (의미부)「氵」는 ""물""을 뜻합니다. (소리부 겸 의미부)「原」(ゲン)는 ""근원""을 뜻합니다. 源는 ""물(氵)이 흘러나오는 수원지(原)"" -> ""원천, 원류""라는 뜻의 글자입니다. (原는 소리부도 겸함)",음독은 ゲン입니다. 특별한 점은 없습니다.,"源는 ""수원, 기원, 근원""이라는 뜻입니다.",no
1112,N1,儀,거동 의,"""거동 의"". 법도, 예법, 예식, 모형",ギ,,"儀 = 亻 + 義。 (의미부)「亻」는 ""사람""을 뜻합니다. (소리부 겸 의미부)「義」(ギ)는 ""옳다""라는 뜻입니다. 儀는 ""사람(亻)이 지켜야 할 올바른(義) 예법"" -> ""법도, 예법, 예식, 모형""이라는 뜻의 글자입니다. (義는 소리부도 겸함)",음독은 ギ입니다. 특별한 점은 없습니다.,儀의 정식 훈독은 없습니다.,no
1113,N1,創,비롯할 창,"""비롯할 창"". 창조하다, 만들다",ソウ,つく(る),"創 = 合 + 戸 + 刂。 「合」는 ""합치다""라는 뜻입니다. 「戸」는 ""집, 문""을 뜻합니다. 「刂」는 ""칼""을 뜻합니다. 創는 ""망가진 문(戸)을 떼어내 자르고(刂) 합쳐서(合) 새로운 물건을 만들다"" -> ""창조하다, 만들다""라는 뜻의 글자입니다.",음독은 ソウ입니다. 특별한 점은 없습니다.,"創る는 ""만들다, 창조하다""라는 뜻입니다. 주로 ""독창성""을 강조할 때 사용합니다.",no
1114,N1,障,막을 장,"""막을 장"". 막다, 방해하다, 거치적거리다",ショウ,さわ(る),"障 = ⻖ + 章。 (의미부)「⻖」는 ""언덕, 산""을 뜻합니다. (소리부)「章」(ショウ)는 여기서는 소리부(ショウ)의 역할만 하고 있습니다. 障는 ""높은 산(⻖)이 앞을 가로막다"" -> ""막다, 방해하다, 거치적거리다""라는 뜻의 글자입니다(章는 소리부).",음독은 ショウ입니다. 특별한 점은 없습니다.,"障る는 ""방해가 되다, 지장이 있다, 해가 되다""라는 뜻의 자동사입니다. 예문) 勉強に障る 공부에 방해가 되다 夜更かしは体に障る 밤샘은 몸에 해롭다",no
1115,N1,継,이을 계,"""이을 계"". 이어가다, 계속하다",ケイ,つ(ぐ),"継 = 糸 + 𠃊 + 米。 「糸」는 ""실""을 뜻합니다. 𠃊+米는 여기서는 ""실뭉치""를 그린 모양자입니다(670.「断」모양 해설 참조). 継는 ""실뭉치(𠃊+米)에서 빠져나온 실(糸)이 계속 이어지다"" -> ""이어가다, 계속하다""라는 뜻의 글자입니다.",음독은 ケイ입니다. 특별한 점은 없습니다.,"継ぐ는 ""잇다, 계승하다, 상속하다""라는 뜻의 타동사입니다. 예문) 家を継ぐ 집안을 잇다(호주 상속을 하다) 家業を継ぐ 가업을 잇다 王位を継ぐ 왕위를 계승하다",no
1116,N1,筋,힘줄 근,"""힘줄 근"". 근육, 힘줄",キン,すじ,"筋 = 𥫗 + 月 + 力。 「𥫗」는 ""대나무""를 뜻합니다. 「月」는 ""신체의 일부""를 뜻합니다. 「力」는 ""힘""을 뜻합니다. 筋는 ""대나무 마디(竹)처럼 잘 갈라진 신체(月)의 근육(力)"" -> ""근육, 힘줄""이라는 뜻의 글자입니다.",음독은 キン입니다. 특별한 점은 없습니다.,"筋는 ""줄기, 줄거리""를 뜻합니다.",no
1117,N1,闘,싸울 투,"""싸울 투"". 싸우다, 겨루다",トウ,たたか(う),"闘 = 門 + 豆 + 寸。 「門」는 ""문""을 뜻합니다. 「豆」는 ""제기그릇""을 뜻합니다. 「寸」는 ""손""을 뜻합니다. 闘는 ""도장(門)에서 기왓장(豆)을 격파(寸)하다"" -> ""싸우다, 겨루다""라는 뜻의 글자입니다.",음독은 トウ입니다. 특별한 점은 없습니다.,"闘う는 ""투쟁하다, 맞서다""라는 뜻의 자동사입니다. 참고)戦う、闘う의 차이점 아래 예문을 참조해 주세요. 예문) 決勝で中国と戦う 결승에서 중국과 싸우다 隣国と戦う 이웃 나라와 싸우다 巨悪と闘う 거악에 맞서 투쟁하다 子供を守るために教育委員会と闘う 아이들을 지키기 위해 교육위원회와 맞서 싸우다",no
1118,N1,葬,장사지낼 장,"""장사지낼 장"". 장례치르다",ソウ,ほうむ(る),"葬 = 艹 + 死 + 廾。 「艹」는 ""풀""을 뜻합니다. 「死」는 ""죽다""라는 뜻입니다. 廾는 여기서는「艹」가 변형된 것으로, ""풀""을 뜻합니다. 葬는 ""풀숲(艹+廾)에 죽은 사람(死)을 묻다"" -> ""장사지내다""라는 뜻의 글자입니다.",음독은 ソウ입니다. 특별한 점은 없습니다.,"葬る는 ""매장하다, 장사지내다""라는 뜻의 타동사입니다. 예문) 墓に葬る 무덤에 매장하다 事件の真相を闇に葬り去る 사건의 진상을 어둠 속에 묻어 버리다",no
1119,N1,避,피할 피,"""피할 피"". 피하다",ヒ,さ(ける),"避 = ⻌ + 辟。 「⻌」는 ""길""을 뜻합니다. 「辟」는 ""피하다, 숨다""라는 뜻입니다. 避는 ""길(⻌)에서 도망쳐 몸을 숨기다(辟)"" -> ""피하다""라는 뜻의 글자입니다.",음독은 ヒ입니다. 특별한 점은 없습니다.,"避ける는 ""피하다""라는 뜻의 2그룹 타동사입니다. 예문) 混雑を避けて早めに出発する 혼잡을 피해 일찍 출발하다 昼時を避けて訪ねる 점심때를 피해 방문하다 政治的な発言を避ける 정치적인 발언을 피하다(삼가다)",no
1120,N1,逮,잡을 체,"""잡을 체"". 붙잡다, 체포하다",タイ,,"逮 = ⻌ + 隶。 「⻌」는 ""길""을 뜻합니다. 隶는 ""짐승의 꼬리(氺)를 붙잡다(⺕)""라는 뜻의 글자입니다(507.「康」모양 해설 참조). 逮는 ""길(⻌)을 달려 달아나는 상대를 붙잡다(隶)"" -> ""붙잡다, 체포하다""라는 뜻의 글자입니다.",음독은 タイ입니다. 특별한 점은 없습니다.,逮의 정식 훈독은 없습니다.,no
1121,N1,迫,핍박할 박,"""핍박할 박"". 다가오다, 핍박하다",ハク,せま(る),"迫 = ⻌ + 白。 (의미부)「⻌」는 ""길""을 뜻합니다. (소리부)「白」(ハク)는 여기서는 소리부의 역할만 하고 있습니다. 迫는 ""길(⻌)에서 가까이 다가오다"" -> ""다가오다, 핍박하다""라는 뜻의 글자입니다(白는 소리부).",음독은 ハク입니다. 특별한 점은 없습니다.,"迫る는 ""다가오다, 다가가다, 핍박하다""라는 뜻의 자동사 겸 타동사입니다. 예문) 敵が迫ってくる 적이 다가오다 危険が迫る 위험이 닥쳐오다",no
1122,N1,惑,미혹할 혹,"""미혹할 혹"". 갈팡질팡하다, 미혹되다, 현혹되다",ワク,まど(う),"惑 =戈 + 口 + 一+ 心。 「戈」는 ""창""을 뜻합니다. 口+一는 여기서는 ""성문""을 그린 모양자입니다. 「心」는 ""마음""을 뜻합니다. 惑는 ""창(戈)을 들고 성문(口+一)을 지키는 병사의 불안한 마음(心)""-> ""갈팡질팡하다, 미혹되다, 현혹되다""라는 뜻의 글자입니다.",음독은 ワク입니다. 특별한 점은 없습니다.,"惑う는 ""망설이다, 헤메다, 혹하다""라는 뜻의 자동사입니다. 예문) 行くべきがどうか惑う 갈지 말지 망설이다 道に惑う 길을 잃고 헤메다 誘惑に惑う 유혹에 빠지다",no
1123,N1,崩,무너질 붕,"""무너질 붕"". 무너지다, 붕괴",ホウ,くず(れる)、くず(す),"崩 = 山 + 朋。 「山」는 ""산""을 뜻합니다. 朋는 여기서는 ""산사태로 흙이 쏟아져 내리는 모습""을 그린 모양자입니다. 崩는 ""산(山)이 산사태(朋)로 무너져내리다"" -> ""무너지다, 붕괴하다""라는 뜻의 글자입니다.",음독은 ホウ입니다. 특별한 점은 없습니다.,"崩れる는 ""무너지다, 붕괴하다""라는 뜻의 2그룹 자동사입니다. 崩す는 ""무너뜨리다""라는 뜻의 타동사입니다.",no
1124,N1,紀,벼리 기,"""벼리 기"". 연대, 기록",キ,,"紀 = 糸 + 己。 「糸」는 ""실""을 뜻합니다. 「己」는 ""구부러진 새끼줄""을 뜻합니다. 紀는 ""실(糸)처럼 계속 이어지는(己) 연대기"" -> ""연대, 기록""이라는 뜻의 글자입니다.",음독은 キ입니다. 특별한 점은 없습니다.,紀의 정식 훈독은 없습니다.,no
1125,N1,聴,들을 청,"""들을 청"". (귀담아)듣다",チョウ,き(く),"聴 = 耳 + 十 + 罒 + 心。 「耳」는 ""귀""를 뜻합니다. 十+罒는 여기서는「直」가 변형된 것으로, ""곧다""라는 뜻입니다. 「心」는 ""마음""을 뜻합니다. 聴는 ""마음(心)을 바르게(直) 하고 귀담아(耳) 듣다"" -> ""(귀담아)듣다""라는 뜻의 글자입니다.",음독은 チョウ입니다. 특별한 점은 없습니다.,"聴く는 ""(귀담아)듣다, 귀를 기울이다, 경청하다""라는 뜻의 타동사입니다.",no
1126,N1,脱,벗을 탈,"""벗을 탈"". 벗다, 벗어나다",ダツ,ぬ(ぐ)、ぬ(げる),"脱 = 月 + 兑。 「月」는 ""신체의 일부""를 뜻합니다. 「兑」는 ""진지한 표정을 한 사람""을 뜻합니다. 脱는 ""구도자(兑)가 육신(月)의 굴레를 벗어나 해탈에 이르다"" -> ""벗다, 벗어나다""라는 뜻의 글자입니다.",음독은 ダツ입니다. 특별한 점은 없습니다.,"脱ぐ는 ""벗다""라는 뜻의 타동사입니다. 脱げる는 ""벗겨지다""라는 뜻의 2그룹 자동사입니다.",no
1127,N1,博,넓을 박,"""넓을 박"". 넓다, 박식하다",ハク、バク,,"博 = 十 +尃。 (의미부)「十」는 ""10""을 뜻합니다. (소리부 겸 의미부)「尃」(ハク・バク)는 ""넓다""라는 뜻입니다. 博는 ""열 가지 분야(十)에 걸친 넓은(尃) 지식을 가지다"" -> ""넓다, 박식하다""라는 뜻의 글자입니다. (尃는 소리부도 겸함)",음독은 ハク、バク입니다. 대략적인 구분법은 다음과 같습니다. 아래 예시단어를 참조해 주세요.,博의 정식 훈독은 없습니다.,no
1128,N1,患,근심 환,"""근심 환"". 근심, 괴로움",カン,わずら(う),"患 = 串 + 心。 串는 ""꼬챙이에 꿰인 떡""을 그린 글자입니다. 「心」는 ""마음""을 뜻합니다. 患는 ""마음(心)이 꼬챙이에 꿰인(串) 듯 아프다"" -> ""근심, 괴로움""이라는 뜻의 글자입니다.",음독은 カン입니다. 특별한 점은 없습니다.,"患う는 ""(병을) 앓다""라는 뜻의 자동사 겸 타동사입니다. 예문) 胸を患う 가슴을 앓다 結核を患う 결핵을 앓다",no
1129,N1,締,맺을 체,"""맺을 체"". 약속을 맺다, 단단히 묶다",テイ,し(まる)、し(める),"締 = 糸 + 帝。 (의미부)「糸」는 ""실""을 뜻합니다. (소리부 겸 의미부)帝(テイ- ""임금 제"")는 ""황제""를 뜻하는 상용한자입니다. 帝 = 立 + 冖 + 巾。 「立」는 ""서다""라는 뜻입니다. 冖는 여기서는 ""허리띠""를 그린 모양자입니다. 「巾」는 ""수건, 천""을 뜻합니다. 帝는 ""황금 허리띠(冖)와곤룡포(巾)를 입고 위풍당당히 선(立) 황제"" -> ""황제""라는 뜻의 글자입니다. 締는 ""황제(帝)의 명령이 가지는 절대적인 구속력(糸)"" -> ""맺다, 단단히 묶다""라는 뜻의 글자입니다. (帝는 소리부도 겸함)",음독은 テイ입니다. 특별한 점은 없습니다.,"締まる는 ""단단히 죄이다, 긴장하다""라는 뜻의 자동사입니다. 締める는 ""죄다, 조르다, 다잡다""라는 뜻의 2그룹 타동사입니다. 예문) ひもが締まる 끈이 졸라지다 ねじが締まる 나사가 꼭 죄다 帯を締める 허리띠를 매다(조르다) 気を締める 마음을 다잡다",no
1130,N1,執,잡을 집,"""잡을 집"". 꼭 붙잡다, 집행하다",シツ、シュウ,と(る),"執 = 幸 + 丸。 「幸」는 ""쇠사슬에 묶인 죄인""을 그린 글자입니다(링크 참조). 「丸」는 ""몸을 둥글게 말고 엎드린 사람""을 그린 글자입니다(링크 참조). 執는 ""죄인을 쇠사슬로 묶어(幸) 무릎꿇리고(丸) 형을 집행하다"" -> ""꼭 붙잡다, 집행하다""라는 뜻의 글자입니다.",음독은 シツ、シュウ입니다. 특별한 구분법은 없습니다.,"執る는 ""(역할/직무 등을) 맡다, 지휘하다""라는 뜻의 타동사입니다. 예문) 事務を執る 사무를 보다 指揮を執る 지휘를 맡다(지휘하다)",no
1131,N1,房,방 방,"""방 방"". 방, 침실",ボウ,ふさ,"房 = 戸 + 方。 (의미부)「戸」는 ""집, 출입구, 문""을 뜻합니다. (소리부 겸 의미부)「方」(ホウ)는 ""방향""을 뜻합니다. 房는 ""문(戸) 안쪽(方)의 방"" -> ""방, 침실""이라는 뜻의 글자입니다. (方는 소리부(ホウ -> ボウ)도 겸함)",음독은 ボウ입니다. 특별한 점은 없습니다.,훈독은 ふさ입니다. 특별한 점은 없습니다.,no
1132,N1,撤,거둘 철,"""거둘 철"". 제거하다, 거두어들이다",テツ,,"撤 = 扌 + 育 + 攵。 「扌」는 ""손""을 뜻합니다. 「育」는 ""키우다, 기르다, 양육하다""라는 뜻입니다. 「攵」는 ""때리다, 치다""라는 뜻입니다. 撤는 ""때리는(攵) 계모에게서 아이를 데려와(扌) 대신 키우다(育)"" -> ""거두어들이다, 제거하다""라는 뜻의 글자입니다.",음독은 テツ입니다. 특별한 점은 없습니다.,撤의 정식 훈독은 없습니다.,no
1133,N1,削,깎을 삭,"""깎을 삭"". 잘라내다, 삭제하다",サク,けず(る),"削 =⺌+ 月 + 刂。 ⺌는 여기서는「小」가 뒤집힌 것으로, ""작다""라는 뜻입니다. 「月」는 ""고기""를 뜻합니다. 「刂」는 ""칼""을 뜻합니다. 削는 ""고기(月)를 작게(小) 자르다(刂)"" -> ""잘라내다, 삭제하다""라는 뜻의 글자입니다.",음독은 サク입니다. 특별한 점은 없습니다.,"削る는 ""깎다, 깎아내다""라는 뜻의 타동사입니다. 예문) 鉛筆を削る 연필을 깎다 予算を削る 예산을 삭감하다",no
1134,N1,密,빽빽할 밀,"""빽빽할 밀"". 비밀의, 빈틈없는, 빽빽한",ミツ,,"密 = 宀 + 必 + 山。 「宀」는 ""집""을 뜻합니다. 「必」는 ""반드시, 필수적인""이라는 뜻입니다. 「山」는 ""산""을 뜻합니다. 密는 ""산(山)속의 오두막(宀)에 꼭꼭 숨겨놓은 중요한(必) 물건"" -> ""비밀의, 빈틈없는""이라는 뜻의 글자입니다.",음독은 ミツ입니다. 특별한 점은 없습니다.,密의 정식 훈독은 없습니다.,no
1135,N1,措,둘 조,"""둘 조"". 두다, 그대로 두다",ソ,,"措 = 扌 + 昔。 「扌」는 ""손""을 뜻합니다. 「昔」는 ""옛날""을 뜻합니다. 措는 ""오래 전에(昔) 놓아둔(扌) 상태 그대로 두다"" -> ""두다, 그대로 두다""라는 뜻의 글자입니다.",음독은 ソ입니다. 특별한 점은 없습니다.,措의 정식 훈독은 없습니다.,no
1136,N1,載,실을 재,"""실을 재"". 싣다, 얹다",サイ,の(せる)、の(る),"載 = 𢦏 + 車。 (소리부 겸 의미부)「𢦏」(サイ)는 ""화려한 의장용 창""을 뜻합니다. (의미부)「車」는 ""수레, 차""를 뜻합니다. 載는 ""의장용 창(𢦏)을수레(車)에 실어 운반하다"" -> ""싣다, 얹다""라는 뜻의 글자입니다. (𢦏는 소리부도 겸함)",음독은 サイ입니다. 특별한 점은 없습니다.,"載せる는 ""얹다, 싣다""라는 뜻의 2그룹 타동사입니다. 載る는 ""놓이다, 얹히다, 실리다, 게재되다""라는 뜻의 자동사입니다. 예문) 車に荷物を載せる 차에 짐을 싣다 論文を雑誌に載せる 논문을 잡지에 싣다 机の上に載っている本책상 위에 놓인 책 名簿に載る 명부에 실리다",no
1137,N1,陣,진칠 진,"""진칠 진"". 진, 진치다",ジン,,"陣 = ⻖ + 車。 「⻖」는 ""언덕""을 뜻합니다. 「車」는 ""수레, 차""를 뜻합니다. 陣는 ""언덕(⻖) 아래 늘어선 전차들(車)"" -> ""진, 진치다""라는 뜻의 글자입니다.",음독은 ジン입니다. 특별한 점은 없습니다.,陣의 정식 훈독은 없습니다.,no
1138,N1,我,나 아,"""나 아"". 나, 자신",ガ,われ、わ,"我 =扌+戈。 「扌」는 ""손""을 뜻합니다. 「戈」는 ""창""을 뜻합니다. 我는 ""창(戈)을 들어(扌) 자신의 몸을 지키다"" -> ""나, 자신""이라는 뜻의 글자입니다.",음독은 ガ입니다. 특별한 점은 없습니다.,"我는 ""나, 자신""을 뜻합니다.",no
1139,N1,為,할 위,"""할 위"". 하다, 행하다",イ,,"為는 본래 ""코끼리에게 지시를 내리는 손""을 그린 상형문자입니다. ""코끼리를 이용해 노동을 하다"" -> ""하다, 행하다""라는 의미입니다.",음독은 イ입니다. 특별한 점은 없습니다.,為의 정식 훈독은 없습니다.,no
1140,N1,抑,누를 억,"""누를 억"". 누르다, 억누르다",ヨク,おさ(える),"抑 = 扌 + 卬。 「扌」는 ""손""을 뜻합니다. 「卬」는 ""서 있는 사람(𠂎)과 무릎꿇은 사람(卩)""을 그린 글자입니다(링크 참조). 抑는 ""서 있는 사람(𠂎)이 무릎꿇은 사람(卩)의 머리를 찍어누르다(扌)"" -> ""누르다, 억누르다""라는 뜻의 글자입니다.",음독은 ヨク입니다. 특별한 점은 없습니다.,"抑える는 ""(일정 수준을 넘지 않도록) 억누르다, 진정시키다""라는 뜻의 2그룹 타동사입니다. 예문) 怒りを抑える 분노를 억누르다 価格を抑える 가격을 억제하다",no
1141,N1,幕,장막 막,"""장막 막"". 장막",マク、バク,,"幕 = 莫 + 巾。 (소리부 겸 의미부)「莫」(バク)는 ""해가 수풀 사이로 저무는 모습""을 그린 글자입니다(링크 참조). (의미부)「巾」는 ""수건, 천""을 뜻합니다. 幕는 ""천(巾)으로 햇빛을 가려 없애다(莫)"" -> ""장막""이라는 뜻의 글자입니다. (莫는 소리부(バク -> マク・バク)도 겸함)",음독은 マク、バク입니다. 사용 빈도는 マク가 훨씬 높습니다.,幕의 정식 훈독은 없습니다.,no
1142,N1,染,물들 염,"""물들 염"". 염색하다, 물들다",セン,そ(める)、そ(まる)、し(みる)、し(み),"染 = 氵 + 九 + 木。 「氵」는 ""물""을 뜻합니다. 「九」는 ""9""를 뜻합니다. 「木」는 ""나무""를 뜻합니다. 染는 ""나무열매(木)에서 추출한 9가지(九) 색의 천연 염료(氵)"" -> ""염색하다, 물들다""라는 뜻의 글자입니다.",음독은 セン입니다. 특별한 점은 없습니다.,"1.染める、染まる 染める는 ""물들이다, 염색하다""라는 뜻의 2그룹 타동사입니다. 染まる는 ""물들다, 염색되다""라는 뜻의 자동사입니다. 예문) 髪を黒く染める 머리를 검게 염색하다 手が黒く染まる 손이 검게 물들다 2.染みる、染み 染みる는 ""스며들다, 배다, 번지다""라는 뜻의 2그룹 자동사입니다. 染み는 ""얼룩, 오점""을 뜻합니다. 예문) 汗の染みたハンカチ 땀이 밴 손수건 インクの染み 잉크의 얼룩",no
1143,N1,奈,어찌 나,"""어찌 나"". (지명에 쓰이는 한자)",ナ,,"奈 = 大 + 示。 「大」는 ""크다""라는 뜻입니다. 「示」는 ""고대의 비석""을 뜻합니다. 奈는 ""이렇게 커다란(大) 비석(示)을 어찌 만들었나"" -> ""어찌하여, 어찌""라는 뜻의 글자입니다. (다만, 이 한자는 실제로는 거의 지명의 일부로만 쓰이는 지명한자입니다.)",음독은 ナ입니다. 특별한 점은 없습니다.,奈의 정식 훈독은 없습니다.,no
1144,N1,傷,다칠 상,"""다칠 상"". 상처, 상처내다, 다치다",ショウ,きず、いた(む)、いた(める),"傷 = 亻 + 𠂉 + 昜。 「昜」는 ""햇볕, 뜨거운 햇살""을 뜻합니다. 「亻」는 ""사람""을 뜻합니다. 𠂉는 여기서는 ""눈이 부셔서 햇볕을 가린 손""을 그린 모양자입니다. 傷는 ""너무 강한 햇빛(昜)에 눈이 아파 손으로 가린(𠂉) 사람(亻)"" -> ""상처, 다치다""라는 뜻의 글자입니다.",음독은 ショウ입니다. 특별한 점은 없습니다.,"傷는 ""상처""를 뜻합니다. 傷む는 ""아프다""라는 뜻의 자동사입니다. 傷める는 ""아프게 하다, 다치다""라는 뜻의 2그룹 타동사입니다.",no
1145,N1,択,가릴 택,"""가릴 택"". 선택하다, 고르다",タク,,"択 = 扌 + 尺。 「扌」는 ""손""을 뜻합니다. 尺는 여기서는 ""말고삐""를 그린 모양자입니다. 択는 ""타고 갈 말(尺)을 고르다(扌)"" -> ""선택하다, 고르다""라는 뜻의 글자입니다.",음독은 タク입니다. 특별한 점은 없습니다.,択의 정식 훈독은 없습니다.,no
1146,N1,秀,빼어날 수,"""빼어날 수"". 뛰어나다",シュウ,ひい(でる),"秀 = 禾 + 乃。 「禾」는 ""곡식""을 뜻합니다. 乃는 여기서는 ""엄지를 치켜든 모습""을 그린 모양자입니다. 秀는 ""최상급 품질(乃)의곡식(禾)"" -> ""빼어나다, 뛰어나다""라는 뜻의 글자입니다.",음독은 シュウ입니다. 특별한 점은 없습니다.,"秀でる는 ""빼어나다, 뛰어나다""라는 뜻의 2그룹 자동사입니다.",no
1147,N1,徴,부를 징,"""부를 징"". 징집하다, 특징, 징표, 상징",チョウ,,"徴 = 彳 + 山 + 王 + 攵。 「彳」는 ""길""을 뜻합니다. 「山」는 ""산""을 뜻합니다. 「王」는 ""왕""을 뜻합니다. 「攵」는 ""때리다, 치다""라는 뜻입니다. 徴는 ""왕(王)에게 징병된 노예들이 두들겨맞고(攵) 산속의(山) 군부대로 끌려가다(彳)""라는 뜻입니다. 이라는 의미입니다. (""왕""을 ""정부권력""으로 바꿔서 생각하면 조금 더 쉽게 기억할 수 있습니다.)",음독은 チョウ입니다. 특별한 점은 없습니다.,徴의 정식 훈독은 없습니다.,no
1148,N1,弾,탄알 탄,"""탄알 탄"". 탄알, 튕기다",ダン,ひ(く)、はず(む)、たま,"弾 = 弓 + 単。 (의미부)「弓」는 ""활""을 뜻합니다. (소리부 겸 의미부)「単」(タン)은 ""단독, 홀로""라는 뜻입니다. 弾는 ""활시위(弓)를 튕겨화살 한 개(単)를 쏘아 날리다"" -> ""탄알, 튕기다""라는 뜻의 글자입니다. (単는 소리부(タン -> ダン)도 겸함)",음독은 ダン입니다. 특별한 점은 없습니다.,"1.弾く 弾く는 ""(악기를) 연주하다""라는 뜻의 타동사입니다. 예문) 三味線を弾く 샤미센을 타다(연주하다) ピアノを弾いている子供피아노를 치고 있는 아이 2.弾む、弾 弾む는 ""(반동으로) 튀다, 기세가 오르다/신바람이 나다""라는 뜻의 자동사입니다. 弾는 ""총알, 탄알""을 뜻합니다. 예문) ボールが弾む 공이 튀다 心が弾む 마음이 들뜨다 ピストルの弾권총의 탄알",no
1149,N1,償,갚을 상,"""갚을 상"". 변상하다, 보상하다",ショウ,つぐな(う),"償 = 亻 + 賞。 (의미부)「亻」는 ""사람""을 뜻합니다. (소리부 겸 의미부)「賞」(ショウ)는 ""상""을 뜻합니다. 償는 ""공을 세우고 죽은사람(亻)에게상(賞)을 내리다"" -> ""보상하다, 변상하다""라는 뜻의 글자입니다. (賞는 소리부도 겸함)",음독은 ショウ입니다. 특별한 점은 없습니다.,"償う는 ""갚다, 보상하다, 배상하다""라는 뜻의 타동사입니다.",no
1150,N1,功,공 공,"""공 공"". 공적, 공로",コウ、ク,,"功 = 工 + 力。 (소리부 겸 의미부)「工」(コウ・ク)는 ""공작, 가공, 공정""을 뜻합니다. (의미부)「力」는 ""힘""을 뜻합니다. 功는 ""공사(工)에 큰 힘을(力) 보태다"" -> ""공적, 공로""라는 뜻의 글자입니다. (工는 소리부도 겸함)",음독은 コウ、ク입니다. 사용 빈도는 コウ가 훨씬 높습니다. ク는 일부 예외적인 단어에만 쓰이는 음독입니다.,功의 정식 훈독은 없습니다.,no
1151,N1,拠,의거할 거,"""의거할 거"". 의지하다",キョ、コ,,"拠 = 扌 + 処。 「扌」는 ""손""을 뜻합니다. 「処」는 ""처리하다""라는 뜻입니다. 拠는 ""일처리(処)를 믿고 맡길 수 있는 일손(扌)"" -> ""의지하다""라는 뜻의 글자입니다.",음독은 キョ、コ입니다. 사용 빈도는 キョ가 훨씬 높습니다. コ는証拠(증거) 외에는 거의 사용되지 않는 음독입니다.,拠의 정식 훈독은 없습니다.,no
1152,N1,秘,숨길 비,"""숨길 비"". 숨기다, 비밀",ヒ,ひ(める),"秘 = 禾 + 必。 「禾」는 ""곡식""을 뜻합니다. 「必」는 ""반드시, 필수적인""이라는 뜻입니다. 秘는 ""생존을 위해 반드시 필요한(必) 양의 곡식(禾)을 몰래 숨겨두다"" -> ""숨기다, 비밀""이라는 뜻의 글자입니다.",음독은 ヒ입니다. 특별한 점은 없습니다.,"秘める는 ""숨기다, 간직하다, 내포하다""라는 뜻의 2그룹 타동사입니다. 예문) 本音を秘める 본심을 숨기다 無限の可能性を秘めている 무한한 가능성을 간직하고 있다",no
1153,N1,拒,막을 거,"""막을 거"". 거절하다, 거부하다",キョ,こば(む),"拒 = 扌 + 巨。 (의미부)「扌」는 ""손""을 뜻합니다. (소리부 겸 의미부)「巨」(キョ)는 ""크다""라는 뜻입니다. 拒는 ""커다란(巨) 유혹을 밀어내다(扌)"" -> ""거절하다, 거부하다""라는 뜻의 글자입니다. (巨는 소리부도 겸함)",음독은 キョ입니다. 특별한 점은 없습니다.,"拒む는 ""거부하다, 막다""라는 뜻의 타동사입니다.",no
1154,N1,刑,형벌 형,"""형벌 형"". 형벌, 벌하다",ケイ,,"刑 = 开 + 刂。 开는 여기서는 ""목에 칼을 찬 사형수""를 그린 모양자입니다. 「刂」는 ""칼""을 뜻합니다. 刑는 ""사형수(开)의 목을 베다(刂)"" -> ""형벌""이라는 뜻의 글자입니다.",음독은 ケイ입니다. 특별한 점은 없습니다.,刑의 정식 훈독은 없습니다.,no
1155,N1,塚,무덤 총,"""무덤 총"". 무덤, 흙무더기",,つか,"塚 = 土 + 冢。 「土」는 ""흙""을 뜻합니다. 冢는 여기서는「家」가 축약된 것으로, ""집""을 뜻합니다. 塚는 ""흙(土) 속에 묻힌 죽은 자의 집(冢)"" -> ""무덤, 흙무더기""라는 뜻의 글자입니다.",塚의 정식 음독은 없습니다.,"塚는 ""흙무더기, 둔덕, 무덤""을 뜻합니다.",no
1156,N1,致,이를 치,"""이를 치"". 초래하다, 이르다, 보내다",チ,いた(す),"致 = 至 + 攵。 至(""이를 지"")는 ""화살이 과녁에 날아가 박힌 모습""을 그린 상용한자입니다. 至 =𠫔 + 土。 𠫔는 여기서는 ""과녁""을 그린 모양자입니다. 土는 여기서는 ""(과녁에 날아가 박힌) 화살""을 그린 모양자입니다. 至는 ""화살(土)이 과녁(𠫔)에 날아가 박히다"" -> ""이르다, 극에 달하다, 도달하다""라는 뜻의 글자입니다. 「攵」는 ""때리다, 치다""라는 뜻입니다. 致는 ""남에게 가한 폭력(攵)이 보복(至)을 초래하다"" -> ""초래하다""라는 뜻의 글자입니다.",음독은 チ입니다. 특별한 점은 없습니다.,"致す는 ""일으키다, 초래하다""라는 뜻의 타동사이자 する의 겸양동사입니다. 예문) 繁栄を致す 번영을 가져오다(초래하다) 人を死に致す 사람을 죽음에 이르게 하다 これはすべて私の不徳の致すところです 이것은 모두 저의 부덕의 소치입니다 私が致します 제가 하겠습니다",no
1157,N1,繰,고치 켤 조,"""고치 켤 조"". (실/밧줄 등을) 감다, (하나씩) 헤아리다/세다",,く(る),"繰 = 糸 + 品 + 木。 「糸」는 ""실""을 뜻합니다. 「木」는 ""나무""를 뜻합니다. 品는 여기서는 ""(나무 위의) 누에고치들""을 그린 모양자입니다. 繰는 ""나무(木) 위의 누에고치들(品)에서 실(糸)을 한 가닥씩 뽑아내다"" -> ""(실을) 감다, (하나씩) 헤아리다/세다""라는 뜻의 글자입니다.",繰의 정식 음독은 없습니다.,"繰る는 ""(실 등을)감다/당기다, (하나씩)세다/밀어내다""라는 뜻의 타동사입니다. 실생활에서는繰り返す(되풀이하다, 거듭하다, 반복하다)의 형태로 쓰이는 경우가 많습니다. 예문) 繭から糸を繰る 누에고치에서 실을 뽑다 ページを繰る 책장을 한 장 한 장 넘기다 何度も繰り返して読む 몇 번이고 반복해서 읽다 同じミスを二度と繰り返すな 같은 실수를 두 번 다시 반복하지 마라",no
1158,N1,尾,꼬리 미,"""꼬리 미"". 꼬리",ビ,お,"尾 = 尸 + 毛。 「尸」는 ""앉아있는 사람""을 뜻합니다. 여기서는 ""앉다"" -> ""엉덩이""라는 뜻입니다. 「毛」는 ""털""을 뜻합니다. 尾는 ""엉덩이(尸)에 난 털(毛)"" -> ""꼬리""라는 뜻의 글자입니다.",음독은 ビ입니다. 특별한 점은 없습니다.,"尾는 ""꼬리""를 뜻합니다.",no
1159,N1,描,그릴 묘,"""그릴 묘"". 그리다",ビョウ,えが(く)、か(く),"描 = 扌 + 苗。 (의미부)「扌」는 ""손""을 뜻합니다. (소리부 겸 의미부)苗는 여기서는「猫」(ビョウ)가 축약된 것으로, ""고양이""를 뜻합니다. 描는 ""고양이(苗->猫)를 그리다(扌)"" -> ""그리다""라는 뜻의 글자입니다. (苗는 소리부도 겸함)",음독은 ビョウ입니다. 특별한 점은 없습니다.,"描く、描く는 둘 다 ""그리다""라는 뜻의 타동사입니다. 차이점은 다음과 같습니다. 1.描く를 쓰는 경우 2.描く를 쓰는 경우 아래 예문을 참조해 주세요. 예문) 絵を描く 그림을 그리다 母を描く 어머니를 그리다 田舎の風景を描いた小説시골 풍경을 묘사한 소설 欲しいものを心に描いてみる 원하는 것을 마음에 그려보다 家族の温かさを描いた絵가족의 따뜻함을 표현한 그림 自然の雄大さが描かれた曲자연의 웅대함이 표현된 곡",no
1160,N1,鈴,방울 령,"""방울 령"". 방울",レイ、リン,すず,"鈴 = 金 + 令。 (의미부)「金」는 ""쇠, 금속""을 뜻합니다. (소리부)「令」(レイ)는 여기서는 소리부(レイ -> レイ・リン)의 역할만 하고 있습니다. 鈴는 ""금속(金) 방울"" -> ""방울""이라는 뜻의 글자입니다(令는 소리부).",음독은 レイ、リン입니다. 특별한 구분법은 없습니다.,"鈴는 ""방울""을 뜻합니다.",no
1161,N1,盤,소반 반,"""소반 반"". 쟁반, 평평한 판",バン,,"盤 = 般 + 皿。 (소리부 겸 의미부)「般」(ハン)은 ""일반""이라는 뜻입니다. (의미부)「皿」는 ""그릇, 접시""를 뜻합니다. 盤는 ""평범한(般) 접시(皿)"" -> ""쟁반, 평평한 판""이라는 뜻의 글자입니다. (般은 소리부(ハン -> バン)도 겸함)",음독은 バン입니다. 특별한 점은 없습니다.,盤의 정식 훈독은 없습니다.,no
1162,N1,項,항목 항,"""항목 항"". 항목, 조항",コウ,,"項 = 工 + 頁。 (소리부)「工」(コウ)는 여기서는 소리부의 역할만 하고 있습니다. (의미부)「頁」는 ""머리""를 뜻합니다. 項는 ""머리(頁)"" -> ""문서의 윗부분, 목차"" -> ""항목, 조항""이라는 뜻의 글자입니다(工는 소리부).",음독은 コウ입니다. 특별한 점은 없습니다.,項의 정식 훈독은 없습니다.,no
1163,N1,喪,잃을 상,"""잃을 상"". 잃다",ソウ,も,"喪 = 衣 + 口 + 口。 「衣」는 ""옷""을 뜻합니다. 「口」는 ""입""을 뜻합니다. 喪는 ""상복(衣)을 입고 곡소리를(口) 내다"" -> ""장례식"" -> ""잃다""라는 뜻의 글자입니다.",음독은 ソウ입니다. 특별한 점은 없습니다.,"喪는 ""상""을 뜻합니다.",no
1164,N1,伴,짝 반,"""짝 반"". 짝, 동반자, 반려",ハン、バン,ともな(う),"伴 = 亻 + 半。 (의미부)「亻」는 ""사람""을 뜻합니다. (소리부 겸 의미부)「半」(ハン)은 ""절반""을 뜻합니다. 伴는 ""나(亻)의 절반(半)"" -> ""짝, 반려"" -> ""동반자, 동반하다""라는 뜻의 글자입니다. (半는 소리부(ハン -> ハン・バン)도 겸함)",음독은 ハン、バン입니다. 특별한 구분법은 없습니다.,"伴う는 ""함께 가다/동반하다, 따르다/수반하다""라는 뜻의 자동사 겸 타동사입니다. 예문) 秘書を伴う 비서를 동반하다 雷と電を伴う大雨천둥 번개를 동반한 큰비 投資にはリスクが伴う 투자에는 위험이 따른다 技術の進歩に伴って経済の仕組みも変わる 기술의 진보에 따라 경제의 구조도 바뀐다",no
1165,N1,養,기를 양,"""기를 양"". 사육하다, 기르다",ヨウ,やしな(う),"養 = 羊 + 食。 (소리부 겸 의미부)「羊」(ヨウ)는 ""양""을 뜻합니다. (의미부)「食」는 ""먹다""라는 뜻입니다. 養는 ""양(羊)에게 먹이(食)를 줘서 기르다"" -> ""사육하다, 기르다""라는 뜻의 글자입니다. (羊는 소리부도 겸함)",음독은 ヨウ입니다. 특별한 점은 없습니다.,"養う는 ""기르다, 부양하다""라는 뜻의 타동사입니다. 예문) 妻子を養う 처자식을 부양하다 子を養う 아이를 기르다 親を養う 부모를 부양하다",no
1166,N1,懸,달 현,"""달 현"". 매달다",ケン、ケ,か(ける)、か(かる),"懸 = 県 + 一 + 糸 + 心。 (소리부 겸 의미부)「県」(ケン)은 본래 ""목매달린 사람""을 그린 글자입니다(링크 참조). (의미부)「糸」는 ""실""을 뜻합니다. (의미부)一는 여기서는 ""잇다, 연결하다""라는 뜻을 표현한 모양자입니다. (의미부)「心」는 ""마음""을 뜻합니다. 懸는 ""밧줄(糸)에 연결되어(一) 목이 매달린(県) 사람을 보고 두려운 마음(心)을 느끼다"" -> ""매달다""라는 뜻의 글자입니다. (県은 소리부(ケン -> ケン・ケ)도 겸함)",음독은 ケン、ケ입니다. 특별한 구분법은 없습니다.,"懸ける는 ""걸다, (보상 등을) 약속하다""라는 뜻의 2그룹 타동사입니다. 懸かる는 ""걸리다, 달리다""라는 뜻의 자동사입니다. 예문) 命を懸ける 목숨을 걸다 賞金を懸ける 상금을 걸다 空に虹が懸かっている 하늘에 무지개가 걸려 있다 懸賞金が懸かっている 현상금이 걸려 있다",no
1167,N1,街,거리 가,"""거리 가"". 시가, 거리",ガイ、カイ,まち,"街 = 行 + 圭。 「行」는 본래 ""사거리""를 그린 글자입니다. 圭는 ""흙더미(土+土)""라는 뜻입니다. 街는 ""흙언덕(圭)을 사이에 두고 양 옆에 늘어선 거리(行)"" -> ""시가, 거리""라는 뜻의 글자입니다.",음독은 ガイ、カイ입니다. 사용 빈도는 ガイ가 훨씬 높습니다. カイ는街道(가도) 외에는 거의 쓰지 않는 음독입니다.,"街는 ""번화한 거리""라는 뜻입니다.",no
1168,N1,契,맺을 계,"""맺을 계"". (약속/계약 등을) 맺다, 새기다",ケイ,ちぎ(る),"契 = 龶 + 刀 + 大。 「刀」는 ""칼""을 뜻합니다. 「大」는 본래 ""사람""을 그린 글자입니다. 龶는 여기서는 ""(칼로 새긴) 표식""을 그린 모양자입니다. 契는 ""칼(刀)로 자신의 몸(大)에 표식(龶)을 새겨 맹세하다"" -> ""(약속/계약을) 맺다, 새기다""라는 뜻의 글자입니다.",음독은 ケイ입니다. 특별한 점은 없습니다.,"契る는 ""약속하다, 부부의 연을 맺다""라는 뜻의 1그룹 타동사입니다.",no
1169,N1,掲,높이 들 게,"""높이 들 게"". 높이 들다, 걸다",ケイ,かか(げる),"掲 = 扌 + 曷。 「曷」는 ""허리를 굽혀 구걸하는 사람""을 그린 글자입니다(링크 참조). 「扌」는 ""손""을 뜻합니다. 掲는 ""허리를 굽신거리며(曷) 손을 위로 들어(扌)돈을 구걸하다"" -> ""높이 들다, 걸다""라는 뜻의 글자입니다.",음독은 ケイ입니다. 특별한 점은 없습니다.,"掲げる는 ""걸다, 게양하다, 게재하다""라는 뜻의 2그룹 타동사입니다. 예문) 旗を掲げる 깃발을 게양하다 看板を掲げる 간판을 내걸다 論文を掲げる 논문을 게재하다",no
1170,N1,躍,뛸 약,"""뛸 약"". 뛰어오르다",ヤク,おど(る),"躍 = 足 + 羽 +隹。 「足」는 ""발""을 뜻합니다. 「羽」는 ""날개""를 뜻합니다. 「隹」는 ""새""를 뜻합니다. 躍는 ""새(隹)가 놀라서 펄쩍 뛰어(足) 날아가버리다(羽)"" -> ""뛰어오르다""라는 뜻의 글자입니다.",음독은 ヤク입니다. 특별한 점은 없습니다.,"躍る는 ""뛰어오르다, 솟구치다, 설레다""라는 뜻의 자동사입니다. 예문) 馬が躍る 말이 뛰어오르다 胸が躍る 가슴이 뛰다(설레다)",no
1171,N1,棄,버릴 기,"""버릴 기"". 버리다",キ,,"棄 = 亠 + ム + 丗 + 木。 亠+ム는「子」가 위아래로 뒤집힌 것으로, ""아이""를 뜻합니다. 丗는 여기서는 ""바구니""를 그린 모양자입니다. 「木」는 ""나무""를 뜻합니다. 棄는 ""죽은 아이(亠+ム)를바구니(丗)에담아 나무(木) 위에 버리다"" -> ""버리다""라는 뜻의 글자입니다.",음독은 キ입니다. 특별한 점은 없습니다.,棄의 정식 훈독은 없습니다.,no
1172,N1,邸,집 저,"""집 저"". 집, 저택",テイ,,"邸 = 氐 + ⻏。 (소리부 겸 의미부)「氐」(テイ)는 ""낮다""라는 뜻입니다. (의미부)「⻏」는 ""도시""를 뜻합니다. 邸는 ""도시(⻏) 아래쪽(氐)에 지어진 대저택"" -> "" 집, 저택""이라는 뜻의 글자입니다. (氐는 소리부도 겸함)",음독은 テイ입니다. 특별한 점은 없습니다.,邸의 정식 훈독은 없습니다.,no
1173,N1,籍,문서 적,"""문서 적"". 문서, 호적",セキ,,"籍 = 𥫗 + 耒 + 昔。 (의미부)「𥫗」는 ""대나무 죽간""을 뜻합니다. (의미부)「耒」는 ""쟁기""를 뜻합니다. (소리부 겸 의미부)「昔」(セキ)는 ""옛날, 오래된""이라는 뜻입니다. 籍는 ""오랫동안(昔) 전해져 내려온, 농민들(耒)의 명부가 대대로 적힌 문서(𥫗)"" -> ""문서, 호적""이라는 뜻의 글자입니다. (昔는 소리부도 겸함)",음독은 セキ입니다. 특별한 점은 없습니다.,籍의 정식 훈독은 없습니다.,no
1174,N1,縮,줄일 축,"""줄일 축"". 줄어들다, 축소되다",シュク,ちぢ(む)、ちぢ(まる)、ちぢ(める)、ちぢ(れる)、ちぢ(らす),"縮 = 糸 + 宿。 (의미부)「糸」는 ""실""을 뜻합니다. (소리부)「宿」(シュク)는 여기서는 소리부의 역할만 하고 있습니다. 縮는 ""실(糸)이 물에 젖어 오그라들다"" -> ""줄어들다, 축소되다""라는 뜻의 글자입니다(宿는 소리부).",음독은 シュク입니다. 특별한 점은 없습니다.,"1.縮む、縮まる、縮める 縮む、縮まる는 둘 다 ""(길이/면적 등이) 줄어들다, (기간/시간이) 단축되다""라는 뜻의 자동사입니다. 縮める는 ""(길이/면적 등을) 줄이다/축소하다, (기간/시간/간격 등을) 단축시키다/짧게 하다""라는 뜻의 2그룹 타동사입니다. 예문) 風船が縮む 풍선이 쪼그라들다 身が縮まるほど寒い 몸이 움츠러들 정도로 춥다 時間が縮まる 시간이 단축되다 着物の丈を縮める 옷의 기장을 줄이다 先頭との差を縮める 선두와의 차이를 좁히다 寿命を縮める 수명을 단축시키다 2.縮れる、縮らす 縮れる는 ""주름이 지다, 오그라지다, 쪼글쪼글해지다""라는 뜻의 2그룹 자동사입니다. 縮らす는 ""오그라지게 하다, 곱슬곱슬하게 만들다""라는 뜻의 타동사입니다. 예문) 縮れている布주름진 천 髪を縮らす 머리를 곱슬곱슬하게 하다",no
1175,N1,還,돌아올 환,"""돌아올 환"". 돌아오다",カン,,"還 = ⻌ + 睘。 (의미부)「⻌」는 ""길""을 뜻합니다. (소리부 겸 의미부)「睘」(カン)은 ""둥글다""라는 뜻의 글자입니다. 還는 ""길(⻌)을 둥글게 돌아(睘) 원래 자리로 돌아오다"" -> ""돌아오다""라는 뜻의 글자입니다. (睘는 소리부도 겸함)",음독은 カン입니다. 특별한 점은 없습니다.,還의 정식 훈독은 없습니다.,no
1176,N1,属,무리 속,"""무리 속"". 속하다",ゾク,,"属 = 尾 + 虫。 「尾」는 ""꼬리""를 뜻합니다. 「虫」는 ""벌레""를 뜻합니다. 属는 ""꼬리(尾)로 쫓아도 귀찮게 따라붙는 날벌레들(虫)"" -> ""따르다"" -> ""무리, 속하다""라는 뜻의 글자입니다.",음독은 ゾク입니다. 특별한 점은 없습니다.,属의 정식 훈독은 없습니다.,no
1177,N1,慮,생각할 려,"""생각할 려"". 고려하다, 깊이 생각하다",リョ,,"慮 = 虍 + 思。 「虍」는 ""호랑이""를 뜻합니다. 「思」는 ""생각하다""라는 뜻입니다. 慮는 ""산에서 호랑이(虍)를 만날까봐 걱정하다(思)"" -> ""고려하다, 깊이 생각하다""라는 뜻의 글자입니다.",음독은 リョ입니다. 특별한 점은 없습니다.,慮의 정식 훈독은 없습니다.,no
1178,N1,枠,,"테두리, 틀 (일본에서 만들어진 한자)",,わく,"枠 = 木 + 卆。 「木」는 ""나무""를 뜻합니다. 卆는 단순히「九」와「十」을 합쳐놓은 글자로, ""9(九) + 10(十)"" -> ""여러 개, 많다""라는 뜻입니다. 枠는 ""나무(木) 여러 개(卆)를 이어붙여 만든 뼈대"" -> ""테두리, 틀""이라는 뜻의 글자입니다.",枠의 정식 음독은 없습니다.,"枠는 ""테두리, 틀""을 뜻합니다.",no
1179,N1,露,이슬 로,"""이슬 로"". 이슬, 드러내다",ロ、ロウ,つゆ,"露 = 雨 + 路。 (의미부)「雨」는 ""비""를 뜻합니다. (소리부 겸 의미부)「路」(ロ)는 ""길""을 뜻합니다. 露는, 라는 뜻의 글자입니다. (路는 소리부(ロ -> ロ・ロウ)도 겸함)",음독은 ロ、ロウ입니다. 그러나 절대다수는 ロ로 읽습니다. ロウ는披露(피로; 공표함) 외에는 거의 쓰지 않는 음독입니다.,"露는 ""이슬""을 뜻합니다.",no
1180,N1,沖,화할 충,"""화할 충"". 높이 오르다, 먼 바다",チュウ,おき,"沖 = 氵 + 中。 (의미부)「氵」는 ""물""을 뜻합니다. (소리부 겸 의미부)「中」(チュウ)는 ""가운데""라는 뜻입니다. 沖는 ""바다(氵) 한가운데(中)에서 일어나는 용오름"" -> ""높이 오르다, 먼 바다""라는 뜻의 글자입니다. (中는 소리부도 겸함)",음독은 チュウ입니다. 특별한 점은 없습니다.,"沖는 ""물가에서 멀리 떨어진 바다""를 뜻합니다.",no
1181,N1,緩,느릴 완,"""느릴 완"". 느린, 느슨한, 완만한",カン,ゆる(い)、ゆる(やか)、ゆる(む)、ゆる(める),"緩 = 糸 + 爰。 「糸」는 ""실""을 뜻합니다. 「爰」는 ""한가하다, 여유롭다, 느긋하다""라는 뜻입니다. 緩는 ""느슨하게(爰) 늘어진 실(糸)"" -> ""느슨한, 느린, 완만한""이라는 뜻의 글자입니다.",음독은 カン입니다. 특별한 점은 없습니다.,"1.緩い、緩やか 緩い는 ""느슨하다, 헐렁하다, 완만하다""라는 뜻의 형용사입니다. 緩やか는 ""느슨한 모양, 여유가 있는 모양, 완만한 모양""을 뜻합니다. 예문) ねじが緩くなった 나사가 헐거워졌다 緩い上り坂완만한 오르막길 規制が緩くなる 규제가 느슨해지다 緩やかな服낙낙한 옷 緩やかな流れの川완만한 흐름의 강 緩やかな処分너그러운 처분 2.緩む、緩める 緩む는 ""느슨해지다, 헐거워지다, 풀어지다""라는 뜻의 자동사입니다. 緩める는 ""늦추다, 헐겁게 하다, 완화하다""라는 뜻의 2그룹 타동사입니다. 예문) 帯が緩む 허리띠가 느슨해지다 制限が緩む 제한이 완화되다 糸の結び目を緩める 실의 매듭을 느슨히 하다 基準を緩める 기준을 완화하다",no
1182,N1,需,쓰일/쓸 수,"""쓰일/쓸 수"". 필요한, 필수적인",ジュ,,"需 = 雨 + 而。 「雨」는 ""비""를 뜻합니다. 而는 여기서는 ""비를 막기 위해 쓰던 비옷(도롱이)""를 그린 모양자입니다. 아래 그림을 참조해 주세요. 도롱이(비옷) 需는 ""비(雨)를 막기 위해 꼭 필요한 비옷(而)"" -> ""필요한, 필수적인""이라는 뜻의 글자입니다.",음독은 ジュ입니다. 특별한 점은 없습니다.,需의 정식 훈독은 없습니다.,no
1183,N1,射,쏠 사,"""쏠 사"". 쏘다",シャ,い(る),"射 = 身 + 寸。 「身」는 ""신체, 몸""을 뜻합니다. 寸는 여기서는 ""활""을 그린 모양자입니다. 射는 ""몸(身)에 든 활(寸)을 쏘다"" -> ""쏘다""라는 뜻의 글자입니다.",음독은 シャ입니다. 특별한 점은 없습니다.,"射る는 ""쏘다""라는 뜻의 2그룹 타동사입니다.",no
1184,N1,購,살 구,"""살 구"". 사들이다",コウ,,"購 = 貝 + 冓。 (의미부)「貝」는 ""돈, 재물""을 뜻합니다. (소리부 겸 의미부)「冓」(コウ)는 본래 ""물고기 두 마리가 얽힌 모습""을 그린 글자입니다(링크 참조). 購는 ""생선 묶음(冓)을 구입하다(貝)"" -> ""사들이다""라는 뜻의 글자입니다. (冓는 소리부도 겸함)",음독은 コウ입니다. 특별한 점은 없습니다.,購의 정식 훈독은 없습니다.,no
1185,N1,揮,휘두를 휘,"""휘두를 휘"". 휘두르다, 지휘하다",キ,,"揮 = 扌 + 軍。 「扌」는 ""손""을 뜻합니다. 「軍」는 ""군대""를 뜻합니다. 揮는 ""손(扌)을 흔들어 군대(軍)를 지휘하다"" -> ""휘두르다, 지휘하다""라는 뜻의 글자입니다.",음독은 キ입니다. 특별한 점은 없습니다.,揮의 정식 훈독은 없습니다.,no
1186,N1,充,채울 충,"""채울 충"". 가득한, 채우다",ジュウ,あ(てる),"充는 ""배가 나온 사람""을 그린 상형문자입니다. ""배가 나오다"" -> ""가득하다, 채우다""라는 의미입니다.",음독은 ジュウ입니다. 특별한 점은 없습니다.,"充てる는 ""충당하다, 전용하다, 돌리다""라는 뜻의 2그룹 타동사입니다. 예문) 日曜を読書に充てる 일요일을 독서에 활용하다 寄付を建築費に充てる 기부를 건축비로 돌리다",no
1187,N1,跡,발자취 적,"""발자취 적"". 발자취, 흔적",セキ,あと,"跡 = 足 + 亦。 「足」는 ""발""을 뜻합니다. 「亦」는 ""팔을 벌리고 걷는 사람""을 그린 글자입니다. 跡는 ""걸어가는 사람(亦)의 발자국(足)"" -> ""발자취, 흔적""이라는 뜻의 글자입니다.",음독은 セキ입니다. 특별한 점은 없습니다.,"跡는 ""자취, 흔적, 종적""을 뜻합니다.",no
1188,N1,貢,바칠 공,"""바칠 공"". 바치다, 공물",コウ、ク,みつ(ぐ),"貢 = 工 + 貝。 (소리부 겸 의미부)「工」(コウ・ク)는 ""공작, 가공, 공정""을 뜻합니다. (의미부)「貝」는 ""돈, 재물""을 뜻합니다. 貢는 ""공사(工)에 들어갈 비용(貝)을 상납하다"" -> ""바치다, 공물""이라는 뜻의 글자입니다. (工는 소리부도 겸함)",음독은 コウ、ク입니다. 사용 빈도는 コウ가 더 높습니다.,"貢ぐ는 ""(공물 등을) 바치다, 헌상하다""라는 뜻의 타동사입니다.",no
1189,N1,鹿,사슴 록,"""사슴 록"". 사슴",,しか、か,"鹿는 ""뿔이 긴 수사슴""을 그린 상형문자입니다.",鹿의 정식 음독은 없습니다.,"鹿는 ""사슴""을 뜻합니다.",no
1190,N1,却,물리칠 각,"""물리칠 각"". 물리치다, 물러나다, 없애버리다",キャク,,"却 = 去 + 卩。 「去」는 ""떠나가다, 지나가다""라는 뜻입니다. 「卩」는 ""무릎꿇은 사람""을 뜻합니다. 却는 ""무릎꿇고 애원하는 사람(卩)을 매정하게 내치고 떠나다(去)"" -> ""물리치다, 물러나다, 없애버리다""라는 뜻의 글자입니다.",음독은 キャク입니다. 특별한 점은 없습니다.,却의 정식 훈독은 없습니다.,no
1191,N1,端,끝 단,"""끝 단"". 단정하다, 끝, 끄트머리",タン,はし、は、はた,"端 = 立 + 耑。 「立」는 ""서다""라는 뜻입니다. 耑는 여기서는 ""나무의 뿌리(而)와 뻗어나간 가지(山)""를 그린 모양자입니다. 端는, 라는 뜻의 글자입니다.",음독은 タン입니다. 특별한 점은 없습니다.,훈독은 はし、は、はた입니다. 특별한 구분법은 없습니다.,no
1192,N1,獲,얻을 획,"""얻을 획"". 얻다, 획득하다",カク,え(る),"獲 = 犭 +艹 + 隹 + 又。 「犭」는 ""개, 동물""을 뜻합니다. 「艹」는 ""풀""을 뜻합니다. 「隹」는 ""새""를 뜻합니다. 「又」는 ""손""을 뜻합니다. 獲는 ""사냥개(犭)가 풀숲(艹)에 숨은 새(隹)를 붙잡다(又)"" -> ""얻다, 획득하다""라는 뜻의 글자입니다.",음독은 カク입니다. 특별한 점은 없습니다.,"獲る는 ""(사냥 등으로) 동물을 잡다""라는 뜻의 2그룹 타동사입니다.",no
1193,N1,郡,고을 군,"""고을 군"". 군, 고을, 행정 구획(도도부현의 아래)",グン,,"郡 = 君 + ⻏。 (소리부 겸 의미부)「君」(クン)은 ""군주, 임금""을 뜻합니다. (의미부)「⻏」는 ""도시""를 뜻합니다. 郡는 ""군주(郡)가 다스리는 도시(⻏)"" -> ""군, 고을""이라는 뜻의 글자입니다. (君는 소리부(クン -> グン)도 겸함)",음독은 グン입니다. 郡은 일본에서 도도부현 아래의 행정 구획을 지칭하는 단어입니다.,郡의 정식 훈독은 없습니다.,no
1194,N1,併,아우를 병,"""아우를 병"". 나란히 하다, 겸하다, 아우르다",ヘイ,あわ(せる),"併 = 亻 + 并。 「亻」는 ""사람""을 뜻합니다. 并는 여기서는 ""두 사람이 나란히 서 있는 모습""을 그린 모양자입니다. 併는 ""두 사람(亻)이 나란히 늘어서다(并)"" -> ""나란히 하다, 겸하다, 아우르다""라는 뜻의 글자입니다.",음독은 ヘイ입니다. 특별한 점은 없습니다.,"併せる는 ""합치다, 병합하다, 아우르다""라는 뜻의 2그룹 타동사입니다. 예문) 二つの会社を併せる 두 회사를 병합하다 両方の特徴を併せて考える 양쪽의 특징을 아울러 생각하다 古今東西を併せる 동서고금을 아우르다",no
1195,N1,徹,통할 철,"""통할 철"". 꿰뚫다, 끝까지 하다",テツ,,"徹 = 彳 + 育 + 攵。 「彳」는 ""길""을 뜻합니다. 「育」는 ""기르다, 양육하다""라는 뜻입니다. 「攵」는 ""때리다, 치다""라는 뜻입니다. 徹는 ""길(彳)에서 아이를 회초리로 때리며(攵) 훈육하다(育)""라는 뜻입니다. ""아이를 철저히 훈육하다"" -> ""끝까지 하다, 꿰뚫다, 철저히""라는 의미입니다.",음독은 テツ입니다. 특별한 점은 없습니다.,徹의 정식 훈독은 없습니다.,no
1196,N1,貴,귀할 귀,"""귀할 귀"". 귀중한, 고귀한",キ,たっと(い)、とうと(い)、たっと(ぶ)、とうと(ぶ),"貴 = 𠀐 + 貝。 𠀐는 여기서는「上」가 변형된 것으로, ""높다""라는 뜻입니다. 「貝」는 ""돈, 재물""을 뜻합니다. 貴는 ""상등품(𠀐)의 재보(貝)"" -> ""귀하다""라는 뜻의 글자입니다.",음독은 キ입니다. 특별한 점은 없습니다.,"貴い、貴い는 둘 다""고귀하다, 소중하다""라는 뜻의 형용사입니다. 貴ぶ、貴ぶ는 둘 다 ""존경하다, 소중히 여기다""라는 뜻의 타동사입니다. 예문) 貴い教え 고귀한 가르침 貴い命소중한 생명 老人を貴ぶ 노인을 공경하다 人命を貴ぶ 인명을 소중히 여기다 참고) 「貴い、貴い、貴ぶ、貴ぶ」는 각각「尊い、尊い、尊ぶ、尊ぶ」와 완전히 같은 뜻의 표현입니다.",no
1197,N1,衝,찌를 충,"""찌를 충"". 부딪다, 찌르다",ショウ,,"衝 = 行 + 重。 「行」는 본래 ""사거리""를 그린 글자입니다. 「重」는 ""무겁다""라는 뜻입니다. 衝는 ""사거리 한가운데(行)에서 무거운(重) 수레에 치이다"" -> ""부딪다, 찌르다""라는 뜻의 글자입니다.",음독은 ショウ입니다. 특별한 점은 없습니다.,衝의 정식 훈독은 없습니다.,no
1198,N1,焦,탈 초,"""탈 초"". 그슬리다, 태우다, 안달하다",ショウ,こ(げる)、こ(がす)、こ(がれる)、あせ(る),"焦 = 隹 + 灬。 「隹」는 ""새""를 뜻합니다. 「灬」는 ""불""을 뜻합니다. 焦는 ""새고기(隹)를 불(灬)에 굽다""라는 뜻입니다. 라는 의미입니다.",음독은 ショウ입니다. 특별한 점은 없습니다.,"1.焦げる、焦がす 焦げる는 ""(음식물 등이) 눋다/타다""라는 뜻의 2그룹 자동사입니다. 焦がす는 ""(음식물 등을) 눌리다/태우다""라는 뜻의 타동사입니다. 예문) 真っ黒に焦げてしまったパン 새까맣게 타 버린 빵 ご飯を焦がす 밥을 태우다 2.焦がれる、焦る 焦がれる는 ""연모하다, 애태우다""라는 뜻의 2그룹 자동사입니다. 焦る는 ""초조해하다, 안달하다""라는 뜻의 1그룹 자동사입니다. 예문) 長年焦がれた相手오랫동안 연모한 상태 思い焦がれる 애타게 그리다 焦っても仕方がない 안달해 봤자 별수 없다 焦れば焦るほどうまくいかない 초조해하면 할수록 잘 되지 않는다",no
1199,N1,奪,빼앗을 탈,"""빼앗을 탈"". 빼앗다",ダツ,うば(う),"奪 = 大 + 隹 + 寸。 「大」는 ""사람""을 그린 글자입니다. 「隹」는 ""새""를 뜻합니다. 「寸」는 ""손""을 뜻합니다. 奪는 ""다른 사람(大)의 품 안에 있는 새(隹)를 빼앗다(寸)"" -> ""빼앗다""라는 뜻의 글자입니다.",음독은 ダツ입니다. 특별한 점은 없습니다.,"奪う는 ""빼앗다""라는 뜻의 타동사입니다.",no
1200,N1,災,재앙 재,"""재앙 재"". 재앙",サイ,わざわ(い),"災 = 巛 + 火。 巛는 여기서는 ""흐르는 물살""을 그린 모양자입니다. 「火」는 ""불""을 뜻합니다. 災는 ""홍수(巛)와 화재(火)"" -> ""재앙""이라는 뜻의 글자입니다.",음독은 サイ입니다. 특별한 점은 없습니다.,"災い는 ""재앙, 재난, 화""를 뜻합니다.",no
1201,N1,浦,개 포,"""개 포"". 물가",,うら,"浦 = 氵 + 甫。 「氵」는 ""물""을 뜻합니다. 「甫」는 ""채소밭""을 뜻합니다. 浦는 ""바닷가(氵)에 자라난물풀(甫)"" -> ""물가""라는 뜻의 글자입니다.",浦의 정식 음독은 없습니다.,"浦는 ""해변""을 뜻합니다.",no
1202,N1,析,쪼갤 석,"""쪼갤 석"". 산산이 분해하다, 나누다",セキ,,"析 = 木 + 斤。 「木」는 ""나무""를 뜻합니다. 「斤」는 ""도끼""를 뜻합니다. 析는 ""도끼(斤)로 나무(木)를 쪼개다"" -> ""산산이 분해하다, 나누다""라는 뜻의 글자입니다.",음독은 セキ입니다. 특별한 점은 없습니다.,析의 정식 훈독은 없습니다.,no
1203,N1,譲,사양할 양,"""사양할 양"". 양보하다, 양도하다, 사양하다, 겸손한",ジョウ,ゆず(る),"譲 = 言 + 㐮。 (의미부)「言」는 ""말하다""라는 뜻입니다. (소리부 겸 의미부)「㐮」(ジョウ)는 ""상복, 예복""을 뜻하는 글자입니다(링크 참조). 譲는 ""상복(㐮)을 입은 사람에게 위로의 말(言)을 건네다"" -> ""양도하다, 양보하다, 사양하다""라는 뜻의 글자입니다. (㐮는 소리부도 겸함)",음독은 ジョウ입니다. 특별한 점은 없습니다.,"譲る는 ""양도하다, 물려주다, 양보하다""라는 뜻의 타동사입니다. 예문) 財産を譲る 재산을 물려주다 席を譲る 자리를 양보하다 順序を譲る 순서를 양보하다",no
1204,N1,称,일컬을 칭,"""일컬을 칭"". 칭찬하다, 칭하다, 칭호",ショウ,,"称 = 禾 + 尔。 「禾」는 ""곡식""을 뜻합니다. 尔는 여기서는 ""천칭""을 그린 모양자입니다. 称는 ""곡식(禾)의 무게를 천칭(尔)에 달아 가격을 부르다"" -> ""칭하다, 칭호""라는 뜻의 글자입니다.",음독은 ショウ입니다. 특별한 점은 없습니다.,称의 정식 훈독은 없습니다.,no
1205,N1,納,들일 납,"""들일 납"". 수납하다, 넣어 두다",ノウ、ナッ、ナ、ナン、トウ,おさ(める)、おさ(まる),"納 = 糸 + 内。 「糸」는 ""실""을 뜻합니다. 「内」는 ""안쪽""을 뜻합니다. 納는 ""실(糸)을 감아서 서랍 안쪽(内)에 넣어두다"" -> ""수납하다, 넣어 두다""라는 뜻의 글자입니다.",음독은 ノウ、ナッ、ナ、ナン、トウ입니다. 특별한 구분법은 없습니다.,"納める는 ""납입하다, 납부하다""라는 뜻의 2그룹 타동사입니다. 納まる는 ""납부되다, 납입되다, 수납되다""라는 뜻의 자동사입니다.",no
1206,N1,樹,나무 수,"""나무 수"". 나무, 세우다",ジュ,,"樹 = 木 + 壴 + 寸。 「木」는 ""나무""를 뜻합니다. 「壴」는 ""북""을 뜻합니다. 「寸」는 ""손""을 뜻합니다. 樹는 ""나무(木)를 심어(寸) 과수원을 세우고 북(壴)을 치며 축하하다"" -> ""나무, 세우다""라는 뜻의 글자입니다.",음독은 ジュ입니다. 특별한 점은 없습니다.,樹의 정식 훈독은 없습니다.,no
1207,N1,挑,돋울 도,"""돋울 도"". 도전하다",チョウ,いど(む),"挑 = 扌 + 兆。 (의미부)「扌」는 ""손""을 뜻합니다. (소리부 겸 의미부)「兆」(チョウ)는 ""징조, 전조, 징후""를 뜻합니다. 挑는 ""승리의 전조(兆)를 느끼고싸움을 걸다(扌)"" -> ""도전하다""라는 뜻의 글자입니다. (兆는 소리부도 겸함)",음독은 チョウ입니다. 특별한 점은 없습니다.,"挑む는 ""도전하다""라는 뜻의 자동사입니다. 예문) 強敵に挑む 강적에게 도전하다 新記録に挑む 신기록에 도전하다",no
1208,N1,誘,꾈 유,"""꾈 유"". 꾀어내다, 유인하다",ユウ,さそ(う),"誘 = 言 + 秀。 「言」는 ""말하다""라는 뜻입니다. 「秀」는 ""뛰어나다""라는 뜻의 상용한자입니다. 誘는 ""뛰어난(秀) 언변(言)으로 유혹하다"" -> ""꾀어내다, 유인하다""라는 뜻의 글자입니다.",음독은 ユウ입니다. 특별한 점은 없습니다.,"誘う는 ""권하다, 꾀다, 유혹하다, 부르다""라는 뜻의 타동사입니다. 예문) 友達を旅行に誘う 친구에게 함께 여행 가자고 권하다 悪の道に誘う 나쁜 길로 유혹하다 月に誘われる 달빛에 이끌리다",no
1209,N1,紛,어지러울 분,"""어지러울 분"". 어지러운, 혼란스러운, 번잡한",フン,まぎ(れる)、まぎ(らす)、まぎ(らわす)、まぎ(らわしい),"紛 = 糸 + 分。 (의미부)「糸」는 ""실""을 뜻합니다. (소리부 겸 의미부)「分」(フン)은 ""나누다, 가르다""라는 뜻입니다. 紛는 ""실타래(糸)를 잘못 잘라(分) 전부 뒤엉켜버리다"" -> ""어지러운, 혼란스러운, 번잡한""이라는 뜻의 글자입니다. (分는 소리부도 겸함)",음독은 フン입니다. 특별한 점은 없습니다.,"1.紛れる、紛らわしい 紛れる는 ""혼동되다""라는 뜻의 2그룹 자동사입니다. 紛らわしい는 ""혼동하기 쉽다, 헷갈리기 쉽다""라는 뜻의 형용사입니다. 예문) 似ていて紛れやすい 비슷해서 혼동하기 쉽다 紛らわしい漢字헷갈리기 쉬운 한자 2.紛らす、紛らわす 紛らす、紛らわす는 둘 다 ""얼버무리다, 달래다""라는 뜻의 타동사입니다. 둘 사이에 의미의 차이는 없습니다. 예문) 話を紛らす 이야기를 얼버무리다 悲しみを笑いで紛らわす 슬픔을 웃음으로 얼버무리다",no
1210,N1,至,이를 지,"""이를 지"". 이르다, 극에 달하다",シ,いた(る),"至 =𠫔 + 土。 𠫔는 여기서는 ""과녁""을 그린 모양자입니다. 土는 여기서는 ""(과녁에 날아가 박힌) 화살""을 그린 모양자입니다. 至는 ""화살(土)이 과녁(𠫔)에 날아가 박히다"" -> ""이르다, 극에 달하다""라는 뜻의 글자입니다.",음독은 シ입니다. 특별한 점은 없습니다.,"至る는 ""이르다, 도달하다""라는 뜻의 자동사입니다. 예문) 今に至るまで 지금에 이르기까지(지금껏) やっと合意に至る 겨우 합의에 이르다",no
1211,N1,宗,마루 종,"""마루 종"". 근원, 으뜸, 종주, 종교",シュウ、ソウ,,"宗 = 宀 + 示。 「宀」는 ""집""을 뜻합니다. 「示」는 ""신, 종교, 고대의 비석""을 뜻합니다. 宗는 ""집(宀)에서 받들어 모시는 신(示)""-> ""으뜸, 근원, 종주, 종교""라는 뜻의 글자입니다.",음독은 シュウ、ソウ입니다. 구분법은 다음과 같습니다. 아래 예시단어를 참조해 주세요.,宗의 정식 훈독은 없습니다.,no
1212,N1,促,재촉할 촉,"""재촉할 촉"". 재촉하다",ソク,うなが(す),"促 = 亻 + 足。 「亻」는 ""사람""을 뜻합니다. 「足」는 ""발""을 뜻합니다. 促는 ""서둘러 발걸음(足)을 재촉하는 사람(亻)"" -> ""재촉하다""라는 뜻의 글자입니다.",음독은 ソク입니다. 특별한 점은 없습니다.,"促す는 ""재촉하다, 독촉하다, 촉구하다""라는 뜻의 타동사입니다. 예문) 借金の返済を促す 빚을 갚으라고 독촉하다 積極的な参加を促す 적극적인 참가를 촉구하다 生物の発育を促す物質생물의 발육을 촉진하는 물질",no
1213,N1,慎,삼갈 신,"""삼갈 신"". 조심하다, 삼가다",シン,つつし(む),"慎 = 忄 + 真。 (의미부)「忄」는 ""마음""을 뜻합니다. (소리부 겸 의미부)「真」(シン)은 ""참되다, 진실되다""라는 뜻입니다. 慎는 ""마음(忄)을 진지하게(真) 다잡다"" -> ""조심하다, 삼가다""라는 뜻의 글자입니다. (真는 소리부도 겸함)",음독은 シン입니다. 특별한 점은 없습니다.,"慎む는 ""삼가다, 조심하다, 절제하다""라는 뜻의 타동사입니다. 예문) 言葉を慎む 말을 삼가다 酒を慎む 술을 삼가다 他人の迷惑になる行為は慎みましょう 타인에게 폐가 되는 행동은 삼갑시다",no
1214,N1,控,당길 공,"""당길 공"". 빼다, 당기다, 기다리다",コウ,ひか(える),"控 = 扌 + 空。 (의미부)「扌」는 ""손""을 뜻합니다. (소리부 겸 의미부)「空」(クウ)는 ""비어있다""라는 뜻입니다. 控는 ""뭉친 것을 잡아당겨(扌) 빈 공간(空)을 만들다"" -> ""빼다, 당기다, 기다리다""라는 뜻의 글자입니다. (空는 소리부(クウ -> コウ)도 겸함)",음독은 コウ입니다. 특별한 점은 없습니다.,"控える는 ""삼가다, 앞두다, 대기시키다, 기다리다""라는 뜻의 2그룹 자동사/타동사입니다. 예문) 発言を控える 발언을 삼가다 酒を控える 술을 절제하다 馬を控えて待つ 말을 대기시키고 기다리다 試合を控えて休養を取る 경기를 앞두고 휴양을 취하다 試験を控えて勉強に忙しい 시험을 앞두고 공부에 바쁘다",no
1215,N1,握,쥘 악,"""쥘 악"". 쥐다",アク,にぎ(る),"握 = 扌 + 握。 (의미부)「扌」는 ""손""을 뜻합니다. (소리부 겸 의미부)「屋」(オク)는 ""집, 지붕""을 뜻합니다. 握는 ""지붕(屋) 끝을 꽉 잡고(扌) 매달리다"" -> ""쥐다, 움켜쥐다""라는 뜻의 글자입니다. (屋는 소리부(オク -> アク)도 겸함)",음독은 アク입니다. 특별한 점은 없습니다.,"握る는 ""쥐다, 잡다, 장악하다""라는 뜻의 1그룹 타동사입니다. 예문) 拳を握る 주먹을 쥐다 ハンドルを握る 핸들을 잡다 実権を握る 실권을 장악하다",no
1216,N1,俊,준걸 준,"""준걸 준"". 뛰어난, 걸출한",シュン,,"俊 = 亻 + 夋。 「亻」는 ""사람""을 뜻합니다. 「夋」는 ""천천히 걷는 사람""을 그린 글자입니다(링크 참조). 俊는 ""기품있게 천천히 걷는(夋) 사람(亻)"" -> ""뛰어나다, 걸출하다""라는 뜻의 글자입니다.",음독은 シュン입니다. 특별한 점은 없습니다.,俊의 정식 훈독은 없습니다.,no
1217,N1,銭,돈 전,"""돈 전"". 동전",セン,ぜに,"銭 = 金 + 㦮。 (의미부)「金」는 ""쇠, 황금, 돈""을 뜻합니다. (소리부 겸 의미부)㦮는 여기서는「浅」(セン)이 축약된 것으로, ""얕다""라는 뜻입니다. 銭는 ""적은(浅) 돈(金)"" -> ""동전""이라는 뜻의 글자입니다. (㦮->浅는 소리부도 겸함)",음독은 セン입니다. 특별한 점은 없습니다.,"銭는 ""동전, 소액 화폐""를 뜻합니다.",no
1218,N1,渋,떫을 삽,"""떫을 삽"". 떫다, 일이 정체되다",ジュウ,しぶ、しぶ(い)、しぶ(る),"渋 = 氵 + 止 + 冫 + 冫。 「氵」는 ""물""을 뜻합니다. 「止」는 ""멈추다""라는 뜻입니다(여기서는 ""발""이 아닌 한자 자체의 뜻으로 사용된 것입니다). 아래쪽의 冫+冫는 여기서는 ""물이 고여있는 모습""을 그린 모양자입니다. 渋는 ""물(氵)이 고인 채(冫+冫) 흐르지 않고 멈추다(止)"" -> ""정체되다, 떫다""라는 뜻의 글자입니다.",음독은 ジュウ입니다. 특별한 점은 없습니다.,"渋い는 ""떫다""라는 뜻의 형용사입니다. 渋る는 ""난삽하다, 정체되다""라는 뜻의 자동사, ""주저하다, 망설이다""라는 뜻의 타동사입니다. 예문) 渋茶떫은 차 渋い味떫은 맛 交渉が渋る 교섭이 정체되다 返事を渋る 대답하기를 주저하다",no
1219,N1,銃,총 총,"""총 총"". 총",ジュウ,,"銃 = 金 + 充。 (의미부)「金」는 ""쇠, 금속""을 뜻합니다. (소리부 겸 의미부)「充」(ジュウ)는 ""채우다""라는 뜻입니다. 銃는 ""금속(金)에 화약을 채워서(充) 쓰는 무기"" -> ""총""이라는 뜻의 글자입니다. (充는 소리부도 겸함)",음독은 ジュウ입니다. 특별한 점은 없습니다.,銃의 정식 훈독은 없습니다.,no
1220,N1,携,이끌 휴,"""이끌 휴"". 휴대하다, 잡다, 끌다",ケイ,たずさ(える)、たずさ(わる),"携 = 扌 +隹 +乃。 「扌」는 ""손""을 뜻합니다. 「隹」는 ""새""를 뜻합니다. 乃는 여기서는 ""엄지를 치켜든 모습""을 그린 모양자입니다. 携는 ""최고급(乃) 새고기(隹)를 잡아서 허리춤에 들고 다니다(扌)"" -> ""휴대하다, 잡다, 끌다""라는 뜻의 글자입니다.",음독은 ケイ입니다. 특별한 점은 없습니다.,"携える는 ""휴대하다, 지니다, 제휴하다""라는 뜻의 2그룹 타동사입니다. 携わる는 ""(어떤 일에) 종사하다, 관계하다, 관여하다""라는 뜻의 자동사입니다. 예문) ケータイを携える 휴대폰을 휴대하다 同盟国と手を携える 동맹국과 손을 잡다(제휴하다) 教育に携わる 교육에 종사하다",no
1221,N1,診,진찰할 진,"""진찰할 진"". 진찰하다",シン,み(る),"診 = 言 + 㐱。 (의미부)「言」는 ""말하다""라는 뜻입니다. (소리부 겸 의미부)㐱는 여기서는「珍」(チン)이 축약된 것으로, ""진귀한, 흔치 않은""이라는 뜻입니다. 診는 ""의사가 해주는 진귀한(珍) 조언(言)"" -> ""진찰하다, 진단하다""라는 뜻의 글자입니다. (㐱->珍는 소리부(チン -> シン)도 겸함)",음독은 シン입니다. 특별한 점은 없습니다.,"診る는 ""보다, 진찰하다""라는 뜻의 2그룹 타동사입니다.",no
1222,N1,託,부탁할 탁,"""부탁할 탁"". 부탁하다",タク,,"託 = 言 + 乇。 「言」는 ""말하다""라는 뜻입니다. 乇는 여기서는 ""등을 돌리고 앉아있는 사람""을 그린 모양자입니다. 託는 ""등을 돌리고 앉아있는 사람(乇)에게 애원하다(言)"" -> ""부탁하다""라는 뜻의 글자입니다.",음독은 タク입니다. 특별한 점은 없습니다.,託의 정식 훈독은 없습니다.,no
1223,N1,撮,모을 촬,"""모을 촬"". 사진 찍다(촬영하다)",サツ,と(る),"撮 = 扌 + 最。 「扌」는 ""손""을 뜻합니다. 「最」는 ""최고""라는 뜻입니다. 撮는 ""최고의 순간(最)을 사진으로 찍어서(扌) 남기다"" -> ""촬영하다""라는 뜻의 글자입니다.",음독은 サツ입니다. 특별한 점은 없습니다.,"撮る는 ""촬영하다""라는 뜻의 타동사입니다.",no
1224,N1,誕,낳을 탄,"""낳을 탄"". 태어나다",タン,,"誕 = 言 + 延。 「言」는 ""말하다""라는 뜻입니다. 「延」는 ""늘이다""라는 뜻입니다. 誕는 ""갓 태어난 아기의 울음소리(言)가 길게 이어지다(延)"" -> ""태어나다""라는 뜻의 글자입니다.",음독은 タン입니다. 특별한 점은 없습니다.,誕의 정식 훈독은 없습니다.,no
1225,N1,侵,침노할 침,"""침노할 침"". 침범하다, 침해하다",シン,おか(す),"侵 = 亻 + 𠬶。 「亻」는 ""사람""을 뜻합니다. 𠬶는 ""빗자루(「帚」)를 든 손(「又」)""을 뜻합니다. 侵는 ""빗자루를 휘둘러(𠬶) 침입자(亻)를 쫓아내다""-> ""침범하다, 침해하다""라는 뜻의 글자입니다.",음독은 シン입니다. 특별한 점은 없습니다.,"侵す는 ""침범하다, 침입하다, 침해하다""라는 뜻의 타동사입니다. 예문) 隣国の領土を侵す 이웃 나라의 영토를 침범하다 他人のプライバシーを侵す 타인의 사생활을 침해하다",no
1226,N1,括,묶을 괄,"""묶을 괄"". 묶다, 일괄의",カツ,,"括 = 扌 + 舌。 「扌」는 ""손""을 뜻합니다. 「舌」는 ""혓바닥""을 뜻합니다. 括는 ""시끄러운 혓바닥(舌)을 묶어버리다(扌)"" -> ""묶다, 일괄의""라는 뜻의 글자입니다.",음독은 カツ입니다. 특별한 점은 없습니다.,括의 정식 훈독은 없습니다.,no
1227,N1,掛,걸 괘,"""걸 괘"". 걸다, 걸리다",,か(ける)、か(かる)、かか(り),"掛 = 扌 + 圭 + 卜。 「扌」는 ""손""을 뜻합니다. 圭는 ""흙더미(土+土)""라는 뜻입니다. 「卜」는 ""점괘""를 뜻합니다. 掛는 ""흙으로 쌓은 제단(圭)에 점괘(卜)를 걸어두다(扌)"" -> ""걸다, 걸리다""라는 뜻의 글자입니다.",掛의 정식 음독은 없습니다.,"掛ける는 ""걸다""라는 뜻의 2그룹 타동사입니다. 掛かる는 ""걸리다""라는 뜻의 자동사입니다. 掛り는 ""걸림, 걸침""을 뜻합니다. 예문) 声を掛ける 말을 걸다 電話を掛ける 전화를 걸다 鍵を掛ける 열쇠를 걸다(자물쇠를 채우다) 期待を掛ける 기대를 걸다 肩に手を掛ける 어깨에 손을 걸치다 壁に絵が掛かっている 벽에 그림이 걸려 있다 時間が掛かる 시간이 걸리다 費用が掛かる 비용이 들다 子供の将来が心に掛かる 자식의 장래가 마음에 걸리다(걱정되다) 計略に掛かる 계략에 걸리다 エンジンの掛りが悪い 엔진의 시동이 잘 안 걸린다",no
1228,N1,謝,사례할 사,"""사례할 사"". 사례하다, 사과하다",シャ,あやま(る),"謝 = 言 + 射。 (의미부)「言」는 ""말하다""라는 뜻입니다. (소리부 겸 의미부)「射」(シャ)는 ""쏘다""라는 뜻입니다. 謝는, 라는 뜻의 글자입니다. (射는 소리부도 겸함)",음독은 シャ입니다. 특별한 점은 없습니다.,"謝る는 ""사죄하다, 사과하다""라는 뜻의 타동사입니다.",no
1229,N1,孝,효도 효,"""효도 효"". 효도하다",コウ,,"孝 = 耂 + 子。 「耂」는 ""노인""을 뜻합니다. 「子」는 ""아이""를 뜻합니다. 孝는 ""늙은 부모(耂)를 모시는 아이(子)"" -> ""효도하다""라는 뜻의 글자입니다.",음독은 コウ입니다. 특별한 점은 없습니다.,孝의 정식 훈독은 없습니다.,no
1230,N1,駆,몰 구,"""몰 구"". 몰다, 몰아내다",ク,か(ける)、か(る),"駆 = 馬 + 区。 (의미부)「馬」는 ""말""을 뜻합니다. (소리부 겸 의미부)「区」(ク)는 ""구역, 구획""을 뜻합니다. 駆는 ""말(馬)을 몰아 들짐승을 구역(区)에서 몰아내다"" -> ""몰다, 몰아대다, 몰아내다""라는 뜻의 글자입니다. (区는 소리부도 겸함)",음독은 ク입니다. 특별한 점은 없습니다.,"駆ける는 ""빠르게 달리다, 뛰다""라는 뜻의 2그룹 자동사입니다. 駆る는 ""몰다, 강제로 시키다, 달리게 하다""라는 뜻의 타동사입니다. 예문) 馬が全速力で駆ける 말이 전속력으로 달리다 牛を駆る 소를 몰다 国民を戦争に駆る 국민을 전쟁으로 몰다",no
1231,N1,透,사무칠 투,"""사무칠 투"". 투명하다, 꿰뚫다, 투과하다",トウ,す(く)、す(ける)、す(かす),"透 = ⻌ + 秀。 「⻌」는 ""길""을 뜻합니다. 「秀」는 ""뛰어나다, 빼어나다""라는 뜻입니다. 透는 ""뛰어난(秀) 통찰력으로올바른 길(⻌)을 꿰뚫어보다"" -> ""꿰뚫다, 투과하다, 투명하다""라는 뜻의 글자입니다.",음독은 トウ입니다. 특별한 점은 없습니다.,"1.透く、透ける 透く는 ""틈이 나다, 틈새가 벌어지다""라는 뜻의 자동사입니다. 透ける는 ""들여다보이다, 비쳐 보이다""라는 뜻의 2그룹 자동사입니다. 예문) 歯の間が透いている 잇새가 벌어져 있다 戸と柱の間が透いている 문과 기둥 사이가 벌어져 있다 薄く透ける素材얇게 비쳐 보이는 소재 中が透けて見える服속이 훤히 비쳐보이는 옷 本音が透けて見える 본심이 들여다보이다 2.透かす 透かす는 ""틈새를 만들다, (통해서) 보다""라는 뜻의 타동사입니다. 예문) 雨戸を透かす 덧문을 약간 열어 두다 ガラスを透かして見る 유리를 통해서 보다",no
1232,N1,津,나루 진,"""나루 진"". 넘치다, 진액",シン,つ,"津 = 氵 + 聿。 「氵」는 ""물""을 뜻합니다. 「聿」는 ""붓을 든 손""을 뜻합니다. 津는 ""붓(聿)에서 먹물(氵)이 넘치다"" -> ""넘치다, 진액""이라는 뜻의 글자입니다.",음독은 シン입니다. 특별한 점은 없습니다.,훈독은 つ입니다. 특별한 점은 없습니다.,no
1233,N1,稲,벼 도,"""벼 도"". 벼",トウ,いね、いな,"稲 = 禾 + ⺤ + 旧。 「禾」는 ""곡식""을 뜻합니다. 「⺤」는 ""손""을 뜻합니다. 旧는 여기서는 ""항아리""를 그린 모양자입니다. 稲는 ""항아리(旧)에 담아놓은(⺤)탈곡한 벼(禾)"" -> ""벼""라는 뜻의 글자입니다.",음독은 トウ입니다. 특별한 점은 없습니다.,훈독은 いね、いな입니다. 특별한 구분법은 없습니다.,no
1234,N1,裂,찢어질 렬,"""찢어질 렬"". 찢다, 터지다, 균열",レツ,さ(く)、さ(ける),"裂 = 列 + 衣。 (소리부 겸 의미부)「列」(レツ)는 본래 ""짐승의 시체(歹)를 잘라(刂) 나열하다""라는 뜻으로 만들어진 글자입니다(링크 참조). (의미부)「衣」는 ""옷""을 뜻합니다. 裂는 ""옷(衣)을 조각조각 찢다(列)"" -> ""찢다, 터지다, 균열""이라는 뜻의 글자입니다. (列는 소리부도 겸함)",음독은 レツ입니다. 특별한 점은 없습니다.,"裂く는 ""찢다""라는 뜻의 타동사입니다. 裂ける는 ""찢어지다, 터지다, 갈라지다""라는 뜻의 2그룹 자동사입니다. 예문) 紙を裂く 종이를 찢다 魚の腹を裂く 생선의 배를 가르다 紙が裂ける 종이가 찢어지다 服がずたずたに裂ける 옷이 갈기갈기 찢어지다 地震で地面が裂ける 지진으로 지면이 갈라지다",no
1235,N1,敏,민첩할 민,"""민첩할 민"". 민첩하다, 재빠르다",ビン,,"敏 = 毎 + 攵。 「毎」는 본래 ""머리에 비녀를 꽃은 어머니""를 그린 글자입니다(링크 참조). 「攵」는 ""때리다, 치다""라는 뜻입니다. 敏는 ""손을 바삐 움직이며(攵) 머리를 손질하는 여자(毎)"" -> ""민첩하다, 재빠르다""라는 뜻의 글자입니다.",음독은 ビン입니다. 특별한 점은 없습니다.,敏의 정식 훈독은 없습니다.,no
1236,N1,是,옳을 시,"""옳을 시"". 옳다",ゼ,,"是 = 日 + 𤴓。 「日」는 ""태양""을 뜻합니다. 𤴓는「正」가 살짝 변형된 것으로, ""바르다""라는 뜻입니다. 是는 ""하늘의태양(日)처럼바르고 올곧다(𤴓)"" -> ""옳다""라는 뜻의 글자입니다.",음독은 ゼ입니다. 특별한 점은 없습니다.,是의 정식 훈독은 없습니다.,no
1237,N1,排,밀칠 배,"""밀칠 배"". 밀어내다, 배척하다",ハイ,,"排 = 扌 + 非。 (의미부)「扌」는 ""손""을 뜻합니다. (소리부 겸 의미부)「非」(ヒ)는 ""아니다, 옳지 않다""라는 뜻입니다. 排는 ""옳지 못한(非) 것을 밀어내다(扌)"" -> ""밀어내다, 배척하다""라는 뜻의 글자입니다. (非는 소리부(ヒ -> ハイ)도 겸함)",음독은 ハイ입니다. 특별한 점은 없습니다.,排의 정식 훈독은 없습니다.,no
1238,N1,裕,넉넉할 유,"""넉넉할 유"". 넉넉한, 너그러운",ユウ,,"裕 = 衤 + 谷。 「衤」는 ""옷, 옷감""을 뜻합니다. 「谷」는 ""계곡, 골짜기""라는 뜻입니다. 裕는 ""드넓은 계곡처럼(谷) 크고 넉넉한 옷(衤)"" -> ""넉넉하다, 너그럽다""라는 뜻의 글자입니다.",음독은 ユウ입니다. 특별한 점은 없습니다.,裕의 정식 훈독은 없습니다.,no
1239,N1,堅,굳을 견,"""굳을 견"". 단단하다, 굳다",ケン,かた(い),"堅 = 臣 + 又 + 土。 「臣」는 본래 ""눈동자""를 그린 글자입니다(링크 참조). 「又」는 ""손""을 뜻합니다. 「土」는 ""흙, 땅""을 뜻합니다. 堅는 ""땅(土)을 바라보며(臣) 단단히 다지다(又)"" -> ""단단하다, 굳다""라는 뜻의 글자입니다.",음독은 ケン입니다. 특별한 점은 없습니다.,"堅い는 ""견실하다, 견고하다, 착실하다""라는 뜻의 형용사입니다. 예문) 口が堅い 입이 무겁다 堅い職業견실한 직업 城の守りが堅い 성의 수비가 견고하다",no
1240,N1,訳,번역할 역,"""번역할 역"". 번역, 이유",ヤク,わけ,"訳 = 言 + 尺。 「言」는 ""말하다""라는 뜻입니다. 尺는 여기서는 ""말고삐""를 그린 모양자입니다. 訳는, 라는 뜻의 글자입니다.",음독은 ヤク입니다. 특별한 점은 없습니다.,"訳는 ""의미, 도리, 이유""등을 뜻하는 명사입니다.",no
1241,N1,芝,지초 지,"""지초 지"". 잔디",,しば,"芝 = 艹 + 之。 「艹」는 ""풀""을 뜻합니다. 之는 여기서는 ""오솔길""을 그린 모양자입니다. 芝는 ""잔디(艹)가 자라난 오솔길(之)"" -> ""잔디""라는 뜻의 글자입니다.",芝의 정식 음독은 없습니다.,"芝는 ""잔디""를 뜻합니다.",no
1242,N1,綱,벼리 강,"""벼리 강"". 밧줄, 일의 뼈대",コウ,つな,"綱 = 糸 + 岡。 (의미부)「糸」는 ""실""을 뜻합니다. (소리부 겸 의미부)「岡」(コウ)는 ""강하다""라는 뜻의 글자로, ""산(山) 위에 쳐놓은 쇠그물""을 그린 것입니다(링크 참조). 綱는 ""튼튼한(岡) 밧줄(糸)"" -> ""밧줄, (중심이 되는) 뼈대""라는 뜻의 글자입니다. (岡는 소리부도 겸함)",음독은 コウ입니다. 특별한 점은 없습니다.,"綱는 ""밧줄""을 뜻합니다.",no
1243,N1,典,법 전,"""법 전"". 경전, 중요한 책, 기준, 규칙",テン,,"典는 ""대나무 죽간을 두 손으로 받든 모습""을 그린 상형문자입니다. ""경전을 두 손으로 받들다"" -> ""경전, 중요한 책, 기준, 규칙""이라는 의미입니다.",음독은 テン입니다. 특별한 점은 없습니다.,典의 정식 훈독은 없습니다.,no
1244,N1,賀,하례할 하,"""하례할 하"". 축하하다",ガ,,"賀 = 加 + 貝。 (소리부 겸 의미부)「加」(カ)는 ""더하다, 보태다""라는 뜻입니다. (의미부)「貝」는 ""돈, 재물""을 뜻합니다. 賀는 ""축의금(貝)을 보태다(加)"" -> ""축하하다""라는 뜻의 글자입니다. (加는 소리부(カ -> ガ)도 겸함)",음독은 ガ입니다. 특별한 점은 없습니다.,賀의 정식 훈독은 없습니다.,no
1245,N1,扱,거둘 급,"""거둘 급"". 다루다, 취급하다",,あつか(う),"扱 = 扌 + 及。 「扌」는 ""손""을 뜻합니다. 「及」는 ""미치다, 이르다""라는 뜻입니다. 扱는 ""손(扌)이 미치다(及)"" -> ""다루다, 취급하다""라는 뜻의 글자입니다.",扱의 정식 음독은 없습니다.,"扱う는 ""다루다, 취급하다""라는 뜻의 타동사입니다. 예문) 機械を扱う 기계를 다루다(조작하다) マスコミで大きく扱われる 매스컴에서 크게 다루어지다 壊れやすいので丁寧に扱ってください 깨지기 쉬우니 조심히 다루어 주세요",no
1246,N1,顧,돌아볼 고,"""돌아볼 고"". 돌아보다, 돌이켜보다",コ,かえり(みる),"顧 = 雇 + 頁。 (소리부 겸 의미부)「雇」(コ)는 ""고용하다""라는 뜻입니다. (의미부)「頁」는 ""머리""를 뜻합니다. 顧는 ""직장을 은퇴하는 고용인(雇)이 그간의 추억을 돌이켜보다(頁)"" -> ""돌아보다, 돌이켜보다""라는 뜻의 글자입니다. (雇는 소리부도 겸함)",음독은 コ입니다. 특별한 점은 없습니다.,"顧みる는 ""되돌아보다, 회고하다""라는 뜻의 2그룹 타동사입니다. 예문) 歴史を顧みる 역사를 되돌아보다 過ぎ去った人生を顧みる 지나온 삶을 회고하다",no
1247,N1,訟,송사할 송,"""송사할 송"". 소송하다",ショウ,,"訟 = 言 + 公。 「言」는 ""말하다""라는 뜻입니다. 「公」는 ""공적인, 공공의""라는 뜻입니다. 訟는 ""억울함을 공공기관(公)에 호소하다(言)"" -> ""소송하다""라는 뜻의 글자입니다.",음독은 ショウ입니다. 특별한 점은 없습니다.,訟의 정식 훈독은 없습니다.,no
1248,N1,戒,경계할 계,"""경계할 계"". 경계하다, 금지하다, 계율",カイ,いまし(める),"戒 = 戈 + 廾。 「戈」는 ""창""을 뜻합니다. 廾는 여기서는 ""두 손을 치켜든 모습""을 그린 모양자입니다. 戒는 ""창(戈)을 들고(廾) 보초를 서는 병사"" -> ""경계하다, 금지하다, 계율""이라는 뜻의 글자입니다.",음독은 カイ입니다. 특별한 점은 없습니다.,"戒める는 ""경고하다, 금하다, 훈계하다""라는 뜻의 2그룹 타동사입니다. 예문) 油断を戒める 방심을 경계하다 殺生を戒める 살생을 금하다",no
1249,N1,祉,복 지,"""복 지"". 행복, 복지",シ,,"祉 = 礻 + 止。 (의미부)「礻」는 ""신, 종교, 고대의 비석""을 뜻합니다. (소리부 겸 의미부)「止」(シ)는 ""멈추다""라는 뜻입니다. 祉는 ""신을 모시는 비석(礻) 앞에 멈춰서서(止) 행복을 기원하다"" -> ""행복, 복지""라는 뜻의 글자입니다. (止는 소리부도 겸함)",음독은 シ입니다. 특별한 점은 없습니다.,祉의 정식 훈독은 없습니다.,no
1250,N1,誉,명예 예,"""명예 예"". 칭찬하다, 명예",ヨ,ほま(れ),"誉 = 兴 + 言。 兴는 여기서는「挙」가 축약된 것으로, ""들어올리다""라는 뜻입니다. 「言」는 ""말하다""라는 뜻입니다. 誉는 ""말(言)로 띄워주다(兴)"" -> ""칭찬하다, 명예""라는 뜻의 글자입니다.",음독은 ヨ입니다. 특별한 점은 없습니다.,"誉れ는 ""명예, 영예""라는 뜻입니다.",no
1251,N1,歓,기뻐할 환,"""기뻐할 환"". 기쁨, 즐거움",カン,,"歓 = 𮥶 + 欠。 (소리부 겸 의미부)「𮥶」(カン)은 ""새장 안에 잡힌 새""를 뜻합니다. (의미부)「欠」는 ""입을 벌린 사람""을 뜻합니다. 歓는 ""희귀한 새를 잡아(𮥶) 환성을 지르다(欠)"" -> ""기쁨, 즐거움""이라는 뜻의 글자입니다. (𮥶는 소리부도 겸함)",음독은 カン입니다. 특별한 점은 없습니다.,歓의 정식 훈독은 없습니다.,no
1252,N1,奏,아뢸 주,"""아뢸 주"". 연주하다",ソウ,かな(でる),"奏 = 𡗗 + 天。 𡗗는 여기서는「春」가 축약된 것으로, ""봄""을 뜻합니다. 「天」는 ""하늘""을 뜻합니다. 奏는 ""봄(春)의 하늘(天)에서 들려오는 아름다운 새소리"" -> ""연주하다""라는 뜻의 글자입니다.",음독은 ソウ입니다. 특별한 점은 없습니다.,"奏でる는 ""(관현악) 악기를 연주하다""라는 뜻의 2그룹 타동사입니다.",no
1253,N1,勧,권할 권,"""권할 권"". 권고하다, 장려하다",カン,すす(める),"勧 = 𮥶 + 力。 (소리부 겸 의미부)「𮥶」(カン)은 ""새장 안에 갇힌 새""를 뜻합니다. (의미부)「力」는 ""힘""을 뜻합니다. 勧는 ""무력(力)으로 적을 가둬두고(𮥶) 항복을 권하다"" -> ""권고하다, 장려하다""라는 뜻의 글자입니다. (𮥶는 소리부도 겸함)",음독은 カン입니다. 특별한 점은 없습니다.,"勧める는 ""권하다, 권고하다""라는 뜻의 2그룹 타동사입니다. 예문) 食事を勧める 식사를 권하다 加入を勧める 가입을 권하다",no
1254,N1,騒,떠들 소,"""떠들 소"". 시끄럽다, 소란하다",ソウ,さわ(ぐ),"騒 = 馬 + 又 + 虫。 「馬」는 ""말""을 뜻합니다. 「又」는 ""손""을 뜻합니다. 「虫」는 ""벌레""를 뜻합니다. 騒는 ""말(馬)의 등 위에 벌레(虫)를 얹어놓다(又)""라는 뜻입니다. 벌레가 갑자기 등을 깨물면 말이 놀라서 날뛸 것입니다. ""놀라서 날뛰는 말"" -> ""시끄럽다, 소란하다""라는 의미입니다.",음독은 ソウ입니다. 특별한 점은 없습니다.,"騒ぐ는 ""떠들다, 소란을 피우다""라는 뜻의 자동사입니다. 예문) 子供たちが騒ぐ 아이들이 떠들다 観客が騒ぐ 관객이 웅성거리다 くだらないことに騒ぐな 별것도 아닌 일에 허둥대지 마라 泥棒騒ぎ 도난 소동 大騒ぎ 대소동",no
1255,N1,閥,문벌 벌,"""문벌 벌"". 문벌, 파벌",バツ,,"閥 = 門 +亻 +戈。 「門」는 ""문""을 뜻합니다. 「亻」는 ""사람""을 뜻합니다. 「戈」는 ""창""을 뜻합니다. 閥는 ""창(戈)을 들고 문(門)을 지키며(亻) 자기 파벌만 들여보내다"" -> ""파벌, 문벌""이라는 뜻의 글자입니다.",음독은 バツ입니다. 특별한 점은 없습니다.,閥의 정식 훈독은 없습니다.,no
1256,N1,甲,갑옷 갑,"""갑옷 갑"". 등딱지, 갑옷",コウ、カン,,"甲는 ""거북의 등딱지와 꼬리""를 그린 상형문자입니다. ""단단한 거북의 등딱지"" -> ""갑옷""이라는 의미입니다.",음독은 コウ、カン입니다. 특별한 구분법은 없습니다.,甲의 정식 훈독은 없습니다.,no
1257,N1,縄,줄 승,"""줄 승"". 줄, 노끈",ジョウ,なわ,"縄 = 糸 + 亀。 「糸」는 ""실""을 뜻합니다. 亀(""거북 균"")은 ""거북""을 뜻하는 상용한자입니다(여기서는 위쪽의⺈가 생략되어 있습니다). 亀는""거대한 바다거북의 머리와 등딱지, 꼬리""를 그린 상형문자입니다. 縄는 ""거대한 바다거북(亀)을 운반하기 위한 굵은 밧줄(糸)"" -> ""줄, 노끈""이라는 뜻의 글자입니다.",음독은 ジョウ입니다. 특별한 점은 없습니다.,"縄는 ""줄, 포승""을 뜻합니다.",no
1258,N1,郷,시골 향,"""시골 향"". 시골, 고향",キョウ、ゴウ,,"郷 = 乡 + 皀 + ⻏。 중간의「皀」는 ""음식이 담긴 식기""를 그린 글자입니다. 양 옆의 乡+⻏는 여기서는 ""(음식을 가운데 두고 앉은) 사람들""을 그린 모양자입니다. (위 그림을 참조해 주세요.) 郷는 ""음식(皀)을 먹으며 정답게 이야기를 나누는 사람들(乡+⻏)"" -> ""시골, 고향""이라는 뜻의 글자입니다.",음독은 キョウ、ゴウ입니다. 특별한 구분법은 없습니다.,郷의 정식 훈독은 없습니다.,no
1259,N1,揺,흔들릴 요,"""흔들릴 요"". 흔들다, 움직이다, 흔들리다",ヨウ,ゆ(る)、ゆ(する)、ゆ(れる)、ゆ(らぐ)、ゆ(るぐ)、ゆ(さぶる)、ゆ(すぶる),"揺 = 扌 + ⺤ + 𠙻。 「扌」는 ""손""을 뜻합니다. 「⺤」는 ""손""을 뜻합니다. 𠙻는 여기서는 ""뚜껑이 꽉 낀 항아리""를 그린 모양자입니다. 揺는 ""뚜껑이 꽉 낀 항아리(𠙻)를 두 손으로 잡고(扌+⺤) 억지로 열다""-> ""흔들리다, 움직이다, 흔들다""라는 뜻의 글자입니다.",음독은 ヨウ입니다. 특별한 점은 없습니다.,"1.揺る、揺する 揺る는 본래 형태로는 쓰이지 않고,揺らす의 형태로만 쓰이는 동사입니다. 揺らす =揺する는 둘 다 ""흔들다""라는 뜻의 타동사입니다. 예문) 木の枝を揺する 나뭇가지를 흔들다 体を揺らして起こす 몸을 흔들어 깨우다 2.揺れる、揺らぐ、揺るぐ、揺さぶる、揺すぶる 揺れる는 ""흔들리다, 동요하다""라는 뜻의 2그룹 자동사입니다. 揺らぐ =揺るぐ는 둘 다 ""동요하다""라는 뜻의 자동사입니다. 揺さぶる =揺すぶる는 둘 다 ""마음을 현혹시키다/동요시키다""라는 뜻의 타동사입니다. 각각의 차이점은 다음과 같습니다. 아래 예문을 참조해 주세요. 예문) 地震で家が揺れる 지진으로 집이 흔들리다 心が揺れる 마음이 흔들리다 決意が揺らぐ 결의가 흔들리다 気持ちが揺るぐ 기분이 동요되다 世間を揺さぶった事件세상을 뒤흔든 사건 地域の安定が揺すぶられる 지역의 안정이 흔들리다",no
1260,N1,免,면할 면,"""면할 면"". 면하다, 허가하다",メン,まぬか(れる),"免는 ""투구를 쓴 사람""을 그린 상형문자입니다. ""전장에서 투구 덕분에 죽음을 면하다"" -> ""면하다""라는 의미입니다.",음독은 メン입니다. 특별한 점은 없습니다.,"免れる는 ""면하다, 피하다, 벗어나다""라는 뜻의 2그룹 타동사입니다. 예문) 死を免れる 죽음을 면하다 罪を免れる 죄를 면하다 かろうじて被害を免れる 간신히 피해를 면하다",no
1261,N1,既,이미 기,"""이미 기"". 이미, 벌써, 이전에",キ,すで(に),"既 = 皀 + 旡。 「皀」는 ""음식이 담긴 식기""를 뜻합니다. 旡는 여기서는 ""앉은 채 고개를 뒤로 돌린 사람""을 그린 모양자입니다. 既는 ""식사(皀)를 마치고 고개를 뒤로 돌려(旡) 트림하고 있는 사람""을 그린 글자입니다. ""식사가 이미 끝나다"" -> ""이미, 벌써, 이전에""라는 의미입니다.",음독은 キ입니다. 특별한 점은 없습니다.,"既に는 ""이미, 벌써, 이전에""라는 뜻입니다.",no
1262,N1,薦,천거할 천,"""천거할 천"". 천거하다, 추천하다",セン,すす(める),"薦 = 艹 + 廌。 「艹」는 ""풀""을 뜻합니다. 廌는 ""뿔이 달린 해태""를 그린 상형문자로,「鹿」(사슴)에서 아래쪽의 比만 바꾼 것입니다. (해태는 선악을 판별한다고 알려진 상상의 동물입니다.) 薦는 ""수풀(艹)안에 숨어있는 해태(廌)""라는 뜻입니다. 여기서 ""해태""란 ""뛰어난 인물""을 의미합니다. ""세상에 알려지지 않고 초야에 묻혀있는 뛰어난 인물을 천거하다"" -> ""천거하다""라는 의미입니다.",음독은 セン입니다. 특별한 점은 없습니다.,"薦める는 ""(사람/물건 등을) 천거하다/추천하다""라는 뜻의 2그룹 타동사입니다. 예문) このお嬢ちゃんを彼の嫁に薦める 이 아가씨를 그의 신붓감으로 추천한다 良い本を薦める 좋은 책을 추천하다 참고)勧める와薦める의 차이점 아래 예문을 참조해 주세요. 예문) 食事を勧める 식사를 권하다 加入を勧める 가입을 권하다 このお嬢ちゃんを彼の嫁に薦める 이 아가씨를 그의 신붓감으로 추천한다 良い本を薦める 좋은 책을 추천하다",no
1263,N1,隣,이웃 린,"""이웃 린"". 이웃하다",リン,とな(る)、となり,"隣 = ⻖ + 米 + 舛。 「⻖」는 ""언덕""을 뜻합니다. 「米」는 ""쌀""을 뜻합니다. 「舛」는 ""두 발""을 뜻합니다. 隣는 ""쌀(米)을 짊어지고 언덕(⻖) 너머 이웃마을에 가다(舛)""-> ""이웃, 이웃하다""라는 뜻의 글자입니다.",음독은 リン입니다. 특별한 점은 없습니다.,"隣る는 ""이웃하다""라는 뜻의 자동사입니다. 隣는 ""이웃, 옆""을 뜻합니다.",no
1264,N1,華,빛날 화,"""빛날 화"". 화려하다, 빛나다, 꽃",カ、ケ,はな,"華는 ""활짝 핀 화려한 꽃(艹)""을 그린 상형문자입니다.","음독은 カ、ケ입니다. 사용 빈도는 カ가 훨씬 높습니다. ケ는 불교와 관련된 단어(""법화경"" 등) 외에는 거의 쓰이지 않는 음독입니다.","華는 ""꽃""을 뜻합니다.",no
1265,N1,範,법 범,"""법 범"". 모범, 규범, 틀, 범위",ハン,,"範 = 𥫗 + 車 + 㔾。 「𥫗」는 ""대나무 죽간""을 뜻합니다. 「車」는 ""수레""를 뜻합니다. 「㔾」는 ""무릎꿇은 사람""을 뜻합니다. 範는 ""먼 길을 떠나기 전에(車) 죽간에 적힌 절차대로(𥫗) 안전을 기원하는 제사를 지내다(㔾)""라는 뜻입니다. ""제사 형식과 절차"" -> 모범, 규범, 틀, 범위""라는 의미입니다.",음독은 ハン입니다. 특별한 점은 없습니다.,範의 정식 훈독은 없습니다.,no
1266,N1,隠,숨을 은,"""숨을 은"". 숨다, 숨기다",イン,かく(す)、かく(れる),"隠 = ⻖ +⺤ + 急。 「⻖」는 ""언덕, 산""을 뜻합니다. 「⺤」는 ""손""을 뜻합니다. 「急」는 ""급하다""라는 뜻입니다. 隠는 ""전쟁통에 아이의 손(⺤)을 잡고 황급히(急)산속(⻖)으로 숨다"" -> ""숨다, 숨기다""라는 뜻의 글자입니다.",음독은 イン입니다. 특별한 점은 없습니다.,"隠す는 ""감추다, 숨기다""라는 뜻의 타동사입니다. 隠れる는 ""숨다""라는 뜻의 2그룹 자동사입니다. 예문) 鍵を隠す 열쇠를 숨기다 真実を隠す 진실을 감추다 物陰に隠れる 그늘에 숨다 山に隠れる 산속에 은둔하다 隠れた才能숨은 재능",no
1267,N1,徳,덕 덕,"""덕 덕"". 덕, 도덕",トク,,"徳 = 彳 +十+罒+心。 「彳」는 ""길""을 뜻합니다. 十+罒는 여기서는「直」가 변형된 것으로, ""곧다""라는 뜻입니다(1125.「聴」모양 해설 참조). 「心」는 ""마음""을 뜻합니다. 徳는 ""곧은(直) 마음(心)으로 바른 길(彳)을 나아가다"" -> ""덕, 도덕""이라는 뜻의 글자입니다.",음독은 トク입니다. 특별한 점은 없습니다.,徳의 정식 훈독은 없습니다.,no
1268,N1,哲,밝을 철,"""밝을 철"". 철학, 총명함, 사리에 밝음",テツ,,"哲 = 折 + 口。 「折」는 ""꺾다""라는 뜻입니다. 「口」는 ""입""을 뜻합니다. 哲는 ""조리있는 언변(口)으로 상대방을 꺾다(折)"" -> ""총명한, 사리에 밝은, 철학""이라는 뜻의 글자입니다.",음독은 テツ입니다. 특별한 점은 없습니다.,哲의 정식 훈독은 없습니다.,no
1269,N1,杉,삼나무 삼,"""삼나무 삼"". 삼나무",,すぎ,"杉 = 木 + 彡。 「木」는 ""나무""를 뜻합니다. 彡는 여기서는「三」가 변형된 것으로, ""3""을 뜻합니다. 杉는 ""삼(彡) 나무(木)"" -> ""삼나무""라는 뜻의 글자입니다.",杉의 정식 음독은 없습니다.,"杉는 ""삼나무""를 뜻합니다.",no
1270,N1,里,마을 리,"""마을 리"". 마을",リ,さと,"里 = 田 + 土。 「土」는 ""흙, 땅""을 뜻합니다. 「田」는 ""밭""을 뜻합니다. 里는 ""논밭(田)이 늘어선 땅(土)"" -> ""마을""이라는 뜻의 글자입니다.",음독은 リ입니다. 특별한 점은 없습니다.,"里는 ""마을""을 뜻합니다.",no
1271,N1,釈,풀 석,"""풀 석"". 해석하다, 설명하다",シャク,,"釈 = 釆 + 尺。 釆는 여기서는「来」가 변형된 것으로, ""동물의 발자국""을 뜻합니다(링크 참조). 尺는 여기서는 ""말발굽""을 그린 모양자입니다. 釈는 ""말발굽(尺) 모양의 발자국(釆)으로 적이 향한 방향을 식별해내다"" -> ""해석하다, 설명하다""라는 뜻의 글자입니다.",음독은 シャク입니다. 특별한 점은 없습니다.,釈의 정식 훈독은 없습니다.,no
1272,N1,己,몸 기,"""몸 기"". 나, 자신",コ、キ,おのれ,"「己」는 ""무릎꿇은 사람""을 뜻합니다. ""무릎꿇은 사람"" -> ""사람"" -> ""나, 자신""이라는 의미입니다.",음독은 コ、キ입니다. 특별한 구분법은 없습니다.,"己는 ""자기 자신""이라는 뜻입니다.",no
1273,N1,妥,온당할 타,"""온당할 타"". 타당하다, 온당하다",ダ,,"妥 = ⺤ + 女。 「⺤」는 ""손""을 뜻합니다. 「女」는 ""여자""를 뜻합니다. 妥는 ""순종적인 여자(女)는 머리를 쓰다듬어(⺤) 칭찬해주는 것이 타당하다"" -> ""온당하다, 타당하다""라는 뜻의 글자입니다.",음독은 ダ입니다. 특별한 점은 없습니다.,妥의 정식 훈독은 없습니다.,no
1274,N1,威,위엄 위,"""위엄 위"". 두려움, 위엄, 권위",イ,,"威 = 戌 + 女。 「戌」는 ""창을 든 손""을 뜻합니다. 「女」는 ""여자""를 뜻합니다. 威는 ""창을 들고(戌) 여자(女)를 위협하다"" -> ""두려움, 위엄, 권위""라는 뜻의 글자입니다.",음독은 イ입니다. 특별한 점은 없습니다.,威의 정식 훈독은 없습니다.,no
1275,N1,豪,호걸 호,"""호걸 호"". 호걸, 뛰어남",ゴウ,,"豪 = 高 + 豕。 (소리부 겸 의미부)「高」(コウ)는 ""높다""라는 뜻입니다. (의미부)「豕」는 ""돼지""를 뜻합니다. 豪는 ""멧돼지(豕) 무리의 우두머리(高) "" -> ""호걸, 뛰어남""이라는 뜻의 글자입니다. (高는 소리부(コウ -> ゴウ)도 겸함)",음독은 ゴウ입니다. 특별한 점은 없습니다.,豪의 정식 훈독은 없습니다.,no
1276,N1,熊,곰 웅,"""곰 웅"". 곰",,くま,"熊 = 能 + 灬。 「能」는 본래 ""곰""을 그린 상형문자입니다(링크 참조). 灬는 여기서는 ""(곰의) 네 발""을 그린 모양자입니다. 熊는 ""곰(能)의 네 발(灬)"" -> ""곰""이라는 뜻의 글자입니다.",熊의 정식 음독은 없습니다.,"熊는 ""곰""을 뜻합니다.",no
1277,N1,滞,막힐 체,"""막힐 체"". 머무르다, 막히다",タイ,とどこお(る),"滞 = 氵 + 帯。 (의미부)「氵」는 ""물""을 뜻합니다. (소리부 겸 의미부)「帯」(タイ)는 ""허리띠, 두르다""라는 뜻입니다. 滞는 ""물(氵)이 흐르지 못하고 둥글게(帯) 고이다"" -> ""머무르다, 막히다""라는 뜻의 글자입니다. (帯는 소리부도 겸함).",음독은 タイ입니다. 특별한 점은 없습니다.,"滞る는 ""밀리다, 지연되다""라는 뜻의 자동사입니다. 예문) 仕事が滞っている 일이 밀려 있다 家賃が滞っている 집세가 밀려 있다 交通が滞る 교통이 정체되다",no
1278,N1,微,작을 미,"""작을 미"". 미세한, 작은",ビ,,"微 = 徴 + ⺎。 「徴」는 ""특징, 징표""를 뜻합니다. ⺎는 여기서는 ""달팽이""를 그린 모양자입니다. 微는 ""달팽이(⺎)의 특징(徴)은 작다는 것이다"" -> ""미세한, 작은""이라는 뜻의 글자입니다.",음독은 ビ입니다. 특별한 점은 없습니다.,微의 정식 훈독은 없습니다.,no
1279,N1,隆,높을 륭,"""높을 륭"". 높이 오르다, 번성하다",リュウ,,"隆 = ⻖ + 夂 + 生。 「⻖」는 ""언덕""을 뜻합니다. 「夂」는 ""발""을 뜻합니다. 「生」는 ""생명""을 뜻합니다. 隆는 ""활기찬(生)발걸음(夂)으로언덕(⻖)을 오르다"" -> ""높이 오르다, 번성하다""라는 뜻의 글자입니다.",음독은 リュウ입니다. 특별한 점은 없습니다.,隆의 정식 훈독은 없습니다.,no
1280,N1,症,증세 증,"""증세 증"". 증상, 증세",ショウ,,"症 = 疒 + 正。 (의미부)「疒」는 ""질병, 질환""을 뜻합니다. (소리부 겸 의미부)「正」(ショウ)는 ""바르다""라는 뜻입니다. 症는 ""병(疒)의 증상을 바르게(正) 파악하다"" ->""증세, 증상""이라는 뜻의 글자입니다. (正는 소리부도 겸함)",음독은 ショウ입니다. 특별한 점은 없습니다.,症의 정식 훈독은 없습니다.,no
1281,N1,暫,잠깐 잠,"""잠깐 잠"". 잠깐",ザン,,"暫 = 車 + 斤 + 日。 「車」는 ""수레, 차""를 뜻합니다. 「斤」는 ""도끼""를 뜻합니다. 「日」는 ""날짜""를 뜻합니다. 여기서는 ""날짜"" -> ""시간""이라는 뜻입니다. 暫는 ""수레(車)를 도끼(斤)로 부수는 데는 잠깐이면(日) 충분하다"" -> ""잠깐""이라는 뜻의 글자입니다.",음독은 ザン입니다. 특별한 점은 없습니다.,暫의 정식 훈독은 없습니다.,no
1282,N1,忠,충성 충,"""충성 충"". 충성스러운",チュウ,,"忠 = 中 + 心。 (소리부 겸 의미부)「中」(チュウ)는 ""중심, 중앙""을 뜻합니다. (의미부)「心」는 ""마음""을 뜻합니다. 忠는 ""언제나 중심(中)을 잃지 않는 충실한 마음(心)"" -> ""충성스럽다""라는 뜻의 글자입니다. (中는 소리부도 겸함)",음독은 チュウ입니다. 특별한 점은 없습니다.,忠의 정식 훈독은 없습니다.,no
1283,N1,倉,곳집 창,"""곳집 창"". 창고, 곳간",ソウ,くら,"倉 = 合 + 戸。 合는 여기서는 ""지붕이 달린 커다란 창고""를 그린 모양자입니다. 「戸」는 ""문""을 뜻합니다. 倉는 ""커다란 문(戸)이 달린 창고(合)"" -> ""창고""라는 뜻의 글자입니다.",음독은 ソウ입니다. 특별한 점은 없습니다.,"倉는 ""곳집, 창고""라는 뜻입니다.",no
1284,N1,肝,간 간,"""간 간"". 간, 중요한",カン,きも,"肝 = 月 + 干。 (의미부)「月」는 ""신체의 일부""를 뜻합니다. (소리부 겸 의미부)「干」(カン)은 ""방패""를 뜻합니다. 肝는 ""외부의 독소를 막는(干) 신체기관(月)"" -> ""간, 중요한""이라는 뜻의 글자입니다. (干는 소리부도 겸함)",음독은 カン입니다. 특별한 점은 없습니다.,"肝는 ""간, 간장""을 뜻합니다.",no
1285,N1,喚,부를 환,"""부를 환"". 부르다, 외치다",カン,,"喚 = 口 + 奐。 (의미부)「口」는 ""입""을 뜻합니다. (소리부 겸 의미부)「奐」(カン)은 ""태어나는 아기를 받아내는 모습""을 그린 글자입니다. 喚는 ""아기가 태어나며(奐) 첫 울음을 외치다(口)"" -> ""부르다, 외치다""라는 뜻의 글자입니다. (奐는 소리부도 겸함)",음독은 カン입니다. 특별한 점은 없습니다.,喚의 정식 훈독은 없습니다.,no
1286,N1,沿,물 따라갈 연,"""물 따라갈 연"". (물/흐름 등을) 따라가다",エン,そ(う),"沿 = 氵 + 㕣。 「氵」는 ""물""을 뜻합니다. 㕣는 여기서는 ""작은 조각배""를 그린 모양자입니다. 沿는 ""강가(氵)를 따라 흘러가는 조각배(㕣)"" -> ""(물/흐름을) 따라가다""라는 뜻의 글자입니다.",음독은 エン입니다. 특별한 점은 없습니다.,"沿う는 ""(선/기준 등을) 따르다""라는 뜻의 자동사입니다. 예문) 川に沿って歩く 강을 따라 걷다 方針に沿って交渉する 방침에 따라 교섭하다",no
1287,N1,妙,묘할 묘,"""묘할 묘"". 묘하다, 신묘하다, 아름답다",ミョウ,,"妙 = 女 + 少。 「女」는 ""여자""를 뜻합니다. 「少」는 ""적다""라는 뜻입니다. 妙는 ""어리고 귀여운(少) 여자(女)"" -> ""아름답다"" -> ""묘하다, 신묘하다""라는 뜻의 글자입니다.",음독은 ミョウ입니다. 특별한 점은 없습니다.,妙의 정식 훈독은 없습니다.,no
1288,N1,唱,부를 창,"""부를 창"". 소리내 읽다, 노래를 부르다",ショウ,とな(える),"唱 = 口 + 昌。 「口」는 ""입""을 뜻합니다. 昌는「曰」두 개가 합쳐진 것으로, ""말하다""라는 뜻입니다. 唱는 ""입(口)을 열어 말하다(昌)"" -> ""소리내 읽다, 노래를 부르다""라는 뜻의 글자입니다.",음독은 ショウ입니다. 특별한 점은 없습니다.,"唱える는 ""소리내어 읽다, 외치다, 주장하다""라는 뜻의 2그룹 타동사입니다. 예문) 念仏を唱える 염불을 외다 新説を唱える 새로운 설을 주창하다",no
1289,N1,索,찾을 색,"""찾을 색"". 찾다",サク,,"索 = 十 + 冖 + 糸。 「糸」는 ""실""을 뜻합니다. 冖는 여기서는 ""천장""을 그린 모양자입니다. 十는 여기서는 ""(천장에 매달린) 새끼줄의 매듭""을 그린 모양자입니다. 索는 ""어두운 밤에 허공을 더듬어 천장(冖)에 매달아놓은(十) 새끼줄(糸)을 찾다"" -> ""찾다""라는 뜻의 글자입니다.",음독은 サク입니다. 특별한 점은 없습니다.,索의 정식 훈독은 없습니다.,no
1290,N1,誠,정성 성,"""정성 성"". 진심의, 성실한",セイ,まこと,"誠 = 言 + 成。 (의미부)「言」는 ""말하다""라는 뜻입니다. (소리부 겸 의미부)「成」(セイ)는 ""이루다, 성취하다""라는 뜻입니다. 誠는 ""진심을 갖춘(成) 말(言)"" -> ""진심의, 성실한""이라는 뜻의 글자입니다. (成는 소리부도 겸함)",음독은 セイ입니다. 특별한 점은 없습니다.,"誠는 ""진실, 진심, 성의""라는 뜻입니다.",no
1291,N1,襲,엄습할 습,"""엄습할 습"". 습격하다, 세습하다",シュウ,おそ(う),"襲 = 龍 + 衣。 「衣」는 ""옷""을 뜻합니다. 龍는 ""하늘로 승천하는 용""을 그린 상형문자입니다. 아래 그림을 참조해 주세요. 「龍」 襲는 ""용(龍)의 무늬가 수놓인 임금의 옷(衣)"" = ""곤룡포""라는 뜻입니다. 라는 의미입니다.",음독은 シュウ입니다. 특별한 점은 없습니다.,"襲う는 ""습격하다/덮치다, 물려받다/계승하다""라는 뜻의 타동사입니다. 예문) 暴漢に襲われる 폭한에게 습격당하다 台風が四国を襲う 태풍이 시고쿠를 덮치다 家系を襲う 가계를 잇다(물려받다) 社長の地位を襲う 사장의 지위를 계승하다",no
1292,N1,懇,간절할 간,"""간절할 간"". 간절하다",コン,ねんご(ろ),"懇 =豸 +艮+ 心。 (소리부 겸 의미부)「艮」(コン)은 ""천민""을 뜻합니다. (의미부)豸는 여기서는 ""(천민이 등에 진) 등짐""을 그린 모양자입니다. (의미부)「心」는 ""마음""을 뜻합니다. 懇는 ""힘든 노역(豸)중인 천민(艮)의 해방되고 싶다는 간절한 마음(心)"" -> ""간절하다""라는 뜻의 글자입니다. (艮는 소리부도 겸함)",음독은 コン입니다. 특별한 점은 없습니다.,"懇ろ는 ""친밀함, 정다움""이라는 뜻입니다.",no
1293,N1,俳,배우 배,"""배우 배"". 배우, 광대",ハイ,,"俳 = 亻 + 非。 (의미부)「亻」는 ""사람""을 뜻합니다. (소리부 겸 의미부)「非」(ヒ)는 ""아니다""라는 뜻입니다. 俳는 ""자신이 아닌(非) 사람(亻)을 연기하다"" -> ""배우""라는 뜻의 글자입니다. (非는 소리부(ヒ -> ハイ)도 겸함)",음독은 ハイ입니다. 특별한 점은 없습니다.,俳의 정식 훈독은 없습니다.,no
1294,N1,柄,자루 병,"""자루 병"". 자루, 손잡이, 성질/상태",ヘイ,がら、え,"柄 = 木 + 丙。 (의미부)「木」는 ""나무""를 뜻합니다. (소리부)丙(ヘイ)는 ""갑을병""의 ""병""을 뜻하는 상용한자입니다. 다만 여기서는 소리부의 역할만 하고 있습니다. 丙는 본래 ""물고기의 꼬리""를 본따 그린 상형문자입니다. 그러나 이후 발음이 비슷하다는 이유로 ""갑을병""의 ""병""으로 쓰이게 된 것입니다. 즉, 丙의 모양과 의미 사이에는 아무런 관계도 없습니다. 柄는 ""나무(木)로 만든 손잡이"" -> ""자루, 손잡이""라는 뜻의 글자입니다(丙는 소리부).",음독은 ヘイ입니다. 특별한 점은 없습니다.,"柄는 ""자루, 손잡이""를 뜻합니다. 柄는 ""성질, 상태""를 나타내는 접미어입니다.",no
1295,N1,驚,놀랄 경,"""놀랄 경"". 놀라다",キョウ,おどろ(く)、おどろ(かす),"驚 = 敬 + 馬。 (소리부 겸 의미부)「敬」(ケイ)는 본래 ""개를 때리는 모습""을 그린 글자입니다(링크 참조). (의미부)「馬」는 ""말""을 뜻합니다. 驚는 ""말(馬)을 때렸더니(敬) 말이 놀라 날뛰다"" -> ""놀라다""라는 뜻의 글자입니다. (敬는 소리부(ケイ -> キョウ)도 겸함)",음독은 キョウ입니다. 특별한 점은 없습니다.,"驚く는 ""놀라다""라는 뜻의 자동사입니다. 驚かす는 ""놀라게 하다""라는 뜻의 타동사입니다.",no
1296,N1,麻,삼 마,"""삼 마"". 삼베, 마비",マ,あさ,"麻 =广 + 林。 「广」는 ""건물, 집""을 뜻합니다. 林는 여기서는 ""대마(삼베의 원료)""를 그린 모양자입니다. 아래 그림을 참조해 주세요. 대마 麻는 ""수확한 대마(林)를집(广)에서 말리는 모습""을 그린 글자입니다. 라는 의미입니다. (대마의 잎과 꽃에는 생물을 일시적으로 마비시키는 성분이 있다고 합니다.)",음독은 マ입니다. 특별한 점은 없습니다.,"麻는 ""삼, 삼베""를 뜻합니다.",no
1297,N1,剤,약제 제,"""약제 제"". 약, 약을 조제하다",ザイ,,"剤 = 斉 + 刂。 (소리부 겸 의미부)斉는 여기서는「済」(サイ)가 축약된 것으로, ""끝나다, 마치다""라는 뜻입니다. (의미부)「刂」는 ""칼""을 뜻합니다. 剤는 ""약재를 자르는(刂) 작업을 마치다(済)"" -> ""약을 조제하다, 약""이라는 뜻의 글자입니다. (斉->済는 소리부(サイ -> ザイ)도 겸함)",음독은 ザイ입니다. 특별한 점은 없습니다.,剤의 정식 훈독은 없습니다.,no
1298,N1,瀬,여울 뢰,"""여울 뢰"". 여울",,せ,"瀬 = 氵 + 頼。 「氵」는 ""물""을 뜻합니다. 「頼」는 ""의뢰하다, 의지하다""라는 뜻입니다. 瀬는 ""수심(氵)이 얕아 빠질 염려 없이 안심되는(頼) 개울가"" -> ""여울""이라는 뜻의 글자입니다.",瀬의 정식 음독은 없습니다.,훈독은 せ입니다. 특별한 점은 없습니다.,no
1299,N1,趣,뜻 취,"""뜻 취"". 취지, 취향, 취미",シュ,おもむき,"趣 = 走 + 取。 (의미부)「走」는 ""달리다""라는 뜻입니다. (소리부 겸 의미부)「取」(シュ)는 ""집다, 쥐다""라는 뜻입니다. 趣는 ""자신이 좋아하는 것을 달려가서(走) 잡다(取)"" -> ""취향, 취미, 취지""라는 뜻의 글자입니다. (取는 소리부도 겸함)",음독은 シュ입니다. 특별한 점은 없습니다.,"趣는 ""정취, 분위기, 취지""라는 뜻입니다.",no
1300,N1,陥,빠질 함,"""빠질 함"". 함정, 빠지다, 함락하다",カン,おちい(る)、おとしい(れる),"陥 = ⻖ + ⺈ + 旧。 「⻖」는 ""언덕, 산""을 뜻합니다. 「⺈」는 ""칼""을 뜻합니다. 旧는 여기서는 ""구덩이, 함정""을 그린 모양자입니다. 陥는 ""언덕(⻖) 위에 있던 사람을 칼(⺈)로 찔러 구덩이(旧) 안에 빠뜨리다"" -> ""함정, 빠지다, 함락하다""라는 뜻의 글자입니다.",음독은 カン입니다. 특별한 점은 없습니다.,"陥る는 ""빠지다, 함락되다""라는 뜻의 1그룹 자동사입니다. (빠지다(落ちる) + 들어가다(入る)로 생각하시면 됩니다.) 陥れる는 ""빠뜨리다, 함락시키다""라는 뜻의 2그룹 타동사입니다. (빠뜨리다(落とす) + 넣다(入れる)로 생각하시면 됩니다.) 예문) 穴に陥る 구멍에 빠지다 混乱に陥る 혼란에 빠지다 敵の策略に陥る 적의 책략에 빠지다 危機に陥れる 위기에 빠뜨리다 人を困難に陥れる 남을 곤란에 빠뜨리다 世界を大混乱に陥れる 세계를 대혼란에 빠뜨리다",no
1301,N1,斎,"재계할/집 재, 상복 자","""재계할/집 재, 상복 자"". 심신을 깨끗이 하다, 장례식",サイ,,"斎 = 文 + 丿丨 + 示。 「文」는 본래 ""사람""을 그린 글자입니다(링크 참조). 丿丨는 여기서는 ""흐르는 물""을 그린 모양자입니다. 「示」는 ""신, 종교, 고대의 비석""을 뜻합니다. 斎는 ""종교 의식(示)에 앞서 몸(文)을 깨끗이 씻다(丿丨) -> ""심신을 깨끗이 하다, 장례식""이라는 뜻의 글자입니다.",음독은 サイ입니다. 특별한 점은 없습니다.,斎의 정식 훈독은 없습니다.,no
1302,N1,貫,꿸 관,"""꿸 관"". 꿰뚫다",カン,つらぬ(く),"貫 = 毌 + 貝。 毌는 ""판자에 쇠막대를 꿰어놓은 모습""을 그린 모양자입니다. 「貝」는 ""돈, 재물""을 뜻합니다. 貫는 ""동전(貝)을 한 줄로 꿰어놓다(毌)"" -> ""꿰다, 관통하다""라는 뜻의 글자입니다.",음독은 カン입니다. 특별한 점은 없습니다.,"貫く는 ""관통하다, 꿰뚫다, 관철하다""라는 뜻의 타동사입니다. 예문) 弾丸が壁を貫く 탄환이 벽을 꿰뚫다 自分の信念を貫く 자신의 신념을 관철하다",no
1303,N1,仙,신선 선,"""신선 선"". 신선",セン,,"仙 = 亻 + 山。 「亻」는 ""사람""을 뜻합니다. 「山」는 ""산""을 뜻합니다. 仙는 ""산속(山)의 신선(亻)"" -> ""신선, 수행자""라는 뜻의 글자입니다.",음독은 セン입니다. 특별한 점은 없습니다.,仙의 정식 훈독은 없습니다.,no
1304,N1,慰,위로할 위,"""위로할 위"". 위로하다",イ,なぐさ(む)、なぐさ(める),"慰 =尸 + 示+ 寸 + 心。 「尸」는 ""앉아있는 사람""을 뜻합니다. 「示」는 ""신, 종교, 고대의 비석""을 뜻합니다. 「寸」는 ""손""을 뜻합니다. 「心」는 ""마음""을 뜻합니다. 慰는 ""자리에 앉아(尸) 신(示)에게 기도(寸)를 올리고 마음(心)을 위로받다"" -> ""위로하다""라는 뜻의 글자입니다.",음독은 イ입니다. 특별한 점은 없습니다.,"慰む는 ""마음이 풀리다, 위안이 되다""라는 뜻의 자동사입니다. 慰める는 ""달래다, 위로하다""라는 뜻의 2그룹 타동사입니다.",no
1305,N1,序,차례 서,"""차례 서"". 처음, 순서",ジョ,,"序 = 广 + 予。 「广」는 ""집, 건물""을 뜻합니다. 「予」는 ""미리""라는 뜻입니다. 序는 ""집(广)을 짓기 전에 먼저(予) 해둬야 할 일들"" -> ""처음, 차례""라는 뜻의 글자입니다.",음독은 ジョ입니다. 특별한 점은 없습니다.,序의 정식 훈독은 없습니다.,no
1306,N1,旬,열흘 순,"""열흘 순"". 열흘, 10, 가득 차다, 제철",ジュン、シュン,,"旬 = 勹 + 日。 勹는 여기서는 ""한 바퀴 돌다""라는 추상적인 의미를 표현한 모양자입니다. 「日」는 ""날짜""를 뜻합니다. 旬는 ""날짜(日)가 한 바퀴 돌다(勹)"" -> ""열흘, 10, 가득 차다, 제철""이라는 뜻의 글자입니다.",음독은 ジュン、シュン입니다. 구분법은 다음과 같습니다. 아래 예시단어를 참조해 주세요.,旬의 정식 훈독은 없습니다.,no
1307,N1,兼,겸할 겸,"""겸할 겸"". 겸하다",ケン,か(ねる),"兼는 ""손(⺕)에 볏단 두 개를 동시에 쥔 모습""을 그린 상형문자입니다. ""볏단 두 개를 한꺼번에 쥐다"" -> ""겸하다""라는 의미입니다.",음독은 ケン입니다. 특별한 점은 없습니다.,"兼ねる는 ""겸하다""라는 뜻의 2그룹 타동사입니다. 예문) 書斎と応接間を兼ねた部屋서재와 응접실을 겸한 방 専門性と汎用性を兼ねる 전문성과 범용성을 겸하다 彼女は彼の妻と秘書を兼ねている 그녀는 그의 아내와 비서를 겸하고 있다",no
1308,N1,聖,성인 성,"""성인 성"". 신성한, 성스러운",セイ,,"聖 = 耳 + 口 + 王。 「耳」는 ""귀""를 뜻합니다. 「口」는 ""입""을 뜻합니다. 「王」는 ""왕""을 뜻합니다. 聖는 ""신하의 말(口)에 귀기울일(耳) 줄 아는 성군(王)"" -> ""신성한, 성스러운""이라는 뜻의 글자입니다.",음독은 セイ입니다. 특별한 점은 없습니다.,聖의 정식 훈독은 없습니다.,no
1309,N1,旨,뜻 지,"""뜻 지"". 뜻, 취지",シ,むね,"旨 = 匕 + 日。 匕는 여기서는「刀」가 뒤집힌 것으로, ""칼""을 뜻합니다. 「日」는 ""태양""을 뜻합니다. 旨는 ""하늘(日)의 뜻에 따라 적에 맞서 싸우다(匕)"" -> ""뜻, 취지""라는 뜻의 글자입니다.",음독은 シ입니다. 특별한 점은 없습니다.,"旨는 ""취지, 뜻""을 뜻합니다. 예문) 主人の旨に従う 남편의 뜻에 따르다 辞退する旨を伝える 사퇴의 뜻을 전하다",no
1310,N1,即,곧 즉,"""곧 즉"". 즉시, 곧바로",ソク,,"即 =皀 +卩。 「皀」는 ""음식이 담긴 식기""를 뜻합니다. 「卩」는 ""무릎꿇은 사람""을 뜻합니다. 即는""식기(皀) 앞에 앉자마자(卩) 밥을 먹기 시작하다"" -> ""즉시, 곧바로""라는 뜻의 글자입니다.",음독은 ソク입니다. 특별한 점은 없습니다.,即의 정식 훈독은 없습니다.,no
1311,N1,柳,버들 류,"""버들 류"". 버드나무",リュウ,やなぎ,"柳 = 木 + 卯。 「木」는 ""나무""를 뜻합니다. 卯는 여기서는 ""축 늘어진 버드나무 가지""를 그린 모양자입니다. 柳는 ""버드나무(木)의 늘어진 가지(卯)"" -> ""버드나무""라는 뜻의 글자입니다. 버드나무",음독은 リュウ입니다. 특별한 점은 없습니다.,"柳는 ""버드나무""라는 뜻입니다.",no
1312,N1,舎,집 사,"""집 사"". 숙소, 집, 저택",シャ,,"舎는 ""잠시 쉬어갈 수 있는 쉼터""를 그린 상형문자입니다. ""쉴 수 있는 곳"" -> ""숙소, 집, 저택""이라는 의미입니다.",음독은 シャ입니다. 특별한 점은 없습니다.,舎의 정식 훈독은 없습니다.,no
1313,N1,偽,거짓 위,"""거짓 위"". 거짓, 가짜",ギ,にせ、いつわ(る),"偽 = 亻 + 為。 (의미부)「亻」는 ""사람""을 뜻합니다. (소리부 겸 의미부)「為」(イ)는 ""하다, 행하다""라는 뜻입니다. 偽는 ""다른 사람(亻)을 사칭하여 행동하다(為)"" -> ""거짓, 가짜""라는 뜻의 글자입니다. (為는 소리부(イ -> ギ)도 겸함)",음독은 ギ입니다. 특별한 점은 없습니다.,"偽는 ""가짜, 모조""라는 뜻입니다. 偽る는 ""거짓말하다, 속이다""라는 뜻의 타동사입니다. 예문) 偽物가짜 물건/위조품 身分を偽る 신분을 속이다 自分の名前を偽る 자신의 이름을 속이다",no
1314,N1,覇,으뜸 패,"""으뜸 패"". 제패하다, 으뜸",ハ,,"覇 = 覀 + 革 + 月。 「覀」는 ""덮다""라는 뜻입니다. 「革」는 ""가죽""을 뜻합니다. 「月」는 ""고기""를 뜻합니다. 覇는 ""곰을 맨손으로 때려잡아 가죽(革)을 덮고(覀) 고기(月)를 먹다"" -> ""으뜸, 제패하다""라는 뜻의 글자입니다.",음독은 ハ입니다. 특별한 점은 없습니다.,覇의 정식 훈독은 없습니다.,no
1315,N1,詳,자세할 상,"""자세할 상"". 자세한, 상세한",ショウ,くわ(しい),"詳 = 言 + 羊。 (의미부)「言」는 ""말하다""라는 뜻입니다. (소리부 겸 의미부)「羊」(ヨウ)는 ""양""을 뜻합니다. 詳는 ""양(羊)의 생김새를 자세히 묘사하다(言)"" -> ""자세하다, 상세하다""라는 뜻의 글자입니다. (羊는 소리부(ヨウ -> ショウ)도 겸함)",음독은 ショウ입니다. 특별한 점은 없습니다.,"詳しい는 ""상세하다, 자세하다""라는 뜻의 형용사입니다. 예문) 詳しい地図자세한 지도 詳しく説明する 자세히 설명하다 京都の地理に詳しい人교토의 지리에 밝은 사람",no
1316,N1,抵,막을 저,"""막을 저"". 막다, 저항하다",テイ,,"抵 = 扌 + 氐。 (의미부)「扌」는 ""손""을 뜻합니다. (소리부 겸 의미부)「氐」(テイ)는 ""낮다""라는 뜻입니다. 抵는 ""신분이 낮은(氐) 사람들이 힘을 모아 저항하다(扌)"" -> ""막다, 저항하다""라는 뜻의 글자입니다. (氐는 소리부도 겸함)",음독은 テイ입니다. 특별한 점은 없습니다.,抵의 정식 훈독은 없습니다.,no
1317,N1,脅,위협할 협,"""위협할 협"". 위협하다",キョウ,おど(す)、おど(かす)、おびや(かす),"脅 = 劦 + 月。 劦는 ""힘(「力」)"" 세 개를 합쳐놓은 것입니다. 「月」는 ""신체의 일부""를 뜻합니다. 脅는 ""여러 명의 폭력(劦)으로신체에(月) 위협을 가하다"" -> ""위협하다, 협박하다""라는 뜻의 글자입니다.",음독은 キョウ입니다. 특별한 점은 없습니다.,"脅す는 ""위협하다, 협박하다""라는 뜻의 타동사입니다. 脅かす는 ""위협하다, 깜짝 놀라게 하다""라는 뜻의 타동사입니다. 脅かす는 ""위협하다, 위태롭게 하다""라는 뜻의 타동사입니다. 셋의 차이점은 다음과 같습니다. 아래 예문을 참조해 주세요. 예문) 刃物で人を脅す 날붙이로 사람을 위협하다 脅して金品を巻き上げる 협박하여 금품을 빼앗다 容疑者を脅かして白状させる 용의자를 위협하여 자백시키다 急に脅かすな！ 갑자기 놀래키지 마! インフレが家計を脅かす 인플레이션이 가계를 위협하다 庶民の生存権が脅かされる 서민의 생존권이 위협받다 国際社会の平和と安全を脅かす行為국제 사회의 평화와 안전을 위협하는 행위",no
1318,N1,茂,무성할 무,"""무성할 무"". 무성하다, 풍성하다",モ,しげ(る),"茂 = 艹 + 戊。 「艹」는 ""풀""을 뜻합니다. 「戊」는 ""반달 모양의 낫이 달린 창""을 그린 글자입니다. 茂는 ""무성하게 자란 잡초(艹)를 낫(戊)으로 베다"" -> ""무성하다, 풍성하다""라는 뜻의 글자입니다.",음독은 モ입니다. 특별한 점은 없습니다.,"茂る는 ""무성하다, 빽빽하다""라는 뜻의 1그룹 자동사입니다.",no
1319,N1,犠,희생 희,"""희생 희"". 희생",ギ,,"犠 = 牜 + 義。 (의미부)「牜」는 ""소""를 뜻합니다. (소리부 겸 의미부)「義」(ギ)는 ""의, 도리""를 뜻합니다. 고대에는 소가 신성한 동물로 여겨져 제사의 제물로 쓰이는 경우가 많았다고 합니다. 犠는 ""소(牜)를 신에게 제물로 바쳐 도리(義)를 다하다"" -> ""희생""이라는 뜻의 글자입니다. (義는 소리부도 겸함)",음독은 ギ입니다. 특별한 점은 없습니다.,犠의 정식 훈독은 없습니다.,no
1320,N1,旗,기 기,"""기 기"". 깃발",キ,はた,"旗 = 𭤨+ 其。 (의미부)「𭤨」는 ""바람에 나부끼는 깃발""을 그린 글자입니다. (소리부)「其」(キ)는 여기서는 소리부의 역할만 하고 있습니다. 旗는 ""바람에 나부끼는 깃발(𭤨)"" -> ""깃발""이라는 뜻의 글자입니다(其는 소리부).",음독은 キ입니다. 특별한 것은 없습니다.,"旗는 ""깃발""을 뜻합니다.",no
1321,N1,距,상거할 거,"""상거할 거"". 멀리 떨어지다, 거리",キョ,,"距 = 足 + 巨。 (의미부)「足」는 ""발""을 뜻합니다. (소리부 겸 의미부)「巨」(キョ)는 ""크다, 거대하다""라는 뜻입니다. 距는 ""거대한(巨) 발(足)"" -> ""보폭이 크다"" -> ""멀리 떨어지다, 거리""라는 뜻의 글자입니다. (巨는 소리부도 겸함)",음독은 キョ입니다. 특별한 점은 없습니다.,距의 정식 훈독은 없습니다.,no
1322,N1,雅,맑을 아,"""맑을 아"". 맑은, 우아한",ガ,,"雅 = 牙 + 隹。 (소리부)牙(ガ - ""어금니 아"")는 ""이, 어금니""를 뜻하는 상용한자입니다. 다만 여기서는 소리부의 역할만 하고 있습니다. 牙는 ""동물의 이가 서로 맞물리는 모습""을 그린 상형문자입니다. (의미부)「隹」는 ""새""를 뜻합니다. 雅는 ""새(隹)가 지저귀는 맑은 소리"" -> ""우아하다, 맑다""라는 뜻의 글자입니다(牙는 소리부).",음독은 ガ입니다. 특별한 점은 없습니다.,雅의 정식 훈독은 없습니다.,no
1323,N1,飾,꾸밀 식,"""꾸밀 식"". 꾸미다, 장식",ショク,かざ(る),"飾 = 食 + 𠂉 + 巾。 「食」는 ""먹다""라는 뜻입니다. 𠂉는 여기서는 ""천장""을 그린 모양자입니다. 「巾」는 ""수건, 천""을 뜻합니다. 飾는 ""연회(食)를 위해 천장(𠂉)에 휘장(巾)을 달다"" -> ""꾸미다, 장식""이라는 뜻의 글자입니다.",음독은 ショク입니다. 특별한 점은 없습니다.,"飾る는 ""장식하다, 꾸미다""라는 뜻의 타동사입니다. 예문) 部屋に飾る絵を選ぶ 방에 장식할 그림을 고르다 会場を花で飾る 회장을 꽃으로 장식하다",no
1324,N1,網,그물 망,"""그물 망"". 그물, 망",モウ,あみ,"網 = 糸 +𦉰 + 亡。 (의미부)「糸」는 ""실""을 뜻합니다. (의미부)𦉰는「罒」가 변형된 것으로,""쇠그물""을 뜻합니다. (소리부)「亡」(モウ)는 여기서는 소리부의 역할만 하고 있습니다. 網는 ""밧줄(糸)을 엮어서 만든 쇠그물(𦉰)"" -> ""그물, 망""이라는 뜻의 글자입니다(亡는 소리부).",음독은 モウ입니다. 특별한 점은 없습니다.,"網는 ""그물, 망""을 뜻합니다.",no
1325,N1,竜,용 룡,"""용 룡"". 용",リュウ,たつ,"竜 = 立 + 电。 (소리부 겸 의미부)「立」(リュウ)는 ""서다""라는 뜻입니다. (의미부)电는「申」가 변형된 것으로, ""번개""를 뜻합니다. 竜는 ""번개(电)가 치는 하늘 위에 우뚝 선(立) 용"" -> ""용""이라는 뜻의 글자입니다. (立는 소리부도 겸함)",음독은 リュウ입니다. 특별한 점은 없습니다.,"竜는 ""용""을 뜻합니다.",no
1326,N1,詩,시 시,"""시 시"". 시, 운문, 시가",シ,,"詩 = 言 + 寺。 (의미부)「言」는 ""말하다""라는 뜻입니다. (소리부 겸 의미부)「寺」(ジ)는 ""절, 사찰""을 뜻합니다. 詩는 ""한적한 절(寺)의 풍경을 바라보며 시를 읊다(言)"" -> ""시, 운문, 시가""라는 뜻의 글자입니다. (寺는 소리부(ジ -> シ)도 겸함)",음독은 シ입니다. 특별한 점은 없습니다.,詩의 정식 훈독은 없습니다.,no
1327,N1,繁,번성할 번,"""번성할 번"". 번창하다, 번성하다, 번거롭다",ハン,,"繁 = 敏 + 糸。 「敏」는 본래 ""손을 바삐 움직이는(攵) 여자(毎)""를 그린 글자입니다(링크 참조). 「糸」는 ""실""을 뜻합니다. 繁는 ""실타래(糸)를 안고 바삐 손을 움직이며(攵) 뜨개질을 하는 여자(毎)""라는 뜻입니다. 라는 의미입니다.",음독은 ハン입니다. 특별한 점은 없습니다.,繁의 정식 훈독은 없습니다.,no
1328,N1,翼,날개 익,"""날개 익"". 날개",ヨク,つばさ,"翼 = 羽 + 異。 「羽」는 ""깃, 날개""를 뜻합니다. 「異」는 ""기이하다, 이상하다, 다르다""라는 뜻입니다. 翼는 ""희귀한(異) 새의 독특한 날개(羽)"" -> ""날개""라는 뜻의 글자입니다.",음독은 ヨク입니다. 특별한 점은 없습니다.,"翼는 ""날개""를 뜻합니다.",no
1329,N1,潟,개펄 석,"""개펄 석"". 개펄, 간석지",,かた,"潟 = 氵 + 舄。 「氵」는 ""물""을 뜻합니다. 舄는 여기서는 ""게의 집게발(臼)과 몸통(勹), 다리(灬)""를 그린 모양자입니다. 潟는 ""게(舄)가 사는바닷가(氵)의 개펄"" -> ""개펄, 간석지""라는 뜻의 글자입니다.",潟의 정식 음독은 없습니다.,"潟는 ""갯가, 개펄, 간석지""라는 뜻입니다.",no
1330,N1,敵,대적할 적,"""대적할 적"". 적, 원수",テキ,かたき,"敵 = 啇 + 攵。 (소리부 겸 의미부)「啇」(テキ)는 ""화초를 심은 화분""을 뜻합니다. (의미부)「攵」는 ""때리다, 치다""라는 뜻입니다. 敵는 ""뿌리깊은(啇) 원한을 갚다(攵)"" -> ""적, 원수""라는 뜻의 글자입니다. (啇는 소리부도 겸함)",음독은 テキ입니다. 특별한 점은 없습니다.,"敵는 ""적, 원수, 대적 상대""라는 뜻입니다.",no
1331,N1,魅,매혹할 매,"""매혹할 매"". 매혹, 매력",ミ,,"魅 = 鬼 + 未。 (의미부)鬼(""귀신 귀"")는 ""귀신""을 뜻하는 상용한자입니다. 鬼는 ""가면(田)을 쓴 채 무릎꿇고(厶) 제사를 지내는 사람""을 그린 상형문자입니다. ""제사"" -> ""귀신""이라는 의미입니다. (소리부)「未」(ミ)는 여기서는 소리부의 역할만 하고 있습니다. 魅는 ""귀신(鬼)에게 홀리다"" -> ""홀리다, 매혹, 매력""이라는 뜻의 글자입니다(未는 소리부).",음독은 ミ입니다. 특별한 점은 없습니다.,魅의 정식 훈독은 없습니다.,no
1332,N1,嫌,싫어할 혐,"""싫어할 혐"". 싫어하다, 혐오하다",ケン、ゲン,きら(う)、いや,"嫌 = 女 + 兼。 (의미부)「女」는 ""여자""를 뜻합니다. (소리부 겸 의미부)「兼」(ケン)은 ""겸하다""라는 뜻입니다. 嫌는 ""여자(女)가 마음속에 가진(兼) 시기와 질투"" -> ""싫어하다, 혐오하다""라는 뜻의 글자입니다. (兼는 소리부(ケン -> ケン・ゲン)도 겸함)",음독은 ケン、ゲン입니다. 특별한 점은 없습니다.,"嫌う는 ""싫어하다, 꺼리다""라는 뜻의 타동사입니다. 嫌는 ""싫음, 하고 싶지 않음""이라는 뜻입니다.",no
1333,N1,斉,가지런할 제,"""가지런할 제"". 가지런한, 균일한",セイ,,"斉는 본래 ""다리를 건너는 사람(文)""을 그린 상형문자입니다(623.「済」모양 해설 참조). ""한 줄로 가지런히 서서 다리를 건너다"" -> ""가지런한, 균일한""이라는 의미입니다.",음독은 セイ입니다. 특별한 점은 없습니다.,斉의 정식 훈독은 없습니다.,no
1334,N1,敷,펼 부,"""펼 부"". 펴다, 깔다",フ,し(く),"敷 = 甫 + 方 + 攵。 (소리부 겸 의미부)「甫」(ホ)는 ""채소밭""을 뜻합니다. (의미부)「方」는 ""방향""을 뜻합니다. (의미부)「攵」는 ""때리다, 치다""라는 뜻입니다. 敷는 ""사방팔방(方)에 채소밭(甫)을 일궈놓다(攵)"" -> ""펴다, 깔다""라는 뜻의 글자입니다. (甫는 소리부(ホ -> フ)도 겸함)",음독은 フ입니다. 특별한 점은 없습니다.,"敷く는 ""깔다""라는 뜻의 타동사입니다.",no
1335,N1,擁,낄 옹,"""낄 옹"". 껴안다, 감싸주다",ヨウ,,"擁 = 扌 +亠 +乡 +隹。 「扌」는 ""손""을 뜻합니다. 亠는 여기서는 ""지붕""을 그린 모양자입니다. 乡는 여기서는 ""붕대""를 그린 모양자입니다. 「隹」는 ""새""를 뜻합니다. 擁는 ""지붕(亠)에서 떨어진 다친 새(隹)에게 붕대(乡)를 감아주고 꼭 껴안아주다(扌)"" -> ""껴안다, 감싸주다""라는 뜻의 글자입니다.",음독은 ヨウ입니다. 특별한 점은 없습니다.,擁의 정식 훈독은 없습니다.,no
1336,N1,圏,우리 권,"""우리 권"". 범위, 구역",ケン,,"圏 = 囗 + 巻。 (의미부)囗는 여기서는 ""경계선, 범위""를 표현한 모양자입니다. (소리부 겸 의미부)「巻」(カン)은 ""돌돌 말다, 감다""라는 뜻입니다. 圏는 ""경계(囗)로 둘러싸인(巻) 구역"" -> ""범위, 구역""이라는 뜻의 글자입니다. (巻는 소리부(カン -> ケン)도 겸함)",음독은 ケン입니다. 특별한 점은 없습니다.,圏의 정식 훈독은 없습니다.,no
1337,N1,酸,실 산,"""실 산"". 산성, 시큼한",サン,す(い),"酸 = 酉 + 夋。 「酉」는 ""술""을 뜻합니다. 「夋」는 ""천천히 걷는 사람""을 뜻합니다. 酸는 ""술(酉)에 취해 느릿느릿 걷는(夋) 사람"" -> ""술"" -> ""산성의, 시큼한""이라는 뜻의 글자입니다.",음독은 サン입니다. 특별한 점은 없습니다.,"酸い는 ""시다, 산미가 있다""라는 뜻의 형용사입니다. 예문) 酸い味がある 신맛이 있다 酸っぱいミカン 시큼한 귤",no
1338,N1,罰,벌할 벌,"""벌할 벌"". 벌하다",バツ、バチ,,"罰 = 罒 + 言 + 刂。 「罒」는 ""그물""을 뜻합니다. 「言」는 ""말하다""라는 뜻입니다. 「刂」는 ""칼""을 뜻합니다. 罰는 ""죄인을 잡아서(罒) 훈계하고(言) 벌을 내리다(刂)"" -> ""벌하다""라는 뜻의 글자입니다.",음독은 バツ、バチ입니다. 사용 빈도는 バツ가 훨씬 높습니다. バチ는罰が当たる(천벌을 받다)와 같은 관용적 표현에서 주로 쓰이는 음독입니다.,罰의 정식 훈독은 없습니다.,no
1339,N1,滅,멸할 멸,"""멸할 멸"". 사라지다, 없어지다, 멸망하다",メツ,ほろ(びる)、ほろ(ぼす),"滅 = 氵 + 戌 + 火。 「氵」는 ""물""을 뜻합니다. 「戌」는 ""창을 든 손""을 뜻합니다. 「火」는 ""불""을 뜻합니다. 滅는 ""홍수(氵)와 화재(火)와 전쟁(戌)"" -> ""멸망하다, 없어지다, 사라지다""라는 뜻의 글자입니다.",음독은 メツ입니다. 특별한 점은 없습니다.,"滅ぼす는 ""멸망시키다, 없애다""라는 뜻의 타동사입니다. 滅びる는 ""멸망하다, 사라지다, 없어지다""라는 뜻의 2그룹 자동사입니다. 예문) 敵国を滅ぼす 적국을 멸망시키다 国が滅びる 나라가 망하다 文明が滅びる 문명이 쇠퇴하다 永遠に滅びることのない真理영원불멸의 진리",no
1340,N1,礎,주춧돌 초,"""주춧돌 초"". 주춧돌, 초석",ソ,いしずえ,"礎 = 石 + 木 + 木 + 疋。 「石」는 ""돌""을 뜻합니다. 「木」는 ""나무""를 뜻합니다. 疋는「正」가 변형된 것으로, ""바르다""라는 뜻입니다. 礎는 ""집의 나무기둥(木木)을 바르게(疋) 세우기 위한 주춧돌(石)"" -> ""주춧돌, 초석""이라는 뜻의 글자입니다.",음독은 ソ입니다. 특별한 점은 없습니다.,"礎는 ""주춧돌, 초석""을 뜻합니다.",no
1341,N1,腐,썩을 부,"""썩을 부"". 썩다",フ,くさ(る)、くさ(れる)、くさ(らす),"腐 = 府 + 肉。 (소리부 겸 의미부)「府」(フ)는 ""관청, 정부""를 뜻합니다. (의미부)「肉」는 ""고기""를 뜻합니다. 腐는 ""썩은 고기(肉)처럼 부패한 정부(府)"" -> ""썩다""라는 뜻의 글자입니다. (府는 소리부도 겸함)",음독은 フ입니다. 특별한 점은 없습니다.,"腐る는 ""썩다, 부패하다""라는 뜻의 자동사입니다. 腐れる는腐る와 같은 뜻의 2그룹 자동사로, 단독으로는 잘 쓰이지 않고 주로 다른 단어와 합쳐진 형태로 쓰입니다. 腐らす는 ""썩이다, 썩게 하다""라는 뜻의 타동사입니다. 예문) 腐った食べ物썩은 음식 腐った根性썩어빠진 근성 木が腐る 나무가 썩다 腐れ縁악연 肉を腐らす 고기를 썩게 하다",no
1342,N1,脚,다리 각,"""다리 각"". 다리",キャク、キャ,あし,"脚 = 月 + 却。 (의미부)「月」는 ""신체의 일부""를 뜻합니다. (소리부 겸 의미부)「却」(キャク)는 ""물러나다""라는 뜻입니다. 脚는 ""다리로(月) 걸어서 물러나다(却)"" -> ""다리""라는 뜻의 글자입니다. (却는 소리부(キャク -> キャク・キャ)도 겸함)",음독은 キャク、キャ입니다. 사용 빈도는 キャク가 훨씬 높습니다.,"脚는 ""다리""를 뜻합니다.",no
1343,N1,潮,밀물/조수 조,"""밀물/조수 조"". 조수",チョウ,しお,"潮 = 氵 + 朝。 (의미부)「氵」는 ""물""을 뜻합니다. (소리부 겸 의미부)「朝」(チョウ)는 ""아침""을 뜻합니다. 潮는 ""아침(朝)에 밀려오는 바닷물(氵)"" -> ""조수""라는 뜻의 글자입니다. (朝는 소리부도 겸함)",음독은 チョウ입니다. 특별한 점은 없습니다.,"潮는 ""조수, 밀물, 썰물""을 뜻합니다.",no
1344,N1,梅,매화 매,"""매화 매"". 매화",バイ,うめ,"梅 = 木 + 毎。 (의미부)「木」는 ""나무""를 뜻합니다. (소리부)「毎」(マイ)는 여기서는 소리부(マイ->バイ)의 역할만 하고 있습니다. 梅는 ""나무(木)"" -> ""매화나무""라는 뜻의 글자입니다(毎는 소리부).",음독은 バイ입니다. 특별한 점은 없습니다.,"梅는 ""매화나무""를 뜻합니다.",no
1345,N1,尽,다할 진,"""다할 진"". 다하다, 전부, 죄다",ジン,つ(くす)、つ(きる)、つ(かす),"尽 = 尺 + ⺀。 尺는 여기서는 ""그릇을 거꾸로 뒤집은 모습""을 그린 모양자입니다. ⺀는 여기서는 ""그릇에서 떨어져나오는 찌꺼기""를 그린 모양자입니다. 尽는 ""그릇을 거꾸로 뒤집어(尺) 안에 든 것을 전부 털어내다(⺀)"" -> ""다하다, 전부, 죄다""라는 뜻의 글자입니다.",음독은 ジン입니다. 특별한 점은 없습니다.,"1.尽くす、尽きる 尽くす는 ""다하다, 헌신하다""라는 뜻의 타동사입니다. 尽きる는 ""다하다, 끝나다""라는 뜻의 2그룹 자동사입니다. 예문) 心を尽くす 마음(정성)을 다하다 妻の本分を尽くす 아내의 본분을 다하다 国のために尽くす 나라를 위해 헌신하다 死力を尽くして戦う 사력을 다해 싸우다 一言では到底言い尽くすことができない 한 마디로는 도저히 다 말할 수가 없다 力が尽きる 힘이 다하다 食料が尽きる 식량이 떨어지다 命が尽きる 목숨이 다하다 2.尽かす 尽かす는愛想を尽かす(""정나미가 떨어지다"")라는 관용어구에만 쓰이는 타동사입니다. 예문) 愛想を尽かす 정나미가 떨어지다",no
1346,N1,僕,종 복,"""종 복"". 하인, 남자의 자칭(겸손한 말투)",ボク,,"僕 = 亻 + 菐。 「亻」는 ""사람""을 뜻합니다. 菐는「業」에서 선 하나가 빠진 것으로, ""업무""를 뜻합니다. 僕는 ""잡무(菐)를 수행하는 사람(亻)"" -> ""하인""이라는 뜻의 글자입니다.","음독은 ボク입니다. 僕는 남자가 쓰는 1인칭으로,俺에 비해 겸손한 뉘앙스의 표현입니다.",僕의 정식 훈독은 없습니다.,no
1347,N1,桜,앵두 앵,"""앵두 앵"". 벚나무, 벚꽃",オウ,さくら,"桜 = 木 + ⺍ + 女。 「木」는 ""나무""를 뜻합니다. ⺍는 여기서는 ""벚꽃잎""을 그린 모양자입니다. 「女」는 ""여자""를 뜻합니다. 桜는 ""벚꽃잎(⺍) 흩날리는 벚나무(木) 아래에서 꽃놀이하는 여자(女)"" -> ""벚나무, 벚꽃""이라는 뜻의 글자입니다.",음독은 オウ입니다. 특별한 점은 없습니다.,"桜는 ""벚꽃""을 뜻합니다.",no
1348,N1,滑,미끄러울 활,"""미끄러울 활"". 미끄러운, 유창한",カツ、コツ,すべ(る)、なめ(らか),"滑 = 氵 + 骨。 (의미부)「氵」는 ""물""을 뜻합니다. (소리부 겸 의미부)「骨」(コツ)는 ""뼈""를 뜻합니다. 滑는 ""물(氵)에 젖은 뼈다귀(骨)"" -> ""미끄럽다, 유창하다""라는 뜻의 글자입니다. (骨는 소리부(コツ -> カツ・コツ)도 겸함)",음독은 カツ、コツ입니다. 사용 빈도는 カツ가 훨씬 높습니다. コツ는滑稽(골계/해학) 외에는 거의 쓰이지 않는 음독입니다.,"滑る는 ""미끄러지다""라는 뜻의 1그룹 자동사입니다. 滑らか는 ""매끄러움, 순조로움, 미끈미끈함""이라는 뜻입니다. 예문) 滑って転ぶ 미끄러져 넘어지다 坂道で滑る 비탈길에서 미끄러지다 滑らかな肌반들반들한 피부 滑らかな肌触り 매끄러운 촉감",no
1349,N1,孤,고아/외로울 고,"""고아/외로울 고"". 외롭다, 고아",コ,,"孤 = 子 + 瓜。 「子」는 ""아이""를 뜻합니다. 瓜는 ""덩굴에 매달려 흔들리는 열매""를 그린 글자입니다. 아래 그림을 참조해 주세요 「瓜」 孤는 ""홀로 매달린 열매(瓜)처럼 쓸쓸히 남겨진 고아(子)"" -> ""고아, 외롭다""라는 뜻의 글자입니다.",음독은 コ입니다. 특별한 점은 없습니다.,孤의 정식 훈독은 없습니다.,no
1350,N1,炎,불꽃 염,"""불꽃 염"". 타오르다, 화염, 불꽃",エン,ほのお,"炎 = 火 + 火。 「火」는 ""불""을 뜻합니다. 炎는 ""불꽃(火)이 타오르다(火)"" -> ""화염, 불꽃""이라는 뜻의 글자입니다.",음독은 エン입니다. 특별한 점은 없습니다.,"炎는 ""불꽃, 불길""을 뜻합니다.",no
1351,N1,賠,물어줄 배,"""물어줄 배"". 배상, 보상",バイ,,"賠 = 貝 + 咅。 (의미부)「貝」는 ""돈, 재물""을 뜻합니다. (소리부 겸 의미부)咅는 여기서는「倍」(バイ)가 축약된 것으로, ""두 배""라는 뜻입니다. 賠는 ""돈(貝)을 두 배로(倍) 물어주다"" -> ""배상하다, 보상하다""라는 뜻의 글자입니다. (咅는 소리부도 겸함)",음독은 バイ입니다. 특별한 점은 없습니다.,賠의 정식 훈독은 없습니다.,no
1352,N1,句,글귀 구,"""글귀 구"". 구절, 글귀",ク,,"句 = 勹 + 口。 (의미부)勹는 여기서는 ""감싸다""라는 뜻을 표현한 모양자입니다. (소리부 겸 의미부)「口」(ク)는 ""입""을 뜻합니다. 句는 ""말(口)을 묶은(勹) 단위"" -> ""구절, 글귀""라는 뜻의 글자입니다. (口는 소리부도 겸함)",음독은 ク입니다. 특별한 점은 없습니다.,句의 정식 훈독은 없습니다.,no
1353,N1,寿,목숨 수,"""목숨 수"". 장수하다, 나이, 생명",ジュ,ことぶき,"寿 = 丰 + 寸。 丰는 여기서는 ""주름살""을 그린 모양자입니다. 「寸」는 ""손""을 뜻합니다. 寿는 ""주름살(丰)이 많은 손(寸)"" -> ""노인"" -> ""장수하다, 나이, 생명""이라는 뜻의 글자입니다.",음독은 ジュ입니다. 특별한 점은 없습니다.,"寿는 ""축하, 경사, 장수""를 뜻합니다.",no
1354,N1,鋼,강철 강,"""강철 강"". 강철",コウ,はがね,"鋼 = 金 + 岡。 (의미부)「金」는 ""쇠""를 뜻합니다. (소리부 겸 의미부)「岡」(コウ)는 ""강하다""라는 뜻입니다. 鋼는 ""강한(岡) 쇠(金)"" -> ""강철""이라는 뜻의 글자입니다. (岡는 소리부도 겸함)",음독은 コウ입니다. 특별한 점은 없습니다.,"鋼는 ""강철""을 뜻합니다.",no
1355,N1,頑,완고할 완,"""완고할 완"". 완고한, 강경한",ガン,,"頑 = 元 + 頁。 (소리부 겸 의미부)「元」(ガン)은 ""근본, 근원, 으뜸""이라는 뜻입니다. (의미부)「頁」는 ""머리""를 뜻합니다. 頑는 ""가장 단단한(元) 머리(頁)"" -> ""완고하다, 강경하다""라는 뜻의 글자입니다. (元는 소리부도 겸함)",음독은 ガン입니다. 특별한 점은 없습니다.,頑의 정식 훈독은 없습니다.,no
1356,N1,鎖,쇠사슬 쇄,"""쇠사슬 쇄"". 쇠사슬, 잠그다",サ,くさり,"鎖 = 金 + ⺌ + 貝。 「金」는 ""쇠, 황금""을 뜻합니다. ⺌는 여기서는「小」가 뒤집힌 것으로, ""작다""라는 뜻입니다. 「貝」는 ""돈, 재물""을 뜻합니다. 鎖는 ""전재산(貝)이 들어있는작은(小)금고를 쇠사슬(金)로 꼭꼭 잠가두다"" -> ""쇠사슬, 잠그다""라는 뜻의 글자입니다.",음독은 サ입니다. 특별한 점은 없습니다.,"鎖는 ""쇠사슬""을 뜻합니다.",no
1357,N1,彩,채색 채,"""채색 채"". 채색하다",サイ,いろど(る),"彩 = 采 + 彡。 (소리부 겸 의미부)「采」(サイ)는 본래 ""나무열매를 따는 모습""을 그린 글자입니다(링크 참조). (의미부)彡는 여기서는 ""화사한 햇살""을 표현한 모양자입니다. 彩는 ""햇살(彡)이 나무(采)를 밝게 물들이다"" -> ""채색하다""라는 뜻의 글자입니다. (采는 소리부도 겸함)",음독은 サイ입니다. 특별한 점은 없습니다.,"彩る는 ""색칠하다, 채색하다""라는 뜻의 타동사입니다.",no
1358,N1,摩,문지를 마,"""문지를 마"". 문지르다, 비비다, 마찰, 갈다",マ,,"摩 = 麻 + 手。 (소리부 겸 의미부)「麻」(マ)는 ""삼베, 마""를 뜻합니다. (의미부)「手」는 ""손""을 뜻합니다. 삼베를 만들기 위해서는, 먼저 대마를 말린 다음 돌로 문질러야 한다고 합니다. 摩는 ""마(麻)를 가공하기 위해 돌에 문지르다(手)"" -> ""문지르다, 비비다""라는 뜻의 글자입니다. (麻는 소리부도 겸함)",음독은 マ입니다. 특별한 점은 없습니다.,摩의 정식 훈독은 없습니다.,no
1359,N1,励,힘쓸 려,"""힘쓸 려"". 힘쓰다, 격려하다",レイ,はげ(む)、はげ(ます),"励 = 厂 + 万 + 力。 「厂」는 ""절벽""을 뜻합니다. 「万」는 본래 ""날카로운 칼날""을 그린 글자입니다(링크 참조). 「力」는 ""힘""을 뜻합니다. 励는 ""절벽(厂)을 깎아내기(万) 위해 힘쓰다(力)"" -> ""힘쓰다, 노력하다""라는 뜻의 글자입니다.",음독은 レイ입니다. 특별한 점은 없습니다.,"励む는 ""힘쓰다, 열중하다""라는 뜻의 자동사입니다. 励ます는 ""격려하다""라는 뜻의 타동사입니다. 예문) 学業に励む 학업에 열중하다 練習に励む 연습에 몰두하다 専ら研究に励む 오로지 연구에만 힘쓰다 選手を励ます 선수를 격려하다 がっかりしている友達を励ます 낙담해 있는 친구를 격려하다",no
1360,N1,縦,세로 종,"""세로 종"". 세로",ジュウ,たて,"縦 = 糸 + 従。 (의미부)「糸」는 ""실""을 뜻합니다. (소리부 겸 의미부)「従」(ジュウ)는 ""따르다, 복종하다""라는 뜻입니다. 縦는 ""천장에 매달린 실(糸)이 상하로(従) 길게 늘어지다"" -> ""세로""라는 뜻의 글자입니다. (従는 소리부도 겸함)",음독은 ジュウ입니다. 특별한 점은 없습니다.,"縦는 ""세로""를 뜻합니다.",no
1361,N1,輝,빛날 휘,"""빛날 휘"". 빛나다",キ,かがや(く),"輝 = 光 + 軍。 「光」는 ""빛""을 뜻합니다. 「軍」는 ""군대""를 뜻합니다. 輝는 ""야영 중인 군대(軍)의 막사에서 새어나오는 불빛(光)"" -> ""빛나다""라는 뜻의 글자입니다.",음독은 キ입니다. 특별한 점은 없습니다.,"輝く는 ""빛나다, (눈부시게) 반짝이다""라는 뜻의 자동사입니다. 예문) 夜空に輝く星밤하늘에 반짝이는 별 子供たちの目は輝いていた 아이들의 눈은 빛나고 있었다 勝利の栄冠に輝く 승리의 영관에 빛나다",no
1362,N1,蓄,모을 축,"""모을 축"". 모으다, 쌓다",チク,たくわ(える),"蓄 = 艹 + 畜。 (의미부)「艹」는 ""풀""을 뜻합니다. (소리부 겸 의미부)「畜」(チク)는 ""가축""을 뜻합니다. 蓄는 ""가축(畜)들에게 먹이로 줄 건초(艹)를 모으다"" -> ""모으다, 쌓다""라는 뜻의 글자입니다. (畜는 소리부도 겸함)",음독은 チク입니다. 특별한 점은 없습니다.,"蓄える는 ""저축하다, 비축하다, 모으다""라는 뜻의 2그룹 타동사입니다. 예문) 財産を蓄える 재산을 모으다 食糧を蓄える 식량을 비축하다 生活費を蓄えておく 생활비를 저축해 두다",no
1363,N1,軸,굴대 축,"""굴대 축"". 축, 주축",ジク,,"軸 = 車 + 由。 「車」는 ""수레, 차""를 뜻합니다. 由는 여기서는 ""(수레)바퀴의 축""을 그린 모양자입니다. 軸는 ""수레바퀴(車)의 축(由)"" -> ""축, 주축""이라는 뜻의 글자입니다.",음독은 ジク입니다. 특별한 점은 없습니다.,軸의 정식 훈독은 없습니다.,no
1364,N1,巡,돌 순,"""돌 순"". 순회하다, 한바퀴 돌다",ジュン,めぐ(る),"巡 = ⻌ + 巛。 「⻌」는 ""길""을 뜻합니다. 巛는 ""흐르는 물살""을 그린 모양자입니다. 巡는 ""물살(巛)이 물길(⻌)을 한바퀴 돌다"" -> ""순회하다, 한바퀴 돌다""라는 뜻의 글자입니다.",음독은 ジュン입니다. 특별한 점은 없습니다.,"巡る는 ""(한 바퀴)돌다, 순환/순회하다, 둘러싸다""라는 뜻의 자동사입니다. 예문) 血が体内を巡る 피가 몸속을 순환하다 因果は巡る 인과는 돌고 돈다 関西を巡る 칸사이 지방을 한 바퀴 돌다 観光名所を巡る 관광 명소를 순회하다 経営権を巡る紛争경영권을 둘러싼 분쟁 遺産を巡って争いが起きる 유산을 둘러싸고 논쟁이 일어나다 環境問題を巡って意見を交わす 환경 문제를 놓고 의견을 주고받다",no
1365,N1,稼,심을 가,"""심을 가"". (돈을) 벌다, 열심히 일하다",カ,かせ(ぐ),"稼 = 禾 + 家。 (의미부)「禾」는 ""곡식""을 뜻합니다. (소리부 겸 의미부)「家」(カ)는 ""집""을 뜻합니다. 稼는 ""가족(家)을 먹여살리기(禾) 위해 열심히 일하다"" -> ""돈을 벌다, 열심히 일하다""라는 뜻의 글자입니다. (家는 소리부도 겸함)",음독은 カ입니다. 특별한 점은 없습니다.,"稼ぐ는 ""돈벌이하다, 벌다""라는 뜻의 자동사 겸 타동사입니다. 예문) 自分で学費を稼ぐ 스스로 학비를 벌다 アルバイトで稼ぐ 아르바이트로 돈을 벌다",no
1366,N1,瞬,깜짝일 순,"""깜짝일 순"". 깜빡이다, 찰나의",シュン,またた(く),"瞬 = 目 +⺤ +冖 +舛。 「目」는 ""눈""을 뜻합니다. 「⺤」는 ""손""을 뜻합니다. 冖는 여기서는 ""덮다""라는 뜻을 표현한 모양자입니다. 「舛」는 ""두 발""을 뜻합니다. 瞬는 ""손(⺤)으로 잠깐눈(目)을 덮었다(冖) 뗀 사이에 도망쳐버리다(舛)"" -> ""깜빡이다, 찰나의""라는 뜻의 글자입니다.",음독은 シュン입니다. 특별한 점은 없습니다.,"瞬く는 ""깜빡이다""라는 뜻의 자동사입니다.",no
1367,N1,砲,대포 포,"""대포 포"". 대포",ホウ,,"砲 = 石 + 包。 (의미부)「石」는 ""돌""을 뜻합니다. (소리부 겸 의미부)「包」(ホウ)는 ""감싸다""라는 뜻입니다. 砲는 ""돌무더기(石)를 그물로 감싸(包) 던지는 투석기"" -> ""대포""라는 뜻의 글자입니다. (包는 소리부도 겸함)",음독은 ホウ입니다. 특별한 점은 없습니다.,砲의 정식 훈독은 없습니다.,no
1368,N1,噴,뿜을 분,"""뿜을 분"". 내뿜다",フン,ふ(く),"噴 = 口 + 十 + 艹 + 貝。 「口」는 ""입""을 뜻합니다. 「十」는 ""10""을 뜻합니다. 艹는 여기서는「十」두 개가 합쳐진 것으로, ""20""을 뜻합니다. 「貝」는 ""돈, 재물""을 뜻합니다. 噴는 ""삼십 년(十+艹) 동안 모은 재산(貝)을 전부 토해내다(口)"" -> ""내뿜다""라는 뜻의 글자입니다.",음독은 フン입니다. 특별한 점은 없습니다.,"噴く는 ""뿜다, 내뿜다""라는 뜻의 자동사 겸 타동사입니다. 예문) 火山が煙を噴く 화산이 연기를 내뿜다 温泉が噴き上がる 온천물이 뿜어 나오다",no
1369,N1,誇,자랑할 과,"""자랑할 과"". 자랑하다, 과시하다",コ,ほこ(る),"誇 = 言 + 夸。 「言」는 ""말하다""라는 뜻입니다. 夸는 ""양 팔을 크게 벌리고 뽐내는 사람(大)""을 그린 모양자입니다. 誇는 ""양 팔을 벌리고 뽐내며(夸) 자기 자랑을 떠벌리다(言)"" -> ""자랑하다, 과시하다""라는 뜻의 글자입니다.",음독은 コ입니다. 특별한 점은 없습니다.,"誇る는 ""자랑하다, 뽐내다""라는 뜻의 자동사입니다. 예문) 長い歴史と伝統を誇る 오랜 역사와 전통을 자랑하다 自分の技を誇る 자기 재주를 뽐내다",no
1370,N1,祥,상서 상,"""상서 상"". 경사, 행복",ショウ,,"祥 = 礻 + 羊。 (의미부)「礻」는 ""신, 종교, 고대의 비석""을 뜻합니다. (소리부 겸 의미부)「羊」(ヨウ)는 ""양""을 뜻합니다. 祥는 ""좋은 일을 바라며 신(礻)에게양(羊)을 제물로 바치다"" -> ""경사, 행복""이라는 뜻의 글자입니다. (羊는 소리부(ヨウ -> ショウ)도 겸함)",음독은 ショウ입니다. 특별한 점은 없습니다.,祥의 정식 훈독은 없습니다.,no
1371,N1,牲,희생 생,"""희생 생"". 희생",セイ,,"牲 = 牜 + 生。 (의미부)「牜」는 ""소""를 뜻합니다. (소리부 겸 의미부)「生」(セイ)는 ""생명""을 뜻합니다. 牲는 ""소(牜)의 생명(生)을 제물로 바치다"" -> ""희생""이라는 뜻의 글자입니다. (生는 소리부도 겸함)",음독은 セイ입니다. 특별한 점은 없습니다.,牲의 정식 훈독은 없습니다.,no
1372,N1,秩,차례 질,"""차례 질"". 질서, 순서",チツ,,"秩 = 禾 + 失。 (의미부)「禾」는 ""곡식""을 뜻합니다. (소리부)「失」(シツ)는 여기서는 소리부(シツ -> チツ)의 역할만 하고 있습니다. 秩는 ""수확한 볏단(禾)을 가지런히 쌓아놓다"" -> ""질서, 순서""라는 뜻의 글자입니다(失는 소리부).",음독은 チツ입니다. 특별한 점은 없습니다.,秩의 정식 훈독은 없습니다.,no
1373,N1,帝,임금 제,"""임금 제"". 황제",テイ,,"帝 = 立 + 冖 + 巾。 「立」는 ""서다""라는 뜻입니다. 冖는 여기서는 ""허리띠""를 그린 모양자입니다. 「巾」는 ""수건, 천""을 뜻합니다. 帝는 ""황금 허리띠(冖)와곤룡포(巾)를 입고 위풍당당히 선(立) 황제"" -> ""황제""라는 뜻의 글자입니다.",음독은 テイ입니다. 특별한 점은 없습니다.,帝의 정식 훈독은 없습니다.,no
1374,N1,唆,부추길 사,"""부추길 사"". 꾀다, 부추기다",サ,そそのか(す),"唆 = 口 + 夋。 「口」는 ""입""을 뜻합니다. 「夋」는 ""천천히 걷는 사람""을 뜻합니다. 唆는 ""옆에서 천천히 따라 걸으며(夋) 속삭이다(口)"" -> ""부추기다, 꾀다""라는 뜻의 글자입니다.",음독은 サ입니다. 특별한 점은 없습니다.,"唆す는 ""꼬드기다, 부추기다""라는 뜻의 타동사입니다. 예문) 悪事を唆す 나쁜 짓을 부추기다 背後で唆す 배후에서 사주하다 映画を見ようと唆す 영화를 보자고 꼬드기다",no
1375,N1,阻,막힐 조,"""막힐 조"". 막다, 방해하다",ソ,はば(む),"阻 = ⻖ + 且。 (의미부)「⻖」는 ""언덕, 산""을 뜻합니다. (소리부 겸 의미부)「且」(ソ)는 ""비석""을 뜻합니다. 阻는 ""언덕(⻖)의 오솔길을 가로막은 비석(且)"" -> ""막다, 방해하다""라는 뜻의 글자입니다. (且는 소리부도 겸함)",음독은 ソ입니다. 특별한 점은 없습니다.,"阻む는 ""방해하다, 저지하다, 막다""라는 뜻의 타동사입니다. 예문) 道を阻む落石길을 막는 낙석 悪天候に進路を阻まれた 악천후로 진로가 가로막혔다 乱開発を阻んでいる 무질서한 개발을 막고 있다",no
1376,N1,泰,클 태,"""클 태"". 편안하다, 침착하다",タイ,,"泰 = 𡗗 + 氺。 𡗗는 여기서는「春」가 축약된 것으로, ""봄""을 뜻합니다. 氺는 여기서는「水」가 변형된 것으로, ""물""을 뜻합니다. 泰는 ""따뜻한 봄(春)에 개울가(氺)에서 소풍을 즐기다"" -> ""편안하다, 침착하다""라는 뜻의 글자입니다.",음독은 タイ입니다. 특별한 점은 없습니다.,泰의 정식 훈독은 없습니다.,no
1377,N1,賄,재물/뇌물 회,"""재물/뇌물 회"". 뇌물, 재물",ワイ,まかな(う),"賄 = 貝 + 有。 「貝」는 ""재물, 돈""을 뜻합니다. 「有」는 ""있다""라는 뜻입니다. 賄는 ""받아먹은 돈(貝)이 있다(有)"" -> ""재물, 뇌물""이라는 뜻의 글자입니다.",음독은 ワイ입니다. 특별한 점은 없습니다.,"賄う는 ""(비용/물자 등을) 조달하다, 공급하다""라는 뜻의 타동사입니다. 예문) 費用を賄う 비용을 조달하다 畑を売って建築費を賄う 밭을 팔아서 건축비를 조달하다",no
1378,N1,撲,칠 박,"""칠 박"". 때리다, 두드리다",ボク,,"撲 = 扌 + 菐。 (의미부)「扌」는 ""손""을 뜻합니다. (소리부 겸 의미부)菐는 여기서는「僕」(ボク)가 축약된 것으로, ""하인""을 뜻합니다. 撲는 ""하인(僕)을 손으로 때리다(扌)"" -> ""때리다, 두드리다""라는 뜻의 글자입니다. (菐->僕는 소리부도 겸함)",음독은 ボク입니다. 특별한 점은 없습니다.,撲의 정식 훈독은 없습니다.,no
1379,N1,堀,굴 굴,"""굴 굴"". 수로, 굴",,ほり,"堀 = 土 + 屈。 「土」는 ""흙, 땅""을 뜻합니다. 屈는 여기서는「掘」가 축약된 것으로, ""파다""라는 뜻입니다. 堀는 ""땅(土)을 파서(掘) 만든 땅굴"" -> ""수로, 굴""이라는 뜻의 글자입니다.",堀의 정식 음독은 없습니다.,"堀는 ""해자, 수로""를 뜻합니다.",no
1380,N1,菊,국화 국,"""국화 국"". 국화",キク,,"菊 = 艹 + 匊。 「艹」는 ""풀""을 뜻합니다. 匊는 여기서는 ""국화꽃""을 본따 그린 모양자입니다. 菊는 ""국화꽃(匊)과 잎(艹)"" -> ""국화""라는 뜻의 글자입니다. 국화꽃",음독은 キク입니다. 특별한 점은 없습니다.,菊의 정식 훈독은 없습니다.,no
1381,N1,絞,목맬 교,"""목맬 교"". 죄다, 조르다",コウ,しぼ(る)、し(める)、し(まる),"絞 = 糸 + 交。 (의미부)「糸」는 ""실""을 뜻합니다. (소리부 겸 의미부)「交」(コウ)는 ""교차하다, 엇갈리다""라는 뜻입니다. 絞는 ""줄(糸)을 교차시켜(交) 목을 조르다"" -> ""죄다, 조르다""라는 뜻의 글자입니다. (交는 소리부도 겸함)",음독은 コウ입니다. 특별한 점은 없습니다.,"1.絞る 絞る는 ""(물기가 빠지게) 짜다, (억지로) 쥐어짜내다""라는 뜻의 타동사입니다. 예문) タオルを絞る 수건을 짜다 知恵を絞る 지혜를 짜내다 声を絞る 목소리를 짜내다 2.絞める、絞まる 絞める는 ""조르다, 졸라매다""라는 뜻의 2그룹 타동사입니다. 絞まる는 ""죄이다, 졸라지다""라는 뜻의 자동사입니다. 예문) 首を絞める 목을 조르다 マフラーで首が絞まって苦しい 머플러로 목이 죄여서 괴롭다",no
1382,N1,縁,인연 연,"""인연 연"". 인연, 가장자리",エン,ふち,"縁 = 糸 + 彐 + 豕。 「糸」는 ""실""을 뜻합니다. 彐+豕는 여기서는「家」가 변형된 것으로, ""집""을 뜻합니다. 縁은 ""굳게 이어진(糸) 가족(家)의 인연"" -> ""인연""이라는 뜻의 글자입니다.",음독은 エン입니다. 특별한 점은 없습니다.,"縁는 ""가장자리, 테두리""를 뜻합니다.",no
1383,N1,唯,오직 유,"""오직 유"". 오직, 그것 뿐, 다만",ユイ、イ,,"唯 = 口 + 隹。 「口」는 ""입""을 뜻합니다. 「隹」는 ""새""를 뜻합니다. 唯는 ""새(隹)는 항상 같은 울음소리(口)로 지저귄다"" -> ""오직, 다만, 그것 뿐""이라는 뜻의 글자입니다.",음독은 ユイ、イ입니다. 사용 빈도는 ユイ가 훨씬 높습니다. イ는 일부 예외적인 단어에만 쓰이는 음독입니다.,唯의 정식 훈독은 없습니다.,no
1384,N1,膨,불을 팽,"""불을 팽"". 팽창하다, 부풀어오르다",ボウ,ふく(らむ)、ふく(れる),"膨 = 月 + 壴 + 彡。 「月」는 ""고기""를 뜻합니다. 「壴」는 ""북""을 뜻합니다. 彡는 여기서는 ""햇살""을 그린 모양자입니다. 膨는 ""화창한 날(彡)에 연회(月)를 열고 북(壴)을 치며 분위기를 띄우다"" -> ""팽창하다, 부풀어오르다""라는 뜻의 글자입니다.",음독은 ボウ입니다. 특별한 점은 없습니다.,"膨らむ는 ""부풀다, 부풀어오르다""라는 뜻의 자동사입니다. 膨れる는 ""부풀다, 부풀어오르다""라는 뜻의 2그룹 자동사입니다. 차이점은 다음과 같습니다. 아래 예문을 참조해 주세요. 예문) 希望で胸が膨らむ 희망으로 가슴이 부풀다 餅を焼いたら大きく膨らんだ 떡을 구웠더니 크게 부풀어올랐다 妊婦の腹がだんだん膨らんでいく 임산부의 배가 점점 부풀어가다 できものが膨れて痛い 뾰루지가 부풀어올라서 아프다 そんな膨れた顔をして、どうしたの 그렇게 부루퉁한 얼굴 하고, 무슨 일이야?",no
1385,N1,矢,화살 시,"""화살 시"". 화살",シ,や,"矢는 ""화살""을 본따 그린 상형문자입니다.",음독은 シ입니다. 특별한 점은 없습니다.,"矢는 ""화살""을 뜻합니다.",no
1386,N1,耐,견딜 내,"""견딜 내"". 견디다, 참다",タイ,た(える),"耐 = 而 + 寸。 而는 여기서는 ""깊게 뿌리내린 뿌리""를 그린 모양자입니다. 「寸」는 ""손""을 뜻합니다. 耐는 ""뿌리(而)가 깊어 뽑아내려(寸) 해도 뽑히지 않고 버티다"" -> ""견디다, 참다""라는 뜻의 글자입니다.",음독은 タイ입니다. 특별한 점은 없습니다.,"耐える는 ""견디다, 참다, 버티다""라는 뜻의 2그룹 자동사입니다. 예문) 痛みに耐える 아픔을 견디다 高温に耐える 고온에 견디다 弾圧に耐える 탄압에 굴하지 않고 버티다",no
1387,N1,塾,글방 숙,"""글방 숙"". 학원",ジュク,,"塾 = 享 + 丸 + 土。 「享」는 ""모자를 쓴 아이""를 그린 글자입니다(링크 참조). 「丸」는 본래 ""엎드린 사람""을 그린 글자입니다(링크 참조). 「土」는 ""흙, 땅""을 뜻합니다. 塾는 ""아이(享)가땅바닥(土)에엎드려(丸) 흙 위에 글자 쓰는 연습을 하다"" -> ""학원""이라는 뜻의 글자입니다.",음독은 ジュク입니다. 특별한 점은 없습니다.,塾의 정식 훈독은 없습니다.,no
1388,N1,漏,샐 루,"""샐 루"". 새다, 누출되다",ロウ,も(る)、も(れる)、も(らす),"漏 = 氵 + 尸 + 雨。 「氵」는 ""물""을 뜻합니다. 「尸」는 ""지붕""을 뜻합니다. 「雨」는 ""비""를 뜻합니다. 漏는 ""비(雨)가 와 지붕(尸)에서 물(氵)이 새다""-> ""새다, 누출되다""라는 뜻의 글자입니다.",음독은 ロウ입니다. 특별한 점은 없습니다.,"1.漏る、漏れる 漏る는 ""(액체/빛 등이) 새다""라는 뜻의 자동사입니다. 漏れる는 ""(액체/빛 등이) 새다, (정보 등이) 누출되다""라는 뜻의 2그룹 자동사입니다. 둘의 차이점은 다음과 같습니다. 아래 예문을 참조해 주세요. 예문) 天井から雨が漏る 천장에서 비가 새다 水が漏れる 물이 새다 秘密が漏れる 비밀이 누설되다 個人情報が漏れる 개인 정보가 누설되다 2.漏らす 漏らす는 ""새게 하다, 누설하다""라는 뜻의 타동사입니다. 예문) 機密情報を漏らす 기밀 정보를 누설하다 水も漏らさぬ警戒물샐틈없는 경계",no
1389,N1,慶,경사 경,"""경사 경"". 경사, 축하하다",ケイ,,"慶 = 鹿 + 乛 + 心 + 夂。 윗부분은「鹿」가 축약된 것으로, ""사슴""을 뜻합니다. 「心」는 ""마음""을 뜻합니다. 「夂」는 ""발""을 뜻합니다. 고대에는 사슴 가죽이 귀한 선물로서 쓰였다고 합니다. 慶는 ""사슴 가죽(鹿)을 들쳐메고(乛) 기쁜 마음으로(心) 축하하러 가다(夂)"" -> ""경사, 축하하다""라는 뜻의 글자입니다.",음독은 ケイ입니다. 특별한 점은 없습니다.,慶의 정식 훈독은 없습니다.,no
1390,N1,猛,사나울 맹,"""사나울 맹"". 거친, 사나운",モウ,,"猛 = 犭 + 子 + 皿。 「犭」는 ""개""를 뜻합니다. 「子」는 ""아이""를 뜻합니다. 皿는 여기서는「血」가 잘못 변형된 것으로, ""피""를 뜻합니다. 猛는 ""아이(子)가 사나운 개(犭)에게 물려 피(血)를 흘리다"" -> ""거칠다, 사납다""라는 뜻의 글자입니다.",음독은 モウ입니다. 특별한 점은 없습니다.,猛의 정식 훈독은 없습니다.,no
1391,N1,芳,꽃다울 방,"""꽃다울 방"". 향기롭다",ホウ,かんば(しい),"芳 = 艹 + 方。 (의미부)「艹」는 ""풀""을 뜻합니다. (소리부 겸 의미부)「方」(ホウ)는 ""방향""을 뜻합니다. 芳는 ""꽃향기(艹)가 사방(方)으로 퍼져나가다"" -> ""향기롭다""라는 뜻의 글자입니다. (方는 소리부도 겸함)",음독은 ホウ입니다. 특별한 점은 없습니다.,"芳しい는 ""향기롭다""라는 뜻의 형용사입니다.",no
1392,N1,懲,징계할 징,"""징계할 징"". 징계하다",チョウ,こ(りる)、こ(らす)、こ(らしめる),"懲 = 徴 + 心。 (소리부 겸 의미부)「徴」(チョウ)는 ""징집하다""라는 뜻입니다. (의미부)「心」는 ""마음""을 뜻합니다. 예나 지금이나, 노예들이 정부권력의 강제 징병을 거부하면 강력한 처벌을 받게 됩니다. 懲는 ""강제 징병(徴)에 거역한(心) 자를 강력히 처벌하다"" -> ""징계하다""라는 뜻의 글자입니다. (徴는 소리부도 겸함)",음독은 チョウ입니다. 특별한 점은 없습니다.,"1.懲りる 懲りる는 ""넌더리나다, 질리다""라는 뜻의 2그룹 자동사입니다. 예문) 失敗に懲りる 실패에 넌더리나다 一回で懲りてしまう 단번에 싫증을 내다 煩雑な手続きに懲りる 번잡스런 절차에 넌더리가 나다 2.懲らしめる、懲らす 懲らしめる는 ""징계하다, 응징하다""라는 뜻의 2그룹 타동사입니다. 懲らす는 ""징계하다, 응징하다""라는 뜻의 타동사이나, 실제로는 거의 쓰이지 않는 표현입니다. 예문) 悪人を懲らしめる 악인을 응징하다 犯罪者を懲らしめる 범죄자를 징계하다",no
1393,N1,剣,칼 검,"""칼 검"". 검",ケン,つるぎ,"剣 = 㑒 + 刂。 (소리부 겸 의미부)「㑒」(ケン)은 ""뾰족하다, 날카롭다""라는 뜻입니다. (의미부)「刂」는 ""칼""을 뜻합니다. 剣는 ""날카로운(㑒)칼(刂)"" -> ""칼, 검""이라는 뜻의 글자입니다. (㑒는 소리부도 겸함)",음독은 ケン입니다. 특별한 점은 없습니다.,"剣는 ""양날검""을 뜻합니다.",no
1394,N1,彰,드러날 창,"""드러날 창"". 뚜렷이 드러나다",ショウ,,"彰 = 章 + 彡。 (소리부 겸 의미부)「章」(ショウ)는 ""글, 무늬""를 뜻합니다. (의미부)彡는 여기서는 ""햇살""을 그린 모양자입니다. 彰는 ""햇살(彡)을 받아 무늬(章)가 뚜렷이 드러나다"" -> ""뚜렷이 드러나다""라는 뜻의 글자입니다. (章는 소리부도 겸함)",음독은 ショウ입니다. 특별한 점은 없습니다.,彰의 정식 훈독은 없습니다.,no
1395,N1,棋,바둑 기,"""바둑 기"". 장기",キ,,"棋 = 木 + 其。 (의미부)「木」는 ""나무""를 뜻합니다. (소리부 겸 의미부)「其」(キ)는 여기서는 ""장기말""을 그린 모양자입니다. 棋는 ""나무(木)로 만든 장기말(其)"" -> ""장기""라는 뜻의 글자입니다. (其는 소리부도 겸함)",음독은 キ입니다. 특별한 점은 없습니다.,棋의 정식 훈독은 없습니다.,no
1396,N1,丁,고무래/장정 정,"""고무래/장정 정"". 거리의 구분, 장정, 못 등",チョウ、テイ,,"丁는 ""못""을 그린 상형문자입니다. ""못질하다"" -> ""노동하다"" -> ""장정""이라는 의미입니다. (다만, 이 한자는 실제로는 본래의 유래와는 별 관계 없이 매우 다양한 의미로 쓰이는 글자입니다.)",음독은 チョウ、テイ입니다. 특별한 구분법은 없습니다.,丁의 정식 훈독은 없습니다.,no
1397,N1,恒,항상 항,"""항상 항"". 항상, 변치 않는",コウ,,"恒 = 忄 + 亘。 「忄」는 ""마음""을 뜻합니다. 亘는 ""하늘(一)과 땅(一) 사이에 떠있는 태양(日)""이라는 뜻입니다. 恒는 ""하늘의 태양(亘)처럼 변치않는 마음(忄)"" -> ""항상, 변치 않는""이라는 뜻의 글자입니다.",음독은 コウ입니다. 특별한 점은 없습니다.,恒의 정식 훈독은 없습니다.,no
1398,N1,揚,날릴 양,"""날릴 양"". 떠오르다, 올리다",ヨウ,あ(げる)、あ(がる),"揚 = 扌 + 昜。 (의미부)「扌」는 ""손""을 뜻합니다. (소리부 겸 의미부)「昜」(ヨウ)는 ""햇빛이 내리쬐는 모습""을 그린 글자입니다. 揚는 ""태양이 내리쬐는(昜) 하늘 높이 들어올리다(扌)"" -> ""떠오르다, 올리다""라는 뜻의 글자입니다. (昜는 소리부도 겸함)",음독은 ヨウ입니다. 특별한 점은 없습니다.,"揚げる는 ""높이 올리다, 튀기다""라는 뜻의 2그룹 타동사입니다. 揚がる는 ""높이 걸리다, 튀겨지다""라는 뜻의 자동사입니다. 예문) 風船を揚げる 풍선을 띄우다 てんぷらを揚げる 튀김을 튀기다 国旗が揚がる 국기가 게양되다 てんぷらが揚がる 튀김이 튀겨지다",no
1399,N1,冒,무릅쓸 모,"""무릅쓸 모"". 무릅쓰다",ボウ,おか(す),"冒 = 日 + 目。 「目」는 ""눈""을 뜻합니다. 日는 여기서는 冃가 변형된 것으로, 본래는 ""(얼굴을 가리는) 복면""을 그린 모양자입니다. 冒는 ""눈(目) 만 드러낸 복면(日->冃)을 쓰고 잠입하다"" -> ""(위험을) 무릅쓰다""라는 뜻의 글자입니다.",음독은 ボウ입니다. 특별한 점은 없습니다.,"冒す는 ""무릅쓰다""라는 뜻의 타동사입니다. 예문) 高いリスクを冒す 높은 위험을 무릅쓰다 嵐を冒して進む 폭풍우를 무릅쓰고 나아가다",no
1400,N1,倫,인륜 륜,"""인륜 륜"". 윤리",リン,,"倫 = 亻 + 侖。 (의미부)「亻」는 ""사람""을 뜻합니다. (소리부 겸 의미부)「侖」(リン)은 ""둥글게 말린 죽간""을 뜻합니다. 倫는 ""사람(亻)이 마땅히 지켜야 할 도리를 적은 책(侖)"" -> ""윤리""라는 뜻의 글자입니다. (侖는 소리부도 겸함)",음독은 リン입니다. 특별한 점은 없습니다.,倫의 정식 훈독은 없습니다.,no
1401,N1,陳,베풀 진,"""베풀 진"". 진열하다, 진술하다",チン,,"陳 = ⻖ + 東。 「⻖」는 ""언덕""을 뜻합니다. 「東」는 ""동쪽""을 뜻합니다. 陳는 ""동쪽(東)에 늘어선 산맥(⻖)"" -> ""늘어서다, 진열하다"" -> ""진술하다""라는 뜻의 글자입니다.",음독은 チン입니다. 특별한 점은 없습니다.,陳의 정식 훈독은 없습니다.,no
1402,N1,憶,생각할 억,"""생각할 억"". 기억하다, 추억하다",オク,,"憶 = 忄 + 意。 「忄」는 ""마음""을 뜻합니다. 「意」는 ""뜻, 생각""을 뜻합니다. 憶는 ""마음(忄)속의 생각(意)"" -> ""기억하다, 추억하다""라는 뜻의 글자입니다.",음독은 オク입니다. 특별한 점은 없습니다.,憶의 정식 훈독은 없습니다.,no
1403,N1,潜,잠길 잠,"""잠길 잠"". 잠수하다, 숨다",セン,ひそ(む)、もぐ(る),"潜 = 氵 + 替。 「氵」는 ""물""을 뜻합니다. 「替」는 ""교체하다, 바꾸다""라는 뜻입니다. 潜는 ""수면(氵) 위아래로 들락날락(替) 하며 잠수하다"" -> ""잠수하다, 숨다""라는 뜻의 글자입니다.",음독은 セン입니다. 특별한 점은 없습니다.,"潜む는 ""숨어 있다, 잠재하다, 내재하다""라는 뜻의 자동사입니다. 潜る는 ""잠수하다, 기어들다, 숨어들다""라는 뜻의 자동사입니다. 예문) 心に潜む情熱마음 속에 숨어있는 정열 意図が潜んでいる 의도가 숨어 있다 海底に潜る 해저에 잠수하다 布団に潜る 이불 속에 기어들어가다",no
1404,N1,梨,배나무 리,"""배나무 리"". 배(과일)",,なし,"梨 = 利 + 木。 「利」는 ""이득, 이롭다""라는 뜻입니다. 「木」는 ""나무""를 뜻합니다. 梨는 ""맛있는 배가 열리는 이로운(利) 나무(木)"" -> ""배나무, 배""라는 뜻의 글자입니다.",梨의 정식 음독은 없습니다.,"梨는 ""배""를 뜻합니다.",no
1405,N1,仁,어질 인,"""어질 인"". 인자함",ジン、ニ,,"仁 = 亻 + 二。 「亻」는 ""사람""을 뜻합니다. 「二」는 ""2""를 뜻합니다. 仁는 ""두(二) 사람(亻)이 싸우지 않고 친하게 지내다"" -> ""인자하다""라는 뜻의 글자입니다.",음독은 ジン、ニ입니다. 사용 빈도는 ジン이 훨씬 높습니다. ニ는仁王(인왕) 외에는 거의 쓰이지 않는 음독입니다.,仁의 정식 훈독은 없습니다.,no
1406,N1,克,이길 극,"""이길 극"". 극복하다, 이겨내다",コク,,"克 = 古 + 儿。 「古」는 ""오래다""라는 뜻입니다. 儿는「人」가 변형된 것으로, ""사람""을 뜻합니다. 克는 ""오랜(古) 고난을 견뎌온 사람(儿)"" -> ""극복하다, 이겨내다""라는 뜻의 글자입니다.",음독은 コク입니다. 특별한 점은 없습니다.,克의 정식 훈독은 없습니다.,no
1407,N1,岳,큰 산 악,"""큰 산 악"". 산악, 거대한 산",ガク,たけ,"岳 = 丘 + 山。 丘는 ""작은 산""의 모습을 그린 글자입니다. 아래 그림을 참조해 주세요. 丘 「山」는 ""산""을 뜻합니다. 岳는 ""산(山) 위의 산(丘)"" -> ""거대한 산, 산악""이라는 뜻의 글자입니다.",음독은 ガク입니다. 특별한 점은 없습니다.,"岳는 ""높은 산""을 뜻합니다.",no
1408,N1,概,대개 개,"""대개 개"". 개요, 대체로",ガイ,,"概 = 木 + 既。 「木」는 ""나무""를 뜻합니다. 「既」는 ""벌써, 이전에""라는 뜻입니다. 概는 ""필요한 나무(木)의 양을 사전에(既) 대략적으로 어림잡다"" -> ""대체로, 개요""라는 뜻의 글자입니다.",음독은 ガイ입니다. 특별한 점은 없습니다.,概의 정식 훈독은 없습니다.,no
1409,N1,拘,잡을 구,"""잡을 구"". 붙잡다",コウ,,"拘 = 扌 + 句。 (의미부)「扌」는 ""손""을 뜻합니다. (소리부)「句」(ク)는 여기서는 소리부(ク -> コウ)의 역할만 하고 있습니다. 拘는 ""손(扌)으로 붙잡다"" -> ""붙잡다""라는 뜻의 글자입니다(句는 소리부).",음독은 コウ입니다. 특별한 점은 없습니다.,拘의 정식 훈독은 없습니다.,no
1410,N1,墓,무덤 묘,"""무덤 묘"". 무덤",ボ,はか,"墓 = 莫 + 土。 (소리부 겸 의미부)「莫」(ボ)는 ""없다""라는 뜻입니다. (의미부)「土」는 ""흙, 땅""을 뜻합니다. 墓는 ""죽고 없는(莫) 사람이 묻힌 땅(土)"" -> ""무덤, 묘지""라는 뜻의 글자입니다. (莫는 소리부도 겸함)",음독은 ボ입니다. 특별한 점은 없습니다.,"墓는 ""무덤""을 뜻합니다.",no
1411,N1,黙,묵묵할 묵,"""묵묵할 묵"". 침묵, 소리없는",モク,だま(る),"黙 = 黒 + 犬。 「黒」는 ""검정""을 뜻합니다. 「犬」는 ""개""를 뜻합니다. 黙는 ""개들(犬)도 조용히 침묵하는 칠흑(黒)같이 어두운 밤"" -> ""침묵, 소리없는""이라는 뜻의 글자입니다.",음독은 モク입니다. 특별한 점은 없습니다.,"黙る는 ""말을 하지 않다, 말없이 있다""라는 뜻의 자동사입니다. 예문) 黙って本を読む 묵묵히 책을 읽다 頼むから黙っていてくれ 부탁이니까 잠자코 있어 줘 黙っているのが一番だ 잠자코 있는 게 상책이다",no
1412,N1,須,모름지기 수,"""모름지기 수"". 모름지기, 반드시",ス,,"須 = 彡 + 頁。 「頁」는 ""얼굴""을 뜻합니다. 彡는 여기서는 ""수염""을 그린 모양자입니다. 옛날에는 수염이 성인의 증표로서 여겨지곤 했습니다. 그러므로 성인 남성이 수염을 기르는 것은 당연한 일이었습니다. 須는 ""어른이라면 모름지기 얼굴(頁)에 수염(彡)이 있어야 한다"" -> ""모름지기, 반드시""라는 뜻의 글자입니다.",음독은 ス입니다. 특별한 점은 없습니다.,須의 정식 훈독은 없습니다.,no
1413,N1,偏,치우칠 편,"""치우칠 편"". 치우치다, 쏠리다, 기울다",ヘン,かたよ(る),"偏 = 亻 + 扁。 (의미부)「亻」는 ""사람""을 뜻합니다. (소리부 겸 의미부)「扁」(ヘン)은 ""집 안의 책""을 뜻합니다. 偏는 ""자기(亻)집 안에 있는 책(扁)만 읽는 사람"" -> ""지식이 치우치다"" -> ""치우치다, 쏠리다, 기울다""라는 뜻의 글자입니다. (扁는 소리부도 겸함)",음독은 ヘン입니다. 특별한 점은 없습니다.,"偏る는 ""(한쪽으로) 치우치다, 쏠리다""라는 뜻의 자동사입니다. 예문) 進路が南に偏る 진로가 남쪽으로 치우치다 偏った報道편향된 보도 知育に偏った教育지식 교육에 편중된 교육",no
1414,N1,雰,눈 날릴 분,"""눈 날릴 분"". 에워싸다, 분위기",フン,,"雰 = 雨 + 分。 (의미부)「雨」는 ""비""를 뜻합니다. (소리부 겸 의미부)「分」(フン)은 ""나뉘다""라는 뜻입니다. 雰는 ""물안개(雨)가 퍼지다(分)"" -> ""에워싸다, 분위기""라는 뜻의 글자입니다. (分는 소리부도 겸함)",음독은 フン입니다. 특별한 점은 없습니다.,雰의 정식 훈독은 없습니다.,no
1415,N1,遇,만날 우,"""만날 우"". 마주치다, 만나다, 접대하다",グウ,,"遇 = ⻌ + 禺。 (의미부)「⻌」는 ""길""을 뜻합니다. (소리부 겸 의미부)「禺」(グウ)는 ""원숭이""를 뜻합니다. 遇는 ""길(⻌)에서 원숭이(禺)를 마주치다"" -> ""마주치다, 만나다"" -> ""대우하다""라는 뜻의 글자입니다. (禺는 소리부도 겸함)",음독은 グウ입니다. 특별한 점은 없습니다.,遇의 정식 훈독은 없습니다.,no
1416,N1,諮,물을 자,"""물을 자"". 자문하다",シ,はか(る),"諮 = 言 + 次 + 口。 (의미부)「言」는 ""말하다""라는 뜻입니다. (소리부 겸 의미부)「次」(シ)는 ""다음""을 뜻합니다. (의미부)「口」는 ""입""을 뜻합니다. 諮는 ""이 다음(次)은 어떻게 해야 할지 입(口)을 열어 물어보다(言)"" -> ""자문하다""라는 뜻의 글자입니다. (次는 소리부도 겸함)",음독은 シ입니다. 특별한 점은 없습니다.,"諮る는 ""의견을 묻다, 상의하다, 자문하다""라는 뜻의 타동사입니다. 예문) 審議会に諮る 심의회에 자문하다 役員会に諮って決める 임원회에 자문하여 결정하다",no
1417,N1,卓,높을 탁,"""높을 탁"". 높다, 뛰어나다, 탁자",タク,,"卓 = ⺊ + 早。 ⺊는 여기서는 ""하늘을 나는 새""를 그린 모양자입니다. 「早」는 ""이르다, (시간적으로) 빠르다""라는 뜻입니다. 卓는 ""아침 일찍 일어나(早) 하늘 높이 날아가는 새(⺊)"" -> ""높다, 뛰어나다""라는 뜻의 글자입니다.",음독은 タク입니다. 특별한 점은 없습니다.,卓의 정식 훈독은 없습니다.,no
1418,N1,亀,거북 귀/터질 균,"""거북 귀/터질 균"". 거북, 균열",キ,かめ,"亀는""거대한 바다거북의 머리와 등딱지, 꼬리""를 그린 상형문자입니다. ""바다거북의 갈라진 등딱지"" -> ""거북, 균열""이라는 의미입니다.",음독은 キ입니다. 특별한 점은 없습니다.,"亀는 ""거북""을 뜻합니다.",no
1419,N1,糧,양식 량,"""양식 량"". 식량",リョウ、ロウ,かて,"糧 = 米 + 量。 (의미부)「米」는 ""쌀""을 뜻합니다. (소리부 겸 의미부)「量」(リョウ)는 ""양, 무게를 재다""라는 뜻입니다. 糧는 ""식량으로 쓸 쌀(米)의 양(量)"" -> ""식량""이라는 뜻의 글자입니다. (量는 소리부(リョウ -> リョウ・ロウ)도 겸함)",음독은 リョウ、ロウ입니다. 사용 빈도는 リョウ가 훨씬 높습니다. ロウ는兵糧(군량) 외에는 거의 쓰이지 않는 음독입니다.,"糧는 ""양식, 식량""을 뜻합니다.",no
1420,N1,簿,문서 부,"""문서 부"". 문서, 장부",ボ,,"簿 = 𥫗 +溥。 「𥫗」는 ""대나무 죽간""을 뜻합니다. 溥는 여기서는「薄」가 축약된 것으로, ""얇다""라는 뜻입니다. 簿는 ""대나무 죽간(𥫗)을 얇게(薄) 펴서 기록한 장부"" -> ""문서, 장부""라는 뜻의 글자입니다.",음독은 ボ입니다. 특별한 점은 없습니다.,簿의 정식 훈독은 없습니다.,no
1421,N1,炉,화로 로,"""화로 로"". 화로",ロ,,"炉 = 火 + 戸。 「火」는 ""불""을 뜻합니다. 「戸」는 ""집, 문""을 뜻합니다. 炉는 ""불(火)을 뿜는 문(戸)"" -> ""화로""라는 뜻의 글자입니다.",음독은 ロ입니다. 특별한 점은 없습니다.,炉의 정식 훈독은 없습니다.,no
1422,N1,牧,칠 목,"""칠 목"". 목축, 목동, 목장",ボク,まき,"牧 = 牜 + 攵。 「牜」는 ""소""를 뜻합니다. 「攵」는 ""때리다, 치다""라는 뜻입니다. 牧는 ""소(牜)를 치다(攵)"" -> ""목축하다""라는 뜻의 글자입니다.",음독은 ボク입니다. 특별한 점은 없습니다.,훈독은 まき입니다. 특별한 점은 없습니다.,no
1423,N1,殊,다를 수,"""다를 수"". 다르다, 특수하다",シュ,こと,"殊 = 歹 + 朱。 (의미부)「歹」는 ""시체""를 뜻합니다. (소리부 겸 의미부)朱(シュ - ""붉을 주"")는 ""주홍색""을 뜻하는 상용한자입니다. 朱 = 𠂉 + 木。 「木」는 ""나무""를 뜻합니다. 𠂉는 여기서는 단순히 구분을 위한 장식으로 추가된 것입니다. 朱는 본래 ""적심목""이라는 붉은 빛을 띤 나무를 뜻하기 위해 만들어진 글자입니다. ""붉은색 나무(木)"" -> ""주홍색""이라는 의미입니다. 殊는 ""시체(歹)에서 흘러나오는 붉은 피(朱)""라는 뜻입니다. ""피가 유달리 진하고 붉다"" -> ""다르다, 특수하다""라는 의미입니다. (朱는 소리부도 겸함)",음독은 シュ입니다. 특별한 점은 없습니다.,"훈독은 こと입니다. 특별한 점은 없습니다. 殊に는 ""각별히, 특히""라는 뜻입니다.",no
1424,N1,殖,불릴 식,"""불릴 식"". 번식하다, 불리다",ショク,ふ(える)、ふ(やす),"殖 = 歹 + 直。 (의미부)「歹」는 ""시체""를 뜻합니다. (소리부)「直」(チョク)는 여기서는 소리부(チョク -> ショク)의 역할만 하고 있습니다. 殖는 ""시체(歹)에 구더기가 들끓다"" -> ""번식하다, 불리다""라는 뜻의 글자입니다(直는 소리부).",음독은 ショク입니다. 특별한 점은 없습니다.,"殖える는 ""(재산이) 늘다, (동식물이) 번식하다""라는 뜻의 2그룹 자동사입니다. 殖やす는 ""(재산을) 늘리다, (동식물을) 번식시키다""라는 뜻의 타동사입니다. 예문) 財産が殖える 재산이 늘다 害虫が殖える 해충이 번식하다 資産を殖やす 자산을 불리다 絶滅寸前の鳥を殖やす 멸종 위기의 새를 번식시키다",no
1425,N1,艦,큰 배 함,"""큰 배 함"". 군함, 큰 배",カン,,"艦 = 舟 + 監。 (의미부)「舟」는 ""배""를 뜻합니다. (소리부 겸 의미부)「監」(カン)은 ""감시하다, 감독하다""라는 뜻입니다. 艦는 ""바다 위에서 적선을 감시하는(監)커다란 배(舟)"" -> ""군함, 큰 배""라는 뜻의 글자입니다. (監는 소리부도 겸함)",음독은 カン입니다. 특별한 점은 없습니다.,艦의 정식 훈독은 없습니다.,no
1426,N1,輩,무리 배,"""무리 배"". 무리, 패거리",ハイ,,"輩 = 非 + 車。 (의미부)「車」는 ""수레""를 뜻합니다. (소리부 겸 의미부)「非」(ヒ)는 여기서는 ""(수레 뒤를 일렬로 따르는) 사람들""을 그린 모양자로 쓰인 것입니다. 輩는 ""수레(車) 뒤를 줄지어 따라가는 사람들(非)"" -> ""무리, 패거리""라는 뜻의 글자입니다. (非는 소리부(ヒ -> ハイ)도 겸함)",음독은 ハイ입니다. 특별한 점은 없습니다.,輩의 정식 훈독은 없습니다.,no
1427,N1,穴,구멍 혈,"""구멍 혈"". 구멍",ケツ,あな,"穴는 ""동굴의 입구""를 그린 상형문자입니다. ""동굴 입구"" -> ""구멍""이라는 의미입니다.",음독은 ケツ입니다. 특별한 점은 없습니다.,"穴는 ""구멍""을 뜻합니다.",no
1428,N1,奇,기이할 기,"""기이할 기"". 진기한, 기묘한",キ,,"奇 = 大 + 可。 「大」는 본래 ""사람""을 그린 글자입니다. 可는 여기서는 ""짐보따리""를 그린 모양자입니다. 奇는 ""짐보따리(可) 안에 신기한 물건을 가득 들고있는 사람(大)"" -> ""기이하다, 신기하다""라는 뜻의 글자입니다. (768.「寄」모양 해설과 함께 연관지어 기억하시면 더 쉽게 기억할 수 있습니다.)",음독은 キ입니다. 특별한 점은 없습니다.,奇의 정식 훈독은 없습니다.,no
1429,N1,慢,거만할 만,"""거만할 만"". 거만하다, 게으르다",マン,,"慢 = 忄 + 日 +罒 + 又。 「忄」는 ""마음""을 뜻합니다. 「日」는 ""태양""을 뜻합니다. 罒는 여기서는「目」를 옆으로 기울인 것으로, ""눈""을 뜻합니다. 「又」는 ""손""을 뜻합니다. 慢는 ""오만한 눈(罒)으로 위에서(日) 내려다보며 지시를 내리는(又) 거만함(忄)"" -> ""거만하다, 게으르다""라는 뜻의 글자입니다.",음독은 マン입니다. 특별한 점은 없습니다.,慢의 정식 훈독은 없습니다.,no
1430,N1,鶴,학 학,"""학 학"". 두루미, 학",,つる,"鶴 = 隺 + 鳥。 (소리부 겸 의미부)隺는 여기서는「確」(カク)가 축약된 것으로, ""확실하다, 단단하다""라는 뜻입니다. (鶴에는 정식 음독이 없으나, 본래의 음독은 カク입니다.) (의미부)「鳥」는 ""새""를 뜻합니다. 鶴는 ""굳은 지조(確)를 상징하는 새(鳥)"" -> ""두루미, 학""이라는 뜻의 글자입니다. (隺->確는 소리부도 겸함)",鶴의 정식 음독은 없습니다.,"鶴는 ""학""을 뜻합니다.",no
1431,N1,謀,꾀 모,"""꾀 모"". 모의하다, 계획하다",ボウ、ム,はか(る),"謀 = 言 + 甘 + 木。 「言」는 ""말하다""라는 뜻입니다. 「甘」는 ""달다, 달콤하다""라는 뜻입니다. 「木」는 ""나무""를 뜻합니다. 謀는 ""과수원 나무(木) 위의 달콤한(甘) 열매를 몰래 훔쳐먹기 위해 모의하다(言)"" -> ""모의하다, 계획하다""라는 뜻의 글자입니다.",음독은 ボウ、ム입니다. 그러나 절대다수는 ボウ로 읽습니다. ム는謀反(모반) 외에는 거의 쓰이지 않는 음독입니다.,"謀る는 ""(악행을) 꾀하다""라는 뜻의 타동사입니다. 예문) 暗殺を謀る 암살을 꾀하다 会社の乗っ取りを謀る 회사를 가로채려고 모의하다",no
1432,N1,拍,칠 박,"""칠 박"". 박수, 박자",ハク、ヒョウ,,"拍 = 扌 + 白。 (의미부)「扌」는 ""손""을 뜻합니다. (소리부)「白」(ハク)는 여기서는 소리부(ハク -> ハク・ヒョウ)의 역할만 하고 있습니다. 拍는 ""손뼉(扌)을 치다"" -> ""박수, 박자""라는 뜻의 글자입니다(白는 소리부).",음독은 ハク、ヒョウ입니다. 그러나 절대다수는 ハク로 읽습니다. ヒョウ는拍子(박자) 외에는 거의 쓰이지 않는 음독입니다.,拍의 정식 훈독은 없습니다.,no
1433,N1,朗,밝을 랑,"""밝을 랑"". 밝은, 명랑한, 낭랑한",ロウ,ほが(らか),"朗 = 良 + 月。 「良」는 ""좋다""라는 뜻입니다. 「月」는 ""달""을 뜻합니다. 朗는 ""달밤(月)의 즐거운(良) 분위기"" -> ""밝은, 명랑한, 낭랑한""이라는 뜻의 글자입니다.",음독은 ロウ입니다. 특별한 점은 없습니다.,"朗らか는 ""명랑함, 쾌활함""을 뜻합니다. 예문) 朗らかな少年명랑한 소년 朗らかな声で話しかける 명랑한 목소리로 말을 걸다",no
1434,N1,丈,어른 장,"""어른 장"". 어른, 남성, 튼튼함, 길이",ジョウ,たけ,"丈는 ""지팡이를 손(又)에 든 모습""을 그린 상형문자입니다. 라는 의미입니다.",음독은 ジョウ입니다. 특별한 점은 없습니다.,"丈는 ""키, 기장, 길이""라는 뜻입니다.",no
1435,N1,寛,너그러울 관,"""너그러울 관"". 너그럽다",カン,,"寛 = 宀 + 艹 + 見。 「宀」는 ""집""을 뜻합니다. 「艹」는 ""풀""을 뜻합니다. 「見」는 ""보다""라는 뜻입니다. 寛는 ""집(宀)에서 화초(艹)를 감상하다(見)""라는 뜻의 글자입니다. ""여유로운 마음으로 화초를 감상하다"" -> ""여유롭다, 너그럽다""라는 의미입니다.",음독은 カン입니다. 특별한 점은 없습니다.,寛의 정식 훈독은 없습니다.,no
1436,N1,覆,다시 복/덮을 부,"""다시 복/덮을 부"". 덮다, 뒤집어엎다",フク,おお(う)、くつがえ(す)、くつがえ(る),"覆 = 覀 + 復。 (의미부)「覀」는 ""덮다""라는 뜻입니다. (소리부 겸 의미부)「復」(フク)는 ""되돌아가다""라는 뜻입니다. 覆는 ""벗겨진 뚜껑을 다시(復) 덮어놓다(覀)"" -> ""덮다, 뒤집어엎다""라는 뜻의 글자입니다. (復는 소리부도 겸함)",음독은 フク입니다. 특별한 점은 없습니다.,"1.覆う 覆う는 ""덮다""라는 뜻의 타동사입니다. 예문) 雨雲が空を覆う 비구름이 하늘을 뒤덮다 屋根をビニールで覆う 지붕을 비닐로 덮다 2.覆す、覆る 覆す는 ""뒤집어엎다, 전복시키다""라는 뜻의 타동사입니다. 覆る는 ""뒤집히다, 전복되다""라는 뜻의 1그룹 자동사입니다. 예문) 大波が船を覆す 큰 파도가 배를 전복시키다 体制を覆す 체제를 전복시키다 船が覆った 배가 뒤집혔다 政権が覆る 정권이 전복되다",no
1437,N1,胞,세포 포,"""세포 포"". 세포",ホウ,,"胞 = 月 + 包。 (의미부)「月」는 ""신체의 일부""를 뜻합니다. (소리부 겸 의미부)「包」(ホウ)는 ""감싸다""라는 뜻입니다. 胞는 ""신체 내부(月)를 감싸고 있는(包) 세포"" -> ""세포""라는 뜻의 글자입니다. (包는 소리부도 겸함)",음독은 ホウ입니다. 특별한 점은 없습니다.,胞의 정식 훈독은 없습니다.,no
1438,N1,隔,사이 뜰 격,"""사이 뜰 격"". 사이를 띄우다, 간격",カク,へだ(てる)、へだ(たる),"隔 = ⻖ + 鬲。 「⻖」는 ""언덕, 산""을 뜻합니다. 鬲는 ""화로 위의 냄비(𠮛)""를 그린 모양자입니다(1058.「融」모양 해설 참조). 隔는 ""산(⻖)에 불이 나지 않도록 떨어진 곳에서 요리를 하다(鬲)"" -> ""간격, 사이를 띄우다""라는 뜻의 글자입니다.",음독은 カク입니다. 특별한 점은 없습니다.,"隔てる는 ""사이를 떼다, 사이에 두다""라는 뜻의 2그룹 타동사입니다. 隔たる는 ""벌어지다, (간격이) 떨어지다""라는 뜻의 자동사입니다.",no
1439,N1,浄,깨끗할 정,"""깨끗할 정"". 깨끗한, 청명한",ジョウ,,"浄 = 氵 + 争。 (의미부)「氵」는 ""물""을 뜻합니다. (소리부 겸 의미부)「争」(ソウ)는 ""다투다, 경쟁하다""라는 뜻입니다. 浄는 ""필사적으로(争) 우물을 파서 얻어낸 깨끗한 물(氵)"" -> ""깨끗한, 청명한""이라는 뜻의 글자입니다. (争는 소리부(ソウ -> ジョウ)도 겸함)",음독은 ジョウ입니다. 특별한 점은 없습니다.,浄의 정식 훈독은 없습니다.,no
1440,N1,没,빠질 몰,"""빠질 몰"". 가라앉다, 침몰하다",ボツ,,"没 = 氵 + 殳。 「氵」는 ""물""을 뜻합니다. 「殳」는 ""때리다, 휘두르다""라는 뜻입니다. 没는 ""물(氵)에 빠진 사람에게 채찍을 휘둘러(殳) 수장시키다"" -> ""침몰하다, 가라앉다""라는 뜻의 글자입니다.",음독은 ボツ입니다. 특별한 점은 없습니다.,没의 정식 훈독은 없습니다.,no
1441,N1,暇,틈 가,"""틈 가"". 여가",カ,ひま,"暇 = 日 + 𡰥 + コ + 又。 「日」는 ""태양""을 뜻합니다. 중간의 𡰥는 여기서는 ""책장""을 그린 모양자입니다. コ는 여기서는 ""책""을 그린 모양자입니다. 「又」는 ""손""을 뜻합니다. 暇는 ""한가로운 낮(日)에 책장(𡰥)에서 책(コ)을 꺼내(又) 읽으며 여유를 즐기다"" -> ""여가""라는 뜻의 글자입니다.",음독은 カ입니다. 특별한 점은 없습니다.,"暇는 ""틈, 여가 시간, 한가한 상태""를 뜻합니다.",no
1442,N1,肺,허파 폐,"""허파 폐"". 폐",ハイ,,"肺 = 月 + 市。 「月」는 ""신체의 일부""를 뜻합니다. 「市」는 ""시장""을 뜻합니다. 肺는 ""몸에 활기(市)를 불어넣는 신체기관(月)"" -> ""폐""라는 뜻의 글자입니다.",음독은 ハイ입니다. 특별한 점은 없습니다.,肺의 정식 훈독은 없습니다.,no
1443,N1,貞,곧을 정,"""곧을 정"". 곧다, 지조가 굳다",テイ,,"貞 = ⺊ + 貝。 「貝」는 ""재물, 돈""을 뜻합니다. ⺊는 여기서는 ""망치""를 그린 모양자입니다. 貞는 ""뇌물(貝)을 망치(⺊)로 내리쳐 부수다"" -> ""곧다, 지조가 굳다""라는 뜻의 글자입니다.",음독은 テイ입니다. 특별한 점은 없습니다.,貞의 정식 훈독은 없습니다.,no
1444,N1,鑑,거울 감,"""거울 감"". 살펴보다, 식별하다, 본보기",カン,かんが(みる),"鑑 = 金 + 監。 (의미부)「金」는 ""황금""을 뜻합니다. (소리부 겸 의미부)「監」(カン)은 ""감독하다, 감시하다""라는 뜻입니다. 鑑는 ""순금(金)에 불순물이 섞이지 않았나 감시하다(監)"" -> ""식별하다, 살펴보다, 본보기""라는 뜻의 글자입니다. (監는 소리부도 겸함)",음독은 カン입니다. 특별한 점은 없습니다.,"鑑みる는 ""(전례/사정 등을) 감안하여 판단하다""라는 뜻의 2그룹 타동사입니다. 예문) 先例に鑑みて処理する 전례에 비추어 처리하다 過去の実績に鑑みて目標を決める 과거의 실적을 감안하여 목표를 결정하다 国際情勢を鑑みて外交政策を確立する 국제 정세를 감안하여 외교 정책을 확립하다",no
1445,N1,飼,기를 사,"""기를 사"". 기르다, 사육하다",シ,か(う),"飼 = 食 + 司。 (의미부)「食」는 ""먹다""라는 뜻입니다. (소리부 겸 의미부)「司」(シ)는 ""주관하다, 다스리다""라는 뜻입니다. 飼는 ""직접 관리하며(司) 밥을 먹이다(食)"" -> ""기르다, 사육하다""라는 뜻의 글자입니다. (司는 소리부도 겸함)",음독은 シ입니다. 특별한 점은 없습니다.,"飼う는 ""기르다, 사육하다""라는 뜻의 타동사입니다.",no
1446,N1,陰,그늘 음,"""그늘 음"". 그늘",イン,かげ、かげ(る),"陰 = ⻖ + 今 + 云。 「⻖」는 ""언덕""을 뜻합니다. 「云」는 ""구름""을 뜻합니다. 今는 여기서는「云」가 변형된 것으로, ""구름""을 뜻합니다. 陰는 ""겹겹이 쌓인 구름(今+云)에 가려진언덕(⻖)"" -> ""그늘""이라는 뜻의 글자입니다.",음독은 イン입니다. 특별한 점은 없습니다.,"陰는 ""그늘""을 뜻합니다. 陰る는 ""그늘지다""라는 뜻의 1그룹 자동사입니다.",no
1447,N1,銘,새길 명,"""새길 명"". 이름을 새기다, 기록해 남기다",メイ,,"銘 = 金 + 名。 (의미부)「金」는 ""쇠, 금속""을 뜻합니다. (소리부 겸 의미부)「名」(メイ)는 ""이름""을 뜻합니다. 銘는 ""금속판(金)에 이름(名)을 새겨 오래도록 보존하다"" -> ""이름을 새기다, 기록에 남기다""라는 뜻의 글자입니다. (名는 소리부도 겸함)",음독은 メイ입니다. 특별한 점은 없습니다.,銘의 정식 훈독은 없습니다.,no
1448,N1,随,따를 수,"""따를 수"". 따르다, 순응하다",ズイ,,"随 = ⻖ + ⻌ + 有。 「⻖」는 ""언덕, 산""을 뜻합니다. 「⻌」는 ""길""을 뜻합니다. 「有」는 ""있다""라는 뜻입니다. 随는 ""험준한 산(⻖)까지 따라 올라오는(⻌) 충실한 수행원이있다(有)"" -> ""따르다, 순응하다""라는 뜻의 글자입니다.",음독은 ズイ입니다. 특별한 점은 없습니다.,随의 정식 훈독은 없습니다.,no
1449,N1,烈,매울 렬,"""매울 렬"". 맹렬한, 거센",レツ,,"烈 = 列 + 灬。 (소리부 겸 의미부)「列」(レツ)는 여기서는 ""시체(「歹」)를자르다(「刂」)""라는 뜻으로 쓰인 것입니다. (의미부)「灬」는 ""불""을 뜻합니다. 烈는 ""적의 시체(歹)를 난도질하고(刂) 불태우다(灬)"" -> ""맹렬한, 거센""이라는 뜻의 글자입니다. (列는 소리부도 겸함)",음독은 レツ입니다. 특별한 점은 없습니다.,烈의 정식 훈독은 없습니다.,no
1450,N1,尋,찾을 심,"""찾을 심"". 찾다, 캐묻다",ジン,たず(ねる),"尋 = ⺕ + 工 + 口 + 寸。 「⺕」는 ""손""을 뜻합니다. 「工」는 ""공작, 공정, 가공""을 뜻합니다. 「口」는 ""입""을 뜻합니다. 「寸」는 ""손""을 뜻합니다. 尋는 ""양 손(⺕+寸)으로 작업(工)을 수행하며 방법을 묻다(口)"" -> ""찾다, 캐묻다""라는 뜻의 글자입니다.",음독은 ジン입니다. 특별한 점은 없습니다.,"尋ねる는 ""찾다, 묻다""라는 뜻의 2그룹 타동사입니다. 예문) 道を尋ねる 길을 묻다 先生に尋ねる 선생님에게 질문하다 家出した人を尋ねる 가출한 사람을 찾다(행방을 찾다)",no
1451,N1,稿,볏짚/원고 고,"""볏짚/원고 고"". 원고",コウ,,"稿 = 禾 + 高。 (의미부)「禾」는 ""곡식""을 뜻합니다. (소리부 겸 의미부)「高」(コウ)는 ""높다""라는 뜻입니다. 稿는 ""원고 뭉치가 쌓인 모습이 마치볏짚(禾)이높이 쌓인(高) 모습과 같다"" -> ""원고""라는 뜻의 글자입니다. (高는 소리부도 겸함)",음독은 コウ입니다. 특별한 점은 없습니다.,稿의 정식 훈독은 없습니다.,no
1452,N1,丹,붉을 단,"""붉을 단"". 붉은 빛, 꾸밈없음, 정성",タン,,"丹는 ""광산 입구에서 흘러나오는 붉은 빛(丶)""을 그린 상형문자입니다. 고대 중국에서는 발작을 진정시키는 약재로 ""황화수은""이라는 붉은 빛의 광물을 사용했다고 합니다. 丹는 바로 이 황화수은이 채굴되는 광산을 그린 글자입니다. 황화수은 이라는 의미입니다.",음독은 タン입니다. 특별한 점은 없습니다.,丹의 정식 훈독은 없습니다.,no
1453,N1,啓,열 계,"""열 계"". 깨우치다, 열다",ケイ,,"啓 = 戸 + 攵 + 口。 「戸」는 ""문""을 그린 것입니다. 「攵」는 ""때리다, 치다""라는 뜻입니다. 「口」는 ""입""을 뜻합니다. 啓는 ""문(戸)을 두드리며(攵) 큰 소리로(口) 깨우다"" -> ""깨우치다, 열다""라는 뜻의 글자입니다.",음독은 ケイ입니다. 특별한 점은 없습니다.,啓의 정식 훈독은 없습니다.,no
1454,N1,丘,언덕 구,"""언덕 구"". 언덕",キュウ,おか,"丘는 ""작은 산""의 모습을 본따 그린 상형문자입니다.",음독은 キュウ입니다. 특별한 점은 없습니다.,"丘는 ""언덕/구릉""을 뜻합니다.",no
1455,N1,棟,마룻대 동,"""마룻대 동"". 용마루, 동(건물을 세는 말)",トウ,むね、むな,"棟 = 木 + 東。 (의미부)「木」는 여기서는 ""나무기둥""을 뜻합니다. (소리부 겸 의미부)「東」(トウ)는 ""동쪽""을 뜻합니다. 棟는 ""건물 동쪽(東)의 거대한 나무기둥(木)"" -> ""용마루, 동""이라는 뜻의 글자입니다. (東는 소리부도 겸함)",음독은 トウ입니다. 특별한 점은 없습니다.,훈독은 むね、むな입니다. 특별한 점은 없습니다.,no
1456,N1,壌,흙덩이 양,"""흙덩이 양"". 토양, 대지",ジョウ,,"壌 = 土 + 㐮。 (의미부)「土」는 ""흙""을 뜻합니다. (소리부 겸 의미부)「㐮」(ジョウ)는 ""상복, 예복""을 뜻합니다. 壌는 ""상복(㐮)을 입고 죽은 사람을 땅(土)에 묻다"" -> ""토양, 대지""라는 뜻의 글자입니다. (㐮는 소리부도 겸함)",음독은 ジョウ입니다. 특별한 점은 없습니다.,壌의 정식 훈독은 없습니다.,no
1457,N1,漫,흩어질 만,"""흩어질 만"". 느슨하다, 넓다",マン,,"漫 = 氵 + 曼。 (의미부)「氵」는 ""물""을 뜻합니다. (소리부 겸 의미부)曼는 여기서는「慢」(マン)이 축약된 것으로, ""게으르다""라는 뜻입니다. 漫는 ""드넓은 바다(氵) 위에서 한가롭게 늘어져(慢) 유람하다"" -> ""느슨하다, 넓다""라는 뜻의 글자입니다. (曼->慢는 소리부도 겸함)",음독은 マン입니다. 특별한 점은 없습니다.,漫의 정식 훈독은 없습니다.,no
1458,N1,玄,검을 현,"""검을 현"". 검정, 심오한",ゲン,,"玄 = 亠 + 幺。 亠는 여기서는 ""천장""을 그린 모양자입니다. 「幺」는 ""짧은 실""을 뜻합니다. 玄는 ""송진을 발라 천장(亠)에 매달아놓은 새끼줄(幺)""이라는 뜻입니다. 옛날에는 줄에 송진을 발라 강도를 높였다고 합니다. 이때 송진을 바른 줄은 검붉은 빛을 띠게 됩니다. ""송진을 발라 가공한 검붉은 줄"" -> ""검정"" -> ""심오한""이라는 의미입니다.",음독은 ゲン입니다. 특별한 점은 없습니다.,玄의 정식 훈독은 없습니다.,no
1459,N1,粘,붙을 점,"""붙을 점"". 끈적한, 달라붙다",ネン,ねば(る),"粘 = 米 + 占。 「米」는 ""쌀""을 뜻합니다. 占는 여기서는 ""절구(口)와 절굿공이(⺊)""를 그린 모양자입니다. 粘는 ""쌀(米)을 절구에 빻아(占) 만든 끈적한 떡"" -> ""끈적한, 달라붙다""라는 뜻의 글자입니다.",음독은 ネン입니다. 특별한 점은 없습니다.,"粘る는 ""쫀득거리다, 끈적이다, 끈기 있게 버티다""라는 뜻의 자동사입니다. 예문) この餅はよく粘る 이 떡은 아주 쫀득거린다 諦めずに粘る 포기하지 않고 끈기 있게 버티다",no
1460,N1,悟,깨달을 오,"""깨달을 오"". 깨닫다",ゴ,さと(る),"悟 = 忄 + 五 + 口。 (의미부)「忄」는 ""마음""을 뜻합니다. (소리부)「五」(ゴ)는 여기서는 소리부의 역할만 하고 있습니다. (의미부)「口」는 ""입""을 뜻합니다. 悟는 ""가르침(口)을 마음(忄)으로 깨닫다"" -> ""깨닫다""라는 뜻의 글자입니다(五는 소리부).",음독은 ゴ입니다. 특별한 점은 없습니다.,"悟る는 ""깨닫다, 터득하다""라는 뜻의 타동사입니다. 예문) 言外の意を悟る 언외의 뜻을 깨닫다 教えの真意を悟る 가르침의 진의를 깨닫다",no
1461,N1,舗,펼 포,"""펼 포"". 점포, 펴다",ホ,,"舗 = 舎 + 甫。 (의미부)「舎」는 ""숙소, 집, 저택""을 뜻합니다. (소리부 겸 의미부)「甫」(ホ)는 ""채소밭""을 뜻합니다. 舗는 ""집(舎) 앞에 채소(甫)를 늘어놓고 팔다"" -> ""점포, 펴다""라는 뜻의 글자입니다. (甫는 소리부도 겸함)",음독은 ホ입니다. 특별한 점은 없습니다.,舗의 정식 훈독은 없습니다.,no
1462,N1,妊,아이 밸 임,"""아이 밸 임"". 임신하다",ニン,,"妊 = 女 + 壬。 (의미부)「女」는 ""여자""를 뜻합니다. (소리부 겸 의미부)壬는 여기서는「任」(ニン)이 축약된 것으로, ""임무, 의무""를 뜻합니다. 妊은 ""여자(女)의 일(任)은 아이를 낳는 것"" -> ""임신""이라는 뜻의 글자입니다. (壬->任는 소리부도 겸함)",음독은 ニン입니다. 특별한 점은 없습니다.,妊의 정식 훈독은 없습니다.,no
1463,N1,熟,익을 숙,"""익을 숙"". 익다, 성숙하다, 여물다",ジュク,う(れる),"熟 = 孰 + 灬。 (소리부)孰는 여기서는「塾」(ジュク)가 축약된 것으로, 소리부의 역할만 하고 있습니다. (의미부)「灬」는 ""불""을 뜻합니다. 熟는 ""음식을 익히다(灬)"" -> ""익다, 성숙하다, 여물다""라는 뜻의 글자입니다(孰->塾는 소리부).",음독은 ジュク입니다. 특별한 점은 없습니다.,"熟れる는 ""익다, 여물다""라는 뜻의 2그룹 자동사입니다.",no
1464,N1,恩,은혜 은,"""은혜 은"". 은혜",オン,,"恩 = 因 + 心。 (소리부 겸 의미부)「因」(イン)은 ""원인, 연유""를 뜻합니다. (의미부)「心」는 ""마음""을 뜻합니다. 恩는 ""감사한 마음(心)을 갖게 된 연유(因)"" -> ""은혜""라는 뜻의 글자입니다. (因는 소리부(イン -> オン)도 겸함)",음독은 オン입니다. 특별한 점은 없습니다.,恩의 정식 훈독은 없습니다.,no
1465,N1,騰,오를 등,"""오를 등"". 뛰어오르다, 높아지다",トウ,,"騰 =月 + 龹+ 馬。 月+龹는 여기서는「勝」가 축약된 것으로, ""이기다""라는 뜻입니다. 「馬」는 ""말""을 뜻합니다. 騰는 ""경주에서 승리(勝)하고 하늘 높이 뛰어오르는 말(馬)"" -> ""뛰어오르다, 높아지다""라는 뜻의 글자입니다.",음독은 トウ입니다. 특별한 점은 없습니다.,騰의 정식 훈독은 없습니다.,no
1466,N1,往,갈 왕,"""갈 왕"". 가다, 향하다",オウ,,"往 = 彳 + 主。 (의미부)「彳」는 ""길""을 뜻합니다. (소리부 겸 의미부)主는 여기서는「王」(オウ)가 잘못 변형된 것으로, ""왕""을 뜻합니다. 往는 ""왕(王)이 행차하다(彳)"" -> ""가다, 향하다""라는 뜻의 글자입니다. (主->王는 소리부도 겸함)",음독은 オウ입니다. 특별한 점은 없습니다.,往의 정식 훈독은 없습니다.,no
1467,N1,豆,콩 두,"""콩 두"". 콩",トウ、ズ,まめ,"豆는""콩을 담을 때 쓰던 제기그릇""을 그린 상형문자입니다.",음독은 トウ、ズ입니다. 특별한 구분법은 없습니다.,"豆는 ""콩""을 뜻합니다.",no
1468,N1,遂,드디어 수,"""드디어 수"". 이루다, 성취하다",スイ,と(げる),"遂 = ⻌ +豕 +丷。 「⻌」는 ""길""을 뜻합니다. 「豕」는 ""돼지""를 뜻합니다. 丷는 여기서는 ""풀숲""을 그린 모양자입니다. 遂는 ""멧돼지(豕)가 풀숲(丷)을 헤치고 달아나(⻌) 사냥꾼에게서 도망치는 데 성공하다"" -> ""이루다, 성취하다""라는 뜻의 글자입니다.",음독은 スイ입니다. 특별한 점은 없습니다.,"遂げる는 ""이루다, 성취하다, 달성하다""라는 뜻의 2그룹 타동사입니다. 예문) 志を遂げる 뜻을 이루다 目的を遂げる 목적을 이루다 本望を遂げる 숙원을 이루다",no
1469,N1,狂,미칠 광,"""미칠 광"". 미친, 미치광이",キョウ,くる(う)、くる(おしい),"狂 = 犭 + 王。 「犭」는 ""개""를 뜻합니다. 「王」는 ""왕""을 뜻합니다. 狂는 ""미친개(犭)처럼 날뛰는 폭군(王)"" -> ""미친, 미치광이""라는 뜻의 글자입니다.",음독은 キョウ입니다. 특별한 점은 없습니다.,"狂う는 ""미치다, 실성하다, (지나치게) 빠져들다""라는 뜻의 타동사입니다. 狂おしい는 ""미칠 것 같다""라는 뜻의 형용사입니다. 예문) 気が狂う 미치다(정신이 나가다) 賭博に狂っている人도박에 미쳐 있는 사람 狂おしい気持ち 미칠 것만 같은 기분",no
1470,N1,岐,갈림길 기,"""갈림길 기"". 갈림길",キ,,"岐 = 山 + 支。 「山」는 ""산""을 뜻합니다. 「支」는 ""지부, 지류""라는 뜻입니다. 岐는 ""여러 갈래(支)로 뻗은 산맥(山)"" -> ""갈림길""이라는 뜻의 글자입니다.",음독은 キ입니다. 특별한 점은 없습니다.,岐의 정식 훈독은 없습니다.,no
1471,N1,陛,대궐 섬돌 폐,"""대궐 섬돌 폐"". 폐하, 왕",ヘイ,,"陛 = ⻖ + 比 + 土。 「⻖」는 ""언덕""을 뜻합니다. 「比」는 본래 ""나란히 늘어선 사람들""을 그린 글자입니다(링크 참조). 「土」는 ""땅""을 뜻합니다. 陛는 ""땅(土)에 늘어선 사람들(比)이언덕(⻖) 위의 왕을 향해 경배하다"" -> ""왕, 폐하""라는 뜻의 글자입니다.",음독은 ヘイ입니다. 특별한 점은 없습니다.,陛의 정식 훈독은 없습니다.,no
1472,N1,緯,씨 위,"""씨 위"". 가로, 횡",イ,,"緯 = 糸 + 韋。 (의미부)「糸」는 ""실""을 뜻합니다. (소리부 겸 의미부)「韋」(イ)는 ""성 주위를 돌며 경계서는 발들""을 뜻합니다. 緯는 ""성의 둘레(韋)에 가로로 밧줄(糸)을 치고 출입을 막다"" -> ""가로, 횡""이라는 뜻의 글자입니다. (韋는 소리부도 겸함)",음독은 イ입니다. 특별한 점은 없습니다.,緯의 정식 훈독은 없습니다.,no
1473,N1,培,북돋을 배,"""북돋을 배"". 배양하다",バイ,つちか(う),"培 = 土 + 咅。 (의미부)「土」는 ""흙, 땅""을 뜻합니다. (소리부 겸 의미부)「咅」(バイ)는 ""화분 위의 화초""를 뜻합니다. 培는 ""화분(咅)에 흙(土)을 넣고 화초를 키우다"" -> ""배양하다""라는 뜻의 글자입니다. (咅는 소리부도 겸함)",음독은 バイ입니다. 특별한 점은 없습니다.,"培う는 ""배양하다, 기르다""라는 뜻의 타동사입니다. 예문) 苗木を培う 묘목을 가꾸다 学力を培う 학력을 기르다 体力を培う 체력을 기르다",no
1474,N1,衰,쇠할 쇠,"""쇠할 쇠"". 약해지다, 쇠하다",スイ,おとろ(える),"衰 = 衣 + 口 + 一。 「衣」는 ""옷""을 뜻합니다. 口+一는 여기서는 ""(옷이) 여기저기 찢기고(一) 구멍이 뚫린(口) 모습""을 그린 모양자입니다. 衰는 ""여기저기 찢기고(一) 구멍뚫린(口) 낡은 옷(衣)"" -> ""약해지다, 쇠하다""라는 뜻의 글자입니다.",음독은 スイ입니다. 특별한 점은 없습니다.,"衰える는 ""쇠약해지다, 쇠퇴하다""라는 뜻의 2그룹 자동사입니다. 예문) 体力が衰える 체력이 쇠약해지다 国が衰える 나라가 쇠퇴하다",no
1475,N1,艇,배 정,"""배 정"". 작은 배",テイ,,"艇 = 舟 + 廷。 (의미부)「舟」는 ""배""를 뜻합니다. (소리부 겸 의미부)廷는 여기서는「庭」(テイ)가 축약된 것으로, ""마당, 뜰""을 뜻합니다. 艇는 ""집 앞의 뜰(庭)처럼 작은 배(舟)"" -> ""작은 배, 나룻배""라는 뜻의 글자입니다. (廷->庭는 소리부도 겸함)",음독은 テイ입니다. 특별한 점은 없습니다.,艇의 정식 훈독은 없습니다.,no
1476,N1,屈,굽힐 굴,"""굽힐 굴"". 굽히다",クツ,,"屈 = 尸 + 出。 「尸」는 ""앉아있는 사람""을 뜻합니다. 「出」는 ""나오다""라는 뜻입니다. 屈는 ""앉아있던 사람(尸)이 자리에서 일어나(出) 허리를 굽혀 인사하다"" -> ""굽히다""라는 뜻의 글자입니다.",음독은 クツ입니다. 특별한 점은 없습니다.,屈의 정식 훈독은 없습니다.,no
1477,N1,径,지름길 경,"""지름길 경"". 지름길, 지름, 직경",ケイ,,"径 = 彳 + 圣。 (의미부)「彳」는 ""길""을 뜻합니다. (소리부 겸 의미부)「圣」(ケイ)는 ""지나가다""라는 뜻입니다. 径는 ""길(彳)을 가로질러 지나가다(圣)"" -> ""지름길, 직경, 지름""이라는 뜻의 글자입니다. (圣는 소리부도 겸함)",음독은 ケイ입니다. 특별한 점은 없습니다.,径의 정식 훈독은 없습니다.,no
1478,N1,淡,,"""맑을 담'. 엷다, 꾸밈없는, 담백한",タン,あわ(い),"淡 = 氵 + 炎。 「氵」는 ""물""을 뜻합니다. 「炎」는 ""화염""을 뜻합니다. 淡는 ""불길(炎)에 물(氵)을 끼얹어 약하게 하다"" -> ""엷다, 꾸밈없는, 담백한""이라는 뜻의 글자입니다.",음독은 タン입니다. 특별한 점은 없습니다.,"淡い는 ""진하지 않다, 희미하다, 엷다""라는 뜻의 형용사입니다. 예문) 淡いブルーの服연한 청색 옷 淡い味담백한 맛 淡い光희미한 빛 淡い恋心아련한 연정 淡い望み 막연한 희망",no
1479,N1,抽,뽑을 추,"""뽑을 추"". 빼내다, 뽑아내다",チュウ,,"抽 = 扌 + 由。 (의미부)「扌」는 ""손""을 뜻합니다. (소리부 겸 의미부)「由」(ユウ)는 ""유래, 연원""을 뜻합니다. 抽는 ""출처(由)로부터 뽑아내다(扌)"" -> ""빼내다, 뽑아내다""라는 뜻의 글자입니다. (由는 소리부(ユウ -> チュウ)도 겸함)",음독은 チュウ입니다. 특별한 점은 없습니다.,抽의 정식 훈독은 없습니다.,no
1480,N1,披,헤칠 피,"""헤칠 피"". 펼치다, 풀어헤치다",ヒ,,"披 = 扌 + 皮。 (의미부)「扌」는 ""손""을 뜻합니다. (소리부 겸 의미부)「皮」(ヒ)는 ""가죽, 껍질""을 뜻합니다. 披는 ""겉껍질(皮)을 뜯어내고(扌) 안을 펼치다"" -> ""펼치다, 풀어헤치다""라는 뜻의 글자입니다. (皮는 소리부도 겸함)",음독은 ヒ입니다. 특별한 점은 없습니다.,披의 정식 훈독은 없습니다.,no
1481,N1,廷,조정 정,"""조정 정"". 법정, 조정, 관아",テイ,,"廷 = 廴 + 壬。 「廴」는 ""길, 걷다""라는 뜻입니다. 壬는 여기서는 ""팔을 휘두르며 걷는 사람""을 그린 모양자입니다. 廷는 ""관청의 복도(廴)를 휘적휘적 걷는 사람(壬)"" -> ""법정, 조정, 관아""라는 뜻의 글자입니다. 참고) 廷는523. 「庭」의 소리부이기도 합니다.",음독은 テイ입니다. 특별한 점은 없습니다.,廷의 정식 훈독은 없습니다.,no
1482,N1,錦,비단 금,"""비단 금"". 비단",キン,にしき,"錦 = 金 + 白 + 巾。 (소리부 겸 의미부)「金」(キン)은 ""쇠, 황금""을 뜻합니다. (의미부)「白」는 ""흰색""을 뜻합니다. (의미부)「巾」는 ""수건, 천""을 뜻합니다. 錦는 ""반짝반짝(金) 윤기가 나는 하얀(白) 천(巾)"" -> ""비단""이라는 뜻의 글자입니다. (金는 소리부도 겸함)",음독은 キン입니다. 특별한 점은 없습니다.,"錦는 ""비단""을 뜻합니다.",no
1483,N1,准,준할 준,"""준할 준"". 준하다",ジュン,,"准는「準」(ジュン)을 축약한 간체자입니다. 음독도 같습니다. ""기준(準)"" -> ""준하다""라는 의미입니다.",음독은 ジュン입니다. 특별한 점은 없습니다.,准의 정식 훈독은 없습니다.,no
1484,N1,奨,장려할 장,"""장려할 장"". 권장하다, 장려하다",ショウ,,"奨 = 将 + 大。 (소리부 겸 의미부)「将」(ショウ)는 ""장래, 장차""라는 뜻입니다. (의미부)「大」는 ""크다""라는 뜻입니다. 奨는 ""장래(将)에 위대한(大) 사람이 되도록 장려하다"" -> ""권장하다, 장려하다""라는 뜻의 글자입니다. (将는 소리부도 겸함)",음독은 ショウ입니다. 특별한 점은 없습니다.,奨의 정식 훈독은 없습니다.,no
1485,N1,浸,잠길 침,"""잠길 침"". 잠기다, 스며들다",シン,ひた(す)、ひた(る),"浸 = 氵 + 𠬶。 「氵」는 ""물""을 뜻합니다. 𠬶는""빗자루(「帚」)를 든 손(「又」)""을 뜻합니다. 浸는 ""홍수로 집 안까지 들어온 물(氵)을 빗자루로 쓸어내다(𠬶)"" -> ""잠기다, 스며들다""라는 뜻의 글자입니다.",음독은 シン입니다. 특별한 점은 없습니다.,"浸す는 ""(물/액체 등에) 담그다, 잠그다""라는 뜻의 타동사입니다. 浸る는 ""잠기다, (어떤 상태에) 빠지다""라는 뜻의 자동사입니다. 예문) 水に手を浸す 물에 손을 담그다 温泉に身を浸す 온천에 몸을 담그다 水に浸った田畑물에 잠긴 논밭 幸せに浸る 행복감에 젖다",no
1486,N1,剰,남을 잉,"""남을 잉"". 남다, 여분, 잉여",ジョウ,,"剰 = 乗 + 刂。 (소리부 겸 의미부)「乗」(ジョウ)는 본래 ""나무 위에 올라탄 사람""을 그린 글자입니다(링크 참조). (의미부)「刂」는 ""칼""을 뜻합니다. 剰는 ""나무 위에 올라가(乗) 필요 없는 가지를 쳐내다(刂)"" -> ""남다, 여분, 잉여""라는 뜻의 글자입니다. (乗는 소리부도 겸함)",음독은 ジョウ입니다. 특별한 점은 없습니다.,剰의 정식 훈독은 없습니다.,no
1487,N1,胆,쓸개 담,"""쓸개 담"". 담력, 쓸개",タン,,"胆 = 月 + 旦。 (의미부)「月」는 ""신체의 일부""를 뜻합니다. (소리부)旦(タン - ""아침 단"")은 ""아침""을 뜻하는 상용한자입니다. 다만 여기서는 소리부의 역할만 하고 있습니다. 旦 = 日 + 一。 「日」는 ""해""를 뜻합니다. 一는 여기서는 ""지평선""을 그린 모양자입니다. 旦는 ""아침해(日)가 지평선(一) 위로 떠오르다"" -> ""아침""이라는 뜻의 글자입니다. 胆는 ""신체의 일부(月)"" -> ""쓸개, 담력""이라는 뜻의 글자입니다(旦는 소리부).",음독은 タン입니다. 특별한 점은 없습니다.,胆의 정식 훈독은 없습니다.,no
1488,N1,繊,가늘 섬,"""가늘 섬"". 가늘다, 섬세하다, 곱다",セン,,"繊 = 糸 + 𢦏 + 业。 「糸」는 ""실""을 뜻합니다. 𢦏는 여기서는「裁」가 축약된 것으로, ""재단하다""라는 뜻입니다. 业는 여기서는「並」가 축약된 것으로, ""나란히""라는 뜻입니다. 繊는 ""실(糸)을 가느다란 선에 맞추어(並) 꿰매다(裁)"" -> ""섬세한, 가늘다, 곱다""라는 뜻의 글자입니다.",음독은 セン입니다. 특별한 점은 없습니다.,繊의 정식 훈독은 없습니다.,no
1489,N1,駒,망아지 구,"""망아지 구"". 망아지",,こま,"駒 = 馬 + 句。 (의미부)「馬」는 ""말""을 뜻합니다. (소리부)「句」(ク)는 여기서는 소리부의 역할만 하고 있습니다. (駒에는 정식 음독이 없으나, 본래의 음독은 ク입니다.) 駒는 ""말(馬)의 새끼"" -> ""망아지""라는 뜻의 글자입니다(句는 소리부).",駒의 정식 음독은 없습니다.,"駒는 ""망아지""라는 뜻입니다.",no
1490,N1,虚,빌 허,"""빌 허"". 텅 비다, 없다, 공허",キョ、コ,,"虚 = 虍 + 业。 「虍」는 ""호랑이""를 뜻합니다. 业는 여기서는 ""(호랑이의) 이빨""을 그린 모양자입니다. 虚는 ""이빨(业) 빠진 호랑이(虍)"" -> ""없다, 공허, 텅 비다""라는 뜻의 글자입니다.",음독은 キョ、コ입니다. 사용 빈도는 キョ가 훨씬 높습니다.,虚의 정식 훈독은 없습니다.,no
1491,N1,霊,신령 령,"""신령 령"". 영혼, 영",レイ、リョウ,たま,"霊 = 雨 + 一 + 亚。 「雨」는 ""비""를 뜻합니다. 아래쪽의 一+亚는 여기서는「並」가 변형된 것으로, ""나란히""라는 뜻입니다. 霊는 ""짙은 안개(雨)가 나란히 퍼져(並) 주위를 뒤덮다""라는 뜻입니다. ""유령이 나올 것 같은 으스스한 분위기"" -> ""영혼, 영""이라는 의미입니다.",음독은 レイ、リョウ입니다. 사용 빈도는 レイ가 더 높으나 특별한 구분법은 없습니다.,"霊는 ""넋, 영혼""을 뜻합니다.",no
1492,N1,帳,장막 장,"""장막 장"". 장막, 커튼, 장부",チョウ,,"帳 = 巾 + 長。 (의미부)「巾」는 ""수건, 천""을 뜻합니다. (소리부 겸 의미부)「長」(チョウ)는 ""길다""라는 뜻입니다. 帳는 ""길다란(長) 천(巾)"" -> ""장막, 장부""라는 뜻의 글자입니다. (長는 소리부도 겸함)",음독은 チョウ입니다. 특별한 점은 없습니다.,帳의 정식 훈독은 없습니다.,no
1493,N1,悔,뉘우칠 회,"""뉘우칠 회"". 후회, 분함",カイ,く(いる)、く(やむ)、くや(しい),"悔 = 忄 + 毎。 (의미부)「忄」는 ""마음""을 뜻합니다. (소리부 겸 의미부)「毎」(マイ)는 ""매번""이라는 뜻입니다. 悔는 ""매일(毎) 마음속(忄)에 떠오를 정도로 후회되는 일"" -> ""후회, 분함""이라는 뜻의 글자입니다. (毎는 소리부(マイ -> カイ)도 겸함)",음독은 カイ입니다. 특별한 점은 없습니다.,"1.悔いる、悔やむ 悔いる는 ""후회하다, 뉘우치다""라는 뜻의 2그룹 타동사입니다. 悔やむ는 ""후회하다, 뉘우치다""라는 뜻의 타동사입니다. 둘의 차이점은 다음과 같습니다. 아래 예문을 참조해 주세요. 예문) 過ちを悔いて本心に立ち返る 잘못을 뉘우치고 본심으로 되돌아오다 過去の軽率な行動を悔いる 과거의 경솔한 행동을 뉘우치다 後で悔やんでももう遅い 나중에 후회해 봤자 이미 늦었다 失言を悔やむ 실언을 후회하다 2.悔しい 悔しい는 ""분하다, 억울하다""라는 뜻의 형용사입니다. 예문) 悔しくてたまらない 분해 죽겠다 悔しかったらもっと努力しろ 억울하면 더 노력해라",no
1494,N1,諭,타이를 유,"""타이를 유"". 타이르다",ユ,さと(す),"諭 = 言 + 俞。 (의미부)「言」는 ""말하다""라는 뜻입니다. (소리부 겸 의미부)「俞」(ユ)는 ""보내다""라는 뜻입니다. 諭는 ""충고의 말(言)을 보내다(俞)"" -> ""타이르다""라는 뜻의 글자입니다. (俞는 소리부도 겸함)",음독은 ユ입니다. 특별한 점은 없습니다.,"諭す는 ""잘 타이르다""라는 뜻의 타동사입니다.",no
1495,N1,惨,참혹할 참,"""참혹할 참"". 참혹한, 비참한",サン、ザン,みじ(め),"惨 = 忄 + 参。 (의미부)「忄」는 ""마음""을 뜻합니다. (소리부 겸 의미부)「参」(サン)은 ""참여하다, 참배하다""라는 뜻입니다. 惨는 ""죽은 자식의 묘에 참배(参)하는 슬픈 마음(忄)"" -> ""참혹한, 비참한""이라는 뜻의 글자입니다. (参는 소리부도 겸함)",음독은 サン、ザン입니다. 특별한 구분법은 없습니다.,"惨め는 ""비참함, 참혹함""을 뜻합니다. 예문) 惨めな生活비참한 생활 見るも惨めな姿보기에도 비참한 모습",no
1496,N1,虐,모질 학,"""모질 학"". 모진, 가혹한",ギャク,しいた(げる),"虐 = 虍 + ㅌ。 「虍」는 ""호랑이""를 뜻합니다. ㅌ는 여기서는 ""호랑이의 발톱""을 그린 모양자입니다. 虐는 ""호랑이(虍)가 발톱(ㅌ)으로 할퀴다"" -> ""모진, 가혹한""이라는 뜻의 글자입니다.",음독은 ギャク입니다. 특별한 점은 없습니다.,"虐げる는 ""잔혹하게 괴롭히다, 학대하다""라는 뜻의 2그룹 타동사입니다. 예문) 虐げられて育った人학대받고 자란 사람 異教徒を虐げる 이교도를 학대하다 悪政に虐げられる 악정에 시달리다",no
1497,N1,翻,날 번,"""날 번"". 뒤집히다, 번역하다, 나부끼다",ホン,ひるがえ(る)、ひるがえ(す),"翻 = 番 + 羽。 (소리부)「番」(バン)은 여기서는 소리부(バン -> ホン)의 역할만 하고 있습니다. (의미부)「羽」는 ""날개""를 뜻합니다. 翻는 ""날개(羽)를 퍼덕이다"" -> ""나부끼다, 뒤집다"" -> ""번역하다""라는 뜻의 글자입니다(番는 소리부).",음독은 ホン입니다. 특별한 점은 없습니다.,"翻る는 ""(안팎이) 뒤집히다, (태도/설 등이) 반대로 바뀌다""라는 뜻의 1그룹 자동사입니다. 翻す는 ""뒤집다, (생각/태도 등을) 바꾸다""라는 뜻의 타동사입니다. 예문) 裾が翻る 옷자락이 뒤집히다 評決が翻る 평결이 뒤집히다 手のひらを翻す 손바닥을 뒤집다 前言を翻す 이전에 한 말을 번복하다",no
1498,N1,墜,떨어질 추,"""떨어질 추"". 추락하다, 떨어지다",ツイ,,"墜 = 隊 + 土。 (소리부 겸 의미부)「隊」(タイ)는 ""조직, 무리, 부대""를 뜻합니다. (의미부)「土」는 ""흙, 땅""을 뜻합니다. 墜는 ""전투기 부대(隊)가 지상(土)으로 추락하다"" -> ""추락하다, 떨어지다""라는 뜻의 글자입니다. (部는 소리부(タイ -> ツイ)도 겸함)",음독은 ツイ입니다. 특별한 점은 없습니다.,墜의 정식 훈독은 없습니다.,no
1499,N1,沼,못 소,"""못 소"". 늪, 못",ショウ,ぬま,"沼 = 氵 + 召。 (의미부)「氵」는 ""물""을 뜻합니다. (소리부 겸 의미부)「召」(ショウ)는 ""부르다""라는 뜻입니다. 沼는 ""죽음을 부르는(召) 늪지대(氵)"" -> ""늪, 못""이라는 뜻의 글자입니다. (召는 소리부도 겸함)",음독은 ショウ입니다. 특별한 점은 없습니다.,"沼는 ""늪""을 뜻합니다.",no
1500,N1,据,의거할 거,"""의거할 거"". 자리잡다, 차려놓다",,す(える)、す(わる),"据 = 扌 + 居。 「扌」는 ""손""을 뜻합니다. 「居」는 ""살다, 거주하다""라는 뜻입니다. 据는 ""사는 집(居)에 기물을 설치하다(扌)"" -> ""자리잡다, 차려놓다""라는 뜻의 글자입니다.",据의 정식 음독은 없습니다.,"据える는 ""붙박다, 설치하다""라는 뜻의 2그룹 타동사입니다. 据わる는 ""자리잡다, 안정되다""라는 뜻의 자동사입니다.",no
1501,N1,肥,살찔 비,"""살찔 비"". 비옥하다, 살찌다, 비료",ヒ,こ(える)、こえ、こ(やす)、こ(やし),"肥 = 月 + 巴。 「月」는 ""고기""를 뜻합니다. 「巴」는 ""꼬리""를 뜻합니다. 肥는 ""꼬리(巴)까지 통통하게 살찐 고기(月)"" -> ""비옥하다, 살찌다, 비료""라는 뜻의 글자입니다.",음독은 ヒ입니다. 특별한 점은 없습니다.,"肥える는 ""살찌다, 비옥해지다""라는 뜻의 2그룹 자동사입니다. 肥やす는 ""살찌게 하다, (비료를 주어) 땅을 비옥하게 하다""라는 뜻의 타동사입니다. 肥,肥やし는 둘 다 ""비료, 거름""을 뜻합니다.",no
1502,N1,徐,천천히 할 서,"""천천히 할 서"". 천천히, 여유로운",ジョ,,"徐 = 彳 + 余。 「彳」는 ""길""을 뜻합니다. 「余」는 본래 ""잎이 풍성한 나무""를 그린 글자입니다. 徐는 ""가로수(余) 길(彳)을 천천히 걷다"" -> ""천천히, 여유로운""이라는 뜻의 글자입니다.",음독은 ジョ입니다. 특별한 점은 없습니다.,徐의 정식 훈독은 없습니다.,no
1503,N1,糖,엿 당,"""엿 당"". 당, 설탕",トウ,,"糖 = 米 +广 + ⺕ + 丨 + 口。 「米」는 ""쌀""을 뜻합니다. 「广」는 ""건물, 집""을 뜻합니다. 「⺕」는 ""손""을 뜻합니다. 丨+口는 여기서는 ""절굿공이(丨)와 절구(口)""를 그린 모양자입니다. 糖는 ""방앗간(广)에서 쌀(米)을 절구(丨+口)에 빻아(⺕) 만든 설탕"" -> ""당, 설탕""이라는 뜻의 글자입니다.",음독은 トウ입니다. 특별한 점은 없습니다.,糖의 정식 훈독은 없습니다.,no
1504,N1,搭,탈 탑,"""탈 탑"". 타다, 싣다",トウ,,"搭 = 扌 + 荅。 (의미부)「扌」는 ""손""을 뜻합니다. (소리부 겸 의미부)荅는 여기서는「塔」(トウ)가 축약된 것으로, ""탑""을 뜻합니다. 搭는 ""탑(塔) 꼭대기로 기어 올라가(扌) 앉다"" -> ""타다, 싣다""라는 뜻의 글자입니다. (荅->塔는 소리부도 겸함)",음독은 トウ입니다. 특별한 점은 없습니다.,搭의 정식 훈독은 없습니다.,no
1505,N1,盾,방패 순,"""방패 순"". 방패",ジュン,たて,"盾 = 𠂆 + 十 + 目。 𠂆+十는 여기서는 ""투구(𠂆)의 차양(十)""을 그린 모양자입니다. 「目」는 ""눈""을 뜻합니다. 盾는 ""눈(目)을 보호하는투구(𠂆)의 차양(十)"" -> ""막다"" -> ""방패""라는 뜻의 글자입니다.",음독은 ジュン입니다. 특별한 점은 없습니다.,"盾는 ""방패""를 뜻합니다.",no
1506,N1,脈,줄기 맥,"""줄기 맥"". 줄기, 맥, 혈관",ミャク,,"脈 = 月 + 𠂢。 「月」는 ""신체의 일부""를 뜻합니다. 𠂢는 ""물줄기가 여러 갈래로 갈라져 흘러가는 모습""을 그린 모양자입니다(1026.「派」모양 해설 참조). 脈는 ""몸(月) 구석구석 퍼져있는 혈관(𠂢)""-> ""줄기, 맥, 혈관""이라는 뜻의 글자입니다.",음독은 ミャク입니다. 특별한 점은 없습니다.,脈의 정식 훈독은 없습니다.,no
1507,N1,滝,,폭포,,たき,"滝 = 氵 + 竜。 「氵」는 ""물""을 뜻합니다. 「竜」는 ""용""을 뜻합니다. 滝는 ""폭포수(氵)를 거슬러 올라가는 용(竜)"" -> ""폭포""라는 뜻의 글자입니다.",滝의 정식 음독은 없습니다.,"滝는 ""폭포""를 뜻합니다.",no
1508,N1,軌,바퀴 자국 궤,"""바퀴 자국 궤"". 궤도, 정해진 길",キ,,"軌 = 車 + 九。 (의미부)「車」는 ""수레, 차""를 뜻합니다. (소리부 겸 의미부)「九」(キュウ)는 ""아홉""을 뜻합니다. 軌는 ""아홉 대(九)의 수레(車)가 지나간 바퀴 자국"" -> ""궤도, 정해진 길""이라는 뜻의 글자입니다. (九는 소리부(キュウ -> キ)도 겸함)",음독은 キ입니다. 특별한 점은 없습니다.,軌의 정식 훈독은 없습니다.,no
1509,N1,俵,나누어줄 표,"""나누어줄 표"". 부대, 섬('쌀 한 섬' 등)",ヒョウ,たわら,"俵 = 亻 + 表。 (의미부)「亻」는 ""사람""을 뜻합니다. (소리부)「表」(ヒョウ)는 여기서는 소리부의 역할만 하고 있습니다. 俵는 ""쌀 한 섬을 등에 진 사람(亻)"" -> ""부대, 섬""이라는 뜻의 글자입니다(表는 소리부).",음독은 ヒョウ입니다. 특별한 점은 없습니다.,"俵는 ""(쌀/숯 등을 담는) 섬""을 뜻합니다.",no
1510,N1,妨,방해할 방,"""방해할 방"". 방해하다",ボウ,さまた(げる),"妨 = 女 + 方。 (의미부)「女」는 ""여자""를 뜻합니다. (소리부 겸 의미부)「方」(ホウ)는 ""방향""을 뜻합니다. 妨는 ""여색(女)에 지나치게 빠지는 것은 목표를 향해 나아가는(方) 데에 방해된다"" -> ""방해하다""라는 뜻의 글자입니다. (方는 소리부(ホウ -> ボウ)도 겸함)",음독은 ボウ입니다. 특별한 점은 없습니다.,"妨げる는 ""방해하다, 지장을 주다""라는 뜻의 2그룹 타동사입니다. 예문) 進行を妨げる 진행을 방해하다 子供の成長を妨げる 아이의 성장을 방해하다 経済発展を妨げている 경제 발전을 가로막고 있다",no
1511,N1,擦,문지를 찰,"""문지를 찰"". 문지르다",サツ,す(る)、す(れる),"擦 = 扌 + 察。 (의미부)「扌」는 ""손""을 뜻합니다. (소리부)「察」(サツ)는 여기서는 소리부의 역할만 하고 있습니다. 察는 ""손(扌)으로 문지르다"" -> ""문지르다""라는 뜻의 글자입니다(察는 소리부).",음독은 サツ입니다. 특별한 점은 없습니다.,"擦る는 ""(다른 사물을 맞대고) 문지르다, 비비다""라는 뜻의 타동사입니다. 擦れる는 ""스치다, (스쳐서) 닳다""라는 뜻의 2그룹 자동사입니다. 예문) 手を擦る 손을 비비다 タオルで背中を擦る 수건으로 등을 문지르다 木の葉が擦れる音나뭇잎이 스치는 소리 袖口が擦れる 소맷부리가 닳다",no
1512,N1,鯨,고래 경,"""고래 경"". 고래",ゲイ,くじら,"鯨 = 魚 + 京。 (의미부)「魚」는 ""물고기""를 뜻합니다. (소리부 겸 의미부)「京」(ケイ)는 ""수도, 대도시""를 뜻합니다. 鯨는 ""커다란(京) 물고기(魚)"" -> ""고래""라는 뜻의 글자입니다. (京는 소리부(ケイ -> ゲイ)도 겸함)",음독은 ゲイ입니다. 특별한 점은 없습니다.,"鯨는 ""고래""를 뜻합니다.",no
1513,N1,荘,장엄할/별장 장,"""장엄할/별장 장"". 장엄하다, 별장",ソウ,,"荘 = 艹 + 壮。 (의미부)「艹」는 ""풀""을 뜻합니다. (소리부 겸 의미부)壮(ソウ - ""씩씩할 장"")은 ""장하다, 씩씩하다""라는 뜻의 상용한자입니다. 壮 = 丬 + 士。 「丬」는 ""탁자""를 뜻합니다. 「士」는 ""선비, 무사""를 뜻합니다. 壮는 ""거대한 탁자(丬)를 한 손으로 든 무사(士)"" -> ""장하다, 씩씩하다""라는 뜻의 글자입니다. 荘는 ""장엄하게(壮) 펼쳐진초원(艹) 위의 별장""-> ""장엄하다, 별장""이라는 뜻의 글자입니다. (壮는 소리부도 겸함)",음독은 ソウ입니다. 특별한 점은 없습니다.,荘의 정식 훈독은 없습니다.,no
1514,N1,諾,허락할 낙,"""허락할 낙"". 승낙하다",ダク,,"諾 = 言 + 若。 (의미부)「言」는 ""말하다""라는 뜻입니다. (소리부 겸 의미부)「若」(ジャク)는 본래 ""땅에 엎드린 젊은이""를 그린 글자입니다(링크 참조). 諾는 ""엎드린 젊은이(若)에게 허락을 내리다(言)"" -> ""승낙하다""라는 뜻의 글자입니다. (若는 소리부(ジャク -> ダク)도 겸함)",음독은 ダク입니다. 특별한 점은 없습니다.,諾의 정식 훈독은 없습니다.,no
1515,N1,雷,우레 뢰,"""우레 뢰"". 천둥",ライ,かみなり,"雷 = 雨 + 田。 「雨」는 ""비""를 뜻합니다. 「田」는 ""밭""을 뜻합니다. 雷는 ""폭풍우(雨)가 휘몰아치는 밭(田)"" -> ""천둥""이라는 뜻의 글자입니다.",음독은 ライ입니다. 특별한 점은 없습니다.,"雷는 ""천둥""을 뜻합니다.",no
1516,N1,漂,떠다닐 표,"""떠다닐 표"". 표류하다, 떠돌다",ヒョウ,ただよ(う),"漂 = 氵 + 票。 (의미부)「氵」는 ""물""을 뜻합니다. (소리부 겸 의미부)「票」(ヒョウ)는 ""쪽지, 표""라는 뜻입니다. 漂는 ""물(氵) 위를 떠다니는 종이쪽지(票)"" -> ""표류하다, 떠돌다""라는 뜻의 글자입니다. (票는 소리부도 겸함)",음독은 ヒョウ입니다. 특별한 점은 없습니다.,"漂う는 ""떠돌다, 표류하다, 유랑하다""라는 뜻의 자동사입니다. 예문) 海に漂う小舟바다를 떠도는 조각배 異郷に漂う 타향을 떠돌다",no
1517,N1,懐,품을 회,"""품을 회"". 품다, 안에 가지다, 그리워하다",カイ,なつ(かしい)、なつ(かしむ)、なつ(く)、なつ(ける)、ふところ,"懐 = 忄 + 十 + 𭾱。 (의미부)「忄」는 ""마음""을 뜻합니다. (소리부 겸 의미부)十+𭾱는 여기서는「壊」(カイ)가 축약된 것으로, ""부서지다, 파괴되다""라는 뜻입니다. 懐는 ""전쟁으로 파괴된(壊) 고향을 마음(忄) 속으로 그리워하다"" -> ""품다, 그리워하다""라는 뜻의 글자입니다. (壊는 소리부도 겸함)",음독은 カイ입니다. 특별한 점은 없습니다.,"1.懐かしい、懐かしむ 懐かしい는 ""그립다""라는 뜻의 형용사입니다. 懐かしむ는 ""그리워하다""라는 뜻의 타동사입니다. 예문) 懐かしい故郷그리운 고향 祖父を懐かしむ 할아버지를 그리워하다 2.懐ける、懐く 懐ける는 ""따르게 하다, 길들이다""라는 뜻의 2그룹 타동사입니다. 懐く는 ""(친숙해져서) 따르다, 친해지다""라는 뜻의 자동사입니다. 예문) 猫を懐ける 고양이를 길들이다 子供たちは彼女によく懐いた 아이들은 그녀를 잘 따랐다 3.懐 懐는 ""품, 호주머니(에 가진 돈)""을 뜻합니다. 예문) 親の懐で育つ 부모의 품에서 자라다 懐が暖かい 호주머니 사정이 좋다(가진 돈이 넉넉하다)",no
1518,N1,勘,헤아릴 감,"""헤아릴 감"". 헤아리다, 직감",カン,,"勘 =甘 + 匹+ 力。 (소리부)「甘」(カン)은 여기서는 소리부의 역할만 하고 있습니다. (의미부)「匹」는 ""짝, 상대""를 뜻합니다. (의미부)「力」는 ""힘""을 뜻합니다. 勘는 ""상대(匹)의 전력(力)을 가늠하다"" -> ""헤아리다, 가늠하다, 직감""이라는 뜻의 글자입니다(甘는 소리부).",음독은 カン입니다. 특별한 점은 없습니다.,勘의 정식 훈독은 없습니다.,no
1519,N1,栽,심을 재,"""심을 재"". 재배하다, 심다",サイ,,"栽 = 𢦏 + 木。 (소리부)「𢦏」(サイ)는 여기서는 소리부의 역할만 하고 있습니다. (의미부)「木」는 ""나무""를 뜻합니다. 栽는 ""나무(木)를 심다"" -> ""재배하다, 심다""라는 뜻의 글자입니다(𢦏는 소리부).",음독은 サイ입니다. 특별한 점은 없습니다.,栽의 정식 훈독은 없습니다.,no
1520,N1,拐,후릴 괴,"""후릴 괴"". 유괴하다, 꾀어내다, 유인하다",カイ,,"拐 = 扌 + 口 + 刀。 「扌」는 ""손""을 뜻합니다. 「口」는 ""입""을 뜻합니다. 「刀」는 ""칼""을 뜻합니다. 拐는 ""말(口)로 유혹하고 칼(刀)로 위협해서 데려가다(扌)"" -> ""유괴하다, 꾀어내다, 유인하다""라는 뜻의 글자입니다.",음독은 カイ입니다. 특별한 점은 없습니다.,拐의 정식 훈독은 없습니다.,no
1521,N1,駄,실을 타,"""실을 타"". 무가치한, 짐을 싣다",ダ,,"駄 = 馬 + 太。 (의미부)「馬」는 ""말""을 뜻합니다. (소리부 겸 의미부)「太」(タ)는 ""크다, 거대하다""라는 뜻입니다. 駄는 ""말(馬)이 감당 못할 정도로 큰(太) 짐을 억지로 실으려고 하다"" -> ""쓸모없는, 무가치한, 짐을 싣다""라는 뜻의 글자입니다. (太는 소리부(タ -> ダ)도 겸함)",음독은 ダ입니다. 특별한 점은 없습니다.,駄의 정식 훈독은 없습니다.,no
1522,N1,添,더할 첨,"""더할 첨"". 더하다, 보태다",テン,そ(える)、そ(う),"添 = 氵 + 夭 + ⺗。 (의미부)「氵」는 ""물""을 뜻합니다. (소리부 겸 의미부)夭는「天」(テン)이 살짝 변형된 것으로, ""하늘""을 뜻합니다. (의미부)⺗는 여기서는 ""빗방울""을 그린 모양자입니다. 添는 ""하늘(夭)에서 떨어지는 빗방울(⺗)이 강물(氵)에 더해지다"" -> ""더하다, 보태다""라는 뜻의 글자입니다. (天는 소리부도 겸함)",음독은 テン입니다. 특별한 점은 없습니다.,"添える는 ""첨부하다, 붙이다, 더하다""라는 뜻의 2그룹 타동사입니다. 添う는 ""찰싹 붙어다니다, 부부가 되다, 부합되다/부응하다""라는 뜻의 자동사입니다. 예문) 花を添える 꽃을 곁들이다 手紙を添えて渡す 편지를 첨부해 건네주다 病人に付き添う 환자 곁에서 시중들다 二人を添わせる 두 사람을 (부부로서) 짝지어 주다",no
1523,N1,冠,갓 관,"""갓 관"". 왕관, 관",カン,かんむり,"冠 = 冖 + 元 + 寸。 (의미부)冖는 여기서는 ""왕관""을 그린 모양자입니다. (소리부 겸 의미부)「元」(ガン)은 본래 ""사람의 머리""를 그린 글자입니다(링크 참조). (의미부)「寸」는 ""손""을 뜻합니다. 冠는 ""머리(元)에 왕관(冖)을 씌우는 손(寸)"" -> ""왕관, 관""이라는 뜻의 글자입니다. (元는 소리부(ガン -> カン)도 겸함)",음독은 カン입니다. 특별한 점은 없습니다.,"冠는 ""(머리에 쓰는) 관""을 뜻합니다.",no
1524,N1,斜,비낄 사,"""비낄 사"". 비스듬한, 경사",シャ,なな(め),"斜 = 余 + 斗。 「余」는 ""남다, 여분의""라는 뜻입니다. 「斗」는 ""국자""를 뜻합니다. 斜는 ""여분(余)의 음식을 자신에게 퍼오다(斗)""라는 뜻입니다. ""사사로운 이득은 자신에게 기울어진다"" -> ""비스듬한, 경사""라는 의미입니다.",음독은 シャ입니다. 특별한 점은 없습니다.,"斜め는 ""경사, 비스듬함""을 뜻합니다. 예문) 帽子を斜めにかぶる 모자를 비스듬히 쓰다 看板が斜めに傾いている 간판이 비스듬히 기울어져 있다",no
1525,N1,鏡,거울 경,"""거울 경"". 거울",キョウ,かがみ,"鏡 = 金 + 音 +儿。 (의미부)「金」는 ""쇠, 금속""을 뜻합니다. (소리부)音+儿는 여기서는「境」(キョウ)가 축약된 것으로, 소리부의 역할만 하고 있습니다. 鏡는 ""청동(金)으로 만든 거울"" -> ""거울""이라는 뜻의 글자입니다(境는 소리부).",음독은 キョウ입니다. 특별한 점은 없습니다.,"鏡는 ""거울""을 뜻합니다.",no
1526,N1,浪,물결 랑,"""물결 랑"". 유랑, 방랑, 낭비",ロウ,,"浪 = 氵 + 良。 (의미부)「氵」는 ""물""을 뜻합니다. (소리부 겸 의미부)「良」(リョウ)는 ""좋다""라는 뜻입니다. 浪는 ""물결(氵)따라 흐르듯 떠도는 즐거운(良) 유랑 생활"" -> ""유랑, 방랑, 낭비""라는 뜻의 글자입니다. (良는 소리부(リョウ -> ロウ)도 겸함)",음독은 ロウ입니다. 특별한 점은 없습니다.,浪의 정식 훈독은 없습니다.,no
1527,N1,亜,버금 아,"""버금 아"". 버금, 아~(외국어의 음역에 쓰임; ""아시아"" 등)",ア,,"亜는 본래 ""고대의 중형 저택의 구조""를 본따 그린 글자입니다. ""(대형 저택보다는 작은) 중형 저택의 구조"" -> ""버금, 두 번째""라는 의미입니다.",음독은 ア입니다. 특별한 점은 없습니다.,亜의 정식 훈독은 없습니다.,no
1528,N1,覧,볼 람,"""볼 람"". 두루 보다, 둘러보다",ラン,,"覧 = 臣 + 𠂉 + 一 + 見。 (소리부 겸 의미부)위쪽의 臣+𠂉+一는 여기서는「監」(カン)이 축약된 것으로, ""감독하다""라는 뜻입니다. (의미부)「見」는 ""보다""라는 뜻입니다. 覧는 ""공사를 감독하며(監) 두루 둘러보다(見)"" -> ""두루 보다, 둘러보다""라는 뜻의 글자입니다. (監는 소리부(カン -> ラン)도 겸함)",음독은 ラン입니다. 특별한 점은 없습니다.,覧의 정식 훈독은 없습니다.,no
1529,N1,詐,속일 사,"""속일 사"". 사기, 거짓말, 속이다",サ,,"詐 = 言 + 乍。 (의미부)「言」는 ""말하다""라는 뜻입니다. (소리부 겸 의미부)「乍」(サ)는 ""바느질하다""라는 뜻입니다. 詐는 ""거짓말(言)을 짜맞추다(乍)"" -> ""사기, 거짓말, 속이다""라는 뜻의 글자입니다. (乍는 소리부도 겸함)",음독은 サ입니다. 특별한 점은 없습니다.,詐의 정식 훈독은 없습니다.,no
1530,N1,壇,단 단,"""단 단"". ~단(""화단"", ""제단"", ""단상"" 등)",ダン、タン,,"壇 = 土 + 亶。 「土」는 ""흙, 땅""을 뜻합니다. 亶는 ""고대에 제사를 지내던 제단의 모습""을 그린 모양자입니다. (㐭는 제단 위의 위패, 旦는 그 아래의 제사상을 각각 표현한 것입니다.) 壇는 ""흙(土)을 쌓아 만든 제단(亶)"" -> ""~단(화단, 제단, 단상 등)""이라는 뜻의 글자입니다.","음독은 ダン、タン입니다. 사용 빈도는 ダン이 훨씬 높습니다. タン은土壇場(막다른 판, 마지막 순간) 외에는 거의 쓰이지 않는 음독입니다.",壇의 정식 훈독은 없습니다.,no
1531,N1,勲,공 훈,"""공 훈"". 공로, 공훈",クン,,"勲 = 動 + 灬。 「動」는 ""움직이다""라는 뜻입니다. 「灬」는 ""불""을 뜻합니다. 勲는 ""온 몸을 불사를 각오로(灬) 열심히 움직여(動) 일하다"" -> ""공훈, 공로""라는 뜻의 글자입니다.",음독은 クン입니다. 특별한 점은 없습니다.,勲의 정식 훈독은 없습니다.,no
1532,N1,魔,마귀 마,"""마귀 마"". 마술, 마귀, 마법 등",マ,,"魔 = 麻 + 鬼。 (소리부 겸 의미부)「麻」(マ)는 ""삼베, 마, 마비""를 뜻합니다. (의미부)鬼(""귀신 귀"")는 ""귀신""을 뜻하는 상용한자입니다. 鬼는 ""가면(田)을 쓴 채 무릎꿇고(厶) 제사를 지내는 사람""을 그린 상형문자입니다. ""제사"" -> ""귀신""이라는 의미입니다. 魔는 ""사람을 마비시키는(麻)귀신(鬼)의 신비한 힘"" -> ""마술, 마법, 마귀""라는 뜻의 글자입니다. (麻는 소리부도 겸함)",음독은 マ입니다. 특별한 점은 없습니다.,魔의 정식 훈독은 없습니다.,no
1533,N1,酬,갚을 수,"""갚을 수"". 갚다, 보답하다",シュウ,,"酬 = 酉 + 州。 (의미부)「酉」는 ""술, 술병""을 뜻합니다. (소리부)「州」(シュウ)는 여기서는 소리부의 역할만 하고 있습니다. 酬는 ""감사의 뜻으로 술(酉)을 대접하다"" -> ""갚다, 보답하다""라는 뜻의 글자입니다(州는 소리부).",음독은 シュウ입니다. 특별한 점은 없습니다.,酬의 정식 훈독은 없습니다.,no
1534,N1,紫,자줏빛 자,"""자줏빛 자"". 보라색, 자주색",シ,むらさき,"紫 = 止 +匕+ 糸。 (소리부)「止」(シ)는 여기서는 소리부의 역할만 하고 있습니다. (의미부)匕는 여기서는 단순한 장식으로 추가된 것입니다. (의미부)「糸」는 ""실""을 뜻합니다. 紫는 ""보라색으로 염색한 실(糸)"" -> ""보라색, 자주색""이라는 뜻의 글자입니다(止는 소리부).",음독은 シ입니다. 특별한 점은 없습니다.,"紫는""자색, 보라색""을 뜻합니다.",no
1535,N1,紋,무늬 문,"""무늬 문"". 무늬, 문장(집단을 상징하는 문양)",モン,,"紋 = 糸 + 文。 (의미부)「糸」는 ""실""을 뜻합니다. (소리부 겸 의미부)「文」(モン)은 ""글자, 문예""를 뜻합니다. 紋는 ""실(糸)로 수놓은 자수 무늬(文)"" -> ""무늬, 문장(집단을 상징하는 문양)""이라는 뜻의 글자입니다. (文는 소리부도 겸함)",음독은 モン입니다. 특별한 점은 없습니다.,紋의 정식 훈독은 없습니다.,no
1536,N1,卸,풀 사,"""풀 사"". 도매, 도매하다",,おろ(す)、おろし,"卸 = 𦈢 + 卩。 卸는 본래 ""왕의 발밑에 꿇어 엎드린 백성들""을 그린 글자입니다(903.「御」모양 해설 참조). ""왕 앞에 무릎꿇고 진상품을 늘어놓다"" -> ""도매, 도매하다""라는 의미입니다.",卸의 정식 음독은 없습니다.,"卸す는 ""도매하다""라는 뜻의 타동사입니다. 卸는 ""도매""를 뜻합니다.",no
1537,N1,奮,떨칠 분,"""떨칠 분"". 분발하다, 기운내다",フン,ふる(う),"奮 = 大 + 隹 + 田。 「大」는 ""크다""라는 뜻입니다. 「隹」는 ""새""를 뜻합니다. 「田」는 ""밭""을 뜻합니다. 奮는 ""커다란(大) 새(隹)가 밭(田)에서 힘차게 날아오르다"" -> ""분발하다, 기운내다""라는 뜻의 글자입니다.",음독은 フン입니다. 특별한 점은 없습니다.,"奮う는 ""용기를 내다""라는 뜻의 자동사입니다. 주로奮って(분발해서/자진해서)의 형태로 쓰입니다. 예문) 勇気を奮って告白する 용기를 내어 고백하다 奮って立ち向かう 용기를 내어 맞서다",no
1538,N1,欄,난간 난,"""난간 난"". 난간, ~란(글을 싣는 칸)",ラン,,"欄 = 木 + 門 + 東。 「木」는 ""나무""를 뜻합니다. 「門」는 ""문""을 뜻합니다. 「東」는 ""동쪽""을 뜻합니다. 欄는 ""문(門)동쪽(東)으로 나가지 못하도록가로막은 나무(木)""라는 뜻입니다. 이라는 의미입니다.",음독은 ラン입니다. 특별한 점은 없습니다.,欄의 정식 훈독은 없습니다.,no
1539,N1,逸,달아날 일,"""달아날 일"". 벗어나다, 일탈, 뛰어나다",イツ,,"逸 = ⻌ + 免。 「⻌」는 ""길""을 뜻합니다. 「免」는 ""면하다, 벗어나다""라는 뜻입니다. 逸는 ""평범한 길(⻌)에서 벗어나다(免)"" -> ""벗어나다, 일탈, 뛰어나다""라는 뜻의 글자입니다.",음독은 イツ입니다. 특별한 점은 없습니다.,逸의 정식 훈독은 없습니다.,no
1540,N1,涯,물가 애,"""물가 애"". 물가, 가장자리, 끝, 한계",ガイ,,"涯 = 氵 +厂 +圭。 「氵」는 ""물""을 뜻합니다. 「厂」는 ""절벽, 기슭""을 뜻합니다. 圭는 ""흙더미(土+土)""라는 뜻입니다. 涯는 ""흙(圭)으로 덮인 절벽(厂) 아래의 망망대해(氵)"" -> ""물가, 가장자리, 끝, 한계""라는 뜻의 글자입니다. 涯",음독은 ガイ입니다. 특별한 점은 없습니다.,涯의 정식 훈독은 없습니다.,no
1541,N1,拓,넓힐 척/박을 탁,"""넓힐 척/박을 탁"". 넓히다, 본을 뜨다",タク,,"拓 = 扌 + 石。 「扌」는 ""손""을 뜻합니다. 「石」는 ""돌""을 뜻합니다. 拓는, 이라는 뜻의 글자입니다.",음독은 タク입니다. 특별한 점은 없습니다.,拓의 정식 훈독은 없습니다.,no
1542,N1,眼,눈 안,"""눈 안"". 눈, 안구",ガン、ゲン,まなこ,"眼 = 目 + 艮。 「目」는 ""눈""을 뜻합니다. 「艮」는 ""고개를 숙인 사람""을 뜻합니다. 眼는 ""웅크린 사람(艮)의 뒷모습을 바라보는 눈(目)"" -> ""눈, 안구""라는 뜻의 글자입니다.",음독은 ガン、ゲン입니다. 사용 빈도는 ガン이 훨씬 높습니다. ゲン은 주로 불교와 관련된 몇몇 특수한 단어들에 쓰이는 음독입니다.,"眼는 ""눈, 눈동자""를 뜻합니다.",no
1543,N1,瓶,병 병,"""병 병"". 병, 단지",ビン,,"瓶 = 并 + 瓦。 并는 여기서는 ""꽃이 든 꽃병""을 그린 모양자입니다. 瓦(""기와 와"")는 ""기와, 기왓장""을 뜻하는 상용한자입니다. 瓦는 ""기왓장이 맞물려있는 모습""을 그린 상형문자입니다. 瓶는 ""기와(瓦)로 만든 꽃병(并)"" -> ""병, 단지""라는 뜻의 글자입니다.",음독은 ビン입니다. 특별한 점은 없습니다.,瓶의 정식 훈독은 없습니다.,no
1544,N1,獄,옥 옥,"""옥 옥"". 감옥",ゴク,,"獄 = 犭 + 言 + 犬。 「犭」는 ""개""를 뜻합니다. 「言」는 ""말하다""라는 뜻입니다. 「犬」는 ""개""를 뜻합니다. 獄는 ""감옥을 지키는 파수견들(犭+犬) 사이에서 울부짖는(言) 죄수"" -> ""감옥""이라는 뜻의 글자입니다.",음독은 ゴク입니다. 특별한 점은 없습니다.,獄의 정식 훈독은 없습니다.,no
1545,N1,尚,오히려 상,"""오히려 상"". 높다, 한층 더",ショウ,,"尚 = 龸 + 口。 「龸」는 ""궁궐""을 뜻합니다. 口는 여기서는 ""출입구""를 그린 모양자입니다. 尚는 ""궁궐(龸)의 출입구(口)"" -> ""높다, 한층 더""라는 뜻의 글자입니다.",음독은 ショウ입니다. 특별한 점은 없습니다.,尚의 정식 훈독은 없습니다.,no
1546,N1,彫,새길 조,"""새길 조"". 새기다",チョウ,ほ(る),"彫 = 周 + 彡。 「周」는 ""주위, 주변""을 뜻합니다. 彡는 여기서는 ""칼로 새겨놓은 빗금""을 그린 모양자입니다. 彫는 ""갈림길 주변(周)에 빗금(彡)을 새겨 위치를 표시해두다"" -> ""새기다""라는 뜻의 글자입니다.",음독은 チョウ입니다. 특별한 점은 없습니다.,"彫る는 ""(칼로) 새기다, 조각하다""라는 뜻의 타동사입니다. 예문) 仏像を彫る 불상을 조각하다 版木を彫る 판목을 새기다",no
1547,N1,穏,편안할 온,"""편안할 온"". 평온한, 온화한",オン,おだ(やか),"穏 = 禾 +⺤ + ⺕ + 心。 「禾」는 ""곡식""을 뜻합니다. 「⺤」는 ""손""을 뜻합니다. 「⺕」는 ""손""을 뜻합니다. 「心」는 ""마음""을 뜻합니다. 穏는 ""배고픈 사람의 손(⺤)에곡식(禾)을 건네주는(⺕) 따뜻한 마음(心)"" -> ""평온한, 온화한""이라는 뜻의 글자입니다.",음독은 オン입니다. 특별한 점은 없습니다.,"穏やか는 ""온화함, 평온함""이라는 뜻입니다. 예문) 穏やかな天気온화한 날씨 穏やかな一日평온한 하루",no
1548,N1,顕,나타날 현,"""나타날 현"". 눈에 띄는, 분명한",ケン,,"顕 = 日 +业+ 頁。 「日」는 ""태양""을 뜻합니다. 业는 여기서는 ""들판에 자라난 초목""을 그린 모양자입니다. 「頁」는 ""머리""를 뜻합니다. 顕는 ""햇빛(日)을 받아 밝게 빛나는 초목(业)을 바라보다(頁)""라는 뜻입니다. ""햇빛이 밝아 풍경이 잘 보이다"" -> ""눈에 띄는, 분명한""이라는 의미입니다.",음독은 ケン입니다. 특별한 점은 없습니다.,顕의 정식 훈독은 없습니다.,no
1549,N1,巧,공교할 교,"""공교할 교"". 교묘한, 솜씨 좋은",コウ,たく(み),"巧 = 工 + 丂。 (소리부 겸 의미부)「工」(コウ)는 ""공작, 가공, 공정""을 뜻합니다. (의미부)丂는 여기서는 ""구부러진 물건""을 그린 모양자로, ""정밀하게 가공된 물품""이라는 뜻입니다. 巧는 ""정밀한(丂) 가공(工)"" -> ""교묘한, 솜씨 좋은""이라는 뜻의 글자입니다. (工는 소리부도 겸함)",음독은 コウ입니다. 특별한 점은 없습니다.,"巧み는 ""교묘함, 솜씨 좋음, 능란함""이라는 뜻입니다. 예문) 巧みな噓교묘한 거짓말 巧みに処理する 능숙하게 처리하다",no
1550,N1,矛,창 모,"""창 모"". 창",ム,ほこ,"矛는 ""날이 세 개인 창""을 그린 상형문자입니다.",음독은 ム입니다. 특별한 점은 없습니다.,훈독은 ほこ입니다. 특별한 점은 없습니다.,no
1551,N1,垣,담 원,"""담 원"". 울타리, 담",,かき,"垣 = 土 + 亘。 「土」는 ""흙""을 뜻합니다. 亘는 여기서는 ""담벼락""을 그린 모양자입니다. 垣는 ""흙(土)으로 쌓은 담벼락(亘)"" -> ""울타리, 담""이라는 뜻의 글자입니다.",垣의 정식 음독은 없습니다.,"垣는 ""울타리, 담""을 뜻합니다.",no
1552,N1,欺,속일 기,"""속일 기"". 속이다, 기만하다",ギ,あざむ(く),"欺 = 其 + 欠。 (소리부)「其」(キ)는 여기서는 소리부(キ -> ギ)의 역할만 하고 있습니다. (의미부)「欠」는""입을 벌린 사람, 입으로 하는 동작""을 뜻합니다. 欺는 ""그럴듯한 말을 떠벌리며(欠) 상대방을 속여넘기다"" -> ""속이다, 기만하다""라는 뜻의 글자입니다(其는 소리부).",음독은 ギ입니다. 특별한 점은 없습니다.,"欺く는 ""속이다, 기만하다""라는 뜻의 타동사입니다. 예문) 投資者を欺く 투자자를 속이다 他人を欺く 타인을 속이다 참고)偽る와欺く의 차이점 아래 예문을 참조해 주세요. 예문) 自分の名前を偽る 자신의 이름을 속이다 年齢を偽る 나이를 속이다 投資者を欺く 투자자를 속이다 他人を欺く 타인을 속이다",no
1553,N1,釣,낚을 조,"""낚을 조"". 낚시하다",チョウ,つ(る),"釣 = 金 + 勺。 「金」는 ""쇠, 금속""을 뜻합니다. 勺는 여기서는 ""낚싯대와 낚싯줄, 미끼""를 그린 모양자입니다. 釣는 ""쇠(金)로 만든 낚싯대(勺)"" -> ""낚시하다""라는 뜻의 글자입니다.",음독은 チョウ입니다. 특별한 점은 없습니다.,"釣る는 ""낚다, 유혹하다/속이다""라는 뜻의 타동사입니다.",no
1554,N1,缶,,"깡통, 캔, 양철통",カン,,"缶는 ""술을 담아놓은 술통""을 그린 상형문자입니다. ""술통"" -> ""깡통, 캔, 양철통""이라는 의미입니다.",음독은 カン입니다. 특별한 점은 없습니다.,缶의 정식 훈독은 없습니다.,no
1555,N1,粧,단장할 장,"""단장할 장"". 화장하다, 꾸미다, 단장하다",ショウ,,"粧 = 米 +广 + 土。 「米」는 ""쌀""을 뜻합니다. 여기서는 ""분가루""를 쌀에 비유한 것입니다. 「广」는 ""집, 건물""을 뜻합니다. 「土」는 ""흙""을 뜻합니다. 여기서는 ""연지""를 흙에 비유한 것입니다. 粧는 ""집(广)에서 연지(土)와 분(米)을 바르다"" -> ""화장하다, 꾸미다, 단장하다""라는 뜻의 글자입니다.",음독은 ショウ입니다. 특별한 점은 없습니다.,粧의 정식 훈독은 없습니다.,no
1556,N1,隻,외짝 척,"""외짝 척"". 외짝의, 하나의, ~척(배를 세는 단위)",セキ,,"隻 = 隹 + 又。 「隹」는 ""새""를 뜻합니다. 「又」는 ""손""을 뜻합니다. 隻는 ""새(隹) 한 마리를 잡다(又)"" -> ""외짝의, 하나의""라는 뜻의 글자입니다.",음독은 セキ입니다. 특별한 점은 없습니다.,隻의 정식 훈독은 없습니다.,no
1557,N1,粛,엄숙할 숙,"""엄숙할 숙"". 엄숙한, 조용한, 정중한",シュク,,"粛 = ⺕ + 丨 + 米 + 丿丨。 「⺕」는 ""손""을 뜻합니다. 丨+米는 여기서는 ""낚싯대(丨)와 낚싯바늘(米)""을 그린 모양자입니다. 丿丨는 여기서는 ""호수""를 그린 모양자입니다. 粛는 ""호수(丿丨)에 낚싯대(丨+米)를 드리우고(⺕) 조용히 낚시하다"" -> ""엄숙한, 조용한, 정중한""이라는 뜻의 글자입니다.",음독은 シュク입니다. 특별한 점은 없습니다.,粛의 정식 훈독은 없습니다.,no
1558,N1,愚,어리석을 우,"""어리석을 우"". 어리석은, 미련한",グ,おろ(か),"愚 = 禺 + 心。 (소리부 겸 의미부)「禺」(グウ)는 ""원숭이""를 뜻합니다. (의미부)「心」는 ""마음""을 뜻합니다. 愚는 ""원숭이(禺)처럼 멍청하다(心)"" -> ""어리석다, 미련하다""라는 뜻의 글자입니다. (禺는 소리부(グウ -> グ)도 겸함)","음독은 グ입니다. 특별한 점은 없습니다. 愚~는 ""자신 또는 자신과 관계있는 것을 가리키는 겸사말""로 쓰이는 접두어입니다.","愚か는 ""어리석음, 모자람""을 뜻합니다. 예문) 愚かな考え 어리석은 생각 愚かな振る舞い 어리석은 행동",no
1559,N1,遭,만날 조,"""만날 조"". 만나다, 조우하다",ソウ,あ(う),"遭 = ⻌ + 曹。 (의미부)「⻌」는 ""길""을 뜻합니다. (소리부 겸 의미부)曹(ソウ - ""무리 조"")는 ""무리""를 뜻하는 상용한자입니다. 曹 = 一 + 曲 + 曰。 「一」는 ""하나""를 뜻합니다. 「曲」는 ""곡, 음악'을 뜻합니다. 「曰」는 ""말하다""라는 뜻입니다. 曹는 ""모두 함께(一) 노래(曲)를 합창하다(曰)"" -> ""무리""라는 뜻의 글자입니다. 遭는 ""길(⻌)에서 한 무리(曹)의 사람들과 마주치다"" -> ""만나다, 조우하다""라는 뜻의 글자입니다. (曹는 소리부도 겸함)",음독은 ソウ입니다. 특별한 점은 없습니다.,"遭う는 ""(어떤 일을) 당하다, 겪다""라는 뜻의 자동사입니다. 예문) ひどい目に遭う 봉변을 당하다/아주 나쁜 경험을 하다 交通事故に遭う 교통사고를 당하다",no
1560,N1,架,시렁 가,"""시렁 가"". 가설하다, 걸쳐 놓다",カ,か(ける)、か(かる),"架 = 加 + 木。 (소리부 겸 의미부)「加」(カ)는 ""더하다""라는 뜻입니다. (의미부)「木」는 ""나무""를 뜻합니다. 架는 ""강에 나무 다리(木)를 걸어놓다(加)"" -> ""가설하다, 걸쳐 놓다""라는 뜻의 글자입니다. (加는 소리부도 겸함)",음독은 カ입니다. 특별한 점은 없습니다.,"架ける는 ""가설하다, 걸쳐 놓다""라는 뜻의 2그룹 타동사입니다. 架かる는 ""(다리/철도 등이) 가설되다, 놓이다""라는 뜻의 자동사입니다.",no
1561,N1,鬼,귀신 귀,"""귀신 귀"". 귀신",キ,おに,"鬼는 ""가면(田)을 쓴 채 무릎꿇고(厶) 제사를 지내는 사람""을 그린 상형문자입니다. ""제사"" -> ""귀신""이라는 의미입니다.",음독은 キ입니다. 특별한 점은 없습니다.,"鬼는 ""귀신""을 뜻합니다.",no
1562,N1,庶,여러 서,"""여러 서"". 서민, 대중, 여럿/전부",ショ,,"庶 = 广 + 廿 + 灬。 「广」는 ""집, 건물""을 뜻합니다. 廿는 여기서는 ""냄비""를 그린 모양자입니다. 「灬」는 ""불""을 뜻합니다. 庶는 ""집(广) 에서 냄비(廿)를 끓여(灬) 요리를 하는 서민"" -> ""서민, 대중"" -> ""여럿, 전부""라는 뜻의 글자입니다.",음독은 ショ입니다. 특별한 점은 없습니다.,庶의 정식 훈독은 없습니다.,no
1563,N1,稚,어릴 치,"""어릴 치"". 어리다",チ,,"稚 = 禾 + 隹。 「禾」는 ""곡식""을 뜻합니다. 「隹」는 ""새""를 뜻합니다. 稚는 ""곡식(禾)을 쪼아먹는 참새(隹)"" -> ""작다, 어리다""라는 뜻의 글자입니다.",음독은 チ입니다. 특별한 점은 없습니다.,稚의 정식 훈독은 없습니다.,no
1564,N1,滋,불을 자,"""불을 자"". 영양, 자라다, 늘다",ジ,,"滋 = 氵 + 兹。 (의미부)「氵」는 ""물""을 뜻합니다. (소리부 겸 의미부)「兹」(ジ)는 ""무성한 덩굴""을 그린 글자입니다(링크 참조). 滋는 ""덩굴(兹)에 물(氵)을 주다"" -> ""영양, 자라다, 늘다""라는 뜻의 글자입니다. (兹는 소리부도 겸함)",음독은 ジ입니다. 특별한 점은 없습니다.,滋의 정식 훈독은 없습니다.,no
1565,N1,幻,헛보일 환,"""헛보일 환"". 환영, 환상, 허깨비",ゲン,まぼろし,"幻 = 幺 + 𠃌。 「幺」는 ""짧은 실""을 뜻합니다. 𠃌는 여기서는 ""(실이) 나풀거리는 모습""을 그린 모양자입니다. 幻는 ""허공에서 나풀거리는(𠃌)짧은 실(幺)"" -> ""아지랑이, 신기루"" -> ""환영, 환상, 허깨비""라는 뜻의 글자입니다.",음독은 ゲン입니다. 특별한 점은 없습니다.,"幻는 ""환상, 환영, 덧없는 것""을 뜻합니다. 예문) 亡き人の幻を見る 죽은 사람의 환영을 보다 幻のように消える 덧없이 사라지다",no
1566,N1,煮,삶을 자,"""삶을 자"". 끓이다, 삶다",シャ,に(る)、に(える)、に(やす),"煮 = 者 + 灬。 (소리부 겸 의미부)「者」(シャ)는 ""사람""을 뜻합니다. (의미부)「灬」는 ""불""을 뜻합니다. 煮는 ""죄인(者)을 솥에 넣고 삶아(灬) 죽이다"" -> ""끓이다, 삶다""라는 뜻의 글자입니다. (者는 소리부도 겸함)",음독은 シャ입니다. 특별한 점은 없습니다.,"1.煮る、煮える 煮る는 ""(재료를 물에 넣고) 삶다, 끓이다""라는 뜻의 2그룹 타동사입니다. 煮える는 ""삶아지다, 익다""라는 뜻의 2그룹 자동사입니다. 예문) 強火でぐつぐつ煮る 센 불에 보글보글 끓이다 豚肉をじっくり煮る 돼지고기를 푹 삶다 芋がよく煮える 감자가 잘 익다 2.煮やす 煮やす는 「業を煮やす」(화가 나서 속 태우다)라는 관용어구에만 쓰이는 동사입니다. 예문) 業を煮やす 화가 나서 속 태우다/속을 끓이다",no
1567,N1,姫,아가씨 희,"""아가씨 희"". 후궁, 아가씨, 공주",,ひめ,"姫 = 女 + 臣。 「女」는 ""여자""를 뜻합니다. 「臣」는 ""신하""를 뜻합니다. 姫는 ""시중드는 사람(臣)이 있는 여자(女)"" -> ""후궁, 아가씨, 공주""라는 뜻의 글자입니다.",姫의 정식 음독은 없습니다.,"姫는 ""아가씨, 공주""를 뜻합니다.",no
1568,N1,誓,맹세할 서,"""맹세할 서"". 맹세하다, 서약하다",セイ,ちか(う),"誓 =扌 + 斤+ 言。 「扌」는 ""손""을 뜻합니다. 「斤」는 ""도끼""를 뜻합니다. 「言」는 ""말하다""라는 뜻입니다. 誓는 ""도끼(斤)를 손(扌)에 들고 충성을 맹세하다(言)"" -> ""맹세하다, 서약하다""라는 뜻의 글자입니다.",음독은 セイ입니다. 특별한 점은 없습니다.,"誓う는 ""맹세하다, 서약하다, 굳게 결의하다""라는 뜻의 타동사입니다.",no
1569,N1,把,잡을 파,"""잡을 파"". 쥐다, 잡다",ハ,,"把 = 扌 + 巴。 「扌」는 ""손""을 뜻합니다. 「巴」는 ""꼬리""를 뜻합니다. 把는 ""동물의 꼬리(巴)를 잡다(扌)"" -> ""쥐다, 잡다""라는 뜻의 글자입니다.",음독은 ハ입니다. 특별한 점은 없습니다.,把의 정식 훈독은 없습니다.,no
1570,N1,践,밟을 천,"""밟을 천"". 짓밟다, 실천하다",セン,,"践 = 足 + 㦮。 (의미부)「足」는 ""발""을 뜻합니다. (소리부 겸 의미부)「㦮」(セン)은 ""피와 살점이 묻은 창""을 뜻합니다. 践는 ""적을 정벌하고(㦮) 짓밟다(足)"" -> ""짓밟다"" -> ""실천하다""라는 뜻의 글자입니다.",음독은 セン입니다. 특별한 점은 없습니다.,践의 정식 훈독은 없습니다.,no
1571,N1,呈,드릴 정,"""드릴 정"". 바치다, 드러내다",テイ,,"呈 = 口 + 王。 「王」는 ""왕""을 뜻합니다. 口는 여기서는 ""왕에게 바칠 진상품""을 그린 모양자입니다. 呈는 ""왕(王)에게 바칠 진상품(口)을 왕 앞에 드러내다"" -> ""바치다, 드러내다""라는 뜻의 글자입니다.",음독은 テイ입니다. 특별한 점은 없습니다.,呈의 정식 훈독은 없습니다.,no
1572,N1,疎,성길 소,"""성길 소"". 소원하다, 멀리하다",ソ,うと(い)、うと(む),"疎 = 𤴔 + 束。 𤴔는 여기서는「止」가 변형된 것으로, ""발""을 뜻합니다. 「束」는 ""묶다""라는 뜻입니다. 疎는 ""발(𤴔)이 묶여(束) 사람들을 만나러 다닐 수 없다"" -> ""소원하다, 멀리하다""라는 뜻의 글자입니다.",음독은 ソ입니다. 특별한 점은 없습니다.,"疎い는 ""소원하다, 서먹하다, (사정에) 어둡다""라는 뜻의 형용사입니다. 疎む는 ""싫어하다, 친하게 생각지 않다, (꺼려) 멀리하다""라는 뜻의 타동사입니다. 예문) 関係が疎い 관계가 서먹하다 現地の事情に疎い 현지 사정에 어둡다 他人を疎む 타인을 멀리하다 組織から疎まれる 조직에서 따돌림당하다",no
1573,N1,仰,우러를 앙,"""우러를 앙"". 우러러보다",ギョウ、コウ,あお(ぐ)、おお(せ),"仰 = 亻 + 卬。 「亻」는 ""사람""을 뜻합니다. 「卬」는 ""우러러보다""라는 뜻입니다. 仰는 ""위대한 사람(亻)을 우러러보다(卬)"" -> ""우러러보다""라는 뜻의 글자입니다.",음독은 ギョウ、コウ입니다. 사용 빈도는 ギョウ가 훨씬 높습니다. コウ는信仰(신앙)을 제외하고는 거의 쓰이지 않는 음독입니다.,"仰ぐ는 ""우러러보다, 위를 보다, 추앙하다""라는 뜻의 타동사입니다. 仰せ는 ""분부, 명령, 말씀""을 뜻합니다.",no
1574,N1,剛,굳셀 강,"""굳셀 강"". 굳센",ゴウ,,"剛 = 岡 + 刂。 (소리부 겸 의미부)「岡」(コウ)는 ""강하다""라는 뜻입니다. (의미부)「刂」는 ""칼""을 뜻합니다. 剛는 ""강한(岡) 재질로 만들어진 칼(刂)"" -> ""굳세다""라는 뜻의 글자입니다. (岡는 소리부(コウ -> ゴウ)도 겸함)",음독은 ゴウ입니다. 특별한 점은 없습니다.,剛의 정식 훈독은 없습니다.,no
1575,N1,疾,병 질,"""병 질"". 질병, 빠르다",シツ,,"疾 = 疒 + 矢。 「疒」는 ""질병, 질환""을 뜻합니다. 「矢」는 ""화살""을 뜻합니다. 疾는 ""쏜살같이 날아온 화살(矢)에 맞아 다치다(疒)"" -> ""질병, 빠르다""라는 뜻의 글자입니다.",음독은 シツ입니다. 특별한 점은 없습니다.,疾의 정식 훈독은 없습니다.,no
1576,N1,征,칠 정,"""칠 정"". 정벌하다, 토벌하다",セイ,,"征 = 彳 + 正。 (의미부)「彳」는 ""길""을 뜻합니다. (소리부 겸 의미부)「正」(セイ)는 본래 ""적의 성문을 향해 진격하는 발""을 그린 글자입니다(링크 참조). 征는 ""적을 토벌하러(正) 길을 떠나다(彳)"" -> ""정벌하다, 토벌하다""라는 뜻의 글자입니다. (正는 소리부도 겸함)",음독은 セイ입니다. 특별한 점은 없습니다.,征의 정식 훈독은 없습니다.,no
1577,N1,砕,부술 쇄,"""부술 쇄"". 부서지다, 부수다",サイ,くだ(く)、くだ(ける),"砕 = 石 + 卆。 「石」는 ""돌""을 뜻합니다. 卆는 단순히「九」와「十」을 합쳐놓은 글자로, ""9(九) + 10(十)"" -> ""여러 개, 많다""라는 뜻입니다. 砕는 ""돌(石)을 수십 조각(卆)으로 분쇄하다"" -> ""부수다, 부서지다""라는 뜻의 글자입니다.",음독은 サイ입니다. 특별한 점은 없습니다.,"砕く는 ""부수다, 깨뜨리다, 분쇄하다""라는 뜻의 타동사입니다. 砕ける는 ""부서지다, 깨지다, 분쇄되다""라는 뜻의 2그룹 자동사입니다. 예문) 岩を砕く 바위를 부수다 氷を砕く 얼음을 깨뜨리다 砕けたガラスの破片깨진 유리 파편 波が砕ける 파도가 부서지다",no
1578,N1,謡,노래 요,"""노래 요"". 노래",ヨウ,うた(い)、うた(う),"謡 = 言 + ⺤ + 𠙻。 (의미부)「言」는 ""말하다""라는 뜻입니다. (소리부 겸 의미부)오른쪽의 ⺤+𠙻는 여기서는「揺」(ヨウ)가 축약된 것으로, ""흔들리다, 떨리다""라는 뜻입니다. 謡는 ""떨리는(揺) 목소리로 노래하다(言)"" -> ""노래하다""라는 뜻의 글자입니다. (揺는 소리부도 겸함)",음독은 ヨウ입니다. 특별한 점은 없습니다.,"謡い는 ""能楽(일본의 가면 음악극)의 가사""를 뜻합니다. 謡う는 ""能楽를 노래하다""라는 뜻의 타동사입니다. (두 단어 모두能楽라는 일본 전통 가면 음악극과 관련된 맥락에서만 제한적으로 쓰이는 단어입니다.)",no
1579,N1,嫁,시집갈 가,"""시집갈 가"". 시집가다",カ,よめ、とつ(ぐ),"嫁 = 女 + 家。 (의미부)「女」는 ""여자""를 뜻합니다. (소리부 겸 의미부)「家」(カ)는 ""집""을 뜻합니다. 嫁는 ""여자(女)가 남편의 집안(家)으로 시집가다"" -> ""시집가다""라는 뜻의 글자입니다. (家는 소리부도 겸함)",음독은 カ입니다. 특별한 점은 없습니다.,"嫁는 ""새신부, 아내, 며느리""를 뜻합니다. 嫁ぐ는 ""시집가다""라는 뜻의 자동사입니다.",no
1580,N1,謙,겸손할 겸,"""겸손할 겸"". 겸손하다",ケン,,"謙 = 言 + 兼。 (의미부)「言」는 ""말하다""라는 뜻입니다. (소리부 겸 의미부)「兼」(ケン)은 ""겸하다""라는 뜻의 상용한자입니다. 謙는 ""공손함과 예의를 함께(兼) 갖추어 말하다(言)"" -> ""겸손하다""라는 뜻의 글자입니다. (兼는 소리부도 겸함)",음독은 ケン입니다. 특별한 점은 없습니다.,謙의 정식 훈독은 없습니다.,no
1581,N1,后,뒤 후,"""뒤 후"". 왕비, 황후, 뒤",コウ,,"后는 ""땅바닥에 끌리는 긴 옷(𠂆)을 입고 걷는 황후""를 그린 상형문자입니다.",음독은 コウ입니다. 특별한 점은 없습니다.,后의 정식 훈독은 없습니다.,no
1582,N1,嘆,탄식할 탄,"""탄식할 탄"". 한탄하다, 탄식하다",タン,なげ(く)、なげ(かわしい),"嘆 = 口 + 𦰩。 「口」는 ""입""을 뜻합니다. 𦰩는 여기서는「漢」가 생략된 것으로, ""한나라""를 뜻합니다. 嘆는 ""한나라(漢)의 패망을 한탄하다(口)"" -> ""한탄하다, 탄식하다""라는 뜻의 글자입니다.",음독은 タン입니다. 특별한 점은 없습니다.,"嘆く는 ""한탄하다, 비탄하다, 개탄하다""라는 뜻의 자동사 겸 타동사입니다. 嘆かわしい는 ""한탄스럽다, 통탄스럽다""라는 뜻의 형용사입니다. 예문) 友の死を嘆く 친구의 죽음을 비탄하다 政界を腐敗を嘆く 정계의 부패를 개탄하다 嘆かわしい世の中한탄스러운 세상",no
1583,N1,菌,버섯 균,"""버섯 균"". 균, 세균, 곰팡이 등",キン,,"菌 = 艹 + 囗 + 禾。 「艹」는 ""풀""을 뜻합니다. 囗는 여기서는 ""창고""를 그린 모양자입니다. 「禾」는 ""곡식""을 뜻합니다. 菌는 ""창고(囗) 안의 곡식(禾)에 핀 곰팡이(艹)"" -> ""세균, 균""이라는 뜻의 글자입니다.",음독은 キン입니다. 특별한 점은 없습니다.,菌의 정식 훈독은 없습니다.,no
1584,N1,鎌,낫 겸,"""낫 겸"". 낫",,かま,"鎌 = 金 + 兼。 「金」는 ""쇠, 금속""을 뜻합니다. 「兼」는 본래 ""손에 볏단을 쥔 모습""을 그린 글자입니다(링크 참조). 鎌는 ""금속 낫(金)으로 짚단(兼)을 베다"" -> ""낫""이라는 뜻의 글자입니다.",鎌의 정식 음독은 없습니다.,"鎌는 ""낫""을 뜻합니다.",no
1585,N1,巣,새집 소,"""새집 소"". 둥지, 보금자리, 소굴",ソウ,す,"巣 = ⺍ + 田 + 木。 「木」는 ""나무""를 뜻합니다. ⺍+田는 여기서는 ""(나무 위의) 새 둥지""를 그린 모양자입니다. 巣는 ""나무(木) 위의 새 둥지(⺍+田)"" -> ""둥지, 보금자리, 소굴""이라는 뜻의 글자입니다.",음독은 ソウ입니다. 특별한 점은 없습니다.,"巣는 ""둥지, 보금자리, 소굴""을 뜻합니다.",no
1586,N1,頻,자주 빈,"""자주 빈"". 자주, 빈번한",ヒン,,"頻 = 歩 + 頁。 「歩」는 ""걷다""라는 뜻입니다. 「頁」는 ""얼굴""을 뜻합니다. 頻는 ""자주 찾아와(歩) 얼굴(頁)을 비추다"" -> ""자주, 빈번한""이라는 뜻의 글자입니다.",음독은 ヒン입니다. 특별한 점은 없습니다.,頻의 정식 훈독은 없습니다.,no
1587,N1,琴,거문고 금,"""거문고 금"". 거문고, 현악기",キン,こと,"琴 = 玨 + 今。 (의미부)玨는 여기서는 ""거문고의 줄""을 그린 모양자입니다. (소리부)「今」(キン)은 여기서는 소리부의 역할만 하고 있습니다. 琴는 ""거문고 줄(玨)"" -> ""거문고""라는 뜻의 글자입니다(今는 소리부).",음독은 キン입니다. 특별한 점은 없습니다.,"琴는 ""거문고""를 뜻합니다.",no
1588,N1,班,나눌 반,"""나눌 반"". 반, 조, 그룹, 나누다",ハン,,"班 = 𤣩 + 刂 + 𤣩。 「𤣩」는 ""옥, 구슬""을 뜻합니다. 「刂」는 ""칼""을 뜻합니다. 班는 ""칼(刂)로 옥(𤣩𤣩)을 반으로 가르다"" -> ""나누다"" -> ""반, 조, 그룹""이라는 뜻의 글자입니다.",음독은 ハン입니다. 특별한 점은 없습니다.,班의 정식 훈독은 없습니다.,no
1589,N1,棚,사다리 붕,"""사다리 붕"". 선반",,たな,"棚 = 木 + 朋。 「木」는 ""나무""를 뜻합니다. 朋는 여기서는 ""선반""의 모습을 그린 모양자입니다. 棚는 ""나무(木)로 만든 선반(朋)"" -> ""선반""이라는 뜻의 글자입니다.",棚의 정식 음독은 없습니다.,"棚는 ""선반""을 뜻합니다.",no
1590,N1,潔,깨끗할 결,"""깨끗할 결"". 깨끗한, 순결한",ケツ,いさぎよ(い),"潔 = 氵 + 絜。 「氵」는 ""물""을 뜻합니다. 龶는 여기서는 ""꿰맨 자국""을 그린 모양자입니다. 「刀」는 ""칼""을 뜻합니다. 「糸」는 ""실""을 뜻합니다. 潔는 ""베여서(刀)난 상처를 실(糸)로 꿰매고(龶)깨끗이 소독하다(氵)"" -> ""깨끗한, 순결한""이라는 뜻의 글자입니다.",음독은 ケツ입니다. 특별한 점은 없습니다.,"潔い는 ""(비겁하거나 미련이 없이) 깨끗하다, 결백하다, 떳떳하다""라는 뜻의 형용사입니다. 예문) 潔く負けを認める 깨끗이 패배를 인정하다 潔い最期を遂げる 깨끗한 최후를 마치다",no
1591,N1,酷,심할 혹,"""심할 혹"". 가혹한, 심한",コク,,"酷 = 酉 + 告。 (의미부)「酉」는 ""술""을 뜻합니다. (소리부 겸 의미부)「告」(コク)는 ""고하다, 알리다""라는 뜻입니다. 酷는 ""술김에(酉) 내뱉은(告) 잔혹한 말"" -> ""가혹한, 심한""이라는 뜻의 글자입니다. (告는 소리부도 겸함)",음독은 コク입니다. 특별한 점은 없습니다.,酷의 정식 훈독은 없습니다.,no
1592,N1,宰,재상 재,"""재상 재"". 주관하다, 재상",サイ,,"宰 = 宀 + 辛。 「宀」는 ""집""을 뜻합니다. 「辛」는 ""문신을 새기는 고문 도구""를 뜻합니다. 宰는 ""관청(宀)에서 형벌(辛)을 내리는 고급 관료"" -> ""주관하다, 재상""이라는 뜻의 글자입니다.",음독은 サイ입니다. 특별한 점은 없습니다.,宰의 정식 훈독은 없습니다.,no
1593,N1,廊,사랑채/행랑 랑,"""사랑채/행랑 랑"". 회랑, 복도",ロウ,,"廊 = 广 + 郎。 (의미부)「广」는 ""집, 건물""을 뜻합니다. (소리부 겸 의미부)「郎」(ロウ)는 ""신랑, 젊은 남성""을 뜻합니다. 廊는 ""집(广)에서집주인(郎)만 지나다닐 수 있는 전용 회랑"" -> ""회랑, 복도""라는 뜻의 글자입니다. (郎는 소리부도 겸함)",음독은 ロウ입니다. 특별한 점은 없습니다.,廊의 정식 훈독은 없습니다.,no
1594,N1,寂,고요할 적,"""고요할 적"". 적막한, 쓸쓸한, 고요한",ジャク、セキ,さび、さび(しい)、さび(れる),"寂 = 宀 + 叔。 「宀」는 ""집""을 뜻합니다. 「尗」는 ""식물의 줄기와 뿌리""를 그린 글자입니다. 「又」는 ""손""을 뜻합니다. 寂는 ""집(宀)에 홀로 남아 쓸쓸히 화초(尗)만 어루만지다(又)""-> ""적막한, 쓸쓸한, 고요한""이라는 뜻의 글자입니다.",음독은 ジャク、セキ입니다. 사용 빈도는 ジャク가 더 높으나 특별한 구분법은 없습니다.,"1.寂しい、寂れる 寂しい는 ""쓸쓸하다, (슬프고) 외롭다, 허전하다""라는 뜻의 형용사입니다. 「寂しい」라고 읽는 경우도 많습니다. 寂れる는 ""(번창하던 곳이) 쇠퇴하다, 쓸쓸해지다""라는 뜻의 2그룹 자동사입니다. 예문) 寂しい生活쓸쓸한 생활 一人寂しく暮らす 혼자 쓸쓸히 지내다 寂れた港町쇠퇴한 항구도시 歓楽街が寂れる 환락가가 쇠퇴하다 2.寂 寂는 ""예스러운 아취, 은근하고 깊은 정감""을 뜻합니다. 예문) 寂のついた茶碗아취가 있는 찻잔 寂のある声낮고 차분한 목소리",no
1595,N1,伏,엎드릴 복/안을 부,"""엎드릴 복/안을 부"". 엎드리다, 복종하다",フク,ふ(せる)、ふ(す),"伏 = 亻 + 犬。 「亻」는 ""사람""을 뜻합니다. 「犬」는 ""개""를 뜻합니다. 伏는 ""사람(亻)앞에 엎드린 개(犬)"" -> ""엎드리다, 복종하다""라는 뜻의 글자입니다.",음독은 フク입니다. 특별한 점은 없습니다.,"伏せる는 ""엎드리다, 숙이다""라는 뜻의 2그룹 타동사입니다. 伏す는 ""엎드리다""라는 뜻의 자동사입니다. 예문) 顔を伏せる 얼굴을 숙이다 地面に伏せて弾をよける 지면에 엎드려 탄알을 피하다 伏して泣く 엎드려 울다 岩陰に伏して身を隠す 바위 그늘에 엎드려 몸을 숨기다",no
1596,N1,碁,바둑 기,"""바둑 기"". 바둑",ゴ,,"碁 = 其 + 石。 (소리부)「其」(キ)는 여기서는 소리부(キ -> ゴ)의 역할만 하고 있습니다. (의미부)「石」는 ""돌""을 뜻합니다. 碁는 ""바둑돌(石)"" -> ""바둑""이라는 뜻의 글자입니다(其는 소리부). 참고) ""장기""를 뜻하는1395.「棋」와 함께 공부하시면 더 쉽게 기억하실 수 있습니다.",음독은 ゴ입니다. 특별한 점은 없습니다.,碁의 정식 훈독은 없습니다.,no
1597,N1,俗,풍속 속,"""풍속 속"". 풍속, 세속, 평범한",ゾク,,"俗 = 亻 + 谷。 (의미부)「亻」는 ""사람""을 뜻합니다. (소리부 겸 의미부)「谷」(コク)는 ""계곡""을 뜻합니다. 俗는 ""계곡(谷)에서 몸을 씻는 서민(亻)"" -> ""평범한, 세속적인, 풍속""이라는 뜻의 글자입니다. (谷는 소리부(コク -> ゾク)도 겸함)",음독은 ゾク입니다. 특별한 점은 없습니다.,俗의 정식 훈독은 없습니다.,no
1598,N1,漠,넓을 막,"""넓을 막"". 사막, 끝이 없는, 막연한",バク,,"漠 = 氵 + 莫。 (의미부)「氵」는 ""물""을 뜻합니다. (소리부 겸 의미부)「莫」(バク)는 ""없다""라는 뜻입니다. 漠는 ""물(氵)이 없는(莫) 곳"" -> ""사막"" -> ""끝이 없는, 막연한""이라는 뜻의 글자입니다. (莫는 소리부도 겸함)",음독은 バク입니다. 특별한 점은 없습니다.,漠의 정식 훈독은 없습니다.,no
1599,N1,邪,간사할 사,"""간사할 사"". 간사한, 사악한",ジャ,,"邪 = 牙 + ⻏。 牙(""어금니 아"")는 ""이, 어금니""를 뜻하는 상용한자입니다. 牙는 ""동물의 이가 서로 맞물리는 모습""을 그린 상형문자입니다. 「⻏」는 ""도시""를 뜻합니다. 邪는 ""도시(⻏)에 침입해 사람을 물어죽이는(牙) 맹수"" -> ""사악한, 간사한""이라는 뜻의 글자입니다.",음독은 ジャ입니다. 특별한 점은 없습니다.,邪의 정식 훈독은 없습니다.,no
1600,N1,晶,맑을 정,"""맑을 정"". 수정",ショウ,,"晶 = 日 + 日 + 日。 「日」는 ""태양""을 뜻합니다. 晶는 ""반짝반짝 빛나는(日日日) 보석"" -> ""수정""이라는 뜻의 글자입니다.",음독은 ショウ입니다. 특별한 점은 없습니다.,晶의 정식 훈독은 없습니다.,no
1601,N1,墨,먹 묵,"""먹 묵"". 먹",ボク,すみ,"墨 = 黒 + 土。 「黒」는 ""검정""을 뜻합니다. 「土」는 ""흙""을 뜻합니다. 墨는 ""검정색(黒) 진흙(土)"" -> ""먹""이라는 뜻의 글자입니다.",음독은 ボク입니다. 특별한 점은 없습니다.,"墨는 ""먹""을 뜻합니다.",no
1602,N1,鎮,진압할 진,"""진압할 진"". 진압하다, 진정시키다",チン,しず(める)、しず(まる),"鎮 = 金 + 真。 (의미부)「金」는 ""쇠, 금속""을 뜻합니다. (소리부 겸 의미부)「真」(シン)은 ""진실, 진심""을 뜻합니다. 鎮는 ""무거운 쇳덩이(金)로 진심(真)을 담아 내리치다"" -> ""진압하다, 진정시키다""라는 뜻의 글자입니다. (真는 소리부(シン -> チン)도 겸함)",음독은 チン입니다. 특별한 점은 없습니다.,"鎮まる는 ""(혼란/고통 등이) 진정되다""라는 뜻의 자동사입니다. 鎮める는 ""(혼란/고통 등을) 진정시키다, 진압하다""라는 뜻의 2그룹 타동사입니다.",no
1603,N1,洞,골 동/밝을 통,"""골 동/밝을 통"". 동굴, 구멍, 꿰뚫어 보다",ドウ,ほら,"洞 = 氵 + 同。 (의미부)「氵」는 ""물""을 뜻합니다. (소리부 겸 의미부)「同」(ドウ)는 여기서는 ""동굴의 입구""를 그린 모양자입니다. 洞는 ""지하수(氵)가 흐르는 동굴(同)"" -> ""동굴, 구멍, 꿰뚫어 보다""라는 뜻의 글자입니다. (同는 소리부도 겸함)",음독은 ドウ입니다. 특별한 점은 없습니다.,"洞는 ""굴, 동굴""을 뜻합니다.",no
1604,N1,履,밟을 리,"""밟을 리"". 발로 밟다, 행하다",リ,は(く),"履 = 尸 + 復。 「尸」는 ""앉다""라는 뜻입니다. 「復」는 ""되돌아가다, 회복하다""라는 뜻입니다. 履는 ""앉았던 자리(尸)로 되돌아가다(復)""라는 뜻입니다. ""지나온 길을 되밟아가다"" -> ""발로 밟다, 행하다""라는 의미입니다.",음독은 リ입니다. 특별한 점은 없습니다.,"履く는 ""(신발 등을) 신다""라는 뜻의 타동사입니다.",no
1605,N1,劣,못할 렬,"""못할 렬"". 못하다, 열등하다",レツ,おと(る),"劣 = 少 + 力。 「少」는 ""적다""라는 뜻입니다. 「力」는 ""힘""을 뜻합니다. 劣는 ""힘(力)이 적다(少)"" -> ""못하다, 열등하다""라는 뜻의 글자입니다.",음독은 レツ입니다. 특별한 점은 없습니다.,"劣る는 ""못하다, 뒤떨어지다""라는 뜻의 자동사입니다. 예문) 実力が劣る 실력이 뒤떨어지다 犬畜生にも劣るやつ 짐승만도 못한 놈 合成繊維は天然繊維に劣る 합성 섬유는 천연 섬유보다 뒤떨어진다",no
1606,N1,那,어찌 나,"""어찌 나"". 어째서, 찰나의",ナ,,"那는 본래 ""서역인""을 뜻하던 글자로, 서양인들의 수염과 머리칼을 그린 상형문자입니다. 그러나 지금은 본래의 뜻과는 아무 상관 없이 잡다한 의미로 사용되는 글자입니다. 즉, 那의 모양과 의미 사이에는 아무런 관계도 없습니다.",음독은 ナ입니다. 특별한 점은 없습니다.,那의 정식 훈독은 없습니다.,no
1607,N1,殴,때릴 구,"""때릴 구"". 때리다, 두드리다",オウ,なぐ(る),"殴 = 区 + 殳。 区는 여기서는 ""맞아서 생긴 흉터""를 그린 모양자입니다. 「殳」는 ""때리다, 치다""라는 뜻입니다. 殴는 ""흉터(区)가 남도록 때리다(殳)"" -> ""때리다, 두드리다""라는 뜻의 글자입니다.",음독은 オウ입니다. 특별한 점은 없습니다.,"殴る는 ""때리다, 치다""라는 뜻의 타동사입니다.",no
1608,N1,娠,아이 밸 신,"""아이 밸 신"". 잉태하다, 임신하다",シン,,"娠 = 女 +辰。 (의미부)「女」는 ""여자""를 뜻합니다. (소리부 겸 의미부)「辰」(シン)은""쟁기, 농기구""를 뜻합니다. 娠는 ""여자(女)의 자궁에 아기씨를 심어(辰) 임신시키다"" -> ""잉태하다, 임신하다""라는 뜻의 글자입니다. (辰는 소리부도 겸함)",음독은 シン입니다. 특별한 점은 없습니다.,娠의 정식 훈독은 없습니다.,no
1609,N1,奉,받들 봉,"""받들 봉"". 받들다, 섬기다",ホウ、ブ,たてまつ(る),"奉는 ""약초를 두 손으로 받들고 있는 모습""을 그린 상형문자입니다. ""약초를 두 손으로 받들어 바치다"" -> ""받들다, 섬기다""라는 의미입니다.",음독은 ホウ、ブ입니다. 사용 빈도는 ホウ가 훨씬 높습니다. ブ는 주로 종교적/역사적 맥락의 단어에서만 사용되는 음독입니다.,"奉る는 ""바치다, 헌상하다""라는 뜻의 타동사입니다.",no
1610,N1,憂,근심 우,"""근심 우"". 걱정, 근심",ユウ,うれ(える)、うれ(い)、う(い),"憂 = 頁 + 冖 + 心 + 夂。 「頁」는 ""머리""를 뜻합니다. 「心」는 ""마음""을 뜻합니다. 冖는 여기서는 ""마음(心)을 짓누르는 모습""을 표현한 모양자입니다. 「夂」는 ""발""을 뜻합니다. 憂는 ""머릿속(頁)의 걱정이 마음(心)을 짓눌러(冖) 발걸음(夂)이 무거운 사람"" -> ""걱정, 근심""이라는 뜻의 글자입니다.",음독은 ユウ입니다. 특별한 점은 없습니다.,"1.憂える、憂い 憂える는 ""걱정하다, 근심하다""라는 뜻의 2그룹 타동사입니다. 憂い는 ""근심, 걱정""을 뜻합니다. 예문) 国の前途を憂える 나라의 전망을 걱정하다 子供の将来を憂える 아이의 장래를 걱정하다 憂いを帯びた顔걱정스런 얼굴 憂い事が絶えない 근심 걱정이 끊이지 않는다 2.憂い 憂い는 ""안타깝다, 괴롭다, 고통스럽다""라는 뜻의 형용사입니다. 예문) 憂い世の中괴로운 세상 憂い思いに沈む 시름에 잠기다 참고) 憂い는 명사,憂い는 형용사입니다.",no
1611,N1,朴,순박할 박,"""순박할 박"". 꾸밈없는, 순박한",ボク,,"朴 = 木 + 卜。 「木」는 ""나무""를 뜻합니다. 「卜」는 ""점괘""를 뜻합니다. 朴는 ""나뭇가지(木)로 만든 싸구려 점술 도구(卜)"" -> ""소박하다, 순박하다""라는 뜻의 글자입니다.",음독은 ボク입니다. 특별한 점은 없습니다.,朴의 정식 훈독은 없습니다.,no
1612,N1,亭,정자 정,"""정자 정"". 정자, 건물",テイ,,"亭는 ""작은 정자""를 그린 상형문자입니다.",음독은 テイ입니다. 특별한 점은 없습니다.,亭의 정식 훈독은 없습니다.,no
1613,N1,怪,괴이할 괴,"""괴이할 괴"". 괴상한, 이상한, 진기한",カイ,あや(しい)、あや(しむ),"怪 = 忄 + 圣。 (의미부)「忄」는 ""마음""을 뜻합니다. (소리부 겸 의미부)「圣」(ケイ)는 ""지나가다""라는 뜻입니다. 怪는 ""섬뜩한 느낌이마음속(忄)을 스쳐 지나가다(圣)""-> ""괴이하다, 괴상하다""라는 뜻의 글자입니다. (圣는 소리부(ケイ -> カイ)도 겸함)",음독은 カイ입니다. 특별한 점은 없습니다.,"怪しい는 ""의심스럽다, 수상하다, 괴이하다""라는 뜻의 형용사입니다. 怪しむ는 ""수상히 여기다""라는 뜻의 타동사입니다.",no
1614,N1,酔,취할 취,"""취할 취"". (술에) 취하다, 심취하다",スイ,よ(う),"酔 = 酉 + 卆。 「酉」는 ""술""을 뜻합니다. 卆는 단순히「九」와「十」을 합쳐놓은 글자로, ""9(九) + 10(十)"" -> ""여러 개, 많다""라는 뜻입니다. 酔는 ""술(酉)을 너무 많이(卆) 마셔 취하다"" -> ""취하다, 심취하다""라는 뜻의 글자입니다.",음독은 スイ입니다. 특별한 점은 없습니다.,"酔う는 ""술에 취하다, 도취하다""라는 뜻의 자동사입니다.",no
1615,N1,惜,아낄 석,"""아낄 석"". 아쉬워하다, 아깝다",セキ,お(しい)、お(しむ),"惜 = 忄 + 昔。 (의미부)「忄」는 ""마음""을 뜻합니다. (소리부 겸 의미부)「昔」(セキ)는 ""옛날""을 뜻합니다. 惜는 ""지나간 일(昔)을 아쉬워하다(忄)"" -> ""아쉬워하다, 아깝다""라는 뜻의 글자입니다. (昔는 소리부도 겸함)",음독은 セキ입니다. 특별한 점은 없습니다.,"惜しい는 ""아깝다, 아쉽다, 분하다""라는 뜻의 형용사입니다. 惜しむ는 ""아끼다, 아쉬워하다""라는 뜻의 타동사입니다. 예문) 売るのは惜しい 팔기는 아깝다 惜しい勝負だった 아까운 승부였다(아쉽게 졌다) 惜しいところで失敗した 아깝게 실패했다 別れを惜しむ 작별을 아쉬워하다 行く春を惜しむ 가는 봄을 아쉬워하다",no
1616,N1,穫,거둘 확,"""거둘 확"". 수확하다",カク,,"穫 = 禾 + 蒦。 (의미부)「禾」는 ""곡식""을 뜻합니다. (소리부 겸 의미부)蒦는 여기서는「獲」(カク)가 축약된 것으로, ""얻다, 획득하다""라는 뜻입니다. 穫는 ""곡식(禾)을 획득하다(獲)"" -> ""수확하다""라는 뜻의 글자입니다. (蒦->獲는 소리부도 겸함)",음독은 カク입니다. 특별한 점은 없습니다.,穫의 정식 훈독은 없습니다.,no
1617,N1,佳,아름다울 가,"""아름다울 가"". 아름답다",カ,,"佳 = 亻 + 圭。 「亻」는 ""사람""을 뜻합니다. 圭는 ""흙더미(土+土)""라는 뜻입니다. 佳는 ""흙으로 빚은(圭) 예쁜 인형(亻)"" -> ""아름답다""라는 뜻의 글자입니다.",음독은 カ입니다. 특별한 점은 없습니다.,佳의 정식 훈독은 없습니다.,no
1618,N1,潤,불을 윤,"""불을 윤"". 물기가 있는, 윤기있는",ジュン,うるお(う)、うるお(す)、うる(む),"潤 = 氵 + 門 + 王。 「氵」는 ""물""을 뜻합니다. 「門」는 ""문""을 뜻합니다. 「王」는 ""왕""을 뜻합니다. 潤는 ""가뭄이 들어 사당(門)에서 비(氵)를 기원하는 기우제를지내는 왕(王)""이라는 뜻입니다. ""기우제"" -> ""비가 내리다"" -> ""물기가 있는, 윤기있는""이라는 의미입니다.",음독은 ジュン입니다. 특별한 점은 없습니다.,"1.潤う、潤す 潤う는 ""(알맞게) 촉촉해지다, 윤택해지다""라는 뜻의 자동사입니다. 潤す는 ""축이다, 적시다, 윤택하게 하다""라는 뜻의 타동사입니다. 예문) 雨で庭の木が潤う 비가 와서 정원의 나무가 물기를 머금다 生活が潤う 생활이 윤택해지다 お茶で喉を潤す 차로 목을 축이다 市民の暮らしを潤す 시민의 생활을 윤택하게 하다 2.潤む 潤む는 ""습기로 흐려지다, 눈물을 머금다""라는 뜻의 자동사입니다. 예문) メガネが潤む 안경에 김이 서리다 目が潤む 눈물을 글썽이다",no
1619,N1,悼,슬퍼할 도,"""슬퍼할 도"". 애도하다",トウ,いた(む),"悼 = 忄 + 卓。 「忄」는 ""마음""을 뜻합니다. 「卓」는 ""높다, 뛰어나다""라는 뜻입니다. 悼는 ""뛰어난(卓) 사람의 죽음을 애도하다(忄)"" -> ""애도하다""라는 뜻의 글자입니다.",음독은 トウ입니다. 특별한 점은 없습니다.,"悼む는 ""애도하다""라는 뜻의 타동사입니다.",no
1620,N1,乏,모자랄 핍,"""모자랄 핍"". 부족하다, 가난하다",ボウ,とぼ(しい),"乏는 𣥄가 변형된 것으로, 본래는「正」를 거꾸로 뒤집어 만든 글자입니다. ""바르다(正)의 반대(𣥄)"" -> ""잘못되다"" -> ""부족하다""라는 의미입니다. 그러나 지금은 글자의 형태가 많이 바뀌어, 본래의 의미를 유추하기 어렵게 되었습니다.",음독은 ボウ입니다. 특별한 점은 없습니다.,"乏しい는 ""모자라다, 부족하다, 적다, 가난하다""라는 뜻의 형용사입니다. 예문) 若くて経験に乏しい 젊어서 경험이 부족하다 達弁だが内容は乏しい 달변이지만 내용은 빈약하다 乏しい暮らし 가난한 생활",no
1621,N1,該,갖출/마땅 해,"""갖출/마땅 해"". 해박하다, 일치하다",ガイ,,"該 = 言 + 亥。 「言」는 ""말하다""라는 뜻입니다. 「亥」는 ""도축, 가공된 돼지""를 뜻합니다. 該는 ""세세한 부분까지 낱낱이 분해해(亥) 전부 설명하다(言)"" -> ""해박하다, 일치하다""라는 뜻의 글자입니다.",음독은 ガイ입니다. 특별한 점은 없습니다.,該의 정식 훈독은 없습니다.,no
1622,N1,赴,다다를/갈 부,"""다다를/갈 부"". 향해 가다, 달려가다",フ,おもむ(く),"赴 = 走 + 卜。 「走」는 ""달리다""라는 뜻입니다. 「卜」는 ""점, 점괘""를 뜻합니다. 赴는 ""점(卜)을 쳐서 나온 방향대로 달려가다(走)"" -> ""향해 가다, 달려가다""라는 뜻의 글자입니다.",음독은 フ입니다. 특별한 점은 없습니다.,"赴く는 ""향하다, 향하여 가다""라는 뜻의 자동사입니다. 예문) 京都に赴く 교토로 가다 遭難現場に直ちに赴く 조난 현장으로 즉시 향하다",no
1623,N1,桑,뽕나무 상,"""뽕나무 상"". 뽕나무",ソウ,くわ,"桑 = 叒 + 木。 「木」는 ""나무""를 뜻합니다. 叒는 여기서는 ""뽕잎""을 그린 모양자입니다. 桑는 ""뽕잎(叒)이 있는 나무(木)"" -> ""뽕나무""라는 뜻의 글자입니다.",음독은 ソウ입니다. 특별한 점은 없습니다.,"桑는 ""뽕나무""를 뜻합니다.",no
1624,N1,髄,골수 수,"""골수 수"". 골수",ズイ,,"髄 = 骨 + 迶。 (의미부)「骨」는 ""뼈""를 뜻합니다. (소리부 겸 의미부)迶는 여기서는「随」(ズイ)가 축약된 것으로, ""따르다""라는 뜻입니다. 髄는 ""뼈(骨)를 따라(随) 흐르는 액체"" -> ""골수""라는 뜻의 글자입니다. (迶->随는 소리부도 겸함)",음독은 ズイ입니다. 특별한 점은 없습니다.,髄의 정식 훈독은 없습니다.,no
1625,N1,虎,범 호,"""범 호"". 호랑이",コ,とら,"虎 = 虍 + 儿。 「虍」는 ""호랑이""를 뜻합니다. 儿는 여기서는 ""호랑이의 앞발""을 그린 모양자입니다. 虎는 ""호랑이(虍)의 앞발(儿)"" -> ""호랑이""라는 뜻의 글자입니다.",음독은 コ입니다. 특별한 점은 없습니다.,"虎는 ""호랑이, 범""을 뜻합니다.",no
1626,N1,盆,동이 분,"""동이 분"". 동이, 쟁반",ボン,,"盆 = 分 + 皿。 (소리부)「分」(ブン)은 여기서는 소리부(ブン -> ボン)의 역할만 하고 있습니다. (의미부)「皿」는 ""그릇, 접시""를 뜻합니다. 盆는 ""커다란 그릇(皿)"" -> ""동이, 쟁반""이라는 뜻의 글자입니다(分는 소리부).",음독은 ボン입니다. 특별한 점은 없습니다.,盆의 정식 훈독은 없습니다.,no
1627,N1,穂,이삭 수,"""이삭 수"". 이삭",スイ,ほ,"穂 = 禾 + 恵。 「禾」는 ""곡식""을 뜻합니다. 「恵」는 ""은혜""를 뜻합니다. 穂는 ""곡식(禾)이 주는 은혜(恵)"" -> ""이삭""이라는 뜻의 글자입니다.",음독은 スイ입니다. 특별한 점은 없습니다.,훈독은 ほ입니다. 특별한 점은 없습니다.,no
1628,N1,壮,씩씩할 장,"""씩씩할 장"". 장하다, 사내답다, 굳세다",ソウ,,"壮 = 丬 + 士。 「丬」는 ""탁자""를 뜻합니다. 「士」는 ""선비, 무사""를 뜻합니다. 壮는 ""거대한 탁자(丬)를 한 손으로 든 무사(士)"" -> ""장하다, 씩씩하다""라는 뜻의 글자입니다.",음독은 ソウ입니다. 특별한 점은 없습니다.,壮의 정식 훈독은 없습니다.,no
1629,N1,堤,둑 제,"""둑 제"". 제방, 둑",テイ,つつみ,"堤 = 土 + 是。 (의미부)「土」는 ""흙""을 뜻합니다. (소리부 겸 의미부)「是」(ゼ)는 ""옳다, 바르다""라는 뜻입니다. 堤는 ""흙(土)을 바르게(是) 쌓아 둑을 만들다"" -> ""둑, 제방""이라는 뜻의 글자입니다. (是는 소리부(ゼ -> テイ)도 겸함)",음독은 テイ입니다. 특별한 점은 없습니다.,"堤는 ""제방, 둑""을 뜻합니다.",no
1630,N1,飢,주릴 기,"""주릴 기"". 굶주리다",キ,う(える),"飢 = 食 +几。 「食」는 ""먹다""라는 뜻입니다. 几는 여기서는 ""살가죽""을 그린 모양자입니다(986.「肌」모양 해설 참조). 飢는 ""밥(食)을 먹지 못해 살가죽(几)이 등에 붙다"" -> ""굶주리다""라는 뜻의 글자입니다.",음독은 キ입니다. 특별한 점은 없습니다.,"飢える는 ""굶주리다""라는 뜻의 2그룹 자동사입니다. 예문) 飢えた猛獣굶주린 맹수 愛情に飢える 애정에 굶주리다",no
1631,N1,傍,곁 방,"""곁 방"". 곁, 옆",ボウ,かたわ(ら),"傍 = 亻 + 立 + 方。 (의미부)「亻」는 ""사람""을 뜻합니다. (의미부)「立」는 ""서다""라는 뜻입니다. (소리부 겸 의미부)「方」(ホウ)는 ""방향""을 뜻합니다. 傍는 ""옆쪽(方)에 서있는(立) 사람(亻)"" -> ""곁, 옆""이라는 뜻의 글자입니다. (方는 소리부(ホウ -> ボウ)도 겸함)",음독은 ボウ입니다. 특별한 점은 없습니다.,"傍ら는 ""곁, 옆, 가""를 뜻합니다. 예문) 母の傍らで子供が遊ぶ 어머니 곁에서 아이가 놀다 道の傍らに咲く花길가에 피는 꽃",no
1632,N1,疫,전염병 역,"""전염병 역"". 역병, 전염병",エキ、ヤク,,"疫 = 疒 + 殳。 (의미부)「疒」는 ""병, 질병""을 뜻합니다. (소리부)殳는 여기서는「役」(エキ・ヤク)가 축약된 것으로, 소리부의 역할만 하고 있습니다. 疫는 ""전염되는 질병(疒)"" -> ""전염병, 역병""이라는 뜻의 글자입니다(殳->役는 소리부).",음독은 エキ、ヤク입니다. 사용 빈도는 エキ가 훨씬 높습니다.,疫의 정식 훈독은 없습니다.,no
1633,N1,累,묶을/여러 루,"""묶을/여러 루"". 쌓이다, 겹치다, 묶이다",ルイ,,"累 = 田 + 糸。 「糸」는 ""실""을 뜻합니다. 田는 여기서는 ""털실이 차곡차곡 쌓여 포개진 모습""을 그린 모양자입니다. 累는 ""겹겹이 쌓여 포개진(田)털실(糸)"" -> ""쌓이다, 겹치다, 묶이다""라는 뜻의 글자입니다.",음독은 ルイ입니다. 특별한 점은 없습니다.,累의 정식 훈독은 없습니다.,no
1634,N1,痴,어리석을 치,"""어리석을 치"". 어리석다",チ,,"痴 = 疒 + 知。 (의미부)「疒」는 ""병, 질병""을 뜻합니다. (소리부 겸 의미부)「知」(チ)는 ""알다, 지식""을 뜻합니다. 痴는 ""지적(知)인 측면의 질병(疒)"" -> ""멍청하다, 어리석다""라는 뜻의 글자입니다. (知는 소리부도 겸함)",음독은 チ입니다. 특별한 점은 없습니다.,痴의 정식 훈독은 없습니다.,no
1635,N1,搬,옮길 반,"""옮길 반"". 옮기다, 나르다",ハン,,"搬 = 扌 + 般。 (의미부)「扌」는 ""손""을 뜻합니다. (소리부 겸 의미부)「般」(ハン)은 본래 ""고기잡이 배""를 그린 글자입니다(링크 참조). 搬은 ""배에서 잡은 고기(般)를 육지로 운반하다(扌)"" -> ""옮기다, 나르다""라는 뜻의 글자입니다. (般는 소리부도 겸함)",음독은 ハン입니다. 특별한 점은 없습니다.,搬의 정식 훈독은 없습니다.,no
1636,N1,癒,병 나을 유,"""병 나을 유"". 치유하다",ユ,い(える)、い(やす),"癒 = 疒 + 俞 + 心。 (의미부)「疒」는 ""병, 질병""을 뜻합니다. (소리부 겸 의미부)「俞」(ユ)는 ""보내다""라는 뜻입니다. (의미부)「心」는 ""마음""을 뜻합니다. 癒는 ""마음(心)의 병(疒)을 훨훨 날려보내다(俞)"" -> ""치유하다""라는 뜻의 글자입니다. (俞는 소리부도 겸함)",음독은 ユ입니다. 특별한 점은 없습니다.,"癒える는 ""치유되다, 낫다, 아물다""라는 뜻의 2그룹 자동사입니다. 癒やす는 ""치유하다, 고치다""라는 뜻의 타동사입니다.",no
1637,N1,寸,마디 촌,"""마디 촌"". 촌(길이의 단위), 극히 조금",スン,,"寸는 ""손과 손목""을 본따 그린 상형문자입니다. ""손끝에서 손목까지의 길이"" -> ""촌, 조금""이라는 의미입니다.",음독은 スン입니다. 특별한 점은 없습니다.,寸의 정식 훈독은 없습니다.,no
1638,N1,郭,둘레/외성 곽,"""둘레/외성 곽"". 외곽, 둘레, 성곽",カク,,"郭 = 享 + ⻏。 「享」는 ""모자를 쓴 아이""를 뜻합니다. 「⻏」는 ""도시""를 뜻합니다. 郭는 ""도시(⻏) 바깥의 성곽에서 놀고있는 아이(享)"" -> ""외곽, 둘레, 성곽""이라는 뜻의 글자입니다.",음독은 カク입니다. 특별한 점은 없습니다.,郭의 정식 훈독은 없습니다.,no
1639,N1,尿,오줌 뇨,"""오줌 뇨"". 소변, 오줌",ニョウ,,"尿 = 尸 + 水。 「尸」는 ""앉아있는 사람""을 뜻합니다. 「水」는 ""물""을 뜻합니다. 尿는 ""여자가 앉아서(尸) 소변을(水) 보다"" -> ""소변""이라는 뜻의 글자입니다.",음독은 ニョウ입니다. 특별한 점은 없습니다.,尿의 정식 훈독은 없습니다.,no
1640,N1,凶,흉할 흉,"""흉할 흉"". 간악한, 흉한, 불길한",キョウ,,"凶는 ""함정(凵)에 빠진 사람(メ)""을 그린 상형문자입니다. ""함정에 빠지다"" -> ""불길하다, 흉하다, 간악하다""라는 의미입니다.",음독은 キョウ입니다. 특별한 점은 없습니다.,凶의 정식 훈독은 없습니다.,no
1641,N1,吐,토할 토,"""토할 토"". 토하다",ト,は(く),"吐 = 口 + 土。 (의미부)「口」는 ""입""을 뜻합니다. (소리부 겸 의미부)「土」(ト)는 ""흙, 땅""을 뜻합니다. 吐는 ""땅바닥(土)에 토하다(口)"" -> ""토하다""라는 뜻의 글자입니다. (土는 소리부도 겸함)",음독은 ト입니다. 특별한 것은 없습니다.,"吐く는 ""토하다, 내뱉다""라는 뜻입니다.",no
1642,N1,宴,잔치 연,"""잔치 연"". 잔치, 연회",エン,,"宴 = 宀 + 曰 + 女。 「宀」는 ""집""을 뜻합니다. 「曰」는 ""말하다""라는 뜻입니다. 「女」는 ""여자""를 뜻합니다. 宴는 ""집(宀)에서 여자(女)를 끼고 왁자지껄 떠들며(曰) 연회를 벌이다"" -> ""연회, 잔치""라는 뜻의 글자입니다.",음독은 エン입니다. 특별한 점은 없습니다.,宴의 정식 훈독은 없습니다.,no
1643,N1,賓,손 빈,"""손 빈"". 귀한 손님",ヒン,,"賓 = 宀 + 一 + 少 + 貝。 「宀」는 ""집""을 뜻합니다. 「一」는 ""하나""를 뜻합니다. 「少」는 ""적다""라는 뜻입니다. 「貝」는 ""돈, 재물""을 뜻합니다. 賓는 ""가끔(少) 한 번씩(一) 집에(宀) 찾아오는 돈 많은(貝) 손님"" -> ""귀한 손님""이라는 뜻의 글자입니다.",음독은 ヒン입니다. 특별한 점은 없습니다.,賓의 정식 훈독은 없습니다.,no
1644,N1,虜,사로잡을 로,"""사로잡을 로"". 포로",リョ,,"虜 = 虍 + 男。 「虍」는 ""호랑이""를 뜻합니다. 「男」는 ""사내, 남성""을 뜻합니다. 虜는 ""호랑이(虍)에게 잡힌 사내(男)"" -> ""포로, 사로잡다""라는 뜻의 글자입니다.",음독은 リョ입니다. 특별한 점은 없습니다.,虜의 정식 훈독은 없습니다.,no
1645,N1,陶,질그릇 도,"""질그릇 도"". 질그릇, 빚어 만들다, 황홀함",トウ,,"陶 = ⻖ + 匋。 ⻖는 여기서는 ""(질그릇을 굽는) 가마""를 그린 모양자입니다. 匋는 ""허리를 숙인 채(勹) 절굿공이(午)를 들고 절구(凵)에 빻는 사람""을 그린 상형문자입니다. 아래 그림을 참조해 주세요. 여기서는 ""절구를 빻다"" -> ""진흙을 빚다""라는 뜻으로 응용된 것입니다. 「匋」 陶는 ""진흙을 빚어서(匋)가마(⻖)에 넣고 구워 질그릇을 만들다"" -> ""질그릇, 빚어 만들다, 황홀함""이라는 뜻의 글자입니다.",음독은 トウ입니다. 특별한 점은 없습니다.,陶의 정식 훈독은 없습니다.,no
1646,N1,鐘,쇠북 종,"""쇠북 종"". 종",ショウ,かね,"鐘 = 金 + 童。 「金」는 ""쇠, 금속""을 뜻합니다. 「童」는 ""아이""를 뜻합니다. 鐘는 ""쇠종(金)을 치는 동자승(童)"" -> ""종""이라는 뜻의 글자입니다.",음독은 ショウ입니다. 특별한 점은 없습니다.,"鐘는 ""종""을 뜻합니다.",no
1647,N1,憾,섭섭할 감,"""섭섭할 감"". 섭섭하다, 유감",カン,,"憾 = 忄 + 感。 (의미부)「忄」는 ""마음""을 뜻합니다. (소리부 겸 의미부)「感」(カン)은 ""감정""을 뜻합니다. 憾는 ""섭섭한 마음(忄)의 감정(感)"" -> ""섭섭함, 유감""이라는 뜻의 글자입니다. (感는 소리부도 겸함)",음독은 カン입니다. 특별한 점은 없습니다.,憾의 정식 훈독은 없습니다.,no
1648,N1,磁,자석 자,"""자석 자"". 자석",ジ,,"磁 = 石 + 兹。 (의미부)「石」는 ""돌""을 뜻합니다. (소리부 겸 의미부)「兹」(ジ)는 ""담장에 붙어 자라난 덩굴""을 그린 글자입니다. 磁는 ""금속이 달라붙는(兹) 돌(石)"" -> ""자석""이라는 뜻의 글자입니다. (兹는 소리부도 겸함)",음독은 ジ입니다. 특별한 점은 없습니다.,磁의 정식 훈독은 없습니다.,no
1649,N1,弥,두루 미,"""두루 미"". 퍼지다, 두루 미치다, 깁다",ビ、ミ,や,"弥 = 弓 +尔。 「弓」는 ""활""을 뜻합니다. 尔는 여기서는 ""화살(小)이 날아가 꽂히는 모습""을 그린 모양자입니다. 弥는 ""활(弓)을 쏘아 화살을 멀리 날리다(尔)"" -> ""퍼지다, 두루 미치다, 깁다""라는 뜻의 글자입니다.","음독은 ビ、ミ입니다. ミ는 범어의 음역(弥勒미륵,阿弥陀아미타 등)으로 쓰이는 음독입니다.",훈독은 や입니다. 특별한 점은 없습니다.,no
1650,N1,昆,맏/벌레 곤,"""맏/벌레 곤"". 후손, 곤충",コン,,"昆 = 日 + 比。 「日」는 ""태양""을 뜻합니다. 「比」는 본래 ""나란히 서 있는 사람들""을 그린 글자입니다(링크 참조). 昆는 ""태양(日) 아래 늘어선 사람들(比)""이라는 뜻입니다. 이라는 의미입니다.",음독은 コン입니다. 특별한 점은 없습니다.,昆의 정식 훈독은 없습니다.,no
1651,N1,粗,거칠 조,"""거칠 조"". 거친, 조잡한",ソ,あら(い),"粗 = 米 + 且。 (의미부)「米」는 ""쌀""을 뜻합니다. (소리부 겸 의미부)「且」(ソ)는 ""비석, 조상, 장례""를 뜻합니다. 粗는 ""제사(且)에 쓰는 생쌀(米)"" -> ""거친, 조잡한""이라는 뜻의 글자입니다. (且는 소리부도 겸함)",음독은 ソ입니다. 특별한 점은 없습니다.,"粗い는 ""성기다, (표면이) 거칠다, 조잡하다/엉성하다""라는 뜻의 형용사입니다. 예문) 目の粗い網그물코가 성긴 그물 木目の粗い肌살결이 거친 피부 粗い計画대략적인 계획 細工が粗い 세공이 엉성하다 作り方が粗い 만듦새가 조잡하다",no
1652,N1,訂,바로잡을 정,"""바로잡을 정"". 수정하다, 고치다, 바로잡다",テイ,,"訂 = 言 + 丁。 (의미부)「言」는 ""말하다""라는 뜻입니다. (소리부 겸 의미부)「丁」(テイ)는 ""못""을 뜻합니다. 여기서는 ""못질하다"" -> ""수리하다, 고치다""라는 뜻으로 쓰인 것입니다. 訂는 ""말(言)을 고치다(丁)"" -> ""수정하다, 바로잡다""라는 뜻의 글자입니다. (丁는 소리부도 겸함)",음독은 テイ입니다. 특별한 점은 없습니다.,訂의 정식 훈독은 없습니다.,no
1653,N1,芽,싹 아,"""싹 아"". 싹, 새싹",ガ,め,"芽 = 艹 + 牙。 (의미부)「艹」는 ""풀""을 뜻합니다. (소리부 겸 의미부)牙(ガ - ""어금니 아"")는 ""이, 어금니""를 뜻하는 상용한자입니다. 牙는 ""동물의 이가 서로 맞물리는 모습""을 그린 상형문자입니다. 芽는 ""아기의 이(牙)가 나듯 새싹(艹)이 돋아나다"" -> ""새싹""이라는 뜻의 글자입니다. (牙는 소리부도 겸함)",음독은 ガ입니다. 특별한 점은 없습니다.,"芽는 ""싹""을 뜻합니다.",no
1654,N1,傘,우산 산,"""우산 산"". 우산",サン,かさ,"傘는 ""우산을 펼친 모습""을 본따 그린 상형문자입니다.",음독은 サン입니다. 특별한 점은 없습니다.,"傘는 ""우산""을 뜻합니다.",no
1655,N1,騎,말 탈 기,"""말 탈 기"". 말을 타다",キ,,"騎 = 馬 + 奇。 (의미부)「馬」는 ""말""을 뜻합니다. (소리부 겸 의미부)「奇」(キ)는 본래 ""짐보따리를 든 사람""을 그린 글자입니다(링크 참조). 騎는 ""짐을 들고(奇)말(馬) 위에 올라타다"" -> ""말을 타다""라는 뜻의 글자입니다. (奇는 소리부도 겸함)",음독은 キ입니다. 특별한 점은 없습니다.,騎의 정식 훈독은 없습니다.,no
1656,N1,寧,편안할 녕,"""편안할 녕"". 편안한, 안정된, 정중한",ネイ,,"寧 = 宀 + 心 + 罒 + 丁。 「宀」는 ""집""을 뜻합니다. 「心」는 ""마음""을 뜻합니다. 丁는 여기서는 ""탁자""를 그린 모양자입니다. 罒는 여기서는 ""(탁자 위의) 음식""을 그린 모양자입니다. 寧는 ""살 집(宀)과 먹을 음식(罒+丁)이 있으니 마음(心)이 편안하다"" -> ""편안한, 안정된, 정중한""이라는 뜻의 글자입니다.",음독은 ネイ입니다. 특별한 점은 없습니다.,寧의 정식 훈독은 없습니다.,no
1657,N1,循,돌 순,"""돌 순"". 순환하다, 따라서 돌다",ジュン,,"循 = 彳 + 盾。 (의미부)「彳」는 ""길""을 뜻합니다. (소리부 겸 의미부)「盾」(ジュン)은 ""방패""를 뜻합니다. 循은 ""방패(盾)를 들고 길(彳)을 돌며 순찰하다"" -> ""순환하다, 따라서 돌다""라는 뜻의 글자입니다. (盾는 소리부도 겸함)",음독은 ジュン입니다. 특별한 점은 없습니다.,循의 정식 훈독은 없습니다.,no
1658,N1,忍,참을 인,"""참을 인"". 참다, 견디다",ニン,しの(ぶ)、しの(ばせる),"忍 = 刃 + 心。 刃(""칼날 인"")은 ""칼날""을 뜻하는 상용한자입니다. 刃 = 刀 + 丶。 「刀」는 ""칼""을 뜻합니다. 丶는 여기서는 ""칼날"" 부분을 강조한 모양자입니다. 刃는 ""칼(刀)의 칼날(丶)"" -> ""칼날""이라는 뜻의 글자입니다. 「心」는 ""마음""을 뜻합니다. 忍는 ""마음(心)을 찌르는(刃) 고통을 견디다"" -> ""참다, 견디다""라는 뜻의 글자입니다.",음독은 ニン입니다. 특별한 점은 없습니다.,"忍ぶ는 ""참다, 견디다""라는 뜻의 타동사, ""숨다, 숨기다""라는 뜻의 자동사 겸 타동사입니다. 忍ばせる는 ""숨겨 놓다, 숨기다""라는 뜻의 2그룹 타동사입니다. 예문) 苦痛を忍ぶ 고통을 참다 人目を忍んで暮らす 남의 눈을 피해 살다 木陰に身を忍ばせる 나무 그늘에 몸을 숨기다",no
1659,N1,怠,게으를 태,"""게으를 태"". 게으르다",タイ,おこた(る)、なま(ける),"怠 = 台 + 心。 (소리부)「台」(タイ)는 여기서는 소리부의 역할만 하고 있습니다. (의미부)「心」는 ""마음""을 뜻합니다. 怠는 ""게으른 심성(心)"" -> ""게으르다""라는 뜻의 글자입니다(台는 소리부).",음독은 タイ입니다. 특별한 점은 없습니다.,"怠る는 ""게으름을 피우다, 태만히 하다""라는 뜻의 자동사입니다. 怠ける는 ""게으름을 피우다, 게을리하다""라는 뜻의 2그룹 자동사/타동사입니다. 둘의 차이점은 다음과 같습니다. 다만 엄격하게 구분되는 차이는 아니고, 잘 모르겠을 땐 아무 쪽이나 써도 큰 문제는 없습니다. 아래 예문을 참조해 주세요. 예문) 監視を怠る 감시를 게을리하다 学業を怠る 학업을 게을리하다 勉強を怠けている 공부를 게을리하고 있다 病気に寄せて怠ける 병을 핑계 삼아 게으름피우다",no
1660,N1,如,같을 여,"""같을 여"". 그대로, 같은",ジョ、ニョ,,"如 = 女 + 口。 (소리부 겸 의미부)「女」(ジョ・ニョ)는 ""여자""를 뜻합니다. (의미부)「口」는 ""입""을 뜻합니다. 如는 ""여자(女)가 남성의 지시(口)대로 순종하다"" -> ""그대로 따르다"" -> ""그대로, 같은""이라는 뜻의 글자입니다. (女는 소리부도 겸함)",음독은 ジョ、ニョ입니다. 특별한 구분법은 없습니다.,如의 정식 훈독은 없습니다.,no
1661,N1,寮,동관 료,"""동관 료"". 기숙사",リョウ,,"寮 = 宀 + 尞。 (의미부)「宀」는 ""집""을 뜻합니다. (소리부 겸 의미부)「尞」(リョウ)는 ""횃불""을 뜻합니다. 寮는 ""불이 환하게 켜진(尞) 집(宀)"" -> ""기숙사""라는 뜻의 글자입니다. (尞는 소리부도 겸함)",음독은 リョウ입니다. 특별한 점은 없습니다.,寮의 정식 훈독은 없습니다.,no
1662,N1,鉛,납 연,"""납 연"". 납",エン,なまり,"鉛 = 金 + 㕣。 (의미부)「金」는 ""쇠, 금속""을 뜻합니다. (소리부)㕣는 여기서는「沿」(エン)이 축약된 것으로, 소리부의 역할만 하고 있습니다. 鉛는 ""무거운 금속(金)"" -> ""납""이라는 뜻의 글자입니다(㕣->沿는 소리부).",음독은 エン입니다. 특별한 점은 없습니다.,"鉛는 ""납""을 뜻합니다.",no
1663,N1,珠,구슬 주,"""구슬 주"". 구슬, 진주",シュ,,"珠 = 𤣩 + 朱。 (의미부)「𤣩」는 ""구슬, 보석""을 뜻합니다. (소리부 겸 의미부)朱(シュ - ""붉을 주"")는 ""주홍색""을 뜻하는 상용한자입니다. 朱 = 𠂉 + 木。 「木」는 ""나무""를 뜻합니다. 𠂉는 여기서는 단순히 구분을 위한 장식으로 추가된 것입니다. 朱는 본래 ""적심목""이라는 붉은 빛을 띤 나무를 뜻하기 위해 만들어진 글자입니다. ""붉은색 나무(木)"" -> ""주홍색""이라는 의미입니다. 珠는 ""주홍색(朱) 구슬(𤣩)"" -> ""구슬, 진주""라는 뜻의 글자입니다(朱는 소리부도 겸함).",음독은 シュ입니다. 특별한 점은 없습니다.,珠의 정식 훈독은 없습니다.,no
1664,N1,凝,엉길 응,"""엉길 응"". 엉기다",ギョウ,こ(る)、こ(らす),"凝 = 冫 + 疑。 (의미부)「冫」는 ""얼음""을 뜻합니다. (소리부)「疑」(ギ)는 여기서는 소리부(ギ -> ギョウ)의 역할만 하고 있습니다. 凝는 ""얼음(冫)이 얼어붙어 뭉치다"" -> ""엉기다""라는 뜻의 글자입니다(疑는 소리부).",음독은 ギョウ입니다. 특별한 점은 없습니다.,"凝る는 ""엉기다/응고하다, 열중하다/몰두하다""라는 뜻의 자동사입니다. 凝らす는 ""엉기게 하다, (마음/눈/귀 등을) 한 곳에 집중시키다""라는 뜻의 타동사입니다. 예문) 血が凝る 피가 엉기다 野球に凝る 야구에 몰두하다 目を凝らして見る 눈을 부릅뜨고 보다 思いを凝らす 골똘히 생각하다 工夫を凝らした作品머리를 짜낸 작품",no
1665,N1,苗,모 묘,"""모 묘"". 모종, 곡식",ビョウ,なえ、なわ,"苗 = 艹 + 田。 「艹」는 ""풀""을 뜻합니다. 「田」는 ""밭""을 뜻합니다. 苗는 ""밭(田)에 심어놓은 어린 싹(艹)"" -> ""모종, 곡식""이라는 뜻의 글자입니다.",음독은 ビョウ입니다. 특별한 점은 없습니다.,"苗는 ""모종, 볏모""를 뜻합니다.",no
1666,N1,獣,짐승 수,"""짐승 수"". 짐승",ジュウ,けもの,"獣 = 兽 + 犬。 兽는「単」가 변형된 것으로, 본래 ""사냥에 쓰이던 무기""를 그린 글자입니다(링크 참조). 「犬」는 ""개""를 뜻합니다. 獣는 ""사냥용 무기(兽)와 사냥개(犬)로 짐승을 사냥하다"" -> ""짐승""이라는 뜻의 글자입니다.",음독은 ジュウ입니다. 특별한 점은 없습니다.,"獣는 ""짐승""을 뜻합니다.",no
1667,N1,哀,슬플 애,"""슬플 애"". 슬프다, 가엾다",アイ,あわ(れ)、あわ(れむ),"哀 = 衣 + 口。 「衣」는 ""옷""을 뜻합니다. 「口」는 ""입""을 뜻합니다. 哀는 ""상복(衣)을 입고 슬피 울다(口)"" -> ""슬프다, 가엾다""라는 뜻의 글자입니다.",음독은 アイ입니다. 특별한 점은 없습니다.,"哀れ는 ""불쌍함, 가련함, 비참함""을 뜻합니다. 哀れむ는 ""가엾이 여기다""라는 뜻의 타동사입니다. 예문) 哀れな孤児불쌍한 고아 哀れな声で泣く 애처로운 목소리로 울다 哀れむような眼差しで見つめる 측은한 눈빛으로 바라보다 孤児を哀れんで引き取る 고아를 가엾이 여겨 떠맡다",no
1668,N1,跳,뛸 도,"""뛸 도"". 뛰어오르다, 도약하다",チョウ,は(ねる)、と(ぶ),"跳 = 足 + 兆。 (의미부)「足」는 ""발""을 뜻합니다. (소리부 겸 의미부)「兆」(チョウ)는 여기서는 ""두 팔을 휘두르며 방방 뛰는 모습""을 그린 모양자입니다. 跳는 ""발(足)을 구르며 방방 뛰다(兆)"" -> ""뛰어오르다, 도약하다""라는 뜻의 글자입니다. (兆는 소리부도 겸함)",음독은 チョウ입니다. 특별한 점은 없습니다.,"跳ねる는 ""뛰다, 뛰어오르다""라는 뜻의 2그룹 자동사입니다. 跳ぶ는 ""뛰다, 도약하다, 뛰어넘다""라는 뜻의 자동사로,跳ねる보다 큰 움직임을 뜻하는 동사입니다. 예문) 子供が喜んでぴょんぴょん跳ねる 아이가 기뻐서 깡총깡총 뛰다 ウサギがぴょんぴょん跳ねる 토끼가 깡총깡총 뛰다 跳び箱を跳ぶ 뜀틀을 뛰어넘다 階段を跳んでおりる 계단을 뛰어내리다",no
1669,N1,匠,장인 장,"""장인 장"". 장인, 기술자, 목공",ショウ,,"匠 = 匚 + 斤。 「斤」는 ""도끼""를 뜻합니다. 匚는 여기서는 ""도끼를 넣어두는 목공 도구 상자""를 그린 모양자입니다. 匠는 ""도끼(斤)가 든 목공 도구 상자(匚)"" -> ""목공, 기술자, 장인""이라는 뜻의 글자입니다.",음독은 ショウ입니다. 특별한 점은 없습니다.,匠의 정식 훈독은 없습니다.,no
1670,N1,垂,드리울 수,"""드리울 수"". 드리우다, 매달리다",スイ,た(れる)、た(らす),"垂는 ""풀잎이 드리워져 있는 모습""을 그린 상형문자입니다.",음독은 スイ입니다. 특별한 점은 없습니다.,"垂れる는 ""드리워지다, 늘어지다""라는 뜻의 2그룹 자동사, ""늘어뜨리다, 드리우다""라는 뜻의 2그룹 타동사입니다. 垂らす는 ""늘어뜨리다, 드리우다""라는 뜻의 타동사입니다. 예문) 雲が低く垂れる 구름이 낮게 드리우다 耳の垂れた犬귀가 늘어진(처진) 개 白い布を屋上から垂れる 흰 천을 옥상에서 늘어뜨리다 釣り糸を垂らす 낚싯줄을 드리우다 屋上からロープを垂らす 옥상에서 로프를 늘어뜨리다 よだれを垂らす 침을 흘리다",no
1671,N1,蛇,긴 뱀 사,"""긴 뱀 사"". 뱀",ジャ、ダ,へび,"蛇 = 虫 + 宀 + 匕。 虫는 여기서는 ""또아리를 튼 뱀""을 그린 모양자입니다. 「宀」는 ""집""을 뜻합니다. 「匕」는 ""넘어져있는 사람""을 뜻합니다. 蛇는 ""집(宀)에 들어온 뱀(虫)에게 물려 쓰러진 사람(匕)"" -> ""뱀""이라는 뜻의 글자입니다.",음독은 ジャ、ダ입니다. 특별한 구분법은 없습니다.,"蛇는 ""뱀""을 뜻합니다.",no
1672,N1,澄,맑을 징,"""맑을 징"". 맑다",チョウ,す(む)、す(ます),"澄 = 氵 + 登。 (의미부)「氵」는 ""물""을 뜻합니다. (소리부 겸 의미부)「登」(トウ)는 ""오르다, 올라가다""라는 뜻입니다. 澄는 ""산 정상에 올라(登) 마시는 맑은 샘물(氵)"" -> ""맑다""라는 뜻의 글자입니다. (登는 소리부(トウ -> チョウ)도 겸함)",음독은 チョウ입니다. 특별한 점은 없습니다.,"澄む는 ""맑아지다, 맑다""라는 뜻의 자동사입니다. 澄ます는 ""깨끗이 하다, 맑게 하다""라는 뜻의 타동사입니다. 예문) 澄んだ空気맑은 공기 澄んだ鐘の音맑은 종소리 澄んだ色깨끗한(맑은) 빛깔 澄んだ目の人맑은 눈을 가진 사람 心が澄む 마음이 맑아지다 心を澄ます 마음을 맑게 하다 水を澄ます 물을 맑게 하다",no
1673,N1,縫,꿰맬 봉,"""꿰맬 봉"". 꿰매다",ホウ,ぬ(う),"縫 = 糸 + ⻌ + 夆。 「糸」는 ""실""을 뜻합니다. 「⻌」는 ""길""을 뜻합니다. 夆는 여기서는 ""실을 꿰매고(丰) 매듭을 지은(夂) 모습""을 그린 모양자입니다. 縫는 ""표시된 길(⻌)을 따라 실(糸)을 꿰매다(夆)"" -> ""꿰매다""라는 뜻의 글자입니다.",음독은 ホウ입니다. 특별한 점은 없습니다.,"縫う는 ""꿰매다, 바느질하다""라는 뜻의 타동사입니다.",no
1674,N1,僧,중 승,"""중 승"". 승려",ソウ,,"僧 = 亻 +曽。 (의미부)「亻」는 ""사람""을 뜻합니다. (소리부 겸 의미부)「曽」(ソウ)는 ""쌓이다""라는 뜻입니다. 僧는 ""절에서 수행을 쌓는(曽) 사람(亻)"" -> ""승려""라는 뜻의 글자입니다. (曽는 소리부도 겸함)",음독은 ソウ입니다. 특별한 점은 없습니다.,僧의 정식 훈독은 없습니다.,no
1675,N1,幾,몇 기,"""몇 기"". 몇, 얼마",キ,いく,"幾는 본래 ""베틀(戈)에 앉아실(幺幺)을 짜는 사람(人)""을 그린 글자입니다(315.「機」모양 해설 참조). ""베를 몇 필이나 짜냈는가"" -> ""몇, 얼마""라는 의미입니다.",음독은 キ입니다. 특별한 점은 없습니다.,훈독은 いく입니다. 특별한 점은 없습니다.,no
1676,N1,眺,바라볼 조,"""바라볼 조"". 바라보다, 조망하다",チョウ,なが(める),"眺 = 目 + 兆。 (의미부)「目」는 ""눈""을 뜻합니다. (소리부 겸 의미부)「兆」(チョウ)는 ""징조, 징후""를 뜻합니다. 眺는 ""날씨가 나빠질 징조(兆)를 내다보다(目)"" -> ""바라보다, 조망하다""라는 뜻의 글자입니다. (兆는 소리부도 겸함)",음독은 チョウ입니다. 특별한 점은 없습니다.,"眺める는 ""바라보다, 조망하다, 멀리 보다""라는 뜻의 2그룹 타동사입니다. 예문) ぼんやり窓の外を眺める 멍하니 창밖을 내다보다 満天の星を眺める 하늘 가득한 별을 바라보다 夜景を眺める 야경을 바라보다",no
1677,N1,唐,당나라/당황할 당,"""당나라/당황할 당"". 당나라, 당황하다",トウ,から,"唐 = 广 + ⺕ + 丨 + 口。 「广」는 ""건물, 집""을 뜻합니다. 「⺕」는 ""손""을 뜻합니다. 丨+口는 여기서는 ""절굿공이(丨)와 절구(口)""를 그린 모양자입니다. 唐는 ""집(广) 안까지 절구(丨+口)를 가지고 들어와 빻다(⺕)"" -> ""당황하다""라는 뜻의 글자입니다. (""당나라""라는 의미는 단순히 중국의 당나라가 唐라는 글자를 나라 이름으로 썼기에 붙게 된 것입니다.)",음독은 トウ입니다. 특별한 점은 없습니다.,唐는 옛날 중국을 일컫던 말입니다.,no
1678,N1,呉,성씨 오,"""성씨 오"". 오나라",ゴ,,"呉는 본래 ""머리를 옆으로 기우뚱하고 있는 사람""을 그린 상형문자입니다. ""오나라""라는 의미는 단순히 오나라가 呉를 나라 이름으로 썼기에 붙게 된 것입니다.",음독은 ゴ입니다. 특별한 점은 없습니다.,呉의 정식 훈독은 없습니다.,no
1679,N1,凡,무릇 범,"""무릇 범"". 평범한",ボン、ハン,,"凡는 ""나무판자""를 그린 상형문자입니다. ""아무데나 있는 나무판자"" -> ""평범하다""라는 의미입니다.",음독은 ボン、ハン입니다. 그러나 절대다수는 ボン으로 읽습니다. ハン은凡例(범례) 외에는 거의 쓰이지 않는 음독입니다.,凡의 정식 훈독은 없습니다.,no
1680,N1,憩,쉴 게,"""쉴 게"". 쉬다",ケイ,いこ(い)、いこ(う),"憩 = 舌 + 息。 「舌」는 ""혀""를 뜻합니다. 「息」는 ""숨쉬다, 휴식""이라는 뜻입니다. 憩는 ""혀(舌)를 내밀고 헉헉거리며 휴식하다(息)"" -> ""쉬다""라는 뜻의 글자입니다.",음독은 ケイ입니다. 특별한 점은 없습니다.,"憩い는 ""휴식, 푹 쉼""이라는 뜻입니다. 憩う는 ""푹 쉬다, 휴식하다""라는 뜻의 자동사입니다.",no
1681,N1,媛,여자 원,"""여자 원"". 우아한 여자, 미녀",エン,,"媛 = 女 + 爰。 「女」는 ""여자""를 뜻합니다. 「爰」는 ""한가롭다, 여유롭다, 느긋하다""라는 뜻입니다. 媛는 ""한가롭게(爰) 정원을 거닐고 있는 여자(女)"" -> ""우아한 여자, 미녀""라는 뜻의 글자입니다. (다만, 이 한자는 실제로는 거의 지명한자로만 쓰입니다.)",음독은 エン입니다. 특별한 점은 없습니다.,媛의 정식 훈독은 없습니다.,no
1682,N1,溝,도랑 구,"""도랑 구"". 도랑, 해자",コウ,みぞ,"溝 = 氵 + 冓。 (의미부)「氵」는 ""물""을 뜻합니다. (소리부 겸 의미부)冓는 여기서는「構」(コウ)가 축약된 것으로, ""만들다, 구축하다""라는 뜻입니다. 溝는 ""물(氵)이 흘러갈 도랑을 만들다(構)"" -> ""도랑, 해자""라는 뜻의 글자입니다. (冓->構는 소리부도 겸함)",음독은 コウ입니다. 특별한 점은 없습니다.,"溝는 ""개천, 도랑""을 뜻합니다.",no
1683,N1,恭,공손할 공,"""공손할 공"". 공경하다, 공손하다",キョウ,うやうや(しい),"恭 = 共 + ⺗。 (소리부 겸 의미부)「共」(キョウ)는 본래 ""쟁반을두 손으로 받든 모습""을 그린 글자입니다(링크 참조). (의미부)⺗는 여기서는「心」가 변형된 것으로, ""마음""을 뜻합니다. 恭는 ""공경하는 마음(⺗)으로 공손히 받들다(共)"" -> ""공경하다, 공손하다""라는 뜻의 글자입니다. (共는 소리부도 겸함)",음독은 キョウ입니다. 특별한 점은 없습니다.,"恭しい는 ""공손하다""라는 뜻의 형용사입니다. 예문) 新婦は新郎に恭しく頭を下げた 신부는 신랑에게 공손히 고개를 숙였다",no
1684,N1,刈,벨 예,"""벨 예"". 베다",,か(る),"刈 = メ + 刂。 メ는 여기서는 ""칼자국""을 그린 모양자입니다. 「刂」는 ""칼""을 뜻합니다. 刈는 ""칼(刂)로 베다(メ)"" -> ""베다""라는 뜻의 글자입니다.",刈의 정식 음독은 없습니다.,"刈る는 ""베다, (머리 등을) 깎다""라는 뜻의 타동사입니다. 예문) 鎌で雑草を刈る 낫으로 잡초를 베다 髪を短く刈る 머리를 짧게 깎다",no
1685,N1,睡,졸음 수,"""졸음 수"". 졸다, 자다",スイ,,"睡 = 目 + 垂。 (의미부)「目」는 ""눈""을 뜻합니다. (소리부 겸 의미부)「垂」(スイ)는 ""늘어지다, 드리우다""라는 뜻입니다. 睡는 ""졸려서 눈(目)이 아래로 늘어지다(垂)"" -> ""졸다, 자다""라는 뜻의 글자입니다. (垂는 소리부도 겸함)",음독은 スイ입니다. 특별한 점은 없습니다.,睡의 정식 훈독은 없습니다.,no
1686,N1,錯,어긋날 착,"""어긋날 착"". 착각하다, 뒤섞이다",サク,,"錯 = 金 + 昔。 (의미부)「金」는 ""쇠, 금속""을 뜻합니다. (소리부 겸 의미부)「昔」(シャク)는 ""옛날""을 뜻합니다. 錯는 ""옛날(昔) 방식의 금속(金) 제련은 어렵고 헷갈린다"" -> ""착각하다, 뒤섞이다""라는 뜻의 글자입니다. (昔는 소리부(シャク -> サク)도 겸함)",음독은 サク입니다. 특별한 점은 없습니다.,錯의 정식 훈독은 없습니다.,no
1687,N1,伯,맏 백,"""맏 백"". 맏, 큰형",ハク,,"伯 = 亻 + 白。 (의미부)「亻」는 ""사람""을 뜻합니다. (소리부 겸 의미부)「白」(ハク)는 ""희다""라는 뜻입니다. 伯는 ""머리가 하얗게(白) 센 맏형(亻)"" -> ""맏, 큰형""이라는 뜻의 글자입니다. (白는 소리부도 겸함)",음독은 ハク입니다. 특별한 점은 없습니다.,伯의 정식 훈독은 없습니다.,no
1688,N1,穀,곡식 곡,"""곡식 곡"". 곡물, 곡식",コク,,"穀 = 士 + 冖 + 禾 + 殳。 「禾」는 ""곡식""을 뜻합니다. 「殳」는 ""때리다, 휘두르다""라는 뜻입니다. 士+冖는 여기서는 ""도리깨""를 그린 모양자입니다. 穀는 ""도리깨(士+冖)를 휘둘러(殳) 곡식의(禾) 낟알을 벗기다"" -> ""곡물, 곡식""이라는 뜻의 글자입니다.",음독은 コク입니다. 특별한 점은 없습니다.,穀의 정식 훈독은 없습니다.,no
1689,N1,陵,언덕 릉,"""언덕 릉"". 구릉, 능(임금의 무덤)",リョウ,みささぎ,"陵 = ⻖ + 土 + ハ + 夂。 「⻖」는 ""언덕""을 뜻합니다. 「土」는 ""흙""을 뜻합니다. 「夂」는 ""발""을 뜻합니다. ハ는 여기서는 ""오르막길""을 그린 모양자입니다. 陵는 ""흙(土)으로 뒤덮인 언덕(⻖) 위로 올라가는(ハ) 발(夂)"" -> ""구릉, 큰 언덕"" -> ""능묘""라는 뜻의 글자입니다.",음독은 リョウ입니다. 특별한 점은 없습니다.,"陵는 ""능""을 뜻합니다.",no
1690,N1,霧,안개 무,"""안개 무"". 안개",ム,きり,"霧 = 雨 + 務。 (의미부)「雨」는 ""비""를 뜻합니다. (소리부)「務」(ム)는 여기서는 소리부의 역할만 하고 있습니다. 霧는 ""비(雨)가 와서 안개가 끼다"" -> ""안개""라는 뜻의 글자입니다(務는 소리부).",음독은 ム입니다. 특별한 점은 없습니다.,"霧는 ""안개""를 뜻합니다.",no
1691,N1,魂,넋 혼,"""넋 혼"". 혼백, 영혼, 정신",コン,たましい,"魂 = 云 + 鬼。 「云」는 ""구름""을 뜻합니다. 「鬼」는 ""귀신""을 뜻합니다. 魂는 ""구름(云)처럼 떠도는 귀신(鬼)의 혼백"" -> ""혼백, 영혼, 정신""이라는 뜻의 글자입니다.",음독은 コン입니다. 특별한 점은 없습니다.,"魂는 ""혼, 영혼, 정신""을 뜻합니다.",no
1692,N1,弊,폐단/해질 폐,"""폐단/해질 폐"". 폐해, 폐단, 피로, 피폐",ヘイ,,"弊 = 敝 + 廾。 (소리부 겸 의미부)「敝」(ヘイ)는 ""두들겨 맞아서 찢어진 옷""을 뜻하는 글자입니다(링크 참조). (의미부)廾는 여기서는 ""두 손을 들어올린 사람""을 그린 모양자입니다. 弊는 ""벌을 받는 사람(廾)의 옷이 찢어질 정도로 두들겨패다(敝)"" -> ""폐해, 폐단, 피로, 피폐""라는 뜻의 글자입니다. (敝는 소리부도 겸함)",음독은 ヘイ입니다. 특별한 점은 없습니다.,弊의 정식 훈독은 없습니다.,no
1693,N1,妃,왕비 비,"""왕비 비"". 왕비",ヒ,,"妃 = 女 + 己。 「女」는 ""여자""를 뜻합니다. 「己」는 ""무릎꿇은 사람""을 뜻합니다. 妃는 ""왕에게 간택받아 무릎꿇고(己) 감사를 표하는 여자(女)"" -> ""왕비""라는 뜻의 글자입니다.",음독은 ヒ입니다. 특별한 점은 없습니다.,妃의 정식 훈독은 없습니다.,no
1694,N1,舶,배 박,"""배 박"". 선박, 배",ハク,,"舶 = 舟 + 白。 (의미부)「舟」는 ""배""를 뜻합니다. (소리부)「白」(ハク)는 여기서는 소리부의 역할만 하고 있습니다. 舶는 ""큰 배(舟)"" -> ""선박""이라는 뜻의 글자입니다(白는 소리부).",음독은 ハク입니다. 특별한 점은 없습니다.,舶의 정식 훈독은 없습니다.,no
1695,N1,餓,주릴 아,"""주릴 아"". 굶주리다",ガ,,"餓 = 食 + 我。 (의미부)「食」는 ""먹다""라는 뜻입니다. (소리부 겸 의미부)「我」(ガ)는 본래 ""창을 든 손""을 그린 글자입니다(링크 참조). 餓는 ""먹을(食) 것이 없어 창을 들고(我) 사냥에 나서다"" -> ""굶주리다""라는 뜻의 글자입니다. (我는 소리부도 겸함)",음독은 ガ입니다. 특별한 점은 없습니다.,餓의 정식 훈독은 없습니다.,no
1696,N1,窮,다할/궁할 궁,"""다할/궁할 궁"". 한계에 이르다, 궁핍하다",キュウ,きわ(める)、きわ(まる),"窮 = 穴 + 身 + 弓。 「穴」는 본래 ""동굴의 입구""를 그린 글자입니다(링크 참조). 「身」는 ""몸""을 뜻합니다. 弓는 여기서는 ""뼈가 앙상한 몸""을 그린 모양자입니다. 窮는 ""동굴(穴)에 사는 빈민의 뼈가 앙상한(弓) 몸(身)"" -> ""궁핍하다, 한계에 이르다""라는 뜻의 글자입니다.",음독은 キュウ입니다. 특별한 점은 없습니다.,"窮める는 ""한계에 이르다""라는 뜻의 2그룹 타동사입니다. 窮まる는 ""막히다, (한계에 이르러) 다하다""라는 뜻의 자동사입니다.",no
1697,N1,掌,손바닥 장,"""손바닥 장"". 손바닥",ショウ,,"掌 = 尚 + 手。 (소리부 겸 의미부)「尚」(ショウ)는 ""높다""라는 뜻입니다. (의미부)「手」는 ""손""을 뜻합니다. 掌는 ""손바닥(手) 위(尚)"" -> ""손바닥""이라는 뜻의 글자입니다. (尚는 소리부도 겸함)",음독은 ショウ입니다. 특별한 점은 없습니다.,掌의 정식 훈독은 없습니다.,no
1698,N1,麗,고울 려,"""고울 려"". 곱다, 아름답다",レイ,うるわ(しい),"麗 = 丽 + 鹿。 「鹿」는 ""사슴""을 뜻합니다. 丽는 여기서는 ""사슴의 두 눈""을 그린 모양자입니다. 麗는 ""사슴(鹿)의 눈망울(丽)"" -> ""곱다, 아름답다""라는 뜻의 글자입니다.",음독은 レイ입니다. 특별한 점은 없습니다.,"麗しい는 ""아름답다, 곱다""라는 뜻의 형용사입니다.",no
1699,N1,臭,냄새 취,"""냄새 취"". 악취, (나쁜) 냄새",シュウ,くさ(い)、にお(う),"臭 = 自 + 大。 「自」는 본래 ""사람의 코""를 그린 글자입니다(링크 참조). 「大」는 ""크다""라는 뜻입니다. 臭는 ""코(自)로 커다란(大) 악취가 풍겨오다"" -> ""악취, 냄새""라는 뜻의 글자입니다.",음독은 シュウ입니다. 특별한 점은 없습니다.,"臭い는 ""고약한 냄새가 나다, 구리다""라는 뜻의 형용사입니다. 臭う는 ""악취가 나다""라는 뜻의 자동사입니다.",no
1700,N1,悦,기쁠 열,"""기쁠 열"". 기쁘다",エツ,,"悦 = 忄 + 兑。 「忄」는 ""마음""을 뜻합니다. 「兑」는 ""진지한 표정을 한 사람""을 뜻합니다. 悦는 ""마음(忄)의 깨달음을 얻은 구도자(兑)"" -> ""기쁘다""라는 뜻의 글자입니다.",음독은 エツ입니다. 특별한 점은 없습니다.,悦의 정식 훈독은 없습니다.,no
1701,N1,刃,칼날 인,"""칼날 인"". 칼날",ジン,は,"刃 = 刀 + 丶。 「刀」는 ""칼""을 뜻합니다. 丶는 여기서는 ""칼날"" 부분을 강조한 모양자입니다. 刃는 ""칼(刀)의 칼날(丶)"" -> ""칼날""이라는 뜻의 글자입니다.",음독은 ジン입니다. 특별한 점은 없습니다.,"刃는 ""(칼 등의) 날""을 뜻합니다.",no
1702,N1,縛,얽을 박,"""얽을 박"". 묶다, 포박하다",バク,しば(る),"縛 = 糸 +尃。 (의미부)「糸」는 ""실""을 뜻합니다. (소리부 겸 의미부)「尃」(バク)는 ""넓게 퍼지다, 넓다""라는 뜻입니다. 縛는 ""밧줄(糸)을 넓게(尃) 둘러 감아두다"" -> ""묶다, 포박하다""라는 뜻의 글자입니다. (尃는 소리부도 겸함)",음독은 バク입니다. 특별한 점은 없습니다.,"縛る는 ""묶다, 매다, 속박하다""라는 뜻의 타동사입니다. 예문) 荷物をしっかり縛る 짐을 단단히 묶다 ハンカチで傷口を縛る 손수건으로 상처를 동여매다 泥棒を柱に縛る 도둑을 기둥에 결박하다",no
1703,N1,暦,책력 력,"""책력 력"". 달력",レキ,こよみ,"暦 = 歴 + 日。 (소리부 겸 의미부)「歴」(レキ)는 ""지나가다, 경과하다""라는 뜻입니다. (의미부)「日」는 ""날짜""를 뜻합니다. 暦는 歴에서 止 대신 日를 넣어 ""날짜, 달력""이라는 의미를 강조한 글자입니다. ""날짜(日)의 경과(歴)를 세다"" -> ""달력""이라는 의미입니다. (歴는 소리부도 겸함)",음독은 レキ입니다. 특별한 점은 없습니다.,"暦는 ""달력, 책력""을 뜻합니다.",no
1704,N1,宜,마땅 의,"""마땅 의"". 마땅하다, 적절하다",ギ,,"宜 = 宀 + 且。 「宀」는 ""집""을 뜻합니다. 「且」는 ""비석, 조상, 장례""를 뜻합니다. 宜는 ""집(宀)에서는 매년 제사를(且) 지내야 마땅하다"" -> ""마땅하다, 적절하다""라는 뜻의 글자입니다.",음독은 ギ입니다. 특별한 점은 없습니다.,宜의 정식 훈독은 없습니다.,no
1705,N1,盲,맹인 맹,"""맹인 맹"". 눈이 멀다, 맹인",モウ,,"盲 = 亡 + 目。 (소리부 겸 의미부)「亡」(モウ)는 ""망하다, 죽다, 없다""라는 뜻입니다. (의미부)「目」는 ""눈""을 뜻합니다. 盲는 ""눈(目)을 잃다(亡)"" -> ""눈이 멀다, 맹인""이라는 뜻의 글자입니다. (亡는 소리부도 겸함)",음독은 モウ입니다. 특별한 점은 없습니다.,盲의 정식 훈독은 없습니다.,no
1706,N1,粋,순수할 수,"""순수할 수"". 순수한, 세련된",スイ,いき,"粋 = 米 + 卆。 「米」는 ""쌀""을 뜻합니다. 卆는 단순히「九」와「十」을 합쳐놓은 글자로, ""9(九) + 10(十)"" -> ""여러 개, 많다""라는 뜻입니다. 粋는 ""밥에 백미(米)의 비율이 높다(卆)""라는 뜻입니다. ""잡곡이 섞이지 않은 순수한 백미"" -> ""순수한, 세련된""이라는 의미입니다.",음독은 スイ입니다. 특별한 점은 없습니다.,"粋는 ""세련됨""이라는 뜻입니다.",no
1707,N1,辱,욕될 욕,"""욕될 욕"". 욕보이다, 더럽히다",ジョク,はずかし(める),"辱 = 辰 + 寸。 「辰」는 ""쟁기, 농기구""를 뜻합니다. 「寸」는 ""손""을 뜻합니다. 辱는 ""쟁기(辰)를 손(寸)에 들고 밭일을 하다""라는 뜻입니다. ""고되고 힘든 밭일"" -> ""욕보이다, 더럽히다""라는 의미입니다.",음독은 ジョク입니다. 특별한 점은 없습니다.,"辱める는 ""욕보이다, 창피를 주다""라는 뜻의 2그룹 타동사입니다.",no
1708,N1,轄,다스릴 할,"""다스릴 할"". 관할하다, 관리하다",カツ,,"轄 = 車 + 害。 (의미부)「車」는 ""수레, 차""를 뜻합니다. (소리부 겸 의미부)害는 여기서는「割」(カツ)가 축약된 것으로, ""가르다, 나누다""라는 뜻입니다. 轄는 ""담당 구역을 나누어(割) 각자 차에 타고(車) 돌아보며 관리하다"" -> ""관할하다, 관리하다""라는 뜻의 글자입니다. (害->割는 소리부도 겸함)",음독은 カツ입니다. 특별한 점은 없습니다.,轄의 정식 훈독은 없습니다.,no
1709,N1,猿,원숭이 원,"""원숭이 원"". 원숭이",エン,さる,"猿 = 犭 + 袁。 (의미부)「犭」는 ""개, 짐승""을 뜻합니다. (소리부 겸 의미부)「袁」(エン)은 ""길다, 헐렁하다""라는 뜻입니다. 猿는 ""팔다리가 길쭉한(袁) 짐승(犭)"" -> ""원숭이""라는 뜻의 글자입니다. (袁는 소리부도 겸함)",음독은 エン입니다. 특별한 점은 없습니다.,"猿는 ""원숭이""를 뜻합니다.",no
1710,N1,弦,활시위 현,"""활시위 현"". 활시위",ゲン,つる,"弦 = 弓 + 玄。 (의미부)「弓」는 ""활""을 뜻합니다. (소리부 겸 의미부)「玄」(ゲン)은 본래 ""송진을 발라 가공한 줄""을 그린 글자입니다(링크 참조). 弦는 ""활(弓)에 쓰는 튼튼한 활줄(玄)"" -> ""활시위""라는 뜻의 글자입니다. (玄은 소리부도 겸함)",음독은 ゲン입니다. 특별한 점은 없습니다.,"弦는 ""현, 활줄""을 뜻합니다.",no
1711,N1,窒,막힐 질,"""막힐 질"". 막히다, 막다",チツ,,"窒 = 穴 + 至。 「穴」는 ""구멍""을 뜻합니다. 「至」는 본래 ""화살이 과녁에 박힌 모습""을 그린 글자입니다(링크 참조). 窒는 ""구멍(穴)에 화살을 박아넣어(至) 막다"" -> ""막다, 막히다""라는 뜻의 글자입니다.",음독은 チツ입니다. 특별한 점은 없습니다.,窒의 정식 훈독은 없습니다.,no
1712,N1,炊,불 땔 취,"""불 땔 취"". 밥을 짓다",スイ,た(く),"炊 = 火 + 欠。 「火」는 ""불""을 뜻합니다. 「欠」는 ""입을 벌리고 있는 사람""을 뜻합니다. 炊는 ""입김을 불며(欠) 불을 피워(火) 밥을 짓다"" -> ""밥을 짓다""라는 뜻의 글자입니다.",음독은 スイ입니다. 특별한 점은 없습니다.,"炊く는 ""밥을 짓다""라는 뜻의 타동사입니다.",no
1713,N1,洪,넓을 홍,"""넓을 홍"". 홍수",コウ,,"洪 = 氵 + 共。 (의미부)「氵」는 ""물""을 뜻합니다. (소리부 겸 의미부)「共」(キョウ)는 ""함께, 같이""라는 뜻입니다. 洪는 ""홍수(氵)에 다 함께(共) 대비하다"" -> ""홍수""라는 뜻의 글자입니다. (共는 소리부(キョウ -> コウ)도 겸함)",음독은 コウ입니다. 특별한 점은 없습니다.,洪의 정식 훈독은 없습니다.,no
1714,N1,摂,다스릴 섭,"""다스릴 섭"". 다스리다, 집행하다",セツ,,"摂 = 扌 + 耳 + 丷 + ハ。 「扌」는 ""손""을 뜻합니다. 「耳」는 ""귀""를 뜻합니다. 丷+ハ는 여기서는 ""소근거리는 귓속말 소리""를 표현한 모양자입니다. 摂는 ""귀(耳)에 손(扌)을 대고 귓속말(丷+ハ)로 지시를 내리다"" -> ""다스리다, 집행하다""라는 뜻의 글자입니다.",음독은 セツ입니다. 특별한 점은 없습니다.,摂의 정식 훈독은 없습니다.,no
1715,N1,飽,배부를 포,"""배부를 포"". 배부르다, 질리다",ホウ,あ(きる)、あ(かす),"飽 = 食 + 包。 (의미부)「食」는 ""먹다""라는 뜻입니다. (소리부 겸 의미부)「包」(ホウ)는 ""감싸다""라는 뜻입니다. 飽는 ""배가 가득 차도록(包) 실컷 먹다(食)"" -> ""배부르다, 질리다""라는 뜻의 글자입니다. (包는 소리부도 겸함)",음독은 ホウ입니다. 특별한 점은 없습니다.,"飽きる는 ""싫증나다, 질리다""라는 뜻의 2그룹 자동사입니다. 飽かす는 ""싫증나게 하다, 물리게 하다""라는 뜻의 타동사입니다. 예문) 何度読んでも飽きない 몇 번 읽어도 질리지 않는다 毎日食べても飽きない料理매일 먹어도 질리지 않는 음식 長話に飽きる 장황한 이야기에 질리다 彼の話は人を飽かさない 그의 이야기는 사람을 질리게 하지 않는다",no
1716,N1,冗,쓸데없을 용,"""쓸데없을 용"". 쓸데없는, 번거로운",ジョウ,,"冗 =冖 +几。 冖는 여기서는「宀」가 축약된 것으로, ""집""을 뜻합니다. 几는 여기서는 ""집에서 뒹굴거리는 백수""를 그린 모양자입니다. 冗는 ""집(冖)에서 할일없이 뒹굴거리는 백수(几)"" -> ""쓸데없다""라는 뜻의 글자입니다.",음독은 ジョウ입니다. 특별한 점은 없습니다.,冗의 정식 훈독은 없습니다.,no
1717,N1,桃,복숭아 도,"""복숭아 도"". 복숭아",トウ,もも,"桃 = 木 + 兆。 (의미부)「木」는 ""나무""를 뜻합니다. (소리부)「兆」(チョウ)는 여기서는 소리부(チョウ -> トウ)의 역할만 하고 있습니다. 桃는 ""복숭아 나무(木)"" -> ""복숭아""라는 뜻의 글자입니다(兆는 소리부).",음독은 トウ입니다. 특별한 점은 없습니다.,"桃는 ""복숭아""를 뜻합니다.",no
1718,N1,狩,사냥할 수,"""사냥할 수"". 사냥",シュ,か(る)、か(り),"狩 = 犭 + 守。 (의미부)「犭」는 ""개""를 뜻합니다. (소리부 겸 의미부)「守」(シュ)는 ""지키다""라는 뜻입니다. 狩는 ""집을 지키는(守) 파수견(犭)을 데리고 사냥에 나서다"" -> ""사냥하다""라는 뜻의 글자입니다. (守는 소리부도 겸함)",음독은 シュ입니다. 특별한 점은 없습니다.,"狩る는 ""사냥하다""라는 뜻의 타동사입니다. 狩り는 ""사냥""을 뜻합니다.",no
1719,N1,朱,붉을 주,"""붉을 주"". 주홍색",シュ,,"朱 = 𠂉 + 木。 「木」는 ""나무""를 뜻합니다. 𠂉는 여기서는 단순히 구분을 위한 장식으로 추가된 것입니다. 朱는 본래 ""적심목""이라는 붉은 빛을 띤 나무를 뜻하기 위해 만들어진 글자입니다. ""붉은색 나무(木)"" -> ""주홍색""이라는 의미입니다.",음독은 シュ입니다. 특별한 점은 없습니다.,朱의 정식 훈독은 없습니다.,no
1720,N1,渦,소용돌이 와,"""소용돌이 와"". 소용돌이",カ,うず,"渦 = 氵 + 咼。 (의미부)「氵」는 ""물""을 뜻합니다. (소리부 겸 의미부)「咼」(カ)는 ""잘못되다, 어긋나다""라는 뜻입니다. 渦는 ""물(氵)의 흐름이 어긋나고 난폭해지다(咼)"" -> ""소용돌이""라는 뜻의 글자입니다. (咼는 소리부도 겸함)",음독은 カ입니다. 특별한 점은 없습니다.,"渦는 ""소용돌이""를 뜻합니다.",no
1721,N1,紳,띠 신,"""띠 신"". 띠, 신사",シン,,"紳 = 糸 + 申。 (의미부)「糸」는 ""실""을 뜻합니다. (소리부 겸 의미부)「申」(シン)은 여기서는 ""허리띠""를 그린 모양자입니다. 紳는 ""허리에 매는(申) 끈(糸)"" -> ""허리띠, 예복"" -> ""띠, 신사""라는 뜻의 글자입니다. (申는 소리부도 겸함)",음독은 シン입니다. 특별한 점은 없습니다.,紳의 정식 훈독은 없습니다.,no
1722,N1,枢,지도리 추,"""지도리 추"". 중추, 가장 중요한 부분",スウ,,"枢 = 木 + 区。 「木」는 ""나무""를 뜻합니다. 「区」는 ""구역, 구획""을 뜻합니다. 枢는 ""핵심 구역(区)을 지탱하는 나무기둥(木)"" -> ""중추, 가장 중요한 부분""이라는 뜻의 글자입니다.",음독은 スウ입니다. 특별한 점은 없습니다.,枢의 정식 훈독은 없습니다.,no
1723,N1,碑,비석 비,"""비석 비"". 비석",ヒ,,"碑 = 石 + 卑。 (의미부)「石」는 ""돌""을 뜻합니다. (소리부 겸 의미부)卑(ヒ - ""낮을 비"")는 ""비천하다""라는 뜻의 상용한자입니다. 卑는 ""부채를 든 손""을 그린 상형문자입니다. ""주인의 옆에서 부채를 부치는 시종"" -> ""비천하다, 낮다""라는 의미입니다. 碑는 ""이름없는 천민(卑)의 무덤에 세워준 비석(石)"" -> ""비석""이라는 뜻의 글자입니다. (卑는 소리부도 겸함)",음독은 ヒ입니다. 특별한 점은 없습니다.,碑의 정식 훈독은 없습니다.,no
1724,N1,鍛,쇠 불릴 단,"""쇠 불릴 단"". 단련하다, (쇠를)불리다",タン,きた(える),"鍛 = 金 + 段。 (의미부)「金」는 ""쇠, 금속""을 뜻합니다. (소리부 겸 의미부)「段」(ダン)은 ""계단, 단계""를 뜻합니다. 鍛는 ""쇠(金)를 단계별로(段) 제련하다"" -> ""단련하다, 쇠를 불리다""라는 뜻의 글자입니다. (段는 소리부(ダン -> タン)도 겸함)",음독은 タン입니다. 특별한 점은 없습니다.,"鍛える는 ""(심신을) 단련하다, (쇠 등을) 불리다""라는 뜻의 2그룹 타동사입니다. 예문) 厳しい訓練で選手を鍛える 혹독한 훈련으로 선수를 단련시키다 腹筋を鍛える運動器具복근을 단련하는 운동 기구 鉄を鍛えて刀を作る 쇠를 불려 칼을 만들다",no
1725,N1,刀,칼 도,"""칼 도"". 칼",トウ,かたな,"刀는 ""반달 모양의 날이 달린 칼""을 본따 그린 상형문자입니다.",음독은 トウ입니다. 특별한 점은 없습니다.,"刀는 ""(외날) 칼""을 뜻합니다.",no
1726,N1,鼓,북 고,"""북 고"". 북",コ,つづみ,"鼓 = 壴 + 十 + 又。 「壴」는 ""북""을 뜻합니다. 十는 여기서는 ""두 개의 북채""를 그린 모양자입니다. 「又」는 ""손""을 뜻합니다. 鼓는 ""북채(十)를 들고(又) 북(壴)을 치다"" -> ""북""이라는 뜻의 글자입니다.",음독은 コ입니다. 특별한 점은 없습니다.,"鼓는 ""장구, 북""을 뜻합니다.",no
1727,N1,裸,벗을 라,"""벗을 라"". 알몸, 벌거벗다",ラ,はだか,"裸 = 衤 + 果。 「衤」는 ""옷""을 뜻합니다. 「果」는 본래 ""나무에 열린 나무열매""를 그린 글자입니다(링크 참조). 裸는 ""옷(衤)을 벗고 알맹이(果)를 드러내다"" -> ""알몸, 벌거벗다""라는 뜻의 글자입니다.",음독은 ラ입니다. 특별한 점은 없습니다.,"裸는 ""알몸, 맨몸, 발가숭이""를 뜻합니다.",no
1728,N1,猶,오히려 유,"""오히려 유"". 망설이다, 주저하다",ユウ,,"猶 = 犭 + 丷 + 酉。 「犭」는 ""개, 짐승""을 뜻합니다. 「酉」는 ""술, 술병""을 뜻합니다. 丷는 여기서는 ""(술통에서 올라오는) 김""을 그린 모양자입니다. 猶는 ""김(丷)이 모락모락 올라오는 술통(酉) 앞에서 맛볼지 말지 주저하는 개(犭)"" -> ""망설이다, 주저하다""라는 뜻의 글자입니다.",음독은 ユウ입니다. 특별한 점은 없습니다.,猶의 정식 훈독은 없습니다.,no
1729,N1,塊,덩어리 괴,"""덩어리 괴"". 덩어리",カイ,かたまり,"塊 = 土 + 鬼。 (의미부)「土」는 ""흙""을 뜻합니다. (소리부)「鬼」(キ)는 여기서는 소리부(キ -> カイ)의 역할만 하고 있습니다. 塊는 ""흙(土) 덩어리"" -> ""덩어리""라는 뜻의 글자입니다(鬼는 소리부).",음독은 カイ입니다. 특별한 점은 없습니다.,"塊는 ""덩어리, 뭉치, 어떤 성향이 극단적으로 강한 사람""을 뜻합니다. 예문) 砂糖の塊설탕 덩어리 欲の塊욕심 덩어리(욕심이 매우 강한 사람) 信仰の塊신앙심이 매우 강한 사람",no
1730,N1,旋,돌 선,"""돌 선"". 빙빙 돌다, 회전하다",セン,,"旋 = 𭤨 + 疋。 「𭤨」는 ""바람에 나부끼는 깃발""을 뜻합니다. 疋는「正」가 변형된 것으로, 본래 ""성문을 향해 걸어가는 발""을 그린 글자입니다(링크 참조). 旋는 ""전쟁에서 승리하고 깃발을 휘날리며(𭤨) 성으로 되돌아오다(疋)"" -> ""돌다, 회전하다""라는 뜻의 글자입니다.",음독은 セン입니다. 특별한 점은 없습니다.,旋의 정식 훈독은 없습니다.,no
1731,N1,弓,활 궁,"""활 궁"". 활",キュウ,ゆみ,"弓는 ""활""의 모습을 본따 그린 상형문자입니다.",음독은 キュウ입니다. 특별한 점은 없습니다.,"弓는 ""활""을 뜻합니다.",no
1732,N1,幣,화폐 폐,"""화폐 폐"". 화폐",ヘイ,,"幣 = 敝 + 巾。 (소리부 겸 의미부)「敝」(ヘイ)는 ""두들겨 맞아서 찢어진 옷""을 뜻합니다. (의미부)「巾」는 ""천""을 뜻합니다. 幣는 ""찢어진 옷(敝)을 버리고 새로 산 비단(巾)""이라는 뜻입니다. 고대에는 비단이 비싸고 귀한 물건이었기에 화폐의 단위로 쓰이는 경우가 많았다고 합니다. ""새로 장만한 값비싼 비단"" -> ""화폐""라는 의미입니다. (敝는 소리부도 겸함)",음독은 ヘイ입니다. 특별한 점은 없습니다.,幣의 정식 훈독은 없습니다.,no
1733,N1,膜,막 막,"""막 막"". 얇은 막, 점막",マク,,"膜 = 月 + 莫。 (의미부)「月」는 ""신체의 일부""를 뜻합니다. (소리부 겸 의미부)莫는 여기서는「幕」(マク)가 축약된 것으로, ""장막""을 뜻합니다. 膜는 ""신체(月)를 구성하는 얇은 막(幕)"" -> ""막, 점막""이라는 뜻의 글자입니다. (莫->幕는 소리부도 겸함)",음독은 マク입니다. 특별한 점은 없습니다.,膜의 정식 훈독은 없습니다.,no
1734,N1,扇,부채 선,"""부채 선"". 부채",セン,おうぎ,"扇 = 戸 + 羽。 「戸」는 ""집, 문, 출입구""를 뜻합니다. 「羽」는 ""날개""를 뜻합니다. 문을 열고 닫거나 날개를 펄럭이면 바람이 일어나게 됩니다. 扇는 ""문을 여닫고(戸) 날개를 펄럭이듯(羽) 바람을 일으키는 부채"" -> ""부채""라는 뜻의 글자입니다.",음독은 セン입니다. 특별한 점은 없습니다.,"扇는 ""쥘부채, 접부채""를 뜻합니다.",no
1735,N1,腸,창자 장,"""창자 장"". 창자",チョウ,,"腸 = 月 + 昜。 「月」는 ""신체의 일부""를 뜻합니다. 「昜」는 ""햇살이 내리쬐는 모습""을 그린 글자입니다. 腸는 ""영양분을 온 몸에 퍼뜨리는(昜) 신체기관(月)"" -> ""창자""라는 뜻의 글자입니다.",음독은 チョウ입니다. 특별한 점은 없습니다.,腸의 정식 훈독은 없습니다.,no
1736,N1,槽,구유 조,"""구유 조"". 통, 구유",ソウ,,"槽 = 木 + 曹。 (의미부)「木」는 ""나무""를 뜻합니다. (소리부)曹(ソウ)는 여기서는 소리부의 역할만 하고 있습니다(1559.「遭」모양 해설 참조). 槽는 ""나무(木)로 만든 통"" -> ""통, 구유""라는 뜻의 글자입니다(曹는 소리부).",음독은 ソウ입니다. 특별한 점은 없습니다.,槽의 정식 훈독은 없습니다.,no
1737,N1,慈,사랑 자,"""사랑 자"". 자애, 자비",ジ,いつく(しむ),"慈 = 兹 + 心。 (소리부 겸 의미부)「兹」(ジ)는 ""무성하다""라는 뜻입니다. (의미부)「心」는 ""마음""을 뜻합니다. 慈는 ""만인에게 베푸는(兹) 자비로운 마음(心)"" -> ""자애, 자비""라는 뜻의 글자입니다. (兹는 소리부도 겸함)",음독은 ジ입니다. 특별한 점은 없습니다.,"慈しむ는 ""애지중지하다, 사랑하다, 귀여워하다, 소중히 하다, 자비를 베풀다""라는 뜻의 타동사입니다. 예문) 子を慈しむ親の心자식을 사랑하는 부모의 마음 主人は嫁を慈しみ、嫁は主人を敬う 남편은 아내를 사랑하고, 아내는 남편을 공경한다",no
1738,N1,伐,칠 벌,"""칠 벌"". 치다, 정벌하다, 토벌하다",バツ,,"伐 = 亻 + 戈。 「亻」는 ""사람""을 뜻합니다. 「戈」는 ""창""을 뜻합니다. 伐는 ""창(戈)을 들고 적을 정벌하러 나서다(亻)"" -> ""치다, 정벌하다, 토벌하다""라는 뜻의 글자입니다.",음독은 バツ입니다. 특별한 점은 없습니다.,伐의 정식 훈독은 없습니다.,no
1739,N1,漬,담글 지,"""담글 지"". 담그다, 담궈지다",,つ(ける)、つ(かる),"漬 = 氵 + 責。 「氵」는 ""물""을 뜻합니다. 「貝」는 ""조개""를 뜻합니다. 龶는 여기서는 ""(조개와 함께 무친) 양념""을 그린 모양자입니다. 漬는 ""소금물(氵)에 조개(貝)와 양념(龶)을 담가 젓갈을 만들다"" -> ""담그다, 담궈지다""라는 뜻의 글자입니다.",漬의 정식 음독은 없습니다.,"漬ける는 ""(채소 등을) 담그다, 절이다""라는 뜻의 2그룹 타동사입니다. 漬かる는 ""잠기다, (어떤 상태 등에) 빠지다, (채소 등이) 담궈지다/절여지다""라는 뜻의 자동사입니다. 예문) 菜を漬ける 채소를 절이다 たくあんを漬ける 단무지를 담그다 湯に漬かる 목욕물에 몸을 담그다 怠惰な生活に漬かる 나태한 생활에 빠지다 たくあんが漬かる 단무지가 맛이 들다(익다)",no
1740,N1,糾,얽힐 규,"""얽힐 규"". 얽히다, 꼬이다",キュウ,,"糾 = 糸 +丩。 「糸」는 ""실""을 뜻합니다. 「丩」는 ""얽히다""라는 뜻입니다. 糾는 ""실(糸)이 얽히다(丩)"" -> ""얽히다, 꼬이다""라는 뜻의 글자입니다.",음독은 キュウ입니다. 특별한 점은 없습니다.,糾의 정식 훈독은 없습니다.,no
1741,N1,墳,무덤 분,"""무덤 분"". 무덤",フン,,"墳 = 土 + 賁。 (의미부)「土」는 ""흙""을 뜻합니다. (소리부)賁는 여기서는「噴」(フン)이 축약된 것으로, 소리부의 역할만 하고 있습니다. 墳는 ""흙(土)으로 덮인 무덤"" -> ""무덤""이라는 뜻의 글자입니다(賁->噴는 소리부).",음독은 フン입니다. 특별한 점은 없습니다.,墳의 정식 훈독은 없습니다.,no
1742,N1,坪,들 평,"""들 평"". 평(토지, 면적의 단위)",,つぼ,"坪 = 土 + 平。 「土」는 ""땅""을 뜻합니다. 「平」는 ""평평하다""라는 뜻입니다. 坪는 ""평평한(平) 땅(土)"" -> ""평(토지, 면적의 단위)""라는 뜻의 글자입니다.",坪의 정식 음독은 없습니다.,"坪는 건물 면적의 단위를 셀 때 쓰는 ""평""을 뜻합니다.",no
1743,N1,紺,감색 감,"""감색 감"". 감색/암청색",コン,,"紺 = 糸 + 甘。 (의미부)「糸」는 ""실""을 뜻합니다. (소리부)「甘」(カン)은 여기서는 소리부(カン -> コン)의 역할만 하고 있습니다. 紺는 ""암청색으로 염색한 실(糸)"" -> ""감색, 암청색""이라는 뜻의 글자입니다(甘는 소리부).",음독은 コン입니다. 특별한 점은 없습니다.,紺의 정식 훈독은 없습니다.,no
1744,N1,慌,어리둥절 황,"""어리둥절 황"". 당황하다, 허둥대다",コウ,あわ(てる)、あわ(ただしい),"慌 = 忄 + 荒。 (의미부)「忄」는 ""마음""을 뜻합니다. (소리부 겸 의미부)「荒」(コウ)는 ""거칠다, 황폐하다""라는 뜻입니다. 慌는 ""마음(忄)이 어수선하다(荒)"" -> ""당황하다, 허둥대다""라는 뜻의 글자입니다. (荒는 소리부도 겸함)",음독은 コウ입니다. 특별한 점은 없습니다.,"慌てる는 ""당황하다, 허둥대다""라는 뜻의 2그룹 자동사입니다. 慌ただしい는 ""분주하다, 어수선하다""라는 뜻의 형용사입니다. 예문) 慌てて素足で外へ飛び出す 당황해서 맨발로 밖으로 뛰쳐나오다 不意打ちを食って慌てる 허를 찔려 당황하다 慌ただしい一日분주한 하루 慌ただしい政局어수선한 정국",no
1745,N1,娯,즐거워할 오,"""즐거워할 오"". 즐기다, 오락",ゴ,,"娯 = 女 + 呉。 (의미부)「女」는 ""여자""를 뜻합니다. (소리부 겸 의미부)「呉」(ゴ)는 ""머리가 기울어진 사람""을 그린 글자입니다. 娯는 ""여자(女)를 옆에 끼고(呉) 유흥을 즐기다"" -> ""즐기다, 오락""이라는 뜻의 글자입니다. (呉는 소리부도 겸함)",음독은 ゴ입니다. 특별한 점은 없습니다.,娯의 정식 훈독은 없습니다.,no
1746,N1,舌,혀 설,"""혀 설"". 혀",ゼツ,した,"舌 = 千 + 口。 千는 여기서는 ""뱀의 혓바닥""를 그린 모양자입니다. 口는 여기서는 ""뱀의 머리""를 그린 모양자입니다. 舌는 ""뱀이 혓바닥(千)을 내밀고 있는 모습""을 본따 그린 상형문자입니다. ""뱀의 혀"" -> ""혀""라는 의미입니다.",음독은 ゼツ입니다. 특별한 점은 없습니다.,"した는 ""혀""를 뜻합니다.",no
1747,N1,羅,벌일 라,"""벌일 라"". 그물, 나열하다",ラ,,"羅 = 罒 + 糸 + 隹。 「罒」는 ""그물""을 뜻합니다. 「糸」는 ""실""을 뜻합니다. 「隹」는 ""새""를 뜻합니다. 羅는 ""새(隹)를 잡기 위해 그물(罒)을 펼치고 밧줄(糸)을 걸다"" -> ""그물, 늘어놓다""라는 뜻의 글자입니다.",음독은 ラ입니다. 특별한 점은 없습니다.,羅의 정식 훈독은 없습니다.,no
1748,N1,峡,골짜기 협,"""골짜기 협"". 골짜기, 협곡",キョウ,,"峡 = 山 + 夹。 (의미부)「山」는 ""산""을 뜻합니다. (소리부 겸 의미부)「夹」(キョウ)는 ""끼다, 끼이다""라는 뜻입니다. 峡는 ""산맥(山) 사이에 낀(夹)골짜기"" -> ""골짜기, 협곡""이라는 뜻의 글자입니다. (夹는 소리부도 겸함)",음독은 キョウ입니다. 특별한 점은 없습니다.,峡의 정식 훈독은 없습니다.,no
1749,N1,俸,녹 봉,"""녹 봉"". 봉급, 급료",ホウ,,"俸 = 亻 + 奉。 (의미부)「亻」는 ""사람""을 뜻합니다. (소리부 겸 의미부)「奉」(ホウ)는 ""받들다, 섬기다""라는 뜻입니다. 俸는 ""시중드는(奉) 시종(亻)에게 주는 급료"" -> ""봉급, 급료""라는 뜻의 글자입니다. (奉는 소리부도 겸함)",음독은 ホウ입니다. 특별한 점은 없습니다.,俸의 정식 훈독은 없습니다.,no
1750,N1,厘,다스릴 리,"""다스릴 리"". 매우 작은 수",リン,,"厘 =厂 + 里。 (의미부)「厂」는 ""기슭, 절벽""을 뜻합니다. (소리부 겸 의미부)「里」(リ)는 ""마을""을 뜻합니다. 厘는 ""기슭(厂) 아래의 작은 마을(里)"" -> ""작다, 매우 작은 수""라는 뜻의 글자입니다. (里는 소리부(リ -> リン)도 겸함)",음독은 リン입니다. 특별한 점은 없습니다.,厘의 정식 훈독은 없습니다.,no
1751,N1,峰,봉우리 봉,"""봉우리 봉"". 산봉우리",ホウ,みね,"峰 = 山 +丰 +夂。 「山」는 ""산""을 뜻합니다. 丰는 여기서는 ""산길""을 그린 모양자입니다. 「夂」는 ""발""을 뜻합니다. 峰는 ""산(山)에 난 길(丰)을 따라정상에 오르다(夂)"" -> ""산봉우리""라는 뜻의 글자입니다.",음독은 ホウ입니다. 특별한 점은 없습니다.,"峰는 ""봉우리, 칼등""을 뜻합니다.",no
1752,N1,醸,술 빚을 양,"""술 빚을 양"". 양조하다, 빚다",ジョウ,かも(す),"醸 = 酉 + 㐮。 (의미부)「酉」는 ""술""을 뜻합니다. (소리부 겸 의미부)「㐮」(ジョウ)는 ""예복, 상복""을 뜻합니다. 醸는 ""작업복(㐮)을 입고 술(酉)을 빚다"" -> ""양조하다, 빚다""라는 뜻의 글자입니다. (㐮는 소리부도 겸함)",음독은 ジョウ입니다. 특별한 점은 없습니다.,"醸す는 ""빚다, 빚어내다, 자아내다""라는 뜻의 타동사입니다. 예문) 酒を醸す 술을 빚다 和やかな雰囲気を醸し出す 화기애애한 분위기를 자아내다",no
1753,N1,弔,조상할 조,"""조상할 조"". 조문하다, 위로하다",チョウ,とむら(う),"弔는 ""활(「弓」)을 등에 멘(丨) 사람""을 그린 글자입니다. 옛날에는 조문을 갈 때, 산짐승의 습격을 막기 위해 활을 들고 갔다고 합니다. ""활을 들고 산을 넘어 조문을 가다"" -> ""조문하다, 위로하다""라는 의미입니다.",음독은 チョウ입니다. 특별한 점은 없습니다.,"弔う는 ""조문하다, 애도하다""라는 뜻의 타동사입니다.",no
1754,N1,乙,새 을,"""새 을"". 을('갑을병'의 '을')",オツ,,"乙는 본래 ""굽이쳐 흐르는 시냇물""을 그린 글자입니다. 그러나 지금은 단순히 ""갑을병""의 ""을""을 뜻하는 글자로 쓰이고 있습니다. 즉, 乙의 모양과 의미 사이에는 아무런 관계도 없습니다.",음독은 オツ입니다. 특별한 점은 없습니다.,乙의 정식 훈독은 없습니다.,no
1755,N1,汁,즙 즙,"""즙 즙"". 즙, 액체",ジュウ,しる,"汁 = 氵 + 十。 (의미부)「氵」는 ""물""을 뜻합니다. (소리부 겸 의미부)「十」(ジュウ)는 여기서는 ""10"" -> ""많다""라는 뜻으로 쓰인 것입니다. 汁는 ""즙(氵)이 많이(十) 나오다"" -> ""즙, 액체""라는 뜻의 글자입니다. (十는 소리부도 겸함)",음독은 ジュウ입니다. 특별한 점은 없습니다.,"汁는 ""즙, 국물""을 뜻합니다.",no
1756,N1,尼,여승 니,"""여승 니"". 비구니",ニ,あま,"尼 = 尸 + 匕。 「尸」는 ""집, 지붕""을 뜻합니다. 匕는 여기서는 ""앉아있는 사람""을 그린 모양자입니다. 尼는 ""절(尸)에 앉아서(匕) 불공을 드리는 비구니"" -> ""비구니""라는 뜻의 글자입니다.",음독은 ニ입니다. 특별한 점은 없습니다.,"尼는 ""비구니, 여승""을 뜻합니다.",no
1757,N1,遍,두루 편,"""두루 편"". 두루, 모든, 보편",ヘン,,"遍 = ⻌ + 扁。 (의미부)「⻌」는 ""길""을 뜻합니다. (소리부 겸 의미부)「扁」(ヘン)은 ""집 안의 책""을 뜻합니다. 遍는 ""여러 곳을 두루(⻌) 찾아다니며 다양한 책(扁)을 읽다"" -> ""두루, 모든, 보편""이라는 뜻의 글자입니다. (扁는 소리부도 겸함) 참고) 1413.「偏」모양 설명과 함께 공부하시면 더 쉽게 구분·기억하실 수 있습니다.",음독은 ヘン입니다. 특별한 점은 없습니다.,遍의 정식 훈독은 없습니다.,no
1758,N1,衡,저울대 형,"""저울대 형"". 저울, 균형",コウ,,"衡 = 行 + 角 + 大。 (소리부 겸 의미부)「行」(コウ)는 본래 ""사거리""를 그린 글자입니다(링크 참조). (의미부)「角」는 ""뿔""을 뜻합니다. (의미부)「大」는 본래 ""사람""을 그린 글자입니다. 衡는 ""길(行) 한가운데서 날뛰는 소의 뿔(角)을 잡고 버티는 사람(大)""이라는 뜻입니다. ""소와 사람이 팽팽하게 맞서다"" -> ""균형, 저울""이라는 의미입니다. (行는 소리부도 겸함)",음독은 コウ입니다. 특별한 점은 없습니다.,衡의 정식 훈독은 없습니다.,no
1759,N1,薫,향초 훈,"""향초 훈"". 향기, 향을 내다",クン,かお(る),"薫 = 艹 + 重 +灬。 「艹」는 ""풀""을 뜻합니다. 「重」는 ""무겁다, 겹치다""라는 뜻입니다. 「灬」는 ""불""을 뜻합니다. 薫는 ""약초(艹)를 겹쳐 쌓아놓고(重) 태워서(灬) 향을 내다"" -> ""향기, 향을 내다""라는 뜻의 글자입니다.",음독은 クン입니다. 특별한 점은 없습니다.,"薫る는 ""향기가 나다""라는 뜻의 자동사입니다. 예문) 風薫る五月훈풍의 오월 文化の薫り 문화의 향기 참고)香る와薫る의 차이 아래 예문을 참조해 주세요. 예문) バラの香り 장미꽃 향기 お茶の香り 차의 향기 風薫る五月훈풍의 오월 文化の薫り 문화의 향기",no
1760,N1,猟,사냥 렵,"""사냥 렵"". 사냥하다",リョウ,,"猟 = 犭 + 鼡。 「犭」는 ""개""를 뜻합니다. 鼡는 ""말갈기와 말안장""을 그린 모양자입니다. 猟는 ""말을 타고(鼡) 사냥개(犭)를 몰며 사냥을 하다"" -> ""사냥하다""라는 뜻의 글자입니다.",음독은 リョウ입니다. 특별한 점은 없습니다.,猟의 정식 훈독은 없습니다.,no
1761,N1,羊,양 양,"""양 양"". 양",ヨウ,ひつじ,"羊는 ""양의 머리""를 그린 상형문자입니다.",음독은 ヨウ입니다. 특별한 점은 없습니다.,"羊는 ""양""을 뜻합니다.",no
1762,N1,款,항목 관,"""항목 관"". 약관, 조항, 항목",カン,,"款 = 士 + 示 + 欠。 「士」는 ""선비""를 뜻합니다. 「示」는 ""보이다, 나타내다""라는 뜻입니다. 「欠」는 ""입을 벌린 모습, 입으로 하는 동작""을 뜻합니다. 款는 ""선비(士)가 계약서를 보여주며(示) 조항을 읽어내리다(欠)"" -> ""약관, 조항, 항목""이라는 뜻의 글자입니다.",음독은 カン입니다. 특별한 점은 없습니다.,款의 정식 훈독은 없습니다.,no
1763,N1,閲,볼 열,"""볼 열"". 열람하다, 검열하다",エツ,,"閲 = 門 + 兑。 「門」는 ""문""을 뜻합니다. 「兑」는 ""날카로운 눈을 한 사람""을 뜻합니다. 閲는 ""문(門) 앞에서 날카로운 눈으로(兑) 소지품을 검열하다"" -> ""열람하다, 검열하다""라는 뜻의 글자입니다.",음독은 エツ입니다. 특별한 점은 없습니다.,閲의 정식 훈독은 없습니다.,no
1764,N1,偵,염탐할 정,"""염탐할 정"". 염탐하다, 정찰하다",テイ,,"偵 = 亻 + 貞。 (의미부)「亻」는 ""사람""을 뜻합니다. (소리부 겸 의미부)「貞」(テイ)는 본래 ""뇌물을 거부하는 모습""을 그린 글자입니다(링크 참조). 偵는 ""관리가 뇌물을 받지 않는지(貞) 감시하는 사람(亻)"" -> ""염탐하다, 정찰하다""라는 뜻의 글자입니다. (貞는 소리부도 겸함)",음독은 テイ입니다. 특별한 점은 없습니다.,偵의 정식 훈독은 없습니다.,no
1765,N1,喝,꾸짖을 갈,"""꾸짖을 갈"". 꾸짖다, 으르다",カツ,,"喝 = 口 +曷。 (의미부)「口」는 ""입""을 뜻합니다. (소리부)「曷」(カツ)는 ""허리를 굽혀 구걸하는 모습""을 그린 글자입니다. 喝는 ""굽신거리며 용서를 비는 사람(曷)에게 소리를 지르다(口)"" -> ""꾸짖다, 으르다""라는 뜻의 글자입니다. (曷는 소리부도 겸함)",음독은 カツ입니다. 특별한 점은 없습니다.,喝의 정식 훈독은 없습니다.,no
1766,N1,敢,감히 감,"""감히 감"". 감히, 구태여, 과감한",カン,,"敢 = 丅 + 耳 + 攵。 「攵」는 ""때리다, 치다""라는 뜻입니다. 「耳」는 ""귀""를 뜻합니다. 丅는 여기서는 ""귀에 박아넣은 칼""을 그린 모양자입니다. 敢는 ""맹수의 귀(耳)에 칼을 박아넣고(丅) 때려잡다(攵)"" -> ""용감하다, 과감하다""라는 뜻의 글자입니다.",음독은 カン입니다. 특별한 점은 없습니다.,敢의 정식 훈독은 없습니다.,no
1767,N1,胎,아이 밸 태,"""아이 밸 태"". 아이를 배다, 자궁",タイ,,"胎 = 月 + 台。 (의미부)「月」는 ""신체의 일부""를 뜻합니다. (소리부 겸 의미부)「台」(タイ)는 ""받침대, 토대""를 뜻합니다. 胎는 ""아기가 자라나는 토대(台)가 되는 신체 기관(月)"" -> ""자궁, 아이를 배다""라는 뜻의 글자입니다. (台는 소리부도 겸함)",음독은 タイ입니다. 특별한 점은 없습니다.,胎의 정식 훈독은 없습니다.,no
1768,N1,酵,삭힐 효,"""삭힐 효"". 발효",コウ,,"酵 = 酉 + 孝。 (의미부)「酉」는 ""술""을 뜻합니다. (소리부)「孝」(コウ)는 여기서는 소리부의 역할만 하고 있습니다. 酵는 ""술(酉)을 발효시키다"" -> ""발효""라는 뜻의 글자입니다(孝는 소리부).",음독은 コウ입니다. 특별한 점은 없습니다.,酵의 정식 훈독은 없습니다.,no
1769,N1,憤,분할 분,"""분할 분"". 분개하다, 분노",フン,いきどお(る),"憤 = 忄 + 賁。 (의미부)「忄」는 ""마음""을 뜻합니다. (소리부 겸 의미부)賁는 여기서는「噴」(フン)이 축약된 것으로, ""내뿜다""라는 뜻입니다. 憤는 ""마음속(忄)의 분노를 발산하다(噴)"" -> ""분개하다, 분노""라는 뜻의 글자입니다. (賁->噴는 소리부도 겸함)",음독은 フン입니다. 특별한 점은 없습니다.,"憤る는 ""분개하다, 분노하다""라는 뜻의 자동사 겸 타동사입니다. 예문) 政府の蛮行に憤った人々정부의 만행에 분노한 사람들 世の不正に憤る 세상의 부정에 분개하다",no
1770,N1,豚,돼지 돈,"""돼지 돈"". 돼지",トン,ぶた,"豚 = 月 + 豕。 「月」는 ""고기""를 뜻합니다. 「豕」는 ""돼지""를 뜻합니다. 豚는 ""돼지(豕) 고기(月)"" -> ""돼지""라는 뜻의 글자입니다.",음독은 トン입니다. 특별한 점은 없습니다.,"豚는 ""돼지""를 뜻합니다.",no
1771,N1,遮,가릴 차,"""가릴 차"". 가로막다, 차단하다",シャ,さえぎ(る),"遮 = ⻌ + 庶。 (의미부)「⻌」는 ""길""을 뜻합니다. (소리부 겸 의미부)「庶」(ショ)는 ""서민, 대중""을 뜻합니다. 遮는 ""서민(庶)이 귀족의 길(⻌)을 가로막다"" -> ""가로막다, 차단하다""라는 뜻의 글자입니다. (庶는 소리부(ショ -> シャ)도 겸함)",음독은 シャ입니다. 특별한 점은 없습니다.,"遮る는 ""가로막다, 방해하다""라는 뜻의 1그룹 타동사입니다. 예문) カーテンで光を遮る 커튼으로 빛을 가리다 発言を遮る 발언을 가로막다 行く手を遮る障害物앞길을 가로막는 장애물",no
1772,N1,扉,사립문 비,"""사립문 비"". 문짝, 문",ヒ,とびら,"扉 = 戸 + 非。 (의미부)「戸」는 ""문""을 뜻합니다. (소리부 겸 의미부)「非」(ヒ)는 여기서는 ""사립문""을 본따 그린 모양자입니다. 아래 그림을 참조해 주세요. 사립문 扉는 ""사립문(非) 형태의 문(戸)"" -> ""문, 문짝""이라는 뜻의 글자입니다. (非는 소리부도 겸함)",음독은 ヒ입니다. 특별한 점은 없습니다.,"扉는 ""문짝""을 뜻합니다.",no
1773,N1,硫,유황 류,"""유황 류"". 황(sulphur)",リュウ,,"硫 = 石 + 㐬。 (의미부)「石」는 ""돌""을 뜻합니다. (소리부 겸 의미부)㐬는 여기서는「流」(リュウ)가 축약된 것으로, ""흐르다""라는 뜻입니다. 硫는 ""돌(石)이 황산에 녹아 흘러내리다(流)"" -> ""황""이라는 뜻의 글자입니다. (㐬->流는 소리부도 겸함)",음독은 リュウ입니다. 특별한 점은 없습니다.,硫의 정식 훈독은 없습니다.,no
1774,N1,赦,용서할 사,"""용서할 사"". 용서하다",シャ,,"赦 = 赤 + 攵。 「赤」는 ""빨강""을 뜻합니다. 「攵」는 ""때리다, 치다""라는 뜻입니다. 赦는 ""아이의 엉덩이가 빨개지도록(赤) 때리고(攵) 용서해주다"" -> ""용서하다""라는 뜻의 글자입니다.",음독은 シャ입니다. 특별한 점은 없습니다.,赦의 정식 훈독은 없습니다.,no
1775,N1,窃,훔칠 절,"""훔칠 절"". 훔치다, 절도",セツ,,"窃 = 穴 + 切。 (의미부)「穴」는 ""구멍""을 뜻합니다. (소리부 겸 의미부)「切」(セツ)는 ""자르다""라는 뜻입니다. 窃는 ""담벼락에 구멍(穴)을 뚫고(切) 들어가 도둑질하다"" -> ""훔치다""라는 뜻의 글자입니다. (切는 소리부도 겸함).",음독은 セツ입니다. 특별한 점은 없습니다.,窃의 정식 훈독은 없습니다.,no
1776,N1,泡,거품 포,"""거품 포"". 거품",ホウ,あわ,"泡 = 氵 + 包。 (의미부)「氵」는 ""물""을 뜻합니다. (소리부 겸 의미부)「包」(ホウ)는 ""감싸다""라는 뜻입니다. 泡는 ""안쪽을 둥글게 감싼(包) 물거품(氵)"" -> ""거품""이라는 뜻의 글자입니다. (包는 소리부도 겸함)",음독은 ホウ입니다. 특별한 점은 없습니다.,"泡는 ""거품""을 뜻합니다.",no
1777,N1,又,또 우,"""또 우"". 또, 다시, 재차",,また,"又는 ""엄지와 검지로 무언가를 집어드는 손""의 모습을 그린 상형문자입니다. ""손으로 계속해서 음식을 집어먹다"" -> ""또, 다시, 재차""라는 의미입니다.",又의 정식 음독은 없습니다.,"又는 ""또, 다시, 또한""이라는 뜻입니다.",no
1778,N1,慨,슬퍼할 개,"""슬퍼할 개"". 개탄하다, 슬퍼하다",ガイ,,"慨 = 忄 + 既。 「忄」는 ""마음""을 뜻합니다. 「既」는 본래 ""식사를 이미 다 끝마친 사람""을 그린 글자입니다(링크 참조). 慨는 ""자신이 오기도 전에 먼저 밥을 다 먹어버린 모습(既)에 분개하다(忄)"" -> ""개탄하다, 슬퍼하다""라는 뜻의 글자입니다.",음독은 ガイ입니다. 특별한 점은 없습니다.,慨의 정식 훈독은 없습니다.,no
1779,N1,紡,길쌈 방,"""길쌈 방"". 실을 잣다",ボウ,つむ(ぐ),"紡 = 糸 + 方。 (의미부)「糸」는 ""실""을 뜻합니다. (소리부)「方」(ホウ)는 여기서는 소리부(ホウ -> ボウ)의 역할만 하고 있습니다. 紡는 ""실(糸)"" -> ""실을 잣다""라는 뜻의 글자입니다(方는 소리부).",음독은 ボウ입니다. 특별한 점은 없습니다.,"紡ぐ는 ""(실을) 뽑다, 잣다""라는 뜻의 타동사입니다.",no
1780,N1,恨,한 한,"""한 한"". 원망하다, 한",コン,うら(む)、うら(めしい),"恨 = 忄 + 艮。 (의미부)「忄」는 ""마음""을 뜻합니다. (소리부 겸 의미부)「艮」(コン)은 ""고개를 떨군 천민""을 뜻합니다. 恨는 ""노예로 태어난 천민(艮)의 한이 서린 마음(忄)"" -> ""원망하다, 한""이라는 뜻의 글자입니다. (艮는 소리부도 겸함)",음독은 コン입니다. 특별한 점은 없습니다.,"恨む는 ""원망하다, 분하게 여기다""라는 뜻의 타동사입니다. 恨めしい는 ""원망스럽다, 한스럽다""라는 뜻의 형용사입니다. 예문) 天を恨むなかれ 하늘을 원망하지 말지어다 人に恨まれる 남에게 원망을 사다 恨めしく思う 원망스럽게 여기다 裏切られたことが恨めしい 배신당한 것이 원망스럽다",no
1781,N1,肪,살찔 방,"""살찔 방"". 기름, 지방",ボウ,,"肪 = 月 + 方。 (의미부)「月」는 ""고기""를 뜻합니다. (소리부)「方」(ホウ)는 여기서는 소리부(ホウ -> ボウ)의 역할만 하고 있습니다. 肪는 ""돼지고기(月)의 비계"" -> ""기름, 지방""이라는 뜻의 글자입니다(方는 소리부).",음독은 ボウ입니다. 특별한 점은 없습니다.,肪의 정식 훈독은 없습니다.,no
1782,N1,扶,도울 부,"""도울 부"". 돕다, 조력하다",フ,,"扶 = 扌 + 夫。 (의미부)「扌」는 ""손""을 뜻합니다. (소리부 겸 의미부)「夫」(フ)는 ""남편, 성인 남성""을 뜻합니다. 扶는 ""도움의 손길(扌)을 내미는 사내(夫)"" -> ""돕다, 조력하다""라는 뜻의 글자입니다. (夫는 소리부도 겸함)",음독은 フ입니다. 특별한 점은 없습니다.,扶의 정식 훈독은 없습니다.,no
1783,N1,戯,놀 희,"""놀 희"". 놀다, 장난치다, 희롱하다",ギ,たわむ(れる),"戯 = 虚 + 戈。 「虚」는 ""텅 비다, 없다""라는 뜻입니다. 「戈」는 ""창""을 뜻합니다. 戯는 ""장난감(虚)창(戈)을 가지고 놀다"" -> ""놀다, 장난치다, 희롱하다""라는 뜻의 글자입니다.",음독은 ギ입니다. 특별한 점은 없습니다.,"戯れる는 ""(즐겁게) 놀다, 장난치다, 시시덕거리다""라는 뜻의 2그룹 자동사입니다. 예문) 花に戯れる蝶꽃에서 노는 나비 公園で戯れる男女공원에서 장난치며 노는 남녀 酒の席で戯れる 술자리에서 시시덕거리다",no
1784,N1,忌,꺼릴 기,"""꺼릴 기"". 꺼리다, 싫어하다",キ,い(む)、い(まわしい),"忌 = 己 + 心。 (소리부 겸 의미부)「己」(キ)는 ""자신""을 뜻합니다. (의미부)「心」는 ""마음""을 뜻합니다. 忌는 ""남을 싫어하는 마음(心)은 모두 자신(己)에게서 비롯되는 것이다"" -> ""꺼리다, 싫어하다""라는 뜻의 글자입니다. (己는 소리부도 겸함)",음독은 キ입니다. 특별한 점은 없습니다.,"忌む는 ""꺼리다, 싫어하다""라는 뜻의 타동사입니다. 忌まわしい는 ""꺼림칙하다, 불쾌하다, 흉하다""라는 뜻의 형용사입니다.",no
1785,N1,濁,흐릴 탁,"""흐릴 탁"". 탁하다, 흐리다",ダク,にご(る)、にご(す),"濁 = 氵 +罒 +勹 + 虫。 「氵」는 ""물""을 뜻합니다. 「虫」는 ""벌레""를 뜻합니다. 罒는 여기서는 ""(벌레의) 눈""을 그린 모양자입니다. 勹는 여기서는 ""(벌레의) 긴 몸통""을 그린 모양자입니다. 濁는 ""눈이 커다랗고(罒) 몸이 긴(勹) 벌레(虫)가 득시글거리는 더러운 물(氵)"" -> ""탁하다, 흐리다""라는 뜻의 글자입니다.",음독은 ダク입니다. 특별한 점은 없습니다.,"濁る는 ""흐려지다, 탁해지다""라는 뜻의 자동사입니다. 濁す는 ""흐리게 하다, 탁하게 하다, (말을) 얼버무리다""라는 뜻의 타동사입니다. 예문) 部屋の空気が濁る 방 안의 공기가 탁해지다 雨で川が濁る 비가 와 강물이 흐려지다 色が濁る 색이 탁해지다 川の水を濁す 강물을 탁하게 하다 空気を濁す 공기를 탁하게 하다 返事を濁す 대답을 얼버무리다",no
1786,N1,奔,달릴 분,"""달릴 분"". 빠르게 달리다",ホン,,"奔는 ""양 팔을 좌우로 휘두르며(大) 달리는(廾) 모습""을 그린 상형문자입니다.",음독은 ホン입니다. 특별한 점은 없습니다.,奔의 정식 훈독은 없습니다.,no
1787,N1,斗,말 두,"""말 두"". ~말(술/곡물을 세는 단위)",ト,,"斗는 ""(곡식/술 등을 퍼담는) 국자""를 본따 그린 상형문자입니다. ""곡식/술을 퍼담는 국자"" -> ""~말(술/곡물을 세는 단위)""라는 의미입니다.",음독은 ト입니다. 특별한 점은 없습니다.,斗의 정식 훈독은 없습니다.,no
1788,N1,迅,빠를 신,"""빠를 신"". 빠르다",ジン,,"迅 = ⻌ + 卂。 「⻌」는 ""길""을 뜻합니다. 卂는「飛」가 축약된 것으로, ""빠르게 날다(飛)""라는 뜻입니다. 迅는 ""빠른 속도로(卂) 길을 질주하다(⻌)"" -> ""빠르다""라는 뜻의 글자입니다.",음독은 ジン입니다. 특별한 점은 없습니다.,迅의 정식 훈독은 없습니다.,no
1789,N1,肖,닮을/같을 초,"""닮을/같을 초"". 닮다, 본뜨다",ショウ,,"肖 = ⺌ + 月。 ⺌는「小」가 뒤집어진 것으로, ""작다""라는 뜻입니다. 「月」는 ""신체의 일부""를 뜻합니다. 肖는 ""작은(小) 나 자신(月) = 나의 후손"" -> ""닮다, 같다""라는 뜻의 글자입니다.",음독은 ショウ입니다. 특별한 점은 없습니다.,肖의 정식 훈독은 없습니다.,no
1790,N1,鉢,바리때 발,"""바리때 발"". 바리때, 사발",ハチ、ハツ,,"鉢 = 金 + 本。 「金」는 ""쇠, 금속""을 뜻합니다. 「本」은 ""근본""을 뜻합니다. 鉢는 ""승려의 본분(本)을 지키는, 놋쇠(金)로 만든 바리때"" -> ""바리때, 사발""이라는 뜻의 글자입니다. 바리때",음독은 ハチ、ハツ입니다. 특별한 구분법은 없습니다.,鉢의 정식 훈독은 없습니다.,no
1791,N1,朽,썩을 후,"""썩을 후"". 썩다",キュウ,く(ちる),"朽 = 木 + 丂。 「木」는 ""나무""를 뜻합니다. 丂는 여기서는 ""썩어 문드러진 나무토막""을 그린 모양자입니다. 朽는 ""썩어 문드러진(丂) 나무토막(木)"" -> ""썩다""라는 뜻의 글자입니다.",음독은 キュウ입니다. 특별한 점은 없습니다.,"朽ちる는 ""썩다, (명성 등이) 쇠퇴하다""라는 뜻의 2그룹 자동사입니다. 예문) 朽ちた枕木を交換する 썩은 침목을 교체하다 使われない木造家屋が徐々に朽ちていく 쓰이지 않는 목조 가옥이 서서히 썩어 가다 彼の名は永遠に朽ちることはない 그의 이름은 영원히 남을 것이다",no
1792,N1,殻,껍질 각,"""껍질 각"". 껍질",カク,から,"殻 = 穀 +几。 (소리부 겸 의미부)「穀」(コク)는 본래 ""도리깨를 내리치는 모습""을 그린 글자입니다(링크 참조). (의미부)几는 여기서는 ""등껍질""을 그린 모양자입니다. 殻는 穀에서 아래쪽의禾만几로 바꾼 글자입니다. ""세게 내리쳐도(穀) 깨지지 않는 단단한 등껍질(几)"" -> ""껍질""이라는 의미입니다. (穀는 소리부(コク -> カク)도 겸함)",음독은 カク입니다. 특별한 점은 없습니다.,"殻는 ""껍질, 껍데기""를 뜻합니다.",no
1793,N1,享,누릴 향,"""누릴 향"". 누리다, 향유하다",キョウ,,"「享」는""모자(亠+口)를 쓴 아이(子)""를 그린 상형문자입니다. ""아이의 재롱을 즐기다"" -> ""누리다, 향유하다""라는 의미입니다.",음독은 キョウ입니다. 특별한 점은 없습니다.,享의 정식 훈독은 없습니다.,no
1794,N1,藩,울타리 번,"""울타리 번"". 울타리, 영지",ハン,,"藩 = 艹 + 氵 + 番。 (의미부)「艹」는 ""풀""을 뜻합니다. (의미부)「氵」는 ""물""을 뜻합니다. (소리부 겸 의미부)「番」(バン)은 본래 ""밭에 찍힌 동물의 발자국""을 그린 글자입니다(링크 참조). 藩는 ""산천초목(艹+氵)과 농사지을 밭(番)이 있는 영지"" -> ""영지, 울타리""라는 뜻의 글자입니다. (番는 소리부(バン -> ハン)도 겸함)",음독은 ハン입니다. 특별한 점은 없습니다.,藩의 정식 훈독은 없습니다.,no
1795,N1,沙,모래 사,"""모래 사"". 모래",サ,,"沙는「砂」에서 石만 氵로 바뀐 글자로, 본래 의미도 같습니다. ""바닷가(氵)의 모래(少->砂)"" -> ""모래""라는 의미입니다. 다만, 실제로 ""모래""라는 뜻을 표현할 때는「砂」가 쓰이고, 沙는 주로 본래 의미와는 별 관계 없는 관용어구나 범어의 음역 등에 쓰이는 글자입니다.",음독은 サ입니다. 특별한 점은 없습니다.,沙의 정식 훈독은 없습니다.,no
1796,N1,媒,중매 매,"""중매 매"". 중매하다",バイ,,"媒 = 女 + 某。 「女」는 ""여자""를 뜻합니다. 某는 여기서는「謀」가 축약된 것으로, ""모의하다, 계획하다""라는 뜻입니다. 媒는 ""서로 모르는 남녀 사이의 결혼을 계획하고(謀) 이어주는 중매쟁이(女)"" -> ""중매하다""라는 뜻의 글자입니다.",음독은 バイ입니다. 특별한 점은 없습니다.,媒의 정식 훈독은 없습니다.,no
1797,N1,鶏,닭 계,"""닭 계"". 닭",ケイ,にわとり,"鶏 = ⺤ + 夫 + 鳥。 「⺤」는 ""손""을 뜻합니다. 「夫」는 ""남편""을 뜻합니다. 「鳥」는 ""새""를 뜻합니다. 鶏는 ""손(⺤)으로 닭(鳥)의 모가지를 비틀어 잡는 남편(夫)"" -> ""닭""이라는 뜻의 글자입니다.",음독은 ケイ입니다. 특별한 점은 없습니다.,"鶏는 ""닭""을 뜻합니다.",no
1798,N1,禅,선 선,"""선 선"". 선종(불교의 종파)",ゼン,,"禅 = 礻 + 単。 「礻」는 ""신, 종교, 고대의 비석""을 뜻합니다. 「単」는 ""단독, 홀로""라는 뜻입니다. 禅는 ""홀로(単) 조용히 명상하며 진리를 구하는 종교(礻)"" -> ""선종""이라는 뜻의 글자입니다.",음독은 ゼン입니다. 특별한 점은 없습니다.,禅의 정식 훈독은 없습니다.,no
1799,N1,嘱,부탁할 촉,"""부탁할 촉"". 부탁하다",ショク,,"嘱 = 口 + 属。 (의미부)「口」는 ""입""을 뜻합니다. (소리부 겸 의미부)「属」(ゾク)는 ""속하다""라는 뜻입니다. 嘱는 ""집단에 소속된(属) 내부자에게 청탁하다(口)"" -> ""부탁하다""라는 뜻의 글자입니다. (属는 소리부(ゾク -> ショク)도 겸함)",음독은 ショク입니다. 특별한 점은 없습니다.,嘱의 정식 훈독은 없습니다.,no
1800,N1,胴,몸통 동,"""몸통 동"". 몸통",ドウ,,"胴 = 月 + 同。 (의미부)「月」는 ""신체의 일부""를 뜻합니다. (소리부)「同」(ドウ)는 여기서는 소리부의 역할만 하고 있습니다. 胴는 ""신체의 일부(月)"" -> ""몸통""이라는 뜻의 글자입니다(同는 소리부).",음독은 ドウ입니다. 특별한 점은 없습니다.,胴의 정식 훈독은 없습니다.,no
1801,N1,迭,번갈아들 질,"""번갈아들 질"". 번갈아서",テツ,,"迭 = ⻌ + 失。 (의미부)「⻌」는 ""길""을 뜻합니다. (소리부 겸 의미부)「失」(シツ)는 ""잃다""라는 뜻입니다. 迭는 ""길(⻌)을 잃고(失) 오락가락 헤메다"" -> ""왔다갔다"" -> ""번갈아서""라는 뜻의 글자입니다. (失는 소리부(シツ -> テツ)도 겸함)",음독은 テツ입니다. 특별한 점은 없습니다.,迭의 정식 훈독은 없습니다.,no
1802,N1,挿,꽂을 삽,"""꽂을 삽"". 꽂다, 끼우다",ソウ,さ(す),"挿 = 扌 + 千 + 日。 「扌」는 ""손""을 뜻합니다. 千는 여기서는 ""열쇠""를 그린 모양자입니다. 日는 여기서는 臼가 변형된 것으로, ""열쇠구멍""을 그린 모양자입니다. 挿는 ""열쇠(千)를 열쇠구멍(日)에 꽂아넣다(扌)"" -> ""꽂다, 끼우다""라는 뜻의 글자입니다.",음독은 ソウ입니다. 특별한 점은 없습니다.,"挿す는 ""꽂다, 끼우다""라는 뜻의 타동사입니다.",no
1803,N1,嵐,남기 람,"""남기 람"". 폭풍우",,あらし,"嵐 = 山 + 風。 「山」는 ""산""을 뜻합니다. 「風」는 ""바람""을 뜻합니다. 嵐는 ""산(山)에서 불어오는 강한 바람(風)"" -> ""폭풍우""라는 뜻의 글자입니다.",嵐의 정식 음독은 없습니다.,"嵐는 ""폭풍우""를 뜻합니다.",no
1804,N1,椎,등골 추,"""등골 추"". 척추",ツイ,,"椎 = 木 + 隹。 「木」는 ""나무""를 뜻합니다. 隹는 여기서는 ""사람(亻)의 척추뼈(丰)""라는 뜻으로 쓰인 모양자입니다. 椎는 ""나무기둥(木)처럼 사람의 몸을 지탱하는 척추뼈(隹)"" -> ""척추""라는 뜻의 글자입니다. 척추뼈",음독은 ツイ입니다. 특별한 점은 없습니다.,椎의 정식 훈독은 없습니다.,no
1805,N1,絹,비단 견,"""비단 견"". 비단",ケン,きぬ,"絹 = 糸 + 肙。 「糸」는 ""실""을 뜻합니다. 肙는 여기서는 ""누에""를 그린 모양자입니다. 絹는 ""누에(肙)가 자아낸 실(糸)"" -> ""비단""이라는 뜻의 글자입니다. 누에",음독은 ケン입니다. 특별한 점은 없습니다.,"絹는 ""명주, 비단""을 뜻합니다.",no
1806,N1,陪,모실 배,"""모실 배"". 따르다, 모시다",バイ,,"陪 = ⻖ + 咅。 (의미부)「⻖」는 ""언덕""을 뜻합니다. (소리부)「咅」(バイ)는 여기서는 소리부의 역할만 하고 있습니다. 陪는 ""주인을 따라 언덕(⻖)을 오르다"" -> ""따르다, 모시다""라는 뜻의 글자입니다(咅는 소리부).",음독은 バイ입니다. 특별한 점은 없습니다.,陪의 정식 훈독은 없습니다.,no
1807,N1,剖,쪼갤 부,"""쪼갤 부"". 쪼개다",ボウ,,"剖 = 咅 + 刂。 (소리부 겸 의미부)咅는 여기서는「部」(ブ)가 축약된 것으로, ""부분, 부서""라는 뜻입니다. (의미부)「刂」는 ""칼""을 뜻합니다. 剖는 ""칼로 쪼개서(刂) 여러 부분(部)으로 나누다"" -> ""쪼개다""라는 뜻의 글자입니다. (咅->部는 소리부(ブ -> ボウ)도 겸함)",음독은 ボウ입니다. 특별한 점은 없습니다.,剖의 정식 훈독은 없습니다.,no
1808,N1,譜,족보 보,"""족보 보"". 족보, 악보, 기보 등",フ,,"譜 = 言 + 普。 (의미부)「言」는 ""말하다""라는 뜻입니다. (소리부 겸 의미부)「普」(フ)는 ""넓다, 보편적인""이라는 뜻입니다. 譜는 ""넓고 광대한(普) 혈통 관계를 설명하는(言) 책"" -> ""족보"" -> ""악보, 기보""라는 뜻의 글자입니다. (普는 소리부도 겸함)",음독은 フ입니다. 특별한 점은 없습니다.,譜의 정식 훈독은 없습니다.,no
1809,N1,悠,멀 유,"""멀 유"". 멀다, 아득하다, 끝이 없다",ユウ,,"悠 =攸 + 心。 攸는 여기서는「修」가 축약된 것으로, ""수행하다, 수양하다""라는 뜻입니다. 「心」는 ""마음""을 뜻합니다. 悠는 ""마음(心)의 수행(攸)에는 끝이 없다""-> ""멀다, 아득하다, 끝이 없다""라는 뜻의 글자입니다.",음독은 ユウ입니다. 특별한 점은 없습니다.,悠의 정식 훈독은 없습니다.,no
1810,N1,淑,맑을 숙,"""맑을 숙"". 얌전하다, 착하다",シュク,,"淑 = 氵 + 尗 + 又。 「氵」는 ""물""을 뜻합니다. 「尗」는 ""식물의 줄기와 뿌리""를 그린 글자입니다. 「又」는 ""손""을 뜻합니다. 淑는 ""화초(尗)를 정성스레 가꾸는(又) 여자의 맑은(氵) 심성"" -> ""얌전하다, 착하다""라는 뜻의 글자입니다.",음독은 シュク입니다. 특별한 점은 없습니다.,淑의 정식 훈독은 없습니다.,no
1811,N1,帆,돛 범,"""돛 범"". 돛",ハン,ほ,"帆 = 巾 + 凡。 (의미부)「巾」는 ""수건, 천""을 뜻합니다. (소리부)「凡」(ハン)은 여기서는 소리부의 역할만 하고 있습니다. 帆는 ""바람을 받아 배를 가게 하는 천(巾)"" -> ""돛""이라는 뜻의 글자입니다(凡은 소리부).",음독은 ハン입니다. 특별한 점은 없습니다.,"帆는 ""돛""을 뜻합니다.",no
1812,N1,暁,새벽 효,"""새벽 효"". 새벽녘",ギョウ,あかつき,"暁 = 日 + 尭。 (의미부)「日」는 ""태양""을 뜻합니다. (소리부 겸 의미부)尭는 여기서는「焼」(ショウ)가 축약된 것으로, ""불사르다, 태우다""라는 뜻입니다. 暁는 ""하늘을 서서히 밝혀오는(焼)새벽녘의 태양(日)"" -> ""새벽녘""이라는 뜻의 글자입니다. (尭->焼는 소리부(ショウ -> ギョウ)도 겸함)",음독은 ギョウ입니다. 특별한 점은 없습니다.,"暁는 ""새벽, 새벽녘""을 뜻합니다.",no
1813,N1,傑,뛰어날 걸,"""뛰어날 걸"". 뛰어난, 걸출한",ケツ,,"傑 = 亻 + 舛 + 木。 「亻」는 ""사람""을 뜻합니다. 「舛」는 ""두 발, 양발""을 뜻합니다. 「木」는 ""나무""를 뜻합니다. 傑는 ""나무(木) 위에 올라선(舛) 사람(亻)"" -> ""높이 올라서다"" -> ""뛰어난, 걸출한""이라는 뜻의 글자입니다.",음독은 ケツ입니다. 특별한 점은 없습니다.,傑의 정식 훈독은 없습니다.,no
1814,N1,笛,피리 적,"""피리 적"". 피리",テキ,ふえ,"笛 = 𥫗 + 由。 「𥫗」는 ""대나무""를 뜻합니다. 「由」는 ""유래, 연유""를 뜻합니다. 笛는 ""대나무 피리(𥫗)에서 흘러나오는(由) 소리"" -> ""피리""라는 뜻의 글자입니다.",음독은 テキ입니다. 특별한 점은 없습니다.,"笛는 ""피리""를 뜻합니다.",no
1815,N1,奴,종 노,"""종 노"". 종, 노예",ド,,"奴 = 女 + 又。 「女」는 ""여자""를 뜻합니다. 「又」는 ""손""을 뜻합니다. 奴는 ""여자(女) 노예를 손에(又) 넣다"" -> ""종, 노예""라는 뜻의 글자입니다. 참고)奴는503.「努」의 소리부이기도 합니다.",음독은 ド입니다. 특별한 점은 없습니다.,奴의 정식 훈독은 없습니다.,no
1816,N1,錠,덩이 정,"""덩이 정"". 자물쇠, ~정(약 등을 세는 단위)",ジョウ,,"錠 = 金 + 定。 (의미부)「金」는 ""쇠, 금속""을 뜻합니다. (소리부 겸 의미부)「定」(ジョウ)는 ""정하다""라는 뜻입니다. 錠는 ""정해진(定) 열쇠로만 풀 수 있는 금속 자물쇠(金)"" -> ""자물쇠""라는 뜻의 글자입니다. (定는 소리부도 겸함)",음독은 ジョウ입니다. 특별한 점은 없습니다.,錠의 정식 훈독은 없습니다.,no
1817,N1,拳,주먹 권,"""주먹 권"". 주먹",ケン,こぶし,"拳 = 龹 + 手。 (소리부 겸 의미부)龹는 여기서는「巻」(カン)이 축약된 것으로, ""돌돌 말다""라는 뜻입니다. (의미부)「手」는 ""손""을 뜻합니다. 拳는 ""손(手)을 말아쥐다(巻)"" -> ""주먹""이라는 뜻의 글자입니다. (龹->巻는 소리부(カン -> ケン)도 겸함)",음독은 ケン입니다. 특별한 점은 없습니다.,"拳는 ""주먹""을 뜻합니다.",no
1818,N1,遷,옮길 천,"""옮길 천"". 옮기다, 옮겨 가다",セン,,"遷 = ⻌ + 覀 + 大 + 己。 「⻌」는 ""길""을 뜻합니다. 「覀」는 ""덮다""라는 뜻입니다. 「大」는 ""크다""라는 뜻입니다. 「己」는 ""나, 자신""을 뜻합니다. 遷는 ""커다란 이삿짐(大)을 머리에 짊어지고(覀) 길을 걷는(⻌) 사람(己)"" -> ""옮기다, 옮겨 가다""라는 뜻의 글자입니다.",음독은 セン입니다. 특별한 점은 없습니다.,遷의 정식 훈독은 없습니다.,no
1819,N1,拙,옹졸할 졸,"""옹졸할 졸"". 서투른, 졸렬한",セツ,つたな(い),"拙 = 扌 + 出。 (의미부)「扌」는 ""손""을 뜻합니다. (소리부 겸 의미부)「出」(シュツ)는 ""나가다, 내보내다""라는 뜻입니다. 拙는 ""작업이 서툴러 손(扌)이 자꾸 엇나가다(出)"" -> ""서툴다, 졸렬하다""라는 뜻의 글자입니다. (出는 소리부(シュツ -> セツ)도 겸함)",음독은 セツ입니다. 특별한 점은 없습니다.,"拙い는 ""서투르다, 변변찮다""라는 뜻의 형용사입니다. 예문) 拙い者ですがどうぞよろしく 변변찮은 사람입니다만 잘 부탁드립니다 拙い文章서투른 문장",no
1820,N1,侍,모실 시,"""모실 시"". 모시다, 시중들다",ジ,さむらい,"侍 = 亻 + 寺。 (의미부)「亻」는 ""사람""을 뜻합니다. (소리부 겸 의미부)「寺」(ジ)는 ""절, 사찰""을 뜻합니다. 侍는 ""절(寺)에서 잡일을 하는 시동(亻)""-> ""모시다, 시중들다""라는 뜻의 글자입니다. (寺는 소리부도 겸함)",음독은 ジ입니다. 특별한 점은 없습니다.,"侍는 ""사무라이(귀인을 모시던 상급 무사)""를 뜻합니다.",no
1821,N1,尺,자 척,"""자 척"". 척(길이의 단위), 길이, 척도",シャク,,"尺는 본래 ""사람이 걷는 모습""을 두 다리를 강조하여 그린 글자입니다. ""보폭만큼의 길이(약 23~30cm)"" -> ""척(약 30cm), 길이, 척도""라는 의미입니다.",음독은 シャク입니다. 특별한 점은 없습니다.,尺의 정식 음독은 없습니다.,no
1822,N1,峠,고개 상,"""고개 상"". 고개(일본에서 만들어진 한자)",,とうげ,"峠 = 山 + 上 + 下。 「山」는 ""산""을 뜻합니다. 「上」는 ""위""를 뜻합니다. 「下」는 ""아래""를 뜻합니다. 峠는 ""고개(山)를 오르고(上) 내려가다(下)"" -> ""고개""라는 뜻의 글자입니다.",峠의 정식 음독은 없습니다.,"峠는 ""고개, 고비""를 뜻합니다.",no
1823,N1,篤,도타울 독,"""도타울 독"". 진지한, 독실한, 착실한",トク,,"篤 =𥫗+ 馬。 「𥫗」는 ""대나무""를 뜻합니다. 「馬」는 ""말""을 뜻합니다. 篤는 ""대나무(𥫗) 말(馬)"" -> ""죽마""라는 뜻입니다. ""죽마를 타고 조심조심 걷다"" -> ""진지한, 독실한, 착실한""이라는 의미입니다. 죽마(竹馬)",음독은 トク입니다. 특별한 점은 없습니다.,篤의 정식 훈독은 없습니다.,no
1824,N1,渇,목마를 갈,"""목마를 갈"". 목마른, 간절한",カツ,かわ(く),"渇 = 氵 + 曷。 (의미부)「氵」는 ""물""을 뜻합니다. (소리부 겸 의미부)「曷」(カツ)는 ""허리를 굽혀 구걸하는 모습""을 그린 글자입니다. 渇는 ""물(氵)이 마시고 싶어 굽신거리며 구걸하다(曷)"" -> ""목마른, 간절한""이라는 뜻의 글자입니다. (曷는 소리부도 겸함)",음독은 カツ입니다. 특별한 점은 없습니다.,"渇く는 ""목이 마르다, 갈증이 나다""라는 뜻의 자동사입니다.",no
1825,N1,叔,아저씨 숙,"""아저씨 숙"". 아저씨, 숙부",シュク,,"叔 =尗 + 又。 「尗」는 ""식물의 줄기와 뿌리""를 그린 글자입니다. 「又」는 ""손""을 뜻합니다. 叔는 본래 ""줄줄이 뽑혀 나오는(又)땅속의 감자(尗)""를 표현한 글자입니다. ""줄줄이 이어져 나오는 감자""를 ""여러 명의 형제""로 비유한 것입니다. ""여러 명의 형제들"" -> ""숙부, 아저씨""라는 의미입니다.",음독은 シュク입니다. 특별한 점은 없습니다.,叔의 정식 훈독은 없습니다.,no
1826,N1,雌,암컷 자,"""암컷 자"". 암컷, 약하다",シ,め、めす,"雌 = 止 +匕+ 隹。 (소리부)「止」(シ)는 여기서는 소리부의 역할만 하고 있습니다. (의미부)匕는 여기서는 단순히 장식으로 추가된 것입니다. (의미부)「隹」는 ""새""를 뜻합니다. 雌는 본래 ""암컷 새(隹)""라는 뜻으로 만들어진 글자입니다. ""암컷 새"" -> ""암컷"" -> ""약하다""라는 의미입니다(止는 소리부).",음독은 シ입니다. 특별한 점은 없습니다.,"雌는 ""암컷""을 뜻합니다.",no
1827,N1,堪,견딜 감,"""견딜 감"". 견디다, 참다",カン,た(える),"堪 = 土 + 甚。 (의미부)「土」는 ""흙""을 뜻합니다. (소리부 겸 의미부)甚는 여기서는「勘」(カン)이 축약된 것으로, ""헤아리다, 가늠하다""라는 뜻입니다. 堪는 ""산속에 유배되어 흙(土)을 씹고 버티며 석방될 날을 헤아리다(勘)"" -> ""참다, 견디다""라는 뜻의 글자입니다. (甚->勘는 소리부도 겸함)",음독은 カン입니다. 특별한 점은 없습니다.,"堪える는 ""~할 수 있다, 할 만하다""라는 뜻의 2그룹 자동사입니다. ~に堪えない(""차마 ~할 수 없다"")의 형태로도 자주 쓰입니다. 예문) 鑑賞に堪える 감상할 만하다 一読に堪える 한 번 읽어 볼 만하다 見るに堪えない惨事차마 눈뜨고 볼 수 없는 참사 聞くに堪えない 차마 들을 수 없다",no
1828,N1,叙,펼/차례 서,"""펼/차례 서"". 서술하다, 차례",ジョ,,"叙 = 余 + 又。 (소리부 겸 의미부)「余」(ヨ)는 본래 ""잎이 풍성한 나무""를 그린 글자입니다. (의미부)「又」는 ""손""을 뜻합니다. 叙는 ""손(又)으로 나뭇잎(余)을 하나하나 떼다"" -> ""차례대로"" -> ""서술하다""라는 뜻의 글자입니다. (余는 소리부(ヨ -> ジョ)도 겸함)",음독은 ジョ입니다. 특별한 점은 없습니다.,叙의 정식 훈독은 없습니다.,no
1829,N1,酢,신맛 초,"""신맛 초"". 식초, 초산",サク,す,"酢 = 酉 + 乍。 (의미부)「酉」는 ""술""을 뜻합니다. (소리부)「乍」(サク)는 여기서는 소리부의 역할만 하고 있습니다. 酢는 ""술(酉)에 넣는 식초"" -> ""식초, 초산""이라는 뜻의 글자입니다(乍는 소리부).",음독은 サク입니다. 특별한 점은 없습니다.,"酢는 ""초, 식초""를 뜻합니다.",no
1830,N1,吟,읊을 음,"""읊을 음"". 읊다, 음미하다",ギン,,"吟 = 口 + 今。 (의미부)「口」는 ""입""을 뜻합니다. (소리부 겸 의미부)「今」(キン)은 본래 ""말하고 있는 입""을 그린 글자입니다(링크 참조). 吟는 ""입(口)으로 읊조리다(今)"" -> ""읊다, 음미하다""라는 뜻의 글자입니다. (今는 소리부(キン -> ギン)도 겸함)",음독은 ギン입니다. 특별한 점은 없습니다.,吟의 정식 훈독은 없습니다.,no
1831,N1,逓,갈마들 체,"""갈마들 체"". 차례로, 번갈아서, 보내다",テイ,,"逓 = ⻌ + 乕。 「⻌」는 ""길""을 뜻합니다. 乕는 ""말(二+巾)에 올라타는(厂) 사람""을 그린 모양자입니다. 逓는 ""역참에서 말을 갈아타며(乕) 먼 길을 달려(⻌) 소식을 전하다"" -> ""차례로, 번갈아서, 보내다""라는 뜻의 글자입니다.",음독은 テイ입니다. 특별한 점은 없습니다.,逓의 정식 훈독은 없습니다.,no
1832,N1,甚,심할 심,"""심할 심"". 심하다",ジン,はなは(だ)、はなは(だしい),"甚 = 甘 + 匹。 「甘」는 ""달다""라는 뜻입니다. 匹는 여기서는 ""혀를 내두르며 음식을 뱉어내는 모습""을 그린 모양자입니다. 甚는 ""음식이 너무 달아서(甘) 뱉어버리다(匹)"" -> ""심하다""라는 뜻의 글자입니다.",음독은 ジン입니다. 특별한 점은 없습니다.,"甚だ는 ""매우, 몹시, 심히""라는 뜻의 부사입니다. 甚だしい는 ""(정도가) 매우 심하다, 극심하다""라는 뜻의 형용사입니다. 예문) 甚だ不愉快だ 몹시 불쾌하다 甚だ遺憾に思う 심히 유감스럽게 생각한다 甚だしい被害막대한 피해 甚だしい暴言を吐く 심한 막말을 내뱉다",no
1833,N1,崇,높을 숭,"""높을 숭"". 숭고한, 숭배하다",スウ,,"崇 = 山 + 宗。 (의미부)「山」는 ""산""을 뜻합니다. (소리부 겸 의미부)「宗」(ソウ)는 ""종교""를 뜻합니다. 崇는 ""산신령(山)을 숭배하다(宗)"" -> ""숭고한, 숭배하다""라는 뜻의 글자입니다. (宗는 소리부(ソウ -> スウ)도 겸함)",음독은 スウ입니다. 특별한 점은 없습니다.,崇의 정식 훈독은 없습니다.,no
1834,N1,漆,옻 칠,"""옻 칠"". 옻, 칠",シツ,うるし,"漆 = 氵 + 木 +𠆢 +氺。 「氵」는 ""물""을 뜻합니다. 「木」는 ""나무""를 뜻합니다. 氺는「水」가 살짝 변형된 것으로, ""물""을 뜻합니다. 𠆢는 여기서는 ""(옻나무에서) 흘러나오는 진액""을 그린 모양자입니다. 漆는 ""옻나무(木)에서 흘러나오는(𠆢+氺) 진액(氵)"" -> ""옻, 칠""이라는 뜻의 글자입니다.",음독은 シツ입니다. 특별한 점은 없습니다.,"漆는 ""옻나무, 옻""을 뜻합니다.",no
1835,N1,岬,곶 갑,"""곶 갑"". 곶, 갑(지명한자)",,みさき,"岬 = 山 + 甲。 (의미부)「山」는 ""산""을 뜻합니다. (소리부)「甲」(コウ)는 여기서는 소리부의 역할만 하고 있습니다. (岬에는 정식 음독이 없으나, 본래의 음독은 コウ입니다.) 山는 ""해안 쪽으로 뾰족하게 뻗은 돌산(山)"" -> ""곶, 갑""이라는 뜻의 글자입니다(甲는 소리부). (다만, 이 한자는 실제로는 거의 지명한자로만 쓰입니다.) 곶",岬의 정식 음독은 없습니다.,"岬는 ""곶, 갑""을 뜻합니다.",no
1836,N1,癖,버릇 벽,"""버릇 벽"". 버릇, 병",ヘキ,くせ,"癖 = 疒 + 辟。 (의미부)「疒」는 ""병, 질병""을 뜻합니다. (소리부 겸 의미부)「辟」(ヘキ)는 ""피하다, 숨다""라는 뜻입니다. 癖는 ""힘든 일을 피하려고만(辟) 하는 버릇(疒)"" -> ""버릇, 병""이라는 뜻의 글자입니다. (辟는 소리부도 겸함)",음독은 ヘキ입니다. 특별한 점은 없습니다.,"癖는 ""버릇, 습관""을 뜻합니다. 주로 부정적인 의미로 쓰이는 경우가 많습니다.",no
1837,N1,愉,즐거울 유,"""즐거울 유"". 즐겁다, 기쁘다",ユ,,"愉 = 忄 + 俞。 (의미부)「忄」는 ""마음""을 뜻합니다. (소리부 겸 의미부)「俞」(ユ)는 ""보내다""라는 뜻입니다. 愉는 ""마음(忄)속의 슬픔을 훨훨 날려보내고(俞) 즐거워지다"" -> ""즐겁다, 기쁘다""라는 뜻의 글자입니다. (俞는 소리부도 겸함)",음독은 ユ입니다. 특별한 점은 없습니다.,愉의 정식 훈독은 없습니다.,no
1838,N1,礁,암초 초,"""암초 초"". 암초",ショウ,,"礁 = 石 + 焦。 (의미부)「石」는 ""돌""을 뜻합니다. (소리부 겸 의미부)「焦」(ショウ)는 ""초조하다""라는 뜻입니다. 礁는 ""항해 중 암초(石)를 만나 초조해하다(焦)"" -> ""암초""라는 뜻의 글자입니다. (焦는 소리부도 겸함)",음독은 ショウ입니다. 특별한 점은 없습니다.,礁의 정식 훈독은 없습니다.,no
1839,N1,屯,진칠 둔,"""진칠 둔"". 진치다",トン,,"屯는 ""땅에 깊게 뿌리내린 나무""를 그린 상형문자입니다. ""뿌리를 박다"" -> ""진치다""라는 의미입니다.",음독은 トン입니다. 특별한 점은 없습니다.,屯의 정식 훈독은 없습니다.,no
1840,N1,姻,혼인 인,"""혼인 인"". 혼인",イン,,"姻 = 女 + 因。 (의미부)「女」는 ""여자""를 뜻합니다. (소리부 겸 의미부)「因」(イン)은 본래 ""침대에 누워있는 사람""을 그린 글자입니다(링크 참조). 姻은 ""결혼한 여자(女)가 신랑과 한 침대에서 동침하다(因)"" -> ""혼인""이라는 뜻의 글자입니다. (因는 소리부도 겸함)",음독은 イン입니다. 특별한 점은 없습니다.,姻의 정식 훈독은 없습니다.,no
1841,N1,擬,비길 의,"""비길 의"". 흉내내다, 본뜨다",ギ,,"擬 = 扌 + 疑。 (의미부)「扌」는 ""손""을 뜻합니다. (소리부 겸 의미부)「疑」(ギ)는 ""의심하다""라는 뜻입니다. 擬는 ""의심(疑)하지 못할 정도로 똑같이 만들다(扌)"" -> ""흉내내다, 본뜨다""라는 뜻의 글자입니다. (疑는 소리부도 겸함)",음독은 ギ입니다. 특별한 점은 없습니다.,擬의 정식 훈독은 없습니다.,no
1842,N1,塀,담 병,"""담 병"". 담, 담장",ヘイ,,"塀 = 土 + 尸 + 并。 (의미부)「土」는 ""흙""을 뜻합니다. (의미부)「尸」는 ""집, 지붕""을 뜻합니다. (소리부 겸 의미부)并는 여기서는「併」(ヘイ)가 축약된 것으로, ""나란히""라는 뜻입니다. 塀는 ""나란히(併) 늘어선 집들(尸) 사이의 흙담장(土)"" -> ""담, 담장""이라는 뜻의 글자입니다. (并->併는 소리부도 겸함)",음독은 ヘイ입니다. 특별한 점은 없습니다.,塀의 정식 훈독은 없습니다.,no
1843,N1,唇,입술 순,"""입술 순"". 입술",シン,くちびる,"唇 = 辰 + 口。 (소리부)「辰」(シン)은 여기서는 소리부의 역할만 하고 있습니다. (의미부)「口」는 ""입""을 뜻합니다. 唇는 ""입(口)"" -> ""입술""이라는 뜻의 글자입니다(辰는 소리부).",음독은 シン입니다. 특별한 점은 없습니다.,"唇는 ""입술""을 뜻합니다.",no
1844,N1,睦,화목할 목,"""화목할 목"". 화목하다",ボク,,"睦 = 目 + 坴。 「目」는 ""눈""을 뜻합니다. 「坴」는 ""흙더미""를 뜻합니다. 睦는 ""흙장난(坴)하는 아이들을 따뜻하게 바라보는(目) 부모"" -> ""화목한 가족"" -> ""화목하다""라는 뜻의 글자입니다.",음독은 ボク입니다. 특별한 점은 없습니다.,睦의 정식 훈독은 없습니다.,no
1845,N1,閑,한가할 한,"""한가할 한"". 한가로운, 조용한",カン,,"閑 = 門 + 木。 「木」는 ""나무""를 뜻합니다. 「門」는 ""문""을 뜻합니다. 閑는 ""아무도 못 들어오도록 문(門)을 나무(木)로 막아놓고 한가롭게 쉬다"" -> ""한가로운, 조용한""이라는 뜻의 글자입니다.",음독은 カン입니다. 특별한 점은 없습니다.,閑의 정식 훈독은 없습니다.,no
1846,N1,幽,그윽할 유,"""그윽할 유"". 그윽한, 은은한, 아득한, 저승",ユウ,,"幽 = 幺 + 幺 + 山。 幺는 여기서는 ""안개""를 그린 모양자입니다. 「山」는 ""산""을 뜻합니다. 幽는 ""깊은 산(山) 속에 자욱하게 낀 안개(幺幺)"" -> ""그윽한, 은은한, 아득한, 저승""이라는 뜻의 글자입니다.",음독은 ユウ입니다. 특별한 점은 없습니다.,幽의 정식 훈독은 없습니다.,no
1847,N1,曹,무리 조,"""무리 조"". 무리, 관청",ソウ,,"曹 = 一 + 曲 + 曰。 「一」는 ""하나""를 뜻합니다. 「曲」는 ""곡, 음악'을 뜻합니다. 「曰」는 ""말하다""라는 뜻입니다. 曹는 ""모두 함께(一) 노래(曲)를 합창하다(曰)"" -> ""무리""라는 뜻의 글자입니다.",음독은 ソウ입니다. 특별한 점은 없습니다.,曹의 정식 훈독은 없습니다.,no
1848,N1,詠,읊을 영,"""읊을 영"". 노래하다, 읊조리다",エイ,よ(む),"詠 = 言 + 永。 (의미부)「言」는 ""말하다""라는 뜻입니다. (소리부 겸 의미부)「永」(エイ)는 ""기나긴, 영원의""라는 뜻입니다. 詠는 ""시가를 길게(永) 읊조리다(言)"" -> ""노래하다, 읊조리다""라는 뜻의 글자입니다. (永는 소리부도 겸함)",음독은 エイ입니다. 특별한 점은 없습니다.,"詠む는 ""시가를 읊다""라는 뜻의 타동사입니다.",no
1849,N1,卑,낮을 비,"""낮을 비"". 낮은, 비천한, 저열한",ヒ,いや(しい)、いや(しむ)、いや(しめる),"卑는 ""부채를 든 손""을 그린 상형문자입니다. ""주인의 옆에서 부채를 부치는 시종"" -> ""비천하다, 낮다""라는 의미입니다.",음독은 ヒ입니다. 특별한 점은 없습니다.,"1.卑しい 卑しい는 ""천하다, 저속하다, 탐욕스럽다""라는 뜻의 형용사입니다. 예문) 言葉遣いが卑しい 말투가 저속하다 食べ物に卑しい人먹는 것에 탐욕스러운 사람 2.卑しめる、卑しむ 卑しめる는 ""경멸하다, 깔보다""라는 뜻의 2그룹 타동사입니다. 卑しむ는卑しめる와 완전히 같은 뜻의 타동사입니다. 예문) 政治家を卑しめる 정치인을 경멸하다 卑しむべき腰抜경멸해 마땅한 겁쟁이",no
1850,N1,侮,업신여길 모,"""업신여길 모"". 업신여기다, 멸시하다",ブ,あなど(る),"侮 = 亻 + 毎。 「亻」는 ""사람""을 뜻합니다. 「毎」는 본래 ""머리에 비녀를 꽂은 어머니""를 그린 글자입니다(링크 참조). 侮는 ""자기 어미(毎)를 업신여기는 사람(亻)"" -> ""업신여기다, 멸시하다""라는 뜻의 글자입니다.",음독은 ブ입니다. 특별한 점은 없습니다.,"侮る는 ""깔보다, 업신여기다, 경멸하다""라는 뜻의 타동사입니다. 예문) 侮るような態度を取る 깔보는 듯한 태도를 취하다 対戦相手を侮る 대전 상대를 얕잡아보다",no
1851,N1,鋳,불릴 주,"""불릴 주"". 주물하다, 주조하다",チュウ,い(る),"鋳 = 金 + 寿。 (의미부)「金」는 ""쇠, 금속""을 뜻합니다. (소리부 겸 의미부)「寿」(ジュ)는 ""장수하다""라는 뜻입니다. 鋳는 ""쇠(金)를 오랫동안(寿) 달궈서 녹이다"" -> ""주물하다, 주조하다""라는 뜻의 글자입니다. (寿는 소리부(ジュ -> チュウ)도 겸함)",음독은 チュウ입니다. 특별한 점은 없습니다.,"鋳る는 ""주조하다, 지어붓다""라는 뜻의 2그룹 타동사입니다.",no
1852,N1,抹,지울 말,"""지울 말"". 지우다, 가루",マツ,,"抹 = 扌 + 末。 (의미부)「扌」는 ""손""을 뜻합니다. (소리부 겸 의미부)「末」(マツ)는 ""끝, 끝부분""을 뜻합니다. 抹는, 라는 뜻의 글자입니다. (末는 소리부도 겸함)",음독은 マツ입니다. 특별한 점은 없습니다.,抹의 정식 훈독은 없습니다.,no
1853,N1,尉,벼슬 위,"""벼슬 위"". 벼슬, 계급(군대의 '위관'을 지칭)",イ,,"尉 =尸+示+ 寸。 「尸」는 ""앉아있는 사람""을 뜻합니다. 「示」는 ""신, 종교, 고대의 비석""을 뜻합니다. 「寸」는 ""손""을 뜻합니다. 尉는 ""자리에 앉아(尸) 신(示)에게 기도(寸)를 올리다""라는 뜻입니다. ""전쟁의 승리를 기원하는 기도를 올리다"" -> ""벼슬, 계급(군대의 장교)""라는 의미입니다. 참고) 尉는1304.「慰」의 소리부(イ)이기도 합니다.",음독은 イ입니다. 특별한 점은 없습니다.,尉의 정식 훈독은 없습니다.,no
1854,N1,隷,종 예,"""종 예"". 노예, 종, 예속",レイ,,"隷 = 士 + 示 + 隶。 「士」는 ""선비, 무사""를 뜻합니다. 「示」는 ""보여주다""라는 뜻입니다. 隶는 여기서는「逮」가 축약된 것으로, ""붙잡다""라는 뜻입니다. 隷는 ""무사(士)가 전쟁에서 붙잡은(隶) 노예를 보여주며(示) 자랑하다"" -> ""노예, 종, 예속""이라는 뜻의 글자입니다.",음독은 レイ입니다. 특별한 점은 없습니다.,隷의 정식 훈독은 없습니다.,no
1855,N1,禍,재앙 화,"""재앙 화"". 재앙, 화",カ,,"禍 = 礻 + 咼。 (의미부)「礻」는 ""신, 종교, 고대의 비석""을 뜻합니다. (소리부 겸 의미부)「咼」(カ)는 ""잘못되다, 어긋나다""라는 뜻입니다. 禍는 ""신(礻)이 죄지은 자(咼)에게 내리는 천벌"" -> ""재앙, 화""라는 뜻의 글자입니다. (咼는 소리부도 겸함)",음독은 カ입니다. 특별한 점은 없습니다.,禍의 정식 훈독은 없습니다.,no
1856,N1,酪,소젖 락,"""소젖 락"". 유제품",ラク,,"酪 = 酉 + 各。 (의미부)「酉」는 ""술""을 뜻합니다. 여기서는 ""술"" -> ""발효되다""라는 뜻으로 쓰인 것입니다. (소리부)「各」(カク)는 여기서는 소리부(カク -> ラク)의 역할만 하고 있습니다. 酪는 ""발효된(酉) 유제품"" -> ""유제품""이라는 뜻의 글자입니다(各는 소리부).",음독은 ラク입니다. 특별한 점은 없습니다.,酪의 정식 훈독은 없습니다.,no
1857,N1,茎,줄기 경,"""줄기 경"". 줄기",ケイ,くき,"茎 = 艹 + 圣。 (의미부)「艹」는 ""풀""을 뜻합니다. (소리부 겸 의미부)「圣」(ケイ)는 ""지나가다""라는 뜻입니다. 茎는 ""식물(艹)의 영양분이 지나가는(圣)줄기"" -> ""줄기""라는 뜻의 글자입니다. (圣는 소리부도 겸함)",음독은 ケイ입니다. 특별한 점은 없습니다.,"茎는 ""줄기, 대""를 뜻합니다.",no
1858,N1,帥,장수 수,"""장수 수"". 장수, 우두머리",スイ,,"帥 = 𠂤 + 巾。 「𠂤」는 ""언덕""을 뜻합니다. 「巾」는 ""수건, 천""을 뜻합니다. 帥는 ""장수가 언덕(𠂤)에 진을 치고 깃발(巾)을 꽂아두다""-> ""장수, 우두머리""라는 뜻의 글자입니다.",음독은 スイ입니다. 특별한 점은 없습니다.,帥의 정식 훈독은 없습니다.,no
1859,N1,逝,갈 서,"""갈 서"". 멀리 떠나다 ,죽다",セイ,ゆ(く)、い(く),"逝 = ⻌ + 折。 「⻌」는 ""길""을 뜻합니다. 「折」는 ""꺾다, 꺾이다""라는 뜻입니다. 逝는 ""삶의 기나긴 여정(⻌)이 꺾이다(折)"" -> ""죽다, 멀리 떠나다""라는 뜻의 글자입니다.",음독은 セイ입니다. 특별한 점은 없습니다.,"逝く、逝く는 ""(사람이) 죽다, 서거하다, 가고 돌아오지 않다""라는 뜻의 자동사입니다.",no
1860,N1,汽,물 끓는 김 기,"""물 끓는 김 기"". 증기, 김",キ,,"汽 = 氵 + 气。 (의미부)「氵」는 ""물""을 뜻합니다. (소리부 겸 의미부)气는 여기서는「気」(キ)가 축약된 것으로, ""기체""를 뜻합니다. 汽는 ""물(氵)이 증발한 기체(気)"" -> ""수증기""라는 뜻의 글자입니다. (气->気는 소리부도 겸함)",음독은 キ입니다. 특별한 점은 없습니다.,汽의 정식 훈독은 없습니다.,no
1861,N1,匿,숨길 닉,"""숨길 닉"". 숨기다, 감추다",トク,,"匿 = 匚 + 若。 匚는 여기서는 ""동굴""을 그린 모양자입니다. 「若」는 ""젊다, 어리다""라는 뜻입니다. 匿는 ""젊은이(若)가 징집을 피해 동굴(匚)에 몸을 숨기다"" -> ""숨기다, 감추다""라는 뜻의 글자입니다.",음독은 トク입니다. 특별한 점은 없습니다.,匿의 정식 훈독은 없습니다.,no
1862,N1,襟,옷깃 금,"""옷깃 금"". 옷깃, 목덜미, 마음속",キン,えり,"襟 = 衤 + 禁。 (의미부)「衤」는 ""옷, 옷감""을 뜻합니다. (소리부 겸 의미부)「禁」(キン)은 ""금하다""라는 뜻입니다. 襟는 ""옷깃(衤)을 잠그다(禁)"" -> ""옷깃, 목덜미"" -> ""가슴, 마음속""이라는 뜻의 글자입니다. (禁는 소리부도 겸함)",음독은 キン입니다. 특별한 점은 없습니다.,"襟는 ""깃, 옷깃""을 뜻합니다.",no
1863,N1,蛍,반딧불 형,"""반딧불 형"". 반딧불",ケイ,ほたる,"蛍 = ⺍ + 冖 + 虫。 「⺍＋冖」는 ""불이 환하게 켜진 집""을 뜻합니다. 「虫」는 ""벌레""를 뜻합니다. 蛍는 ""불빛(⺍＋冖)을 내는 벌레(虫)"" -> ""반딧불""이라는 뜻의 글자입니다.",음독은 ケイ입니다. 특별한 점은 없습니다.,"蛍는 ""반딧불""을 뜻합니다.",no
1864,N1,寡,적을 과,"""적을 과"". 적다, 과부",カ,,"寡 = 宀 + 夏。 (의미부)「宀」는 ""집""을 뜻합니다. (소리부 겸 의미부)아래쪽 글자는「夏」(カ)가 변형된 것으로, ""여름""을 뜻합니다. 寡는, 라는 뜻의 글자입니다. (夏는 소리부도 겸함)",음독은 カ입니다. 특별한 점은 없습니다.,寡의 정식 훈독은 없습니다.,no
1865,N1,痢,설사 리,"""설사 리"". 설사",リ,,"痢 = 疒 + 利。 (의미부)「疒」는 ""병, 질병""을 뜻합니다. (소리부)「利」(リ)는 여기서는 소리부의 역할만 하고 있습니다. 痢는 ""병(疒)"" -> ""설사""라는 뜻의 글자입니다(利는 소리부).",음독은 リ입니다. 특별한 점은 없습니다.,痢의 정식 훈독은 없습니다.,no
1866,N1,庸,쓸 용,"""쓸 용"". 평범하다, 고용하다",ヨウ,,"庸 =广 + 肀 + 用。 (의미부)「广」는 ""건물, 집""을 뜻합니다. (의미부)「肀」는 ""붓을 든 손""을 뜻합니다. (소리부 겸 의미부)「用」(ヨウ)는 ""쓰다, 사용하다""라는 뜻입니다. 庸는 ""집(广)에서 아이에게 글을 가르칠(肀) 가정교사를 고용하다(用)""라는 뜻입니다. 라는 의미입니다. (用는 소리부도 겸함)",음독은 ヨウ입니다. 특별한 점은 없습니다.,庸의 정식 훈독은 없습니다.,no
1867,N1,坑,구덩이 갱,"""구덩이 갱"". 구덩이",コウ,,"坑 = 土 + 亢。 (의미부)「土」는 ""흙""을 뜻합니다. (소리부 겸 의미부)「亢」(コウ)는 ""오르다""라는 뜻입니다. 坑는 ""흙(土) 구덩이를 기어오르다(亢)"" -> ""구덩이""라는 뜻의 글자입니다. (亢는 소리부도 겸함)",음독은 コウ입니다. 특별한 점은 없습니다.,坑의 정식 훈독은 없습니다.,no
1868,N1,藍,쪽 람,"""쪽 람"". 쪽빛, 남빛",ラン,あい,"藍 = 艹 + 監。 (의미부)「艹」는 ""풀""을 뜻합니다. (소리부 겸 의미부)「監」(カン)은 본래 ""그릇을 내려다보는 눈""을 그린 글자입니다(링크 참조). 藍는 ""쪽풀(艹)에서 짜낸 염료가 그릇에 담기는 것을 바라보다(監)"" -> ""쪽빛, 남빛""이라는 뜻의 글자입니다. (監는 소리부(カン -> ラン)도 겸함)",음독은 ラン입니다. 특별한 점은 없습니다.,"藍는 ""쪽, 남빛""을 뜻합니다.",no
1869,N1,賊,도둑 적,"""도둑 적"". 도적, 산적",ゾク,,"賊 = 貝 + 十 + 戈。 「貝」는 ""돈, 재물""을 뜻합니다. 「戈」는 ""창""을 뜻합니다. 十는 여기서는 ""사람""을 그린 모양자입니다. 賊는 ""창칼(戈)로 사람(十)을 위협해서 돈(貝)을 빼앗다"" -> ""도적, 산적""이라는 뜻의 글자입니다.",음독은 ゾク입니다. 특별한 점은 없습니다.,賊의 정식 훈독은 없습니다.,no
1870,N1,搾,짤 착,"""짤 착"". 짜다",サク,しぼ(る),"搾 = 扌 + 穴 + 乍。 (의미부)「扌」는 ""손""을 뜻합니다. (의미부)「穴」는 ""구멍""을 뜻합니다. (소리부 겸 의미부)「乍」(サク)는 여기서는 ""흘러나오는 젖""을 그린 모양자로 쓰인 것입니다. 搾는 ""젖꼭지(穴)에서 모유(乍)를 짜내다(扌)"" -> ""짜다""라는 뜻의 글자입니다. (乍는 소리부도 겸함)",음독은 サク입니다. 특별한 점은 없습니다.,"搾る는 ""(액즙/젖 등을) 짜다""라는 뜻의 타동사입니다. 예문) 母乳を搾る 모유를 짜다 レモンの果汁を搾る 레몬의 과즙을 짜다 참고)絞る、搾る의 차이점 아래 예문을 참조해 주세요. 예문) タオルを絞る 수건을 짜다 声を絞る 목소리를 짜내다 母乳を搾る 모유를 짜다 レモンの果汁を搾る 레몬의 과즙을 짜다",no
1871,N1,畔,밭두둑 반,"""밭두둑 반"". 논둑, 물가",ハン,,"畔 = 田 + 半。 (의미부)「田」는 ""밭""을 뜻합니다. (소리부 겸 의미부)「半」(ハン)은 ""절반""이라는 뜻입니다. 畔은 ""밭과 밭(田) 사이를 반으로 나누는(半) 경계"" -> ""논둑, 물가""라는 뜻의 글자입니다. (半는 소리부도 겸함)",음독은 ハン입니다. 특별한 점은 없습니다.,畔의 정식 훈독은 없습니다.,no
1872,N1,唄,염불소리 패,"""염불소리 패"". 노래",,うた,"唄 = 口 + 貝。 「口」는 ""입""을 뜻합니다. 「貝」는 ""돈, 재물""을 뜻합니다. 唄는 ""돈(貝)을 받고 노래를 불러주는(口) 소리꾼"" -> ""노래""라는 뜻의 글자입니다.",唄의 정식 음독은 없습니다.,"唄는 ""샤미센 반주에 맞추어 부르는 노래(長唄、小唄、端唄등)""를 통칭하는 단어입니다.",no
1873,N1,孔,구멍 공,"""구멍 공"". 구멍",コウ,,"孔 = 子 + 乚。 「子」는 ""아이""를 뜻합니다. 乚는 여기서는 ""여자의 가슴""을 그린 모양자입니다. 孔는 ""어미의 젖(乚)을 빠는 아기(子)"" ->""젖이 나오는 구멍"" -> ""구멍""이라는 뜻의 글자입니다.",음독은 コウ입니다. 특별한 점은 없습니다.,孔의 정식 훈독은 없습니다.,no
1874,N1,呂,법칙 려,"""법칙 려"". 음률",ロ,,"「呂」는""여러 채의 집이 이어져있는 대저택""을 그린 글자입니다. ""커다란 저택(呂)에서 흘러나오는 음악"" -> ""음률""이라는 의미입니다. (다만, 이 한자는 실제로는 단순히 「ろ」음의 취음자 역할로 쓰이는 경우가 대부분입니다.)",음독은 ロ입니다. 특별한 점은 없습니다.,呂의 정식 훈독은 없습니다.,no
1875,N1,拷,칠 고,"""칠 고"". 고문하다",ゴウ,,"拷 = 扌 + 考。 (의미부)「扌」는 ""손""을 뜻합니다. (소리부 겸 의미부)「考」(コウ)는 본래 ""지팡이를 짚은 노인""을 그린 글자입니다(링크 참조). 拷는 ""힘없는 노인(考)을 괴롭히고 고문하다(扌)"" -> ""고문하다""라는 뜻의 글자입니다. (考는 소리부(コウ -> ゴウ)도 겸함)",음독은 ゴウ입니다. 특별한 점은 없습니다.,拷의 정식 훈독은 없습니다.,no
1876,N1,嬢,아가씨 양,"""아가씨 양"". 처녀, 색시, 아가씨",ジョウ,,"嬢 = 女 +㐮。 (의미부)「女」는 ""여자""를 뜻합니다. (소리부 겸 의미부)「㐮」(ジョウ)는 ""예복, 상복""을 뜻합니다. 嬢는 ""귀여운 예복(㐮)을 입은 아가씨(女)"" -> ""처녀, 색시, 아가씨""라는 뜻의 글자입니다. (㐮는 소리부도 겸함)",음독은 ジョウ입니다. 특별한 점은 없습니다.,嬢의 정식 훈독은 없습니다.,no
1877,N1,渓,시내 계,"""시내 계"". 계곡, 골짜기",ケイ,,"渓 = 氵 + ⺤ + 夫。 「氵」는 ""물""을 뜻합니다. 「⺤」는 ""손""을 뜻합니다. 「夫」는 ""남편, 성인 남성""을 뜻합니다. 渓는 ""계곡(氵)에서 물고기를 잡는(⺤) 성인 남성(夫)"" -> ""계곡, 골짜기""라는 뜻의 글자입니다.",음독은 ケイ입니다. 특별한 점은 없습니다.,渓의 정식 훈독은 없습니다.,no
1878,N1,翁,늙은이 옹,"""늙은이 옹"". 노인 남성",オウ,,"翁 = 公 + 羽。 (소리부 겸 의미부)「公」(コウ)는 ""공평하다""라는 뜻입니다. (의미부)「羽」는 ""깃털""을 뜻합니다. 여기서는 ""깃털"" -> ""수염""이라는 뜻으로 응용된 것입니다. 翁는 ""일을 공정하게(公) 판단해주는 수염이 긴(羽) 어르신"" -> ""노인 남성, 어르신""이라는 뜻의 글자입니다. (公는 소리부(コウ -> オウ)도 겸함)",음독은 オウ입니다. 특별한 점은 없습니다.,翁의 정식 훈독은 없습니다.,no
1879,N1,廉,청렴할 렴,"""청렴할 렴"". 청렴하다, 저렴하다",レン,,"廉 = 广 + 兼。 (의미부)「广」는 ""집, 건물""을 뜻합니다. (소리부 겸 의미부)「兼」(ケン)은 본래 ""손에 볏단을 쥔 모습""을 그린 글자입니다(링크 참조). 廉는 ""볏짚(兼)을 엮어 만든작은 초가집(广)에서 사는 선비"" -> ""청렴하다, 저렴하다""라는 뜻의 글자입니다. (兼는 소리부(ケン -> レン)도 겸함)",음독은 レン입니다. 특별한 점은 없습니다.,廉의 정식 훈독은 없습니다.,no
1880,N1,謹,삼갈 근,"""삼갈 근"". 삼가다, 주의하다",キン,つつし(む),"謹 = 言 + 堇。 (의미부)「言」는 ""말하다""라는 뜻입니다. (소리부 겸 의미부)「堇」(キン)은 ""처벌, 형벌""을 뜻합니다. 謹는 ""말실수(言)로 인해 처벌(堇)받지 않도록 조심하다"" -> ""삼가다, 조심하다""라는 뜻의 글자입니다. (堇는 소리부도 겸함)",음독은 キン입니다. 특별한 점은 없습니다.,"謹む는 ""공손하게(삼가) ~하다""라는 뜻의 타동사입니다. 주로謹んで의 형태로 쓰입니다. 예문) 謹んで承る 삼가 듣다 謹んで故人のご冥福をお祈りいたします 삼가 고인의 명복을 빕니다",no
1881,N1,瞳,눈동자 동,"""눈동자 동"". 눈동자",ドウ,ひとみ,"瞳 = 目 + 童。 (의미부)「目」는 ""눈""을 뜻합니다. (소리부 겸 의미부)「童」(ドウ)는 ""어린이, 아이""를 뜻합니다. 瞳는 ""아이(童)의 맑은 눈(目)"" -> ""눈동자""라는 뜻의 글자입니다. (童는 소리부도 겸함)",음독은 ドウ입니다. 특별한 점은 없습니다.,"瞳는 ""눈동자""를 뜻합니다.",no
1882,N1,湧,물 솟을 용,"""물 솟을 용"". 지하에서 물이 솟아나오다",ユウ,わ(く),"湧 = 氵 + 勇。 (의미부)「氵」는 ""물""을 뜻합니다. (소리부 겸 의미부)「勇」(ユウ)는 ""용기""를 뜻합니다. 湧는 ""마음속의 용기(勇)가 끓어오르듯 물(氵)이 땅에서 솟아나다"" -> ""물이 솟아오르다""라는 뜻의 글자입니다. (勇는 소리부도 겸함)",음독은 ユウ입니다. 특별한 점은 없습니다.,"湧く는 ""샘솟다, 분출하다""라는 뜻의 자동사입니다. 예문) 温泉が湧く 온천이 샘솟다 勇気が湧いてくる名言용기가 샘솟는 명언",no
1883,N1,窯,기와 가마 요,"""기와 가마 요"". 가마, 도기",ヨウ,かま,"窯 = 穴 + 𦍌 + 灬。 (의미부)「穴」는 ""구멍""을 뜻합니다. (소리부 겸 의미부)「𦍌」(ヨウ)는 여기서는 ""도자기""의 모습을 그린 모양자로 쓰인 것입니다. (의미부)「灬」는 ""불""을 뜻합니다. 窯는 ""도자기(𦍌)를 구워내는(灬) 가마(穴)"" -> ""가마, 도기""라는 뜻의 글자입니다. (𦍌는 소리부도 겸함)",음독은 ヨウ입니다. 특별한 점은 없습니다.,"窯는 ""가마""를 뜻합니다.",no
1884,N1,褒,기릴 포,"""기릴 포"". 칭찬하다",ホウ,ほ(める),"褒 = 衣 + 保。 (의미부)「衣」는 ""옷""을 뜻합니다. (소리부 겸 의미부)「保」(ホ)는 ""지키다, 보호하다""라는 뜻입니다. 褒는 ""체온을 지켜주는(保) 두껍고 따뜻한 옷(衣)"" -> ""좋다, 칭찬하다""라는 뜻의 글자입니다. (保는 소리부(ホ -> ホウ)도 겸함)",음독은 ホウ입니다. 특별한 점은 없습니다.,"褒める는 ""칭찬하다""라는 뜻의 2그룹 타동사입니다.",no
1885,N1,醜,추할 추,"""추할 추"". 못생긴, 추한, 흉한",シュウ,みにく(い),"醜 = 酉 + 鬼。 「酉」는 ""술""을 뜻합니다. 「鬼」는 ""귀신, 도깨비""를 뜻합니다. 醜는 ""술(酉)에 취하지 않고는 도저히 눈뜨고 볼 수 없는, 도깨비(鬼)처럼 추한 모습"" -> ""못생긴, 추한, 흉한""이라는 뜻의 글자입니다.",음독은 シュウ입니다. 특별한 점은 없습니다.,"醜い는 ""보기 흉하다, 추하다""라는 뜻의 형용사입니다. 예문) 醜い姿추한 모습 醜い遺産争い 추악한 유산 다툼",no
1886,N1,升,되 승,"""되 승"". 되/승(용량의 단위)",ショウ,ます,"升는 본래 ""국자로 술을 퍼올리는 모습""을 그린 상형문자입니다. ""한 국자만큼의 술"" -> ""되, 승(용량의 단위)""라는 의미입니다.",음독은 ショウ입니다. 특별한 점은 없습니다.,"升는 ""되(곡물/액체의 분량 단위)""를 뜻합니다.",no
1887,N1,殉,따라죽을 순,"""따라죽을 순"". 순교하다, 따라 죽다",ジュン,,"殉 = 歹 + 旬。 (의미부)「歹」는 ""시체""를 뜻합니다. (소리부)「旬」(ジュン)은 여기서는 소리부의 역할만 하고 있습니다. 殉은 ""주군을 따라서 죽다(歹)"" -> ""순교하다, 따라 죽다""라는 뜻의 글자입니다(旬는 소리부).",음독은 ジュン입니다. 특별한 점은 없습니다.,殉의 정식 훈독은 없습니다.,no
1888,N1,煩,번거로울 번,"""번거로울 번"". 번거롭다, 귀찮다, 번민하다",ハン、ボン,わずら(う)、わずら(わす),"煩 = 火 + 頁。 「火」는 ""불""을 뜻합니다. 「頁」는 ""머리""를 뜻합니다. 煩는 ""머리(頁)에 불이 날(火) 정도로 번거롭고 귀찮다"" -> ""번거롭다, 귀찮다, 번민하다""라는 뜻의 글자입니다.",음독은 ハン、ボン입니다. 사용 빈도는 ハン이 훨씬 높습니다. ボン은煩悩(번뇌) 외에는 거의 쓰이지 않는 음독입니다.,"煩う는 ""고민하다, 번민하다""라는 뜻의 자동사 겸 타동사입니다. 주로 다른 동사의 연용형에 붙어서 ""좀처럼 ~하지 못하다""라는 뜻으로 쓰이는 경우가 많습니다. 煩わす는 ""번거롭히다, 수고를 끼치다""라는 뜻의 타동사입니다. 예문) 何も煩うことはない 아무것도 고민할 일이 없다 言い煩う 좀처럼 말하지 못하다 続きを書き煩う 속편을 쓰는 데 애먹다 親の手を煩わす 부모를 번거롭게 하다",no
1889,N1,劾,꾸짖을 핵,"""꾸짖을 핵"". 추궁하다, 탄핵하다",ガイ,,"劾 = 亥 + 力。 「亥」는 ""도축, 가공된 돼지""를 뜻합니다. 「力」는 ""힘""을 뜻합니다. 劾는 ""강한 힘으로(力) 뼈도 못 추리게(亥) 몰아붙이다"" -> ""추궁하다, 탄핵하다""라는 뜻의 글자입니다.",음독은 ガイ입니다. 특별한 점은 없습니다.,劾의 정식 훈독은 없습니다.,no
1890,N1,堕,떨어질 타,"""떨어질 타"". 무너지다, 떨어지다",ダ,,"堕 = ⻖ + 有 + 土。 「⻖」는 ""언덕""을 뜻합니다. 「有」는 ""있다""라는 뜻입니다. 「土」는 ""흙, 땅""을 뜻합니다. 堕는 ""언덕(⻖) 위에 있던(有) 것이 땅(土)으로 떨어지다"" -> ""무너지다, 떨어지다""라는 뜻의 글자입니다.",음독은 ダ입니다. 특별한 점은 없습니다.,堕의 정식 훈독은 없습니다.,no
1891,N1,租,조세 조,"""조세 조"". 조세, 세금",ソ,,"租 = 禾 + 且。 (의미부)「禾」는 ""곡식""을 뜻합니다. (소리부 겸 의미부)「且」(ソ)는 ""비석, 조상, 장례""를 뜻합니다. 租는 ""세금으로 곡식(禾)을 전부 뜯기고 굶어죽다(且)"" -> ""세금, 조세""라는 뜻의 글자입니다. (且는 소리부도 겸함)",음독은 ソ입니다. 특별한 점은 없습니다.,租의 정식 훈독은 없습니다.,no
1892,N1,桟,사다리 잔,"""사다리 잔"". 잔교, 가교",サン,,"桟 = 木 + 㦮。 (의미부)「木」는 ""나무""를 뜻합니다. (소리부 겸 의미부)「㦮」(セン)은 여기서는 ""부두에 놓인 잔교""를 그린 모양자로 쓰인 것입니다. 아래 그림을 참조해 주세요. 잔교 桟는 ""나무(木)로 만든 잔교(㦮)"" -> ""잔교, 가교""라는 뜻의 글자입니다. (㦮는 소리부(セン -> サン)도 겸함)",음독은 サン입니다. 특별한 점은 없습니다.,桟의 정식 훈독은 없습니다.,no
1893,N1,婿,사위 서,"""사위 서"". 사위",セイ,むこ,"婿 = 女 + 疋 + 月。 (의미부)「女」는 ""여자""를 뜻합니다. (소리부 겸 의미부)疋는 여기서는「正」(セイ)가 변형된 것으로, ""바르다""라는 뜻입니다. (의미부)「月」는 ""신체의 일부""를 뜻합니다. 婿는 ""딸(女)의 몸(月)의 정당한(疋->正) 주인"" -> ""사위""라는 뜻의 글자입니다. (疋->正는 소리부도 겸함)",음독은 セイ입니다. 특별한 점은 없습니다.,"婿는 ""사위""를 뜻합니다.",no
1894,N1,慕,그릴 모,"""그릴 모"". 그리워하다, 사모하다",ボ,した(う),"慕 = 莫 + ⺗。 (소리부 겸 의미부)「莫」(ボ)는 ""없다""라는 뜻입니다. (의미부)⺗는 여기서는「心」가 변형된 것으로, ""마음""을 뜻합니다. 慕는 ""옆에 없는 사람(莫)을 마음(心) 속으로 그리워하다"" -> ""그리워하다, 사모하다""라는 뜻의 글자입니다. (莫는 소리부도 겸함)",음독은 ボ입니다. 특별한 점은 없습니다.,"慕う는 ""연모하다, 사모하다, 그리워하다""라는 뜻의 타동사입니다. 예문) ひそかに慕う 남몰래 사모하다 心から恋い慕う 마음 깊이 그리워하다",no
1895,N1,罷,마칠 파,"""마칠 파"". 중지하다, 그만두다",ヒ,,"罷 = 罒 + 能。 「罒」는 ""그물""을 뜻합니다. 「能」는 본래 ""곰""을 그린 글자입니다(링크 참조). 罷는 ""곰(能)이그물(罒)에 걸려움직임을 멈추다"" -> ""중지하다, 그만두다""라는 뜻의 글자입니다.",음독은 ヒ입니다. 특별한 점은 없습니다.,罷의 정식 훈독은 없습니다.,no
1896,N1,矯,바로잡을 교,"""바로잡을 교"". 바로잡다",キョウ,た(める),"矯 = 矢 + 喬。 (의미부)「矢」는 ""화살""을 뜻합니다. (소리부 겸 의미부)喬는 여기서는「橋」(キョウ)가 축약된 것으로, ""다리""를 뜻합니다. 矯는 ""화살(矢)에 맞아 망가진 다리(喬->橋)를 수리하다"" -> ""바로잡다""라는 뜻의 글자입니다. (喬->橋는 소리부도 겸함)",음독은 キョウ입니다. 특별한 점은 없습니다.,"矯める는 ""바로잡다, 교정하다""라는 뜻의 2그룹 타동사입니다.",no
1897,N1,某,아무 모,"""아무 모"". 아무개, 모~(모년, 모월, 모씨, 모국 등)",ボウ,,"某 = 甘 + 木。 某는 본래 ""달콤한(「甘」) 열매가 열리는 나무(「木」)"" -> ""매실나무""라는 뜻으로 만들어진 글자입니다. ""아무개""라는 뜻은 나중에 발음이 비슷하다는 이유로 추가된 것입니다. 즉, 某의 모양과 의미 사이에는 아무런 관계도 없습니다.",음독은 ボウ입니다. 특별한 것은 없습니다.,某의 정식 훈독은 없습니다.,no
1898,N1,囚,가둘 수,"""가둘 수"". 가두다, 갇히다",シュウ,,"囚 = 囗 + 人。 囗는 여기서는 ""감옥""을 그린 모양자입니다. 「人」는 ""사람""을 뜻합니다. 囚는 ""감옥(囗)에 갇힌 사람(人)"" -> ""가두다, 갇히다""라는 뜻의 글자입니다.",음독은 シュウ입니다. 특별한 점은 없습니다.,囚의 정식 훈독은 없습니다.,no
1899,N1,虹,무지개 홍,"""무지개 홍"". 무지개",,にじ,"虹 = 虫 + 工。 (의미부)「虫」는 ""벌레""를 뜻합니다. (소리부)「工」(コウ)는 여기서는 소리부의 역할만 하고 있습니다. (虹에는 정식 음독이 없으나, 본래의 음독은 コウ입니다.) 옛날 중국에서는 무지개를 하늘에 용이 나타난 것으로 여겼다고 합니다. 虹는 ""하늘에 나타난 몸통이 긴 애벌레(虫)"" -> ""무지개""라는 뜻의 글자입니다(工는 소리부).",虹의 정식 음독은 없습니다.,"虹는 ""무지개""를 뜻합니다.",no
1900,N1,泌,분비할 비,"""분비할 비"". 분비하다, 스며 나오다",ヒツ、ヒ,,"泌 = 氵 + 必。 (의미부)「氵」는 ""물""을 뜻합니다. (소리부 겸 의미부)「必」(ヒツ)는 ""필수적인, 반드시""라는 뜻입니다. 泌는 ""생명 유지에 꼭 필요한(必) 분비물(氵)"" -> ""분비하다, 스며 나오다""라는 뜻의 글자입니다. (必는 소리부(ヒツ -> ヒツ・ヒ)도 겸함)",음독은 ヒツ、ヒ입니다. 특별한 구분법은 없습니다.,泌의 정식 훈독은 없습니다.,no
1901,N1,漸,점점 점,"""점점 점"". 차츰차츰, 점점",ゼン,,"漸 = 氵 + 車 + 斤。 「氵」는 ""물""을 뜻합니다. 「車」는 ""수레, 차""를 뜻합니다. 「斤」는 ""도끼""를 뜻합니다. 漸는 ""물가(氵)의 나무를 하나씩 베어(斤) 수레(車)에 차곡차곡 싣다"" -> ""차츰차츰, 점점""이라는 뜻의 글자입니다.",음독은 ゼン입니다. 특별한 점은 없습니다.,漸의 정식 훈독은 없습니다.,no
1902,N1,蚊,모기 문,"""모기 문"". 모기",,か,"蚊 = 虫 + 文。 「虫」는 ""벌레""를 뜻합니다. 「文」는 본래 ""몸에 문신이 있는 사람""을 그린 글자입니다(링크 참조). 蚊는 ""물어서 몸에 물린 자국(文)을 남기는 벌레(虫)"" -> ""모기""라는 뜻의 글자입니다.",蚊의 정식 음독은 없습니다.,"蚊는 ""모기""를 뜻합니다.",no
1903,N1,厄,액 액,"""액 액"". 재앙, 재액",ヤク,,"厄 = 厂 + 㔾。 「厂」는 ""절벽""을 뜻합니다. 「㔾」는 ""무릎꿇은 사람""을 뜻합니다. 厄는 ""절벽(厂) 아래로 굴러떨어진 사람(㔾)"" -> ""재앙을 당하다"" -> ""재앙, 재액""이라는 뜻의 글자입니다.",음독은 ヤク입니다. 특별한 점은 없습니다.,厄의 정식 훈독은 없습니다.,no
1904,N1,藻,마름 조,"""마름 조"". 물풀, 수초",ソウ,も,"藻 = 艹 + 氵 + 喿。 (의미부)「艹」는 ""풀""을 뜻합니다. (의미부)「氵」는 ""물""을 뜻합니다. (소리부 겸 의미부)喿는 여기서는「燥」(ソウ)가 축약된 것으로, ""말리다""라는 뜻입니다. 藻는 ""물(氵) 속에 난 수초(艹)를 채집해 말리다(燥)"" -> ""물풀, 수초""라는 뜻의 글자입니다. (喿->燥는 소리부도 겸함)",음독은 ソウ입니다. 특별한 점은 없습니다.,"藻는 ""수초, 해초""를 총칭하는 단어입니다.",no
1905,N1,嫡,정실 적,"""정실 적"". 본처, 정실",チャク,,"嫡 = 女 +啇。 「女」는 ""여자""를 뜻합니다. 啇는 여기서는「適」가 축약된 것으로, ""적합하다""라는 뜻입니다. 嫡는 ""정실로 들이기 적합한(適) 여자(女)"" -> ""본처, 정실""이라는 뜻의 글자입니다.",음독은 チャク입니다. 특별한 점은 없습니다.,嫡의 정식 훈독은 없습니다.,no
1906,N1,嚇,성낼 혁,"""성낼 혁"". 성내다, 위협하다, 화내다",カク,,"嚇 = 口 + 赤 + 赤。 「口」는 ""입""을 뜻합니다. 「赤」는 ""빨강""을 뜻합니다. 嚇는 ""시뻘개진(赤赤) 얼굴로 마구 소리치다(口)"" -> ""성내다, 위협하다, 화내다""라는 뜻의 글자입니다.",음독은 カク입니다. 특별한 점은 없습니다.,嚇의 정식 훈독은 없습니다.,no
1907,N1,凸,볼록할 철,"""볼록할 철"". 볼록한",トツ,,"凸는 ""가운데가 볼록 솟아오른 모습""을 그린 상형문자입니다.",음독은 トツ입니다. 특별한 점은 없습니다.,凸의 정식 훈독은 없습니다.,no
1908,N1,韻,운 운,"""운 운"". 운율, 운치",イン,,"韻 = 音 + 員。 (의미부)「音」는 ""소리""를 뜻합니다. (소리부)「員」(イン)은 여기서는 소리부의 역할만 하고 있습니다. 韻는 ""잔잔히 울려퍼지는 소리(音)"" -> ""운치, 운율""이라는 뜻의 글자입니다(員는 소리부).",음독은 イン입니다. 특별한 점은 없습니다.,韻의 정식 훈독은 없습니다.,no
1909,N1,霜,서리 상,"""서리 상"". 서리",ソウ,しも,"霜 = 雨 + 相。 (의미부)「雨」는 ""비""를 뜻합니다. (소리부 겸 의미부)「相」(ソウ)는 ""모습, 모양""을 뜻합니다. 霜는 ""공기 중의 빗방울(雨)이 얼어붙어 서리가 내린 모습(相)"" -> ""서리""라는 뜻의 글자입니다. (相는 소리부도 겸함)",음독은 ソウ입니다. 특별한 점은 없습니다.,"霜는 ""서리""를 뜻합니다.",no
1910,N1,硝,화약 초,"""화약 초"". 화약, 초석(질산칼륨)",ショウ,,"硝 = 石 + 肖。 (의미부)「石」는 ""돌""을 뜻합니다. (소리부 겸 의미부)肖는 여기서는「消」(ショウ)가 축약된 것으로, ""사라지다""라는 뜻입니다. 硝는 ""바위(石)도 잘게 부수는(消) 화약"" -> ""화약, 초석(질산칼륨)""이라는 뜻의 글자입니다. (肖는 소리부도 겸함)",음독은 ショウ입니다. 특별한 점은 없습니다.,硝의 정식 훈독은 없습니다.,no
1911,N1,勅,칙서 칙,"""칙서 칙"". 어명, 임금의 명령",チョク,,"勅 = 束 + 力。 (소리부 겸 의미부)「束」(ソク)는 ""묶다""라는 뜻입니다. (의미부)「力」는 ""힘""을 뜻합니다. 勅는 ""구속력(束)과 강제력(力)을 가진 임금의 명령"" -> ""어명, 임금의 명령""이라는 뜻의 글자입니다. (束는 소리부(ソク -> チョク)도 겸함)",음독은 チョク입니다. 특별한 점은 없습니다.,勅의 정식 훈독은 없습니다.,no
1912,N1,棺,널 관,"""널 관"". 관",カン,,"棺 = 木 + 官。 (의미부)「木」는 ""나무""를 뜻합니다. (소리부 겸 의미부)「官」(カン)은 ""관청, 관직, 벼슬""을 뜻합니다. 옛날에는 관의 가격도 비쌌기에, 돈이 많거나 높은 지위에 있는 사람만 쓸 수 있었다고 합니다. 棺는 ""죽은 벼슬아치(官)가 들어갈 나무관(木)"" -> ""관""이라는 뜻의 글자입니다. (官는 소리부도 겸함)",음독은 カン입니다. 특별한 점은 없습니다.,棺의 정식 훈독은 없습니다.,no
1913,N1,儒,선비 유,"""선비 유"". 유교",ジュ,,"儒 = 亻 + 需。 (의미부)「亻」는 ""사람""을 뜻합니다. (소리부 겸 의미부)「需」(ジュ)는 ""필요한, 필수적인""이라는 뜻입니다. 儒는 ""인간(亻)에게 꼭 필요한(需) 도덕을 가르치는 유교"" -> ""유교""라는 뜻의 글자입니다. (需는 소리부도 겸함)",음독은 ジュ입니다. 특별한 점은 없습니다.,儒의 정식 훈독은 없습니다.,no
1914,N1,愁,근심 수,"""근심 수"". 우울한, 근심하는",シュウ,うれ(える)、うれ(い),"愁 = 秋 + 心。 (소리부 겸 의미부)「秋」(シュウ)는 ""가을""을 뜻합니다. (의미부)「心」는 ""마음""을 뜻합니다. 愁는 ""가을(秋)의 쓸쓸한 마음(心)"" -> ""우울한, 근심하는""이라는 뜻의 글자입니다. (秋는 소리부도 겸함)",음독은 シュウ입니다. 특별한 점은 없습니다.,"愁える는 ""슬픔에 잠기다, 비탄하다""라는 뜻의 2그룹 타동사입니다. 愁い는 ""슬픔, 비탄""을 뜻합니다.",no
1915,N1,楼,다락 루,"""다락 루"". 다락, 망루",ロウ,,"楼 = 木 +娄。 「木」는 ""나무""를 뜻합니다. 「娄」는 ""쌓다, 겹치다""라는 뜻입니다. 楼는 ""나무(木)로 쌓아올린(娄) 탑"" -> ""다락, 망루""라는 뜻의 글자입니다.",음독은 ロウ입니다. 특별한 점은 없습니다.,楼의 정식 훈독은 없습니다.,no
1916,N1,眉,눈썹 미,"""눈썹 미"". 눈썹",ビ、ミ,まゆ,"眉 = 𠃜 + 目。 「目」는 ""눈""을 뜻합니다. 𠃜는 여기서는 ""길게 자란 눈썹""을 그린 모양자입니다. 眉는 ""눈(目) 위의 눈썹(𠃜)"" -> ""눈썹""이라는 뜻의 글자입니다.",음독은 ビ、ミ입니다. 그러나 절대다수는 ビ로 읽습니다. ミ는眉間(미간) 외에는 거의 쓰지 않는 음독입니다.,"眉는 ""눈썹""을 뜻합니다.",no
1917,N1,薪,섶 신,"""섶 신"". 장작",シン,たきぎ,"薪 = 艹 + 新。 (의미부)「艹」는 ""풀""을 뜻합니다. (소리부 겸 의미부)「新」(シン)은 여기서는 ""도끼(斤)로 벤 나무(木)""라는 뜻으로 쓰인 것입니다. 薪는 ""불을 지피기 위해 베어온 나무(新)와 짚단(艹)"" -> ""장작""이라는 뜻의 글자입니다. (新는 소리부도 겸함)",음독은 シン입니다. 특별한 점은 없습니다.,"薪는 ""땔나무, 장작""을 뜻합니다.",no
1918,N1,褐,갈색 갈,"""갈색 갈"". 갈색",カツ,,"褐 = 衤 + 曷。 (의미부)「衤」는 ""옷, 옷감""을 뜻합니다. (소리부 겸 의미부)「曷」(カツ)는 ""허리를 굽혀 구걸하는 사람""을 뜻합니다. 褐는 ""구걸하는 거지(曷)의 갈색으로 때가 찌든 옷(衤)"" -> ""갈색""이라는 뜻의 글자입니다. (曷는 소리부도 겸함)",음독은 カツ입니다. 특별한 점은 없습니다.,褐의 정식 훈독은 없습니다.,no
1919,N1,賜,줄 사,"""줄 사"". 주다, 하사하다",シ,たまわ(る),"賜 = 貝 + 易。 「貝」는 ""돈, 재물""을 뜻합니다. 「易」는 본래 ""접시의 물을 아래로 쏟아버리는 모습""을 그린 글자입니다(링크 참조). 賜는 ""재물(貝)을 아래로 내려주다(易)"" -> ""주다, 하사하다""라는 뜻의 글자입니다.",음독은 シ입니다. 특별한 점은 없습니다.,"賜る는 ""윗사람에게서 받다, 내려 주시다""라는 뜻의 타동사입니다.",no
1920,N1,繕,기울 선,"""기울 선"". 수선하다, 고치다",ゼン,つくろ(う),"繕 = 糸 + 善。 (의미부)「糸」는 ""실""을 뜻합니다. (소리부 겸 의미부)「善」(ゼン)은 ""착하다, 좋다""라는 뜻입니다. 繕는 ""찢어진 부분을 실(糸)로 꿰매서 좋게(善) 만들다"" -> ""수선하다, 고치다""라는 뜻의 글자입니다. (善는 소리부도 겸함)",음독은 ゼン입니다. 특별한 점은 없습니다.,"繕う는 ""고치다, 수선하다, 깁다""라는 뜻의 타동사입니다.",no
1921,N1,栓,마개 전,"""마개 전"". 마개",セン,,"栓 = 木 + 全。 (의미부)「木」는 ""나무""를 뜻합니다. (소리부 겸 의미부)「全」(ゼン)은 여기서는 ""나무못""을 그린 모양자로 쓰인 것입니다. 栓은 ""구멍에 끼워 넣는 나무(木) 못(全)"" -> ""마개""라는 뜻의 글자입니다. (全는 소리부(ゼン -> セン)도 겸함)",음독은 セン입니다. 특별한 점은 없습니다.,栓의 정식 훈독은 없습니다.,no
1922,N1,凹,오목할 요,"""오목할 요"". 오목한",オウ,,"凹는 ""중앙이 움푹 패인 모양""을 그린 상형문자입니다.",음독은 オウ입니다. 특별한 점은 없습니다.,凹의 정식 훈독은 없습니다.,no
1923,N1,艶,고울 염,"""고울 염"". 고운, 요염한",エン,つや,"艶 = 豊 + 色。 「豊」는 ""풍부하다""라는 뜻입니다. 「色」는 ""색, 색기""를 뜻합니다. 艶는 ""색기(色)가 넘치는(豊) 여자"" -> ""고운, 요염한""이라는 뜻의 글자입니다.",음독은 エン입니다. 특별한 점은 없습니다.,"艶는 ""윤, 윤기, 광택""을 뜻합니다.",no
1924,N1,錬,단련할 련,"""단련할 련"". 단련하다, (금속을) 불리다",レン,,"錬 = 金 + 東。 錬는「練」(レン)에서 糸만「金」로 바꾼 글자로, 음독도 같습니다. ""금속(金)을 연마하다(練)"" -> ""단련하다, 불리다""라는 의미입니다.",음독은 レン입니다. 특별한 점은 없습니다.,錬의 정식 훈독은 없습니다.,no
1925,N1,衷,속마음 충,"""속마음 충"". 한가운데, 속마음",チュウ,,"衷 = 中 + 衣。 (소리부 겸 의미부)「中」(チュウ)는 ""가운데""를 뜻합니다. (의미부)「衣」는 ""옷""을 뜻합니다. 衷는 ""옷(衣)의 가운데 부분(中)"" -> ""한가운데, 속마음""이라는 뜻의 글자입니다. (中는 소리부도 겸함)",음독은 チュウ입니다. 특별한 점은 없습니다.,衷의 정식 훈독은 없습니다.,no
1926,N1,逐,쫓을 축,"""쫓을 축"". 쫓아내다",チク,,"逐 = ⻌ + 豕。 「⻌」는 ""길""을 뜻합니다. 「豕」는 ""돼지""를 뜻합니다. 逐는 ""사람에게 쫓겨 달아나는(⻌)멧돼지(豕)"" -> ""쫓아내다""라는 뜻의 글자입니다.",음독은 チク입니다. 특별한 점은 없습니다.,逐의 정식 훈독은 없습니다.,no
1927,N1,斥,물리칠 척,"""물리칠 척"". 물리치다, 배척하다",セキ,,"斥 = 斤 +丶。 「斤」는 ""도끼""를 뜻합니다. 丶는 여기서는 ""도끼에 베인 자국""을 그린 모양자입니다. 斥는 ""도끼(斤)로 베어버리다(丶)"" -> ""내쫓다, 물리치다""라는 뜻의 글자입니다.",음독은 セキ입니다. 특별한 점은 없습니다.,斥의 정식 훈독은 없습니다.,no
1928,N1,詔,조서 조,"""조서 조"". 칙령, 조서",ショウ,みことのり,"詔 = 言 + 召。 (의미부)「言」는 ""말하다""라는 뜻입니다. (소리부 겸 의미부)「召」(ショウ)는 ""부르다, 소환""이라는 뜻입니다. 詔는 ""황제가 신하를 불러서(召) 명령을 내리다(言)"" -> ""칙령, 조서""라는 뜻의 글자입니다. (召는 소리부도 겸함)",음독은 ショウ입니다. 특별한 점은 없습니다.,"詔는 ""조칙""을 뜻합니다.",no
1929,N1,憧,동경할 동,"""동경할 동"". 동경하다",ショウ,あこが(れる),"憧 = 忄 + 童。 「忄」는 ""마음""을 뜻합니다. 「童」는 ""아이""를 뜻합니다. 憧는 ""어른을 동경하는 아이(童)의 마음(忄)"" -> ""동경하다""라는 뜻의 글자입니다.",음독은 ショウ입니다. 특별한 점은 없습니다.,"憧れる는 ""동경하다, 그리워하다""라는 뜻의 2그룹 자동사입니다. 예문) 彼女は兄に憧れている 그녀는 오빠를 동경하고 있다 田舎暮らしに憧れる 시골 생활을 동경하다 未知の世界に憧れる 미지의 세계를 동경하다",no
1930,N1,宵,밤 소,"""밤 소"". 밤, 초저녁",ショウ,よい,"宵 = 宀 + 肖。 (의미부)「宀」는 ""집""을 뜻합니다. (소리부 겸 의미부)「肖」(ショウ)는 여기서는 ""달(月)에서 나는 빛(⺌)""을 표현한 모양자로 쓰인 것입니다. 宵는 ""집(宀)에서 달빛(肖)을 올려다보다"" -> ""밤, 초저녁""이라는 뜻의 글자입니다. (肖는 소리부도 겸함)",음독은 ショウ입니다. 특별한 점은 없습니다.,"宵는 ""초저녁, 저녁""을 뜻합니다.",no
1931,N1,妄,망령될 망,"""망령될 망"". 망령된, 헛된",モウ、ボウ,,"妄 = 亡 + 女。 (소리부 겸 의미부)「亡」(モウ・ボウ)는 ""망하다""라는 뜻입니다. (의미부)「女」는 ""여자""를 뜻합니다. 妄는 ""여자(女)의 망령된(亡) 생각"" -> ""망령된, 헛된""이라는 뜻의 글자입니다. (亡는 소리부도 겸함)",음독은 モウ、ボウ입니다. 사용 빈도는 モウ가 훨씬 높습니다.,妄의 정식 훈독은 없습니다.,no
1932,N1,酌,술 부을 작,"""술 부을 작"". 술을 따르다",シャク,く(む),"酌 = 酉 + 勺。 「酉」는 ""술, 술병""을 뜻합니다. 勺는 여기서는 ""국자""를 그린 모양자입니다. 酌는 ""술병의 술(酉)을 국자(勺)로 퍼서 따르다"" -> ""술을 따르다""라는 뜻의 글자입니다.",음독은 シャク입니다. 특별한 점은 없습니다.,"酌む는 ""(술 따위를) 그릇에 따르다, (타인의 기분/사정 등을) 짐작하다/헤아리다""라는 뜻의 타동사입니다. 예문) 杯を酌み交わす 술잔을 주고받다 相手の意図を酌んで行動する 상대방의 의도를 헤아려 행동하다",no
1933,N1,蚕,누에 잠,"""누에 잠"". 누에",サン,かいこ,"蚕 = 天 + 虫。 「天」는 ""하늘""을 뜻합니다. 「虫」는 ""벌레""를 뜻합니다. 누에는 인간에게 명주실을 제공해주는 소중한 곤충입니다. 蚕는 ""하늘(天)이 내려주신 벌레(虫)"" -> ""누에""라는 뜻의 글자입니다.",음독은 サン입니다. 특별한 점은 없습니다.,"蚕는 ""누에""를 뜻합니다.",no
1934,N1,頒,나눌 반,"""나눌 반"". 나누어주다, 널리 펴다",ハン,,"頒 = 分 + 頁。 (소리부 겸 의미부)「分」(フン)은 ""나누다""라는 뜻입니다. (의미부)「頁」는 ""머리""를 뜻합니다. 頒는 ""잘 생각해서(頁) 나누어주다(分)"" -> ""나누어주다, 널리 펴다""라는 뜻의 글자입니다. (分는 소리부(フン -> ハン)도 겸함)",음독은 ハン입니다. 특별한 점은 없습니다.,頒의 정식 훈독은 없습니다.,no
1935,N1,肢,팔다리 지,"""팔다리 지"". 팔다리, 사지",シ,,"肢 = 月 + 支。 (의미부)「月」는 ""신체의 일부""를 뜻합니다. (소리부 겸 의미부)「支」(シ)는 ""지탱하다, 지부""라는 뜻입니다. 肢는 ""신체(月)에서 뻗어나온(支) 사지"" -> ""팔다리, 사지""라는 뜻의 글자입니다. (支는 소리부도 겸함)",음독은 シ입니다. 특별한 점은 없습니다.,肢의 정식 훈독은 없습니다.,no
1936,N1,謄,베낄 등,"""베낄 등"". 베끼다, 복사하다",トウ,,"謄 = 月 + 龹 + 言。 (소리부)月+龹는 여기서는「騰」(トウ)가 축약된 것으로, 소리부의 역할만 하고 있습니다. (의미부)「言」는 ""말하다""라는 뜻입니다. 謄는 ""말(言)을 그대로 받아적다"" -> ""베끼다, 복사하다""라는 뜻의 글자입니다(月+龹->騰는 소리부).",음독은 トウ입니다. 특별한 점은 없습니다.,謄의 정식 훈독은 없습니다.,no
1937,N1,嗣,이을 사,"""이을 사"". 후사를 잇다",シ,,"嗣 = 口 + 冊 + 司。 (의미부)「口」는 ""입""을 뜻합니다. (의미부)「冊」는 ""책""을 뜻합니다. (소리부 겸 의미부)「司」(シ)는 ""다스리다, 주관하다""라는 뜻입니다. 嗣는 ""대를 이을 아들에게 책(冊)을 읽어주며(口) 직접 가르치다(司)"" -> ""후사를 잇다""라는 뜻의 글자입니다. (司는 소리부도 겸함)",음독은 シ입니다. 특별한 점은 없습니다.,嗣의 정식 훈독은 없습니다.,no
1938,N1,畝,이랑 묘,"""이랑 묘"". 이랑(토지 면적의 단위)",,うね,"畝 = 亠 + 田 + 久。 「田」는 ""밭""을 뜻합니다. 「久」는 ""오래되다""라는 뜻입니다. 亠는 여기서는 ""길이 측정용 자""를 그린 모양자입니다. 畝는 ""오래 전(久) 부터 쓰여온, 밭(田)의 크기(亠)를 재는 단위"" -> ""이랑""이라는 뜻의 글자입니다.",畝의 정식 음독은 없습니다.,"畝는 ""밭두둑""을 뜻합니다.",no
1939,N1,抄,뽑을 초,"""뽑을 초"". (일부를) 뽑아내다, (필요한 것만) 뽑아서 기록하다",ショウ,,"抄 = 扌 + 少。 (의미부)「扌」는 ""손""을 뜻합니다. (소리부 겸 의미부)「少」(ショウ)는 ""적다""라는 뜻입니다. 抄는 ""조금만(少) 뽑아내다(扌)"" -> ""(일부를) 뽑아내다, (필요한 것만) 뽑아서 기록하다""라는 뜻의 글자입니다. (少는 소리부도 겸함)",음독은 ショウ입니다. 특별한 점은 없습니다.,抄의 정식 훈독은 없습니다.,no
1940,N1,爽,시원할 상,"""시원할 상"". 시원하고 상쾌하다",ソウ,さわ(やか),"爽 = 大 + 爻 + 爻。 「大」는 ""사람""을 그린 글자입니다. 양쪽의 爻는 여기서는 ""수박""을 그린 모양자입니다. 爽는 ""시원한 수박 네 덩이(爻爻)를 들고 온 사람(大)"" -> ""시원하고 상쾌하다""라는 뜻의 글자입니다.",음독은 ソウ입니다. 특별한 점은 없습니다.,"爽やか는 ""상쾌함, 산뜻함""을 뜻합니다. 예문) 爽やかな朝상쾌한 아침 爽やかな風상쾌한 바람",no
1941,N1,惰,게으를 타,"""게으를 타"". 게으르다",ダ,,"惰 = 忄 + 左 + 月。 (의미부)「忄」는 ""마음""을 뜻합니다. (소리부)「左」(サ)는 여기서는 소리부(サ -> ダ)의 역할만 하고 있습니다. (의미부)「月」는 ""고기""를 뜻합니다. 惰는 ""아무일도 안 하고 먹기만(月) 하는 게으른(忄) 놈"" -> ""게으르다""라는 뜻의 글자입니다(左는 소리부).",음독은 ダ입니다. 특별한 점은 없습니다.,惰의 정식 훈독은 없습니다.,no
1942,N1,蛮,오랑캐 만,"""오랑캐 만"". 오랑캐, 야만, 미개",バン,,"蛮 = 亦 + 虫。 「亦」는 ""팔을 벌리고 걷는 사람""을 그린 글자입니다. 「虫」는 ""벌레""를 뜻합니다. 蛮는 ""벌레(虫)처럼 미개한 야만인(亦)"" -> ""오랑캐, 야만, 미개""라는 뜻의 글자입니다.",음독은 バン입니다. 특별한 점은 없습니다.,蛮의 정식 훈독은 없습니다.,no
1943,N1,旺,왕성할 왕,"""왕성할 왕"". 왕성하다",オウ,,"旺 = 日 + 王。 (의미부)「日」는 ""태양""을 뜻합니다. (소리부 겸 의미부)「王」(オウ)는 ""왕, 제왕""을 뜻합니다. 旺는 ""혈기가 넘치는(日) 젊은 왕(王)"" -> ""왕성하다""라는 뜻의 글자입니다. (王는 소리부도 겸함)",음독은 オウ입니다. 특별한 점은 없습니다.,旺의 정식 훈독은 없습니다.,no
1944,N1,壱,한 일,"""한 일"". 숫자 1(법률 문서 등에서 사용)",イチ,,"壱는 법률 문서 등에서 혼동을 방지하기 위해「一」대신 쓰이는 글자입니다. 이 글자는 본래는 ""술단지""를 그린 상형문자로, ""1""이라는 뜻은 단순히 발음이 같다는 이유로 파생된 것입니다. 즉,壱의 모양과 의미 사이에는 아무런 관계도 없습니다.",음독은 イチ입니다. 특별한 점은 없습니다.,壱의 정식 훈독은 없습니다.,no
1945,N1,瑠,맑은 유리 류,"""맑은 유리 류"". 유리",ル,,"瑠 = 𤣩 + 留。 (의미부)「𤣩」는 ""구슬, 보석""을 뜻합니다. (소리부)「留」(ル)는 여기서는 소리부의 역할만 하고 있습니다. 瑠는 ""투명한 유리구슬(𤣩)"" -> ""유리""라는 뜻의 글자입니다(留는 소리부).",음독은 ル입니다. 특별한 점은 없습니다.,瑠의 정식 훈독은 없습니다.,no
1946,N1,侯,제후 후,"""제후 후"". 제후, 후작",コウ,,"侯는 ""활을 당긴 채 조준하고 있는 사람""을 그린 글자로,「候」(コウ)와 유래도 같고 음독도 같습니다(링크 참조). ""활을 쏘는 제후"" -> ""제후, 후작""이라는 의미입니다.",음독은 コウ입니다. 특별한 점은 없습니다.,侯의 정식 훈독은 없습니다.,no
1947,N1,弧,활 호,"""활 호"". 호(곡선의 일부)",コ,,"弧 = 弓 + 瓜。 (의미부)「弓」는 ""활""을 뜻합니다. (소리부)瓜는 여기서는「孤」(コ)가 축약된 것으로, 소리부의 역할만 하고 있습니다. 弧는""활(弓) 모양의 곡선"" -> ""호""라는 뜻의 글자입니다(瓜->孤는 소리부).",음독은 コ입니다. 특별한 점은 없습니다.,弧의 정식 훈독은 없습니다.,no
1948,N1,附,붙을 부,"""붙을 부"". 부속, 붙이다, 첨가하다",フ,,"附 = ⻖ + 付。 (의미부)「⻖」는 ""언덕""을 뜻합니다. (소리부 겸 의미부)「付」(フ)는 ""주다, 붙이다""라는 뜻입니다. 附는 ""언덕(⻖)에 다닥다닥 붙어있는(付) 판자집"" -> ""부속, 붙이다, 첨가하다""라는 뜻의 글자입니다. (付는 소리부도 겸함)",음독은 フ입니다. 특별한 점은 없습니다.,附의 정식 훈독은 없습니다.,no
1949,N1,但,다만 단,"""다만 단"". 다만, 조건부",,ただ(し),"但 = 亻 + 旦。 「亻」는 ""사람""을 뜻합니다. 旦는 여기서는 ""등에 진 봇짐""을 그린 모양자입니다. 但는 ""짐(旦)을 들어주는(亻) 대신 조건이 있다"" -> ""다만, 조건부""라는 뜻의 글자입니다.",但의 정식 음독은 없습니다.,"但し는 ""다만, 단, 단지""라는 뜻입니다.",no
1950,N1,芋,토란 우,"""토란 우"". 감자, 토란",,いも,"芋 = 艹 + 于。 「艹」는 ""풀""을 뜻합니다. 于는 여기서는 ""(감자의) 땅속줄기""를 그린 모양자입니다. 芋는 ""감자의 원줄기(艹)와 땅속줄기(于)"" -> ""감자""라는 뜻의 글자입니다.",芋의 정식 음독은 없습니다.,"芋는 ""감자, 고구마, 토란"" 등을 총칭하는 단어입니다.",no
1951,N1,婆,할미 파,"""할미 파"". 할머니",バ,,"婆 = 波 + 女。 (소리부 겸 의미부)「波」(ハ)는 ""물결, 파도""를 뜻합니다. (의미부)「女」는 ""여자""를 뜻합니다. 婆는 ""주름살(波) 투성이의 노파(女)"" -> ""할머니""라는 뜻의 글자입니다. (波는 소리부(ハ -> バ)도 겸함)",음독은 バ입니다. 특별한 점은 없습니다.,婆의 정식 훈독은 없습니다.,no
1952,N1,倣,본뜰 방,"""본뜰 방"". 모방하다, 본뜨다, 따르다",ホウ,なら(う),"倣 = 亻 + 放。 (의미부)「亻」는 ""사람""을 뜻합니다. (소리부 겸 의미부)「放」(ホウ)는 ""내쫓다""라는 뜻입니다. 倣는 ""자꾸 따라하는 사람(亻)을 내쫓아버리다(放)"" -> ""모방하다, 본뜨다, 따르다""라는 뜻의 글자입니다. (放는 소리부도 겸함)",음독은 ホウ입니다. 특별한 점은 없습니다.,"倣う는 ""모방하다, 따르다""라는 뜻의 자동사입니다. 예문) ドイツの制度に倣う 독일의 제도를 모방하다 伝統に倣う 전통에 따르다",no
1953,N1,倹,검소할 검,"""검소할 검"". 검소한, 절약하는",ケン,,"倹 = 亻 + 㑒。 (의미부)「亻」는 ""사람""을 뜻합니다. (소리부 겸 의미부)「㑒」(ケン)은 ""날카롭다""라는 뜻입니다. 倹는 ""돈 쓰는 데 민감한(㑒) 사람(亻)"" -> ""검소한, 절약하는""이라는 뜻의 글자입니다. (㑒는 소리부도 겸함)",음독은 ケン입니다. 특별한 점은 없습니다.,倹의 정식 훈독은 없습니다.,no
1954,N1,繭,고치 견,"""고치 견"". 고치",ケン,まゆ,"繭 = 艹 + 巾 + 糸 + 虫。 「艹」는 ""풀""을 뜻합니다. 「糸」는 ""실""을 뜻합니다. 「虫」는 ""벌레""를 뜻합니다. 巾는 여기서는 ""(누에가 만든) 고치""를 그린 모양자입니다. 繭는 ""누에(虫)가 뽕잎(艹)을 먹고실(糸)을 뽑아 만든 고치(巾)"" -> ""고치""라는 뜻의 글자입니다.",음독은 ケン입니다. 특별한 점은 없습니다.,"繭는 ""고치, 누에고치""를 뜻합니다.",no
1955,N1,且,또 차,"""또 차"". 동시에, 또한",,か(つ),"且는 ""비석""의 모습을 그린 상형문자입니다. ""제단에 여러 가지 음식을 동시에 올리다"" -> ""동시에, 또한"" 이라는 의미입니다.",且의 정식 음독은 없습니다.,"且つ는 ""동시에, 또한""이라는 뜻입니다. 예문) 且つ飲み且つ歌う 한편으로 마시고 한편으로 노래하다 且つ驚き且つ喜ぶ 한편으로 놀라고 한편으로 기뻐하다 迅速且つ正確に伝える 신속하면서도 정확하게 전달하다 働き且つ学ぶ 일하면서 동시에 배우다",no
1956,N1,丙,셋째 천간 병,"""셋째 천간 병"". 병('갑을병'의 병)",ヘイ,,"丙는 본래 ""물고기의 꼬리""를 본따 그린 상형문자입니다. 그러나 이후 발음이 비슷하다는 이유로 ""갑을병""의 ""병""으로 쓰이게 된 것입니다. 즉, 丙의 모양과 의미 사이에는 아무런 관계도 없습니다.",음독은 ヘイ입니다. 특별한 점은 없습니다.,丙의 정식 훈독은 없습니다.,no
1957,N1,伎,재간 기,"""재간 기"". 재주, 광대",キ,,"伎 = 亻 + 支。 伎는「技」에서扌만「亻」로 바꾼 글자입니다. ""재주(技)가 많은 사람(亻)"" -> ""재주, 광대""라는 의미입니다. 참고) 伎의 정식 음독은 キ이지만, 실제로는 아래의伎楽와 같이 「ギ」로 읽는 단어도 꽤 있는 편입니다.",음독은 キ입니다. 특별한 점은 없습니다.,伎의 정식 훈독은 없습니다.,no
1958,N1,冶,풀무 야,"""풀무 야"". 주물, 제련",ヤ,,"冶 = 冫 + 台。 「冫」는 ""얼음""을 뜻합니다. 「台」는 ""받침대""를 뜻합니다. 冶는""금속을 녹인 다음 굳혀서(冫) 물건을 만드는 작업대(台)"" -> ""주물, 제련""이라는 뜻의 글자입니다.",음독은 ヤ입니다. 특별한 점은 없습니다.,冶의 정식 훈독은 없습니다.,no
1959,N1,吏,벼슬아치 리,"""벼슬아치 리"". 관리",リ,,"吏는 ""제사를 지낼 때 쓰는 주술 도구를 든 손""을 그린 상형문자입니다. ""제사를 주관하는 제사장"" -> ""관리, 벼슬아치""라는 의미입니다. 참고) 「史」와 유래는 같으나 다른 글자입니다.",음독은 リ입니다. 특별한 점은 없습니다.,吏의 정식 훈독은 없습니다.,no
1960,N1,塑,흙 빚을 소,"""흙 빚을 소"". (흙을) 빚다",ソ,,"塑 = 屰 + 月 + 土。 「屰」는 본래 ""거꾸로 뒤집힌 사람""을 그린 글자입니다(링크 참조). 「月」는 ""신체의 일부""를 뜻합니다. 「土」는 ""흙""을 뜻합니다. 塑는 ""흙(土)을 빚어서 사람(屰) 모양의 인형(月)을 만들다"" -> ""흙을 빚다""라는 뜻의 글자입니다.",음독은 ソ입니다. 특별한 점은 없습니다.,塑의 정식 훈독은 없습니다.,no
1961,N1,墾,개간할 간,"""개간할 간"". 개간하다",コン,,"墾 = 貇 + 土。 貇는 ""짐(豸)을 지고 있는 천민(艮)""을 그린 글자입니다(1292.「懇」모양 해설 참조). 「土」는 ""흙""을 뜻합니다. 墾는 ""등에 짐을 진 채(貇) 열심히 땅을(土) 개간하고 있는 천민"" -> ""개간하다""라는 뜻의 글자입니다. 참고) 墾과 懇은 둘 다 「コン」을 음독으로 갖습니다.",음독은 コン입니다. 특별한 점은 없습니다.,墾의 정식 훈독은 없습니다.,no
1962,N1,弐,두 이,"""두 이"". 숫자 2",ニ,,"弐는「壱」와 마찬가지로 법률 문서 등에서 혼동을 방지하기 위해「二」대신 쓰는 글자입니다. 왼쪽 아래의「二」는 ""2""라는 뜻을 표현하기 위한 것이고, 나머지 부분은 장식으로 추가된 것입니다.",음독은 ニ입니다. 특별한 점은 없습니다.,弐의 정식 훈독은 없습니다.,no
1963,N1,斤,도끼 근,"""도끼 근"". 도끼, 근(무게의 단위)",キン,,"斤는""도끼날(⺁)과 손잡이(丅)""를 그린 상형문자입니다. ""무거운 도끼"" -> ""도끼, 무게의 단위""라는 의미입니다.",음독은 キン입니다. 특별한 점은 없습니다.,斤의 정식 훈독은 없습니다.,no
1964,N1,旦,아침 단,"""아침 단"". 새벽, 아침",タン、ダン,,"旦 = 日 + 一。 「日」는 ""해""를 뜻합니다. 一는 여기서는 ""지평선""을 그린 모양자입니다. 旦는 ""아침해(日)가 지평선(一) 위로 떠오르다"" -> ""아침""이라는 뜻의 글자입니다.",음독은 タン、ダン입니다. 사용 빈도는 タン이 훨씬 높습니다. ダン은旦那(주인/남편) 외에는 거의 쓰지 않는 음독입니다.,旦의 정식 훈독은 없습니다.,no
1965,N1,朕,나 짐,"""나 짐"". 짐(임금의 자칭)",チン,,"朕 = 月 + 关。 「月」는 ""달""을 뜻합니다. 「关」는 ""웃음""을 뜻합니다. 朕는 ""달(月)을 보며 웃는(关) 황제"" -> ""짐(임금의 자칭)""이라는 뜻의 글자입니다. (朕을 처음 1인칭 대명사로 쓰기 시작한 황제는 진시황이라고 합니다.)",음독은 チン입니다. 특별한 점은 없습니다.,朕의 정식 훈독은 없습니다.,no
1966,N1,汰,일 태,"""일 태"". 추려내다, (물에) 씻다",タ,,"汰 = 氵 + 太。 (의미부)「氵」는 ""물""을 뜻합니다. (소리부 겸 의미부)「太」(タ)는 ""크다""라는 뜻입니다. 汰는 ""대량(太)의 알갱이를 물(氵)에 씻은 다음 깨끗한 것만 추려내다"" -> ""추려내다, 물에 씻다""라는 뜻의 글자입니다. (太는 소리부도 겸함)",음독은 タ입니다. 특별한 점은 없습니다.,汰의 정식 훈독은 없습니다.,no
1967,N1,濫,넘칠 람,"""넘칠 람"". 넘치다, 범람하다",ラン,,"濫 = 氵 + 監。 (의미부)「氵」는 ""물""을 뜻합니다. (소리부 겸 의미부)「監」(カン)은 본래 ""그릇을 내려다보는 눈""을 그린 글자입니다(링크 참조). 濫는 ""그릇의 물(氵)이 넘치지는 않는지 살펴보다(監)"" -> ""넘치다, 범람하다""라는 뜻의 글자입니다. (監는 소리부(カン -> ラン)도 겸함)",음독은 ラン입니다. 특별한 점은 없습니다.,濫의 정식 훈독은 없습니다.,no
1968,N1,爵,벼슬 작,"""벼슬 작"". 작위, 벼슬",シャク,,"爵 = ⺤ + 罒 +皀 + 寸。 「⺤」는 ""손""을 뜻합니다. 罒는 여기서는 ""(머리에 쓰는) 관""을 그린 모양자입니다. 皀는 여기서는 ""술잔""을 그린 모양자입니다. 「寸」는 ""손""을 뜻합니다. 爵는 ""머리에 관(罒)을 쓰고(⺤) 왕이 따라주는(寸) 술잔(皀)을 받으며 작위를 수여받다"" -> ""작위, 벼슬""이라는 뜻의 글자입니다.",음독은 シャク입니다. 특별한 점은 없습니다.,爵의 정식 훈독은 없습니다.,no
1969,N1,璃,유리 리,"""유리 리"". 유리",リ,,"璃 = 𤣩 + 离。 (의미부)「𤣩」는 ""구슬, 보석""을 뜻합니다. (소리부)离는 여기서는「離」(リ)가 축약된 것으로, 소리부의 역할만 하고 있습니다. 璃는 ""유리구슬(𤣩)"" -> ""유리""라는 뜻의 글자입니다(离->離는 소리부).",음독은 リ입니다. 특별한 점은 없습니다.,璃의 정식 훈독은 없습니다.,no
1970,N1,痘,역질 두,"""역질 두"". 마마, 천연두",トウ,,"痘 = 疒 + 豆。 (의미부)「疒」는 ""병, 질병""을 뜻합니다. (소리부 겸 의미부)「豆」(トウ)는 ""콩""을 뜻합니다. 痘는 ""콩(豆) 모양의 발진과 수포가 생기는 병(疒)"" -> ""마마, 천연두""라는 뜻의 글자입니다. (豆는 소리부도 겸함)",음독은 トウ입니다. 특별한 점은 없습니다.,痘의 정식 훈독은 없습니다.,no
1971,N1,瞭,밝을 료,"""밝을 료"". 명료한, 분명한",リョウ,,"瞭 = 目 + 尞。 (의미부)「目」는 ""눈""을 뜻합니다. (소리부 겸 의미부)「尞」(リョウ)는 ""횃불""을 그린 글자입니다. 瞭는 ""선명히 보이는(目) 밝게 타오르는 횃불(尞)"" -> ""명료한, 분명한""이라는 뜻의 글자입니다. (尞는 소리부도 겸함)",음독은 リョウ입니다. 특별한 점은 없습니다.,瞭의 정식 훈독은 없습니다.,no
1972,N1,箇,낱 개,"""낱 개"". 개수(셈을 할 때 사용)",カ,,"箇 = 𥫗 + 固。 (의미부)「𥫗」는 ""대나무""를 뜻합니다. (소리부 겸 의미부)「固」(コ)는 ""딱딱하다""라는 뜻입니다. 여기서는 ""딱딱하다"" -> ""개체""라는 뜻으로 쓰인 것입니다. 먼 옛날에는 셈을 할 때 대나무로 만든 ""산가지""라는 도구를 이용했다고 합니다. 箇는 ""산가지(𥫗)로 개수(固)를 세다"" -> ""개수""라는 뜻의 글자입니다. (固는 소리부(コ -> カ)도 겸함)",음독은 カ입니다. 특별한 점은 없습니다.,箇의 정식 훈독은 없습니다.,no
1973,N1,耗,소모할 모,"""소모할 모"". 소모되다",モウ、コウ,,"耗 = 耒 + 毛。 (의미부)「耒」는 ""쟁기""를 그린 글자입니다. (소리부 겸 의미부)「毛」(モウ)는 여기서는 ""쟁기(耒)의 이가 나가고 휘어진 모습""을 그린 모양자로 쓰인 것입니다. 耗는 ""오래 써서 닳고 휘어진(毛) 쟁기(耒)"" -> ""소모되다""라는 뜻의 글자입니다. (毛는 소리부(モウ -> モウ・コウ)도 겸함)",음독은 モウ、コウ입니다. 사용 빈도는 モウ가 훨씬 높습니다. コウ는心神耗弱(심신모약) 외에는 거의 쓰이지 않는 음독입니다.,耗의 정식 훈독은 없습니다.,no
1974,N1,虞,염려할 우,"""염려할 우"". 우려하다, 근심하다",,おそれ,"虞 = 虍 + 呉。 「虍」는 ""호랑이""를 뜻합니다. 「呉」는 ""머리가 기울어진 사람""을 그린 글자입니다. 虞는 ""호랑이(虍)를 걱정하며 고개를 젓는 사람(呉)"" -> ""우려하다, 근심하다""라는 뜻의 글자입니다.",虞의 정식 음독은 없습니다.,"虞는 ""염려, 우려""를 뜻합니다. 주로 ~虞がある(""~할 염려가 있다"")의 형태로 쓰입니다. 예문) 台風が上陸する虞がある 태풍이 상륙할 염려가 있다 証拠隠滅の虞がある 증거 인멸의 우려가 있다",no
1975,N1,謁,뵐 알,"""뵐 알"". 알현하다, 배알하다",エツ,,"謁 = 言 + 曷。 (의미부)「言」는 ""말하다""라는 뜻입니다. (소리부 겸 의미부)「曷」(カツ)는 ""허리를 굽히고 구걸하는 사람""을 그린 글자입니다. 謁는 ""윗사람을 찾아뵙고 허리를 굽히며(曷) 인사를 올리다(言)"" -> ""알현하다, 배알하다""라는 뜻의 글자입니다. (曷는 소리부(カツ -> エツ)도 겸함)",음독은 エツ입니다. 특별한 점은 없습니다.,謁의 정식 훈독은 없습니다.,no
1976,N1,賦,부세 부,"""부세 부"". 부과하다",フ,,"賦 = 貝 + 武。 (의미부)「貝」는 ""돈, 재물""을 뜻합니다. (소리부 겸 의미부)「武」(ブ)는 ""무력""을 뜻합니다. 賦는 ""무력(武)을 앞세워 강제로 세금(貝)을 부과하다"" -> ""부과하다""라는 뜻의 글자입니다. (武는 소리부(ブ -> フ)도 겸함)",음독은 フ입니다. 특별한 점은 없습니다.,賦의 정식 훈독은 없습니다.,no
1977,N1,遵,좇을 준,"""좇을 준"". (법칙/규칙 등을) 따르다, 준수하다",ジュン,,"遵 = ⻌ + 尊。 (의미부)「⻌」는 ""길""을 뜻합니다. (소리부 겸 의미부)「尊」(ソン)은 ""존경하다""라는 뜻입니다. 尊는 ""존경하는(尊) 사람의 뒤를 따르다(⻌)"" -> ""따르다, 준수하다""라는 뜻의 글자입니다. (尊는 소리부(ソン -> ジュン)도 겸함)",음독은 ジュン입니다. 특별한 점은 없습니다.,遵의 정식 훈독은 없습니다.,no
1978,N1,采,풍채 채,"""풍채 채"". 풍채, 모습",サイ,,"采 = ⺤ + 木。 「⺤」는 ""손""을 뜻합니다. 「木」는 ""나무""를 뜻합니다. 采는 ""나무열매(木)를 따는(⺤) 모습""-> ""풍채, 모습""이라는 뜻의 글자입니다. 참고) 采의 본래 뜻은 ""따다, 뽑다""였습니다(모양자「采」참조). 그러나 이후 采가 ""풍채, 모습""이라는 뜻으로 바뀌어 쓰이기 시작하면서,「採」가 새로 만들어져 ""뽑다""라는 뜻을 대신하게 된 것입니다.",음독은 サイ입니다. 특별한 점은 없습니다.,采의 정식 훈독은 없습니다.,no
1979,N1,璽,옥새 새,"""옥새 새"". 옥새",ジ,,"璽 = 爾 + 玉。 「玉」는 ""구슬, 보석""을 뜻합니다. 爾는 여기서는 ""옥새로 찍은 도장""의 복잡한 문양을 표현한 모양자입니다. 「爾」 璽는 ""임금이 도장(爾)을 찍을 때 쓰는 귀중한 보물(玉)"" -> ""옥새""라는 뜻의 글자입니다.",음독은 ジ입니다. 특별한 점은 없습니다.,璽의 정식 훈독은 없습니다.,no
1980,N1,挨,밀칠 애,"""밀칠 애"". 다가오다",アイ,,"挨 = 扌 + 厶 + 矢。 「扌」는 ""손""을 뜻합니다. 「矢」는 ""화살""을 뜻합니다. 厶는 여기서는 ""화살촉""을 강조해서 그린 모양자입니다. 挨는 ""화살(矢)이 손(扌)으로 날아와 꽂히다(厶)"" -> ""다가오다""라는 뜻의 글자입니다. 참고) 이 한자는 실제로는 「挨拶」(인사) 외에는 거의 쓰이지 않는 글자입니다.",음독은 アイ입니다. 특별한 점은 없습니다.,挨의 정식 훈독은 없습니다.,no
1981,N1,宛,,"주소, ~앞으로 보내다",,あ(てる),"宛 = 宀 + 夕 + 㔾。 「宀」는 ""집""을 뜻합니다. 「夕」는 ""저녁""을 뜻합니다. 「㔾」는 ""무릎꿇은 사람""을 뜻합니다. 宛는 ""저녁(夕)에 집(宀)에서 뒹굴거리고(㔾) 있는데 편지가 오다""-> ""주소, ~앞으로 보내다""라는 뜻의 글자입니다.",宛의 정식 음독은 없습니다.,"宛てる는 ""(편지/메일 등을) ~앞으로 보내다""라는 뜻의 2그룹 타동사입니다. 예문) 宛名(편지 등의) 수신인 이름 宛先수신인/수신처 先生に宛てた年賀状선생님께 보낸 연하장",no
1982,N1,闇,숨을 암,"""숨을 암"". 어둡다, 암흑",,やみ,"闇 = 門 + 音。 「門」는 ""문""을 뜻합니다. 「音」는 ""소리""를 뜻합니다. 闇는 ""문(門)이 닫히고 소리(音)밖에 들리지 않는 어두침침한 곳"" -> ""어둡다, 암흑""이라는 뜻의 글자입니다.",闇의 정식 음독은 없습니다.,"闇는 ""어둠""을 뜻합니다.",no
1983,N1,椅,의자 의,"""의자 의"". 의자",イ,,"椅 = 木 + 奇。 (의미부)「木」는 ""나무""를 뜻합니다. (소리부 겸 의미부)「奇」(キ)는 본래 ""짐보따리를 든 사람""을 그린 글자입니다(링크 참조). 椅는 ""짐을 든 나그네(奇)가 나무등걸(木)에 걸터앉아 쉬다"" -> ""의자""라는 뜻의 글자입니다. (奇는 소리부(キ -> イ)도 겸함)",음독은 イ입니다. 특별한 점은 없습니다.,椅의 정식 훈독은 없습니다.,no
1984,N1,畏,두려워할 외,"""두려워할 외"". 두려워하다, 공경하다",イ,おそ(れる),"畏는 ""가면(田)을 쓴 제사장이 주술 도구를 들고 제사를 지내는 모습""을 그린 상형문자입니다. ""절대적 권위를 가진 제사장"" -> ""두려워하다, 공경하다""라는 의미입니다.",음독은 イ입니다. 특별한 점은 없습니다.,"畏れる는 ""경외하다""라는 뜻의 2그룹 타동사입니다. 예문) 神を畏れる 신을 경외하다 大自然を畏れる 대자연을 경외하다 참고)恐れる・畏れる의 차이 아래 예문을 참조해 주세요. 예문) 失敗を恐れない人실패를 두려워하지 않는 사람 挑戦することを恐れるな 도전하는 것을 두려워하지 마라 神を畏れる 신을 경외하다 大自然を畏れる 대자연을 경외하다",no
1985,N1,萎,시들 위,"""시들 위"". 시들다, 생기를 잃다",イ,な(える),"萎 = 艹 + 委。 (의미부)「艹」는 ""풀""을 뜻합니다. (소리부 겸 의미부)「委」(イ)는 ""맡기다, 위임하다""라는 뜻입니다. 萎는 ""남에게 잠시 맡겨둔(委) 화초(艹)가 시들어버리다"" -> ""시들다""라는 뜻의 글자입니다. (委는 소리부도 겸함)",음독은 イ입니다. 특별한 점은 없습니다.,"萎える는 ""쇠약해지다, 기력이 빠지다, (생기/활력 등을) 잃다""라는 뜻의 2그룹 자동사입니다. 예문) 草木が萎える 초목이 시들다 やる気が萎えてしまった 의욕이 사라져 버렸다",no
1986,N1,茨,,가시나무,,いばら,"茨 = 艹 + 次。 「艹」는 ""풀""을 뜻합니다. 「次」는 ""다음""을 뜻합니다. 茨는 ""아무리 나아가도(次) 끝이 없는 가시밭길(艹)"" -> ""가시나무""라는 뜻의 글자입니다.",茨의 정식 음독은 없습니다.,"茨는 ""가시나무""를 뜻합니다.",no
1987,N1,咽,목구멍 인,"""목구멍 인"". 목구멍",イン,,"咽 = 口 + 因。 (의미부)「口」는 ""입""을 뜻합니다. (소리부 겸 의미부)「因」(イン)은 여기서는 ""(입 안쪽의) 목구멍""을 그린 모양자로 쓰인 것입니다. 咽는 ""입(口) 안쪽의 목구멍(因)"" -> ""목구멍""이라는 뜻의 글자입니다. (因는 소리부도 겸함)",음독은 イン입니다. 특별한 점은 없습니다.,咽의 정식 훈독은 없습니다.,no
1988,N1,淫,음란할 음,"""음란할 음"". 음란하다",イン,みだ(ら),"淫 = 氵 + 爫 + 壬。 「氵」는 ""물""을 뜻합니다. 「爫」는 ""손""을 뜻합니다. 壬는 여기서는「王」가 변형된 것으로, ""왕""을 뜻합니다. 淫는 ""주색(氵)잡기(爫)에 빠진 음탕한왕(壬)"" -> ""음란하다""라는 뜻의 글자입니다.",음독은 イン입니다. 특별한 점은 없습니다.,"淫ら는 ""음란함, 외설스러움, 추잡함""을 뜻합니다. 예문) 淫らな話외설스러운 이야기 淫らな行為음란한 행위",no
1989,N1,臼,절구 구,"""절구 구"". 절구",キュウ,うす,"臼는 ""절구""를 그린 상형문자입니다.",음독은 キュウ입니다. 특별한 점은 없습니다.,"臼는 ""절구""를 뜻합니다.",no
1990,N1,餌,미끼 이,"""미끼 이"". 미끼",ジ,えさ、え,"餌 = 食 + 耳。 (의미부)왼쪽 글자는「食」가 변형된 것으로, ""먹다""라는 뜻입니다. (소리부)「耳」(ジ)는 여기서는 소리부의 역할만 하고 있습니다. 餌는 ""미끼로 던진 먹이(食)"" -> ""미끼""라는 뜻의 글자입니다(耳는 소리부).",음독은 ジ입니다. 특별한 점은 없습니다.,"餌는 ""모이, 먹이, 미끼""를 뜻합니다.",no
1991,N1,怨,원망할 원,"""원망할 원"". 원망하다",エン、オン,,"怨 = 夕 + 㔾 + 心。 「夕」는 ""저녁""을 뜻합니다. 「㔾」는 ""무릎꿇은 사람""을 뜻합니다. 「心」는 ""마음""을 뜻합니다. 怨은 ""밤늦게까지(夕) 잠 못 이루고 원통해하며(心)바닥을 구르다(㔾)"" -> ""원망하다""라는 뜻의 글자입니다.",음독은 エン、オン입니다. 특별한 구분법은 없습니다.,怨의 정식 훈독은 없습니다.,no
1992,N1,岡,산등성이 강,"""산등성이 강"". 언덕(인명/지명한자)",,おか,"岡 = 𦉰 + 山。 𦉰는「罒」가 변형된 것으로, ""쇠그물""을 뜻합니다. 「山」는 ""산""을 뜻합니다. 岡는""쇠그물(𦉰)이 쳐진 작은 산(山)"" -> ""언덕""이라는 뜻의 글자입니다. (다만, 이 한자는 현재는 지명 혹은 인명에만 쓰이는 글자입니다.)",岡의 정식 음독은 없습니다.,훈독은 おか입니다. 지명 혹은 인명에 쓰입니다.,no
1993,N1,臆,가슴 억,"""가슴 억"". 가슴, 마음, 겁내다",オク,,"臆 = 月 + 意。 (의미부)「月」는 ""신체의 일부""를 뜻합니다. (소리부 겸 의미부)意는 여기서는「憶」(オク)가 축약된 것으로, ""기억""을 뜻합니다. 臆는 ""가슴속(月)에 남아있는 무서운 기억(憶)"" -> ""가슴, 마음, 겁내다""라는 뜻의 글자입니다. (意->憶는 소리부도 겸함)",음독은 オク입니다. 특별한 점은 없습니다.,臆의 정식 훈독은 없습니다.,no
1994,N1,俺,나 암,"""나 암"". 나(남성의 1인칭)",,おれ,"俺 = 亻 + 大 + 电。 「亻」는 ""사람""을 뜻합니다. 「大」는 ""크다""라는 뜻입니다. 「电」는 ""번개""를 뜻합니다. 俺는 ""번개(电)처럼 크고 강한(大) 남성(亻)"" -> ""나(남성의 1인칭)""이라는 뜻의 글자입니다.",俺의 정식 음독은 없습니다.,俺는 남성의 1인칭입니다.,no
1995,N1,苛,가혹할 가,"""가혹할 가"". 가혹하다",カ,,"苛 = 艹 + 可。 (의미부)「艹」는 ""풀""을 뜻합니다. (소리부)「可」(カ)는 여기서는 소리부의 역할만 하고 있습니다. 苛는 ""날카로운 가시덤불(艹)"" -> ""가혹하다""라는 뜻의 글자입니다(可는 소리부).",음독은 カ입니다. 특별한 점은 없습니다.,苛의 정식 훈독은 없습니다.,no
1996,N1,牙,어금니 아,"""어금니 아"". 이, 엄니",ガ、ゲ,きば,"牙는""동물의 이가 서로 맞물리는 모습""을 그린 상형문자입니다.",음독은 ガ、ゲ입니다. 사용 빈도는 ガ가 훨씬 높습니다. ゲ는象牙(상아) 외에는 거의 쓰이지 않는 음독입니다.,"牙는 ""엄니""를 뜻합니다.",no
1997,N1,崖,언덕 애,"""언덕 애"". 낭떠러지, 벼랑",ガイ,がけ,"崖 = 山 +厓。 (의미부)「山」는 ""산""을 뜻합니다. (소리부 겸 의미부)厓는 여기서는「涯」(ガイ)가 축약된 것으로, ""가장자리, 끝, 한계""를 뜻합니다. 崖는 ""산맥(山) 가장자리(涯)의 낭떠러지"" -> ""낭떠러지, 벼랑""이라는 뜻의 글자입니다. (厓->涯는 소리부도 겸함)",음독은 ガイ입니다. 특별한 점은 없습니다.,"崖는 ""낭떠러지, 벼랑, 절벽""을 뜻합니다.",no
1998,N1,蓋,덮을 개,"""덮을 개"". 뚜껑, 덮개, 덮다",ガイ,ふた,"蓋 = 艹 + 土 +厶+ 皿。 「艹」는 ""풀""을 뜻합니다. 「土」는 ""땅""을 뜻합니다. 厶는 여기서는 ""그릇의 뚜껑""을 그린 모양자입니다. 「皿」는 ""그릇, 접시""를 뜻합니다. 蓋는 ""그릇(皿)의 뚜껑(厶)을 닫아 땅(土) 속에 묻고 풀(艹)로 덮어두다"" -> ""뚜껑, 덮개, 덮다""라는 뜻의 글자입니다.",음독은 ガイ입니다. 특별한 점은 없습니다.,"蓋는 ""뚜껑, 덮개""를 뜻합니다.",no
1999,N1,骸,뼈 해,"""뼈 해"". 뼈, 해골, 백골",ガイ,,"骸 = 骨 + 亥。 「骨」는 ""뼈""를 뜻합니다. 「亥」는 ""도축, 가공된 돼지""를 뜻합니다. 骸는 ""깔끔하게 해체되어(亥) 뼈만(骨) 남은 돼지"" -> ""뼈, 해골, 백골""이라는 뜻의 글자입니다.",음독은 ガイ입니다. 특별한 점은 없습니다.,骸의 정식 훈독은 없습니다.,no
2000,N1,柿,감나무 시,"""감나무 시"". 감나무, 감",,かき,"柿 = 木 + 市。 (의미부)「木」는 ""나무""를 뜻합니다. (소리부)「市」(シ)는 여기서는 소리부의 역할만 하고 있습니다. (柿에는 정식 음독이 없으나, 본래의 음독은 シ입니다.) 柿는 ""감이 열리는 나무(木)"" -> ""감나무""라는 뜻의 글자입니다(市는 소리부).",柿의 정식 음독은 없습니다.,"柿는 ""감, 감나무""를 뜻합니다.",no
2001,N1,顎,턱 악,"""턱 악"". 턱",ガク,あご,"顎 = 咢 + 頁。 「頁」는 ""머리""를 뜻합니다. 咢는 ""콧구멍(吅), 입(一), 턱(丂)""을 그린 모양자입니다. 顎는 ""얼굴(頁) 아래쪽의 턱(咢)"" -> ""턱""이라는 뜻의 글자입니다.",음독은 ガク입니다. 특별한 점은 없습니다.,"顎는 ""턱""을 뜻합니다.",no
2002,N1,葛,칡 갈,"""칡 갈"". 칡",カツ,くず,"葛 = 艹 + 曷。 (의미부)「艹」는 ""풀""을 뜻합니다. (소리부 겸 의미부)「曷」(カツ)는 ""허리를 굽혀 구걸하는 모습""을 그린 글자입니다. 葛는 ""칡뿌리(艹)를 캐먹으며 연명하는 거지(曷)"" -> ""칡""이라는 뜻의 글자입니다. (曷는 소리부도 겸함)",음독은 カツ입니다. 특별한 점은 없습니다.,"葛는 ""칡""을 뜻합니다.",no
2003,N1,釜,가마 부,"""가마 부"". 가마, 솥",,かま,"釜 = 父 + 金。 「金」는 ""쇠, 금속""을 뜻합니다. 父는 여기서는 ""솥뚜껑""을 그린 모양자로 쓰인 것입니다. 釜는 ""무쇠(金)로 된 솥뚜껑(父)"" -> ""가마, 솥""이라는 뜻의 글자입니다.",釜의 정식 음독은 없습니다.,"釜는 ""솥, 가마""를 뜻합니다.",no
2004,N1,瓦,기와 와,"""기와 와"". 기와",ガ,かわら,"瓦는 ""기왓장이 맞물려있는 모습""을 그린 상형문자입니다.",음독은 ガ입니다. 특별한 점은 없습니다.,"瓦는 ""기와""를 뜻합니다.",no
2005,N1,韓,한국 한,"""한국 한"". 한국",カン,,"韓 =𠦝 + 韋。 「𠦝」는 ""떠오르는 아침해""를 그린 글자입니다. 「韋」는 ""성 주위를 돌며 경계서는 발들""을 그린 글자입니다. 韓는 ""떠오르는 아침해(𠦝)가 성(韋)을 비추다""라는 뜻입니다. ""아침의 나라"" -> ""조선"" -> ""한국""이라는 의미입니다.",음독은 カン입니다. 특별한 점은 없습니다.,韓의 정식 훈독은 없습니다.,no
2006,N1,玩,희롱할 완,"""희롱할 완"". 장난감, 즐기다",ガン,,"玩 = 𤣩 + 元。 (의미부)「𤣩」는 ""구슬, 보석""을 뜻합니다. (소리부)「元」(ガン)은 여기서는 소리부의 역할만 하고 있습니다. 玩는 ""구슬(𤣩)을 가지고 놀다"" -> ""장난감, 즐기다""라는 뜻의 글자입니다(元는 소리부).",음독은 ガン입니다. 특별한 점은 없습니다.,玩의 정식 훈독은 없습니다.,no
2007,N1,畿,경기 기,"""경기 기"". 수도 주위의 땅(지명한자)",キ,,"畿 = 幾 + 田。 (소리부)「幾」(キ)는 여기서는 소리부의 역할만 하고 있습니다. (의미부)「田」는 ""밭""을 뜻합니다. 畿는 ""수도 외곽의 곡창지대(田)"" -> ""수도 주변, 경기""라는 뜻의 글자입니다(幾는 소리부). (이 한자는 지명한자로만 쓰이는 글자입니다.)",음독은 キ입니다. 특별한 점은 없습니다.,畿의 정식 훈독은 없습니다.,no
2008,N1,僅,겨우 근,"""겨우 근"". 약간, 조금, 겨우",キン,わず(か),"僅 = 亻 + 堇。 (의미부)「亻」는 ""사람""을 뜻합니다. (소리부 겸 의미부)「堇」(キン)은 ""처벌, 형벌""을 뜻합니다. 僅는 ""처형(堇)당하기 직전인 사람(亻)""이라는 뜻입니다. ""죽기 직전이다, 살 날이 얼마 남지 않다"" -> ""약간, 조금, 겨우""라는 의미입니다. (堇는 소리부도 겸함)",음독은 キン입니다. 특별한 점은 없습니다.,"僅か는 ""조금, 약간, 불과, 겨우""라는 뜻입니다. 예문) 僅かな差で勝つ 근소한 차로 이기다 ここから僅か10分の距離여기서 불과 10분 거리 僅かに難を逃れた 간신히 재난을 모면했다",no
2009,N1,巾,수건 건,"""수건 건"". 수건",キン,,"巾은 ""장대에 걸린 수건""의 모습을 그린 상형문자입니다.",음독은 キン입니다. 특별한 점은 없습니다.,巾의 정식 훈독은 없습니다.,no
2010,N1,串,꼬챙이 관,"""꼬챙이 관"". 꼬챙이, 꼬치",,くし,"串는 ""꼬챙이에 꿰인 떡""을 그린 상형문자입니다.",串의 정식 음독은 없습니다.,"串는 ""꼬챙이, 꼬치""를 뜻합니다.",no
2011,N1,窟,굴 굴,"""굴 굴"". 굴, 동굴",クツ,,"窟 = 穴 + 屈。 (의미부)「穴」는 ""구멍""을 뜻합니다. (소리부 겸 의미부)「屈」(クツ)는 ""굽히다""라는 뜻입니다. 窟는 ""허리를 굽혀(屈) 굴(穴) 속으로 들어가다"" -> ""굴, 동굴""이라는 뜻의 글자입니다. (屈는 소리부도 겸함)",음독은 クツ입니다. 특별한 점은 없습니다.,窟의 정식 훈독은 없습니다.,no
2012,N1,稽,상고할 계,"""상고할 계"". 자세히 생각하다, 고려하다, 헤아리다",ケイ,,"稽 = 禾 + 尤 + 旨。 「禾」는 ""곡식""을 뜻합니다. 尤는 여기서는 ""짐을 메고 걷는 사람""을 그린 모양자입니다(1083.「就」모양 해설 참조). 「旨」는 ""뜻, 취지""를 뜻합니다. 稽는 ""수확한 곡식(禾)을 들쳐메고 걷는 농부(尤)의 생각(旨)""이라는 뜻입니다. ""곡식을 누구에게 얼마에 팔지 고민하다"" -> ""자세히 생각하다, 고려하다, 헤아리다""라는 의미입니다.",음독은 ケイ입니다. 특별한 점은 없습니다.,稽의 정식 훈독은 없습니다.,no
2013,N1,詣,이를 예,"""이를 예"". 이르다, 도달하다, 참배하다",ケイ,もう(でる),"詣 = 言 + 旨。 「言」는 ""말하다""라는 뜻입니다. 「旨」는 ""뜻, 취지""라는 뜻입니다. 詣는 ""뜻(旨)을 말하다(言)""라는 뜻입니다. 라는 의미입니다.",음독은 ケイ입니다. 특별한 점은 없습니다.,"詣でる는 ""신전/불전에 참배하다""라는 뜻의 2그룹 자동사입니다.",no
2014,N1,隙,틈 극,"""틈 극"". 틈, 간극",ゲキ,すき,"隙 = ⻖ + 小 + 日 + 小。 「⻖」는 ""언덕""을 뜻합니다. 「小」는 ""작다""라는 뜻입니다. 「日」는 ""태양""을 뜻합니다. 隙는 ""언덕(⻖) 사이사이의 작은(小小) 틈새로 비쳐 들어오는 햇빛(日)"" -> ""틈, 간극""이라는 뜻의 글자입니다.",음독은 ゲキ입니다. 특별한 점은 없습니다.,"隙는 ""틈, 빈 곳""을 뜻합니다.",no
2015,N1,桁,,"자릿수, 규모",,けた,"桁 = 木 + 行。 「木」는 ""나무""를 뜻합니다. 「行」는 ""가로(행)""을 뜻합니다. 桁는 본래 ""가로질러 놓은 나무(횡목)""라는 뜻으로 만들어진 글자입니다. 늘어서 있는 각각의 횡목을 숫자의 ""자릿수""에 해당하는 위치로 비유한 것입니다. ""나란히 늘어선 횡목"" -> ""자릿수"" -> ""규모""라는 의미입니다. 횡목",桁의 정식 음독은 없습니다.,"桁는 ""자릿수, 규모""를 뜻합니다.",no
2016,N1,鍵,열쇠 건,"""열쇠 건"". 열쇠",ケン,かぎ,"鍵 = 金 + 建。 (의미부)「金」는 ""쇠, 금속""을 뜻합니다. (소리부 겸 의미부)「建」(ケン)은 ""세우다, 건설하다""라는 뜻입니다. 鍵는 ""건물(建)의 문을 열 수 있는 열쇠(金)"" -> ""열쇠""라는 뜻의 글자입니다. (建는 소리부도 겸함)",음독은 ケン입니다. 특별한 점은 없습니다.,"鍵는 ""열쇠""를 뜻합니다.",no
2017,N1,舷,뱃전 현,"""뱃전 현"". 뱃전(배의 양쪽 가장자리 부분)",ゲン,,"舷 = 舟 + 玄。 (의미부)「舟」는 ""배""를 뜻합니다. (소리부)「玄」(ゲン)은 여기서는 소리부의 역할만 하고 있습니다. 舷은 ""배(舟)의 옆면"" -> ""뱃전""이라는 뜻의 글자입니다(玄는 소리부).",음독은 ゲン입니다. 특별한 점은 없습니다.,舷의 정식 훈독은 없습니다.,no
2018,N1,股,넓적다리 고,"""넓적다리 고"". 넓적다리",コ,また,"股 = 月 + 殳。 「月」는 ""신체의 일부""를 뜻합니다. 「殳」는 ""때리다, 휘두르다""라는 뜻입니다. 股는 ""살이 많아 때리기(殳) 좋은 신체부위(月)"" -> ""넓적다리""라는 뜻의 글자입니다.",음독은 コ입니다. 특별한 점은 없습니다.,"股는 ""가랑이""를 뜻합니다.",no
2019,N1,乞,빌 걸,"""빌 걸"". 빌다, 구걸하다",,こ(う),"乞는 ""무릎꿇고(乙) 손을 올려(𠂉) 구걸하는 사람""을 그린 상형문자입니다.",乞의 정식 음독은 없습니다.,"乞う는 ""간절히 부탁하다, 청하다""라는 뜻의 타동사입니다. 예문) 助けを乞う 도움을 청하다 命乞い 목숨 구걸",no
2020,N1,勾,굽을 구,"""굽을 구"". 굽다",コウ,,"勾 = 勹 + 厶。 勾는 구부러진 모양의 글자 두 개(勹+厶)를 합쳐서 ""굽다""라는 뜻을 표현한 글자입니다.",음독은 コウ입니다. 특별한 점은 없습니다.,勾의 정식 훈독은 없습니다.,no
2021,N1,喉,목구멍 후,"""목구멍 후"". 목구멍, 인후",コウ,のど,"喉 = 口 + 侯。 (의미부)「口」는 ""입""을 뜻합니다. (소리부)「侯」(コウ)는 여기서는 소리부의 역할만 하고 있습니다. 喉는 ""입(口) 안쪽의 구멍"" -> ""목구멍, 인후""라는 뜻의 글자입니다(侯는 소리부).",음독은 コウ입니다. 특별한 점은 없습니다.,"喉는 ""목, 목구멍, 인후""를 뜻합니다.",no
2022,N1,梗,줄기/막힐 경,"""줄기/막힐 경"". 줄기, 막히다",コウ,,"梗 = 木 + 更。 (의미부)「木」는 ""나무""를 뜻합니다. (소리부 겸 의미부)「更」(コウ)는 ""고치다""라는 뜻입니다. 梗는 ""상처를 입어 막힌 나무줄기(木)를 잘라내 고치다(更)"" -> ""줄기, 막히다""라는 뜻의 글자입니다(更는 소리부).",음독은 コウ입니다. 특별한 점은 없습니다.,梗의 정식 훈독은 없습니다.,no
2023,N1,頃,이랑 경,"""이랑 경"". 때, 경, 무렵, 쯤, 시절",,ころ,"頃 = 匕 + 頁。 「匕」는 ""숟가락""을 뜻합니다. 「頁」는 ""머리""를 뜻합니다. 頃는 ""숟가락(匕)을 입으로(頁) 가져가다""라는 뜻입니다. ""식사할 때가 되다"" -> ""때, 경, 무렵, 쯤, 시절""이라는 의미입니다.",頃의 정식 음독은 없습니다.,"頃는 ""경, 무렵, 쯤, ~하기 적당한 상태""를 뜻합니다. 예문) 昼頃정오경 幼い頃の思い出어린 시절의 추억 花の咲く頃꽃 필 무렵 この頃の天気요즘 날씨 年頃결혼 적령기",no
2024,N1,痕,흔적 흔,"""흔적 흔"". 흔적, 자국, 흉터",コン,あと,"痕 = 疒 + 艮。 (의미부)「疒」는 ""병, 질병""을 뜻합니다. (소리부 겸 의미부)「艮」(コン)은 ""몸을 웅크린 천민""을 뜻합니다. 痕는 ""천민(艮)의 등에 난 채찍 자국(疒)"" -> ""흔적, 자국, 흉터""라는 뜻의 글자입니다. (艮는 소리부도 겸함)",음독은 コン입니다. 특별한 점은 없습니다.,"痕는 ""흔적, 자국, 흉터""를 뜻합니다.",no
2025,N1,挫,꺾을 좌,"""꺾을 좌"". 꺾다, 꺾이다",ザ,,"挫 = 扌 + 坐。 (의미부)「扌」는 ""손""을 뜻합니다. (소리부 겸 의미부)坐는「座」(ザ)가 축약된 것으로, ""앉다""라는 뜻입니다. 挫는 ""땅에 손을 짚고(扌) 주저앉아(座) 좌절하다"" -> ""꺾다, 꺾이다""라는 뜻의 글자입니다. (坐->座는 소리부도 겸함) 挫",음독은 ザ입니다. 특별한 점은 없습니다.,挫의 정식 훈독은 없습니다.,no
2026,N1,塞,변방 새/막힐 색,"""변방 새/막힐 색"". 변방, 요새, 막히다",ソク、サイ,ふさ(ぐ)、ふさ(がる),"塞 = 𡨄 + 土。 𡨄는 여기서는「寒」가 축약된 것으로, ""춥다""라는 뜻입니다. 「土」는 ""흙, 땅""을 뜻합니다. 塞는 ""추운(寒) 변방의 고립된 땅(土)"" -> ""변방, 요새, 막히다""라는 뜻의 글자입니다.",음독은 ソク、サイ입니다. 구분법은 다음과 같습니다. 아래 예시단어를 참조해 주세요.,"塞ぐ는 ""틀어막다, 메우다, (장애물 등으로) 가로막다""라는 뜻의 타동사입니다. 塞がる는 ""막히다, 메다, 닫히다""라는 뜻의 자동사입니다. 예문) トラックが出口を塞いでいる 트럭이 출구를 막고 있다 壁の穴を塞ぐ 벽의 구멍을 메우다 穴が塞がる 구멍이 메워지다 配水管が塞がる 배수관이 막히다",no
2027,N1,阪,언덕 판,"""언덕 판"". 경사면, 비탈(지명한자)",ハン,さか,"阪는「坂」(ハン)에서 土만「阝」로 바뀐 글자로, 음독도 훈독도 의미도 전부 같습니다. ""언덕(阝)의 비탈길(坂)"" -> ""경사면, 비탈""이라는 의미입니다. (다만, 阪는 실제로는 거의 지명한자로만 쓰이는 글자입니다.)",음독은 ハン입니다. 특별한 점은 없습니다.,훈독은 さか입니다. 특별한 점은 없습니다.,no
2028,N1,埼,갑 기,"""갑 기"". 곶, 산부리(지명한자)",,さい,"埼 = 土 + 奇。 「土」는 ""땅""을 뜻합니다. 「奇」는 ""기묘한, 진기한""이라는 뜻입니다. 埼는 ""기묘하게(奇) 튀어나온 땅(土)"" -> ""곶, 산부리""라는 뜻의 글자입니다. (다만, 이 한자는 실제로는 지명한자로만 쓰이는 글자입니다.)",埼의 정식 음독은 없습니다.,훈독은 さい입니다. 특별한 점은 없습니다.,no
2029,N1,柵,울타리 책,"""울타리 책"". 울타리",サク,,"柵 = 木 + 冊。 (의미부)「木」는 ""나무""를 뜻합니다. (소리부 겸 의미부)「冊」(サク)는 여기서는 ""울타리""를 그린 모양자로 쓰인 것입니다. 柵는 ""나무(木)로 만든 울타리(冊)"" -> ""울타리""라는 뜻의 글자입니다. (冊는 소리부도 겸함)",음독은 サク입니다. 특별한 점은 없습니다.,柵의 정식 훈독은 없습니다.,no
2030,N1,拶,,"인사, 인사말",サツ,,"拶 = 扌 + 巛 + 夕。 「扌」는 ""손""을 뜻합니다. 巛는 ""흐르는 물살""을 그린 모양자입니다. 「夕」는 ""저녁""을 뜻합니다. 拶는 ""썰물이 빠지는(巛) 저녁에(夕) 손을 흔들어(扌) 작별 인사를 하다"" -> ""인사""라는 뜻의 글자입니다. 참고) 이 한자는 실제로는 「挨拶」(인사) 외에는 거의 쓰이지 않는 글자입니다.",음독은 サツ입니다. 특별한 점은 없습니다.,拶의 정식 훈독은 없습니다.,no
2031,N1,斬,벨 참,"""벨 참"". 베다, 베어 죽이다",ザン,き(る),"斬 = 車 + 斤。 「車」는 ""수레, 차""를 뜻합니다. 「斤」는 ""도끼""를 뜻합니다. 斬는""전차(車)를 타고 도끼(斤)로 적들을 베어 죽이다"" -> ""베다, 베어 죽이다""라는 뜻의 글자입니다.",음독은 ザン입니다. 특별한 점은 없습니다.,"斬る는 ""(칼 등으로) 베어 죽이다""라는 뜻의 1그룹 타동사입니다.",no
2032,N1,叱,꾸짖을 질,"""꾸짖을 질"". 꾸짖다, 야단치다",シツ,しか(る),"叱 = 口 + 𠤎。 (의미부)「口」는 ""입""을 뜻합니다. (소리부 겸 의미부)𠤎는 여기서는「七」(シチ)가 살짝 변형된 것으로, 본래 ""칼로 무언가를 내리치는 모습""을 그린 글자입니다(링크 참조). 叱는 ""입(口)으로 베다(𠤎) -> ""꾸짖다, 야단치다""라는 뜻의 글자입니다. (𠤎->七는 소리부(シチ -> シツ)도 겸함)",음독은 シツ입니다. 특별한 점은 없습니다.,"叱る는 ""꾸짖다, 야단치다""라는 뜻의 타동사입니다.",no
2033,N1,嫉,미워할 질,"""미워할 질"". 질투",シツ,,"嫉 = 女 + 疾。 (의미부)「女」는 ""여자""를 뜻합니다. (소리부 겸 의미부)「疾」(シツ)는 ""병, 질병""을 뜻합니다. 嫉는 ""여자(女)의 고질병(疾)"" -> ""질투""라는 뜻의 글자입니다. (疾는 소리부도 겸함)",음독은 シツ입니다. 특별한 점은 없습니다.,嫉의 정식 훈독은 없습니다.,no
2034,N1,腫,종기 종,"""종기 종"". 종기",シュ,は(れる)、は(らす),"腫 = 月 + 重。 (의미부)「月」는 ""신체의 일부""를 뜻합니다. (소리부 겸 의미부)「重」(ジュウ)는 ""무겁다""라는 뜻입니다. 腫는 ""몸(月)에 무거운(重) 종기가 부어오르다"" -> ""종기""라는 뜻의 글자입니다. (重는 소리부(ジュウ -> シュ)도 겸함)",음독은 シュ입니다. 특별한 점은 없습니다.,"腫れる는 ""붓다, 부어오르다""라는 뜻의 2그룹 자동사입니다. 腫らす는 ""붓게 하다""라는 뜻의 타동사입니다.",no
2035,N1,呪,빌 주,"""빌 주"". 주문, 저주",ジュ,のろ(う),"呪 = 口 + 兄。 「口」는 ""입""을 뜻합니다. 「兄」는 ""형""을 뜻합니다. 여기서는 단순히 ""사람""이라는 뜻으로 쓰인 것입니다. 呪는 ""주문을 외우는(口) 제사장(兄)"" -> ""주문, 저주""라는 뜻의 글자입니다.",음독은 ジュ입니다. 특별한 점은 없습니다.,"呪う는 ""저주하다, 몹시 원망하다""라는 뜻의 타동사입니다.",no
2036,N1,蹴,찰 축,"""찰 축"". 차다",シュウ,け(る),"蹴 = 足 + 就。 (의미부)「足」는 ""발""을 뜻합니다. (소리부 겸 의미부)「就」(シュウ)는 ""나아가다, 이르다, 취임하다""라는 뜻입니다. 蹴는 ""발(足)로 차서 날려보내다(就)"" -> ""차다""라는 뜻의 글자입니다. (就는 소리부도 겸함)",음독은 シュウ입니다. 특별한 점은 없습니다.,"蹴る는 ""차다, 걷어차다, 일축하다""라는 뜻의 1그룹 타동사입니다.",no
2037,N1,拭,씻을 식,"""씻을 식"". 씻다, 닦다",ショク,ふ(く)、ぬぐ(う),"拭 = 扌 + 式。 (의미부)「扌」는 ""손""을 뜻합니다. (소리부 겸 의미부)「式」(シキ)는 ""형식, 의식""을 뜻합니다. 拭는 ""중요한 의식(式)에 앞서 제단을 깨끗이 닦다(扌)"" -> ""씻다, 닦다""라는 뜻의 글자입니다. (式는 소리부(シキ -> ショク)도 겸함)",음독은 ショク입니다. 특별한 점은 없습니다.,"拭く는 ""닦다""라는 뜻의 타동사입니다. 拭う는 ""닦다, 지우다, 씻다""라는 뜻의 타동사입니다. 둘의 차이점은 다음과 같습니다. 아래 예문을 참조해 주세요. 예문) ガラスを拭く 유리를 닦다 布巾でテーブルを拭く 행주로 테이블을 닦다 額の汗を拭う 이마의 땀을 닦다 汚名を拭う 오명을 씻다 不信感を拭う 불신감을 씻어 내다",no
2038,N1,尻,꽁무니 고,"""꽁무니 고"". 엉덩이",,しり,"尻 = 尸 + 九。 (의미부)「尸」는 ""앉아있는 사람""을 뜻합니다. (소리부)「九」(ク)는 여기서는 소리부(ク -> コウ)의 역할만 하고 있습니다. (尻에는 정식 음독이 없으나, 본래의 음독은 コウ입니다.) 尻는 ""엉덩이를 대고 앉다(尸)"" -> ""엉덩이""라는 뜻의 글자입니다(九는 소리부).",尻의 정식 음독은 없습니다.,"尻는 ""엉덩이""를 뜻합니다.",no
2039,N1,芯,골풀 심,"""골풀 심"". 심지, 심",シン,,"芯 = 艹 + 心。 (의미부)「艹」는 ""풀""을 뜻합니다. (소리부)「心」(シン)은 여기서는 소리부의 역할만 하고 있습니다. 芯은 ""식물(艹)의 줄기"" -> ""심지, 심""이라는 뜻의 글자입니다(心는 소리부).",음독은 シン입니다. 특별한 점은 없습니다.,芯의 정식 훈독은 없습니다.,no
2040,N1,腎,콩팥 신,"""콩팥 신"". 신장, 콩팥",ジン,,"腎 = 臣 + 又 + 月。 (소리부)「臣」(ジン)은 여기서는 소리부의 역할만 하고 있습니다. (의미부)「又」는 ""또, 다시, 재차""라는 뜻입니다. (의미부)「月」는 ""신체의 일부""를 뜻합니다. 腎은 ""몸에 두 개(又) 붙어있는 장기(月)"" -> ""신장""이라는 뜻의 글자입니다(臣는 소리부).",음독은 ジン입니다. 특별한 점은 없습니다.,腎의 정식 훈독은 없습니다.,no
2041,N1,裾,옷자락 거,"""옷자락 거"". 옷단, 옷자락",,すそ,"裾 = 衤 + 居。 「衤」는 ""옷""을 뜻합니다. 居는 여기서는 ""옷자락을 땅에 늘어뜨리고(尸) 걷는 사람(古)""을 그린 모양자입니다. 裾는 ""땅에 늘어진(居)옷자락(衤)"" -> ""옷단, 옷자락""이라는 뜻의 글자입니다.",裾의 정식 음독은 없습니다.,"裾는 ""옷단, 옷자락""을 뜻합니다.",no
2042,N1,凄,쓸쓸할 처,"""쓸쓸할 처"". 쓸쓸한, 처량한, 처참한",セイ,,"凄 = 冫 + 妻。 (의미부)「冫」는 ""얼음""을 뜻합니다. (소리부 겸 의미부)「妻」(サイ)는 ""아내""를 뜻합니다. 凄는 ""남편이 죽어 차가운(冫) 방 안에 홀로 쓸쓸히 남은 아내(妻)"" -> ""쓸쓸한, 처량한, 처참한""이라는 뜻의 글자입니다. (妻는 소리부(サイ -> セイ)도 겸함)",음독은 セイ입니다. 특별한 점은 없습니다.,凄의 정식 훈독은 없습니다.,no
2043,N1,醒,깰 성,"""깰 성"". (술을)깨다, 깨닫다, 각성",セイ,,"醒 = 酉 + 星。 (의미부)「酉」는 ""술""을 뜻합니다. (소리부 겸 의미부)「星」(セイ)는 ""별""을 뜻합니다. 醒는 ""술(酉)이 깨고 밝은(星) 정신이 돌아오다"" -> ""(술을)깨다, 깨닫다, 각성""이라는 뜻의 글자입니다. (星는 소리부도 겸함)",음독은 セイ입니다. 특별한 점은 없습니다.,醒의 정식 훈독은 없습니다.,no
2044,N1,戚,친척 척,"""친척 척"". 친척",セキ,,"戚 = 戊 +尗。 「戊」는 ""창""을 뜻합니다. 「尗」는 ""식물의 줄기와 뿌리""를 그린 글자입니다. 戚는 ""하나의 혈통과 뿌리(尗)로 이어진 가족을 지키다(戊)"" -> ""친척""이라는 뜻의 글자입니다. 참고) 戚가 ""친척""이라는 뜻으로 쓰이게 된 시기는「叔」가 ""숙부""라는 뜻으로 쓰이기 시작한 시기와 비슷합니다.",음독은 セキ입니다. 특별한 점은 없습니다.,戚의 정식 훈독은 없습니다.,no
2045,N1,脊,등마루 척,"""등마루 척"". 등, 등뼈",セキ,,"脊 = 二 + 人 + 二 + 月。 二+人+二는 여기서는 ""등근육과 어깨뼈""를 본따 그린 모양자입니다. 「月」는 ""신체의 일부""를 뜻합니다. 脊는 ""등근육, 어깨뼈(二+人+二) +신체의 일부(月)"" -> ""등, 등뼈""라는 뜻의 글자입니다.",음독은 セキ입니다. 특별한 점은 없습니다.,脊의 정식 훈독은 없습니다.,no
2046,N1,煎,달일 전,"""달일 전"". 달이다, 조리다, 굽다",セン,い(る),"煎 = 前 + 灬。 (소리부)「前」(ゼン)은 여기서는 소리부(ゼン -> セン)의 역할만 하고 있습니다. (의미부)「灬」는 ""불""을 뜻합니다. 煎은 ""불(灬)에 오랫동안 달이다"" -> ""달이다, 조리다, 굽다""라는 뜻의 글자입니다(前는 소리부).",음독은 セン입니다. 특별한 점은 없습니다.,"煎る는 ""볶다, 지지다""라는 뜻의 1그룹 타동사입니다.",no
2047,N1,羨,부러워할 선,"""부러워할 선"". 부러워하다",セン,うらや(む)、うらや(ましい),"羨 = 𦍌 + 氵 + 欠。 「𦍌」는 ""양""을 뜻합니다. 「氵」는 ""물""을 뜻합니다. 「欠」는 ""입을 벌린 사람""을 뜻합니다. 羨는 ""양고기(𦍌)를 보고 입을 벌린 채(欠) 침(氵)을 흘리며 탐내다"" -> ""부러워하다""라는 뜻의 글자입니다.",음독은 セン입니다. 특별한 점은 없습니다.,"羨む는 ""부러워하다, 선망하다""라는 뜻의 자동사입니다. 羨ましい는 ""부럽다, 샘이 나다""라는 뜻의 형용사입니다. 예문) 他人の幸福を羨む 타인의 행복을 부러워하다 人の成功を羨む 남의 성공을 부러워하다 羨ましそうに見る 부러운 듯 바라보다 自由な生活が羨ましい 자유로운 생활이 부럽다",no
2048,N1,腺,샘 선,"""샘 선"". 생물체 내의 분비선",セン,,"腺 = 月 + 泉。 (의미부)「月」는 ""신체의 일부""를 뜻합니다. (소리부 겸 의미부)「泉」(セン)은 ""샘, 샘물""을 뜻합니다. 腺은 ""액체가 분비되는(泉) 신체 기관(月)"" -> ""생물체 내의 분비선""이라는 뜻의 글자입니다. (泉는 소리부도 겸함)",음독은 セン입니다. 특별한 점은 없습니다.,腺의 정식 훈독은 없습니다.,no
2049,N1,詮,설명할 전,"""설명할 전"". 자세히 조사하다",セン,,"詮 = 言 + 全。 (의미부)「言」는 ""말하다""라는 뜻입니다. (소리부 겸 의미부)「全」(ゼン)은 ""전부""라는 뜻입니다. 詮는 ""자세히 뒷조사해서 전부(全) 일러바치다(言)"" -> ""자세히 조사하다""라는 뜻의 글자입니다. (全는 소리부(ゼン -> セン)도 겸함)",음독은 セン입니다. 특별한 점은 없습니다.,詮의 정식 훈독은 없습니다.,no
2050,N1,膳,반찬 선,"""반찬 선"". 차려진 요리, 밥상",ゼン,,"膳 = 月 + 善。 (의미부)「月」는 ""고기""를 뜻합니다. (소리부 겸 의미부)「善」(ゼン)은 ""착하다, 바르다""라는 뜻입니다. 膳는 ""가지런히(善) 차려진 고기밥상(月)"" -> ""차려진 요리, 밥상""이라는 뜻의 글자입니다. (善는 소리부도 겸함)",음독은 ゼン입니다. 특별한 점은 없습니다.,膳의 정식 훈독은 없습니다.,no
2051,N1,曽,일찍 증,"""일찍 증"". 증조부",ソウ,,"「曽」는 ""쌓이다""라는 뜻입니다. ""여러 대에 걸쳐 쌓이며 이어져 내려온 가계도"" -> ""증조부""라는 의미입니다.",음독은 ソウ입니다. 특별한 점은 없습니다.,曽의 정식 훈독은 없습니다.,no
2052,N1,狙,엿볼 저,"""엿볼 저"". 노리다, 겨냥하다",ソ,ねら(う),"狙 = 犭 + 且。 (의미부)「犭」는 ""개, 짐승""을 뜻합니다. (소리부 겸 의미부)「且」(ソ)는 ""비석""을 뜻합니다. 狙는 ""비석(且) 뒤에 숨어서 사냥감을 노리는 들개(犭)"" -> ""노리다, 겨냥하다""라는 뜻의 글자입니다. (且는 소리부도 겸함)",음독은 ソ입니다. 특별한 점은 없습니다.,"狙う는 ""노리다, 겨누다, 겨냥하다""라는 뜻의 타동사입니다. 예문) 的を狙って矢を射る 과녁을 겨냥해 화살을 쏘다 優勝を狙う 우승을 노리다",no
2053,N1,遡,거스를 소,"""거스를 소"". 거슬러 올라가다",ソ,さかのぼ(る),"遡 = 逆 + 月。 「逆」는 ""거꾸로""라는 뜻입니다. 「月」는 ""달""을 뜻합니다. 遡는 ""달빛(月)을 따라 거슬러 올라가다(逆)"" -> ""거슬러 올라가다""라는 뜻의 글자입니다.",음독은 ソ입니다. 특별한 점은 없습니다.,"遡る는 ""거슬러 올라가다, (과거/근본으로) 되돌아가다""라는 뜻의 자동사입니다. 예문) 川を遡る 강을 거슬러 올라가다 話は10年前に遡る 이야기는 10년 전으로 거슬러 올라간다",no
2054,N1,痩,여윌 수,"""여윌 수"". 여위다, 마르다, 수척하다",ソウ,や(せる),"痩 = 疒 + 申 + 又。 (의미부)「疒」는 ""병, 질병""을 뜻합니다. (소리부 겸 의미부)申+又는 여기서는「捜」(ソウ)가 축약된 것으로, ""찾다, 수색하다""라는 뜻입니다. 痩는 ""병(疒)의 원인을 찾지(捜) 못해 나날이 여위고 수척해지다"" -> ""여위다, 마르다, 수척하다""라는 뜻의 글자입니다. (申+又->捜는 소리부도 겸함)",음독은 ソウ입니다. 특별한 점은 없습니다.,"痩せる는 ""살이 빠지다""라는 뜻의 2그룹 자동사입니다.",no
2055,N1,捉,잡을 착,"""잡을 착"". 붙잡다, 붙들다",ソク,とら(える),"捉 = 扌 + 足。 (의미부)「扌」는 ""손""을 뜻합니다. (소리부 겸 의미부)「足」(ソク)는 ""발""을 뜻합니다. 捉는 ""도망치는 발(足)을 붙들다(扌)"" -> ""붙잡다, 붙들다""라는 뜻의 글자입니다. (足는 소리부도 겸함)",음독은 ソク입니다. 특별한 점은 없습니다.,"捉える는 ""(추상적인 대상을) 포착하다, 파악하다, 사로잡다""라는 뜻의 2그룹 타동사입니다. 예문) 要点を捉える 요점을 파악하다 機会を捉える 기회를 포착하다 読み手の心を捉える 독자의 마음을 사로잡다",no
2056,N1,袖,소매 수,"""소매 수"". 옷소매",シュウ,そで,"袖 = 衤 + 由。 (의미부)「衤」는 ""옷""을 뜻합니다. (소리부)「由」(ユウ)는 여기서는 소리부(ユウ -> シュウ)의 역할만 하고 있습니다. 袖는 ""옷(衤)의 양쪽 소매"" -> ""옷소매""라는 뜻의 글자입니다(由는 소리부).",음독은 シュウ입니다. 특별한 점은 없습니다.,"袖는 ""소매""를 뜻합니다.",no
2057,N1,遜,겸손할 손,"""겸손할 손"". 겸손하다",ソン,,"遜 = 辶 + 孫。 (의미부)辶는「⻌」가 살짝 변형된 것으로,""길""을 뜻합니다. (소리부 겸 의미부)「孫」(ソン)은 ""손자""를 뜻합니다. 遜은 ""길(辶)에서 만난 손자(孫)가 공손히 인사하다"" -> ""겸손하다""라는 뜻의 글자입니다. (孫는 소리부도 겸함)",음독은 ソン입니다. 특별한 점은 없습니다.,遜의 정식 훈독은 없습니다.,no
2058,N1,唾,침 타,"""침 타"". 침, 타액",ダ,つば,"唾 = 口 + 垂。 「口」는 ""입""을 뜻합니다. 「垂」는 ""드리우다, 매달리다""라는 뜻입니다. 唾는 ""입가(口)에 늘어진(垂) 침"" -> ""침, 타액""이라는 뜻의 글자입니다.",음독은 ダ입니다. 특별한 점은 없습니다.,"唾는 ""침""을 뜻합니다.",no
2059,N1,堆,쌓을 퇴,"""쌓을 퇴"". 높이 쌓임, 퇴적",タイ,,"堆 = 土 + 隹。 「土」는 ""흙""을 뜻합니다. 「隹」는 ""새""를 뜻합니다. 堆는 ""산더미처럼 쌓인(土) 새들의 시체(隹)"" -> ""높이 쌓임, 퇴적""이라는 뜻의 글자입니다.",음독은 タイ입니다. 특별한 점은 없습니다.,堆의 정식 훈독은 없습니다.,no
2060,N1,戴,일 대,"""일 대"". 머리에 이다, 얹다, 받들다",タイ,,"戴 = 𢦏 + 異。 (소리부 겸 의미부)「𢦏」(サイ)는""화려한 의장용 창""을 뜻합니다. (의미부)「異」는 본래 ""머리에 가면을 쓴 사람""을 그린 글자입니다(링크 참조). 여기서는 단순히 ""머리에 쓰다""라는 뜻으로 쓰인 것입니다. 戴는 ""대관식""을 표현한 글자입니다. ""화려한 창(𢦏)을 들고 왕관을 머리에 쓰다(異)"" -> ""머리에 이다, 얹다, 받들다""라는 의미입니다. (𢦏는 소리부(サイ -> タイ)도 겸함)",음독은 タイ입니다. 특별한 점은 없습니다.,戴의 정식 훈독은 없습니다.,no
2061,N1,誰,누구 수,"""누구 수"". 누구",,だれ,"誰 = 言 + 隹。 「言」는 ""말하다""라는 뜻입니다. 「隹」는 ""새""를 뜻합니다. 誰는 ""저 이상하게 생긴 새(隹)는 이름이 무엇이냐(言)"" -> ""누구냐, 누구""라는 뜻의 글자입니다. 후투티",誰의 정식 음독은 없습니다.,"誰는 ""누구(부정칭의 인칭대명사)""라는 뜻입니다.",no
2062,N1,綻,터질 탄,"""터질 탄"". 터지다, 벌어지다",タン,ほころ(びる),"綻 = 糸 + 定。 「糸」는 ""실""을 뜻합니다. 「定」는 ""정하다, 정해지다""라는 뜻입니다. 綻는 ""실(糸)로 단단히 꿰맨(定) 부분이 다시 터지다"" -> ""터지다, 벌어지다""라는 뜻의 글자입니다.",음독은 タン입니다. 특별한 점은 없습니다.,"綻びる는 ""(꿰맨 자리가) 터지다, (꽃봉오리가) 벌어지다""라는 뜻의 2그룹 자동사입니다. 예문) 袖口が綻びる 소매 끝이 터지다 綻びを縫う 터진 곳을 꿰매다 バラのつぼみが綻び始める 장미 꽃망울이 벌어지기 시작하다",no
2063,N1,酎,전국술 주,"""전국술 주"". 소주",チュウ,,"酎 = 酉 + 寸。 「酉」는 ""술, 술병""을 뜻합니다. 「寸」는 ""손""을 뜻합니다. 酎는 ""술(酉)을 따르는 손(寸)"" -> ""소주""라는 뜻의 글자입니다.",음독은 チュウ입니다. 특별한 점은 없습니다.,酎의 정식 훈독은 없습니다.,no
2064,N1,捗,칠 척,"""칠 척"". 진척되다, 나아가다",チョク,,"捗 = 扌 + 步。 「扌」는 ""손""을 뜻합니다. 步는「歩」가 살짝 변형된 것으로, ""걷다""라는 뜻입니다. 捗는 ""손(扌)으로 밀며 앞으로 나아가다(步)"" -> ""진척되다, 나아가다""라는 뜻의 글자입니다.",음독은 チョク입니다. 특별한 점은 없습니다.,捗의 정식 훈독은 없습니다.,no
2065,N1,潰,무너질 궤,"""무너질 궤"". 무너지다, 으깨다",カイ,つぶ(す)、つぶ(れる),"潰 = 氵 + 貴。 (의미부)「氵」는 ""물""을 뜻합니다. (소리부 겸 의미부)「貴」(キ)는 ""귀하다""라는 뜻입니다. 潰는 ""귀한(貴) 물건들이 홍수(氵)에 전부 쓸려나가다"" -> ""무너지다, 으깨다""라는 뜻의 글자입니다. (貴는 소리부(キ -> カイ)도 겸함)",음독은 カイ입니다. 특별한 점은 없습니다.,"潰す는 ""찌부러뜨리다, 으깨다, 부수다""라는 뜻의 타동사입니다. 潰れる는 ""찌부러지다, 무너지다""라는 뜻의 2그룹 자동사입니다.",no
2066,N1,爪,손톱 조,"""손톱 조"". 손톱, 발톱",,つめ、つま,"爪는 ""손톱으로 무언가를 긁는 모습""을 그린 상형문자입니다.",爪의 정식 음독은 없습니다.,"爪는 ""손톱, 발톱""을 뜻합니다.",no
2067,N1,諦,살필 체,"""살필 체"". 진실, 포기하다",テイ,あきら(める),"諦 = 言 + 帝。 (의미부)「言」는 ""말하다""라는 뜻입니다. (소리부 겸 의미부)「帝」(テイ)는 ""황제""를 뜻합니다. 諦는, 라는 뜻의 글자입니다. (帝는 소리부도 겸함)",음독은 テイ입니다. 특별한 점은 없습니다.,"諦める는 ""포기하다, 단념하다""라는 뜻의 2그룹 타동사입니다. 예문) 進学を諦める 진학을 단념하다 自分の夢を諦めない 자신의 꿈을 포기하지 않다",no
2068,N1,溺,빠질 익,"""빠질 익"". 빠지다",デキ,おぼ(れる),"溺 = 氵 + 弱。 「氵」는 ""물""을 뜻합니다. 「弱」는 ""약하다""라는 뜻입니다. 溺는 ""물(氵)에 빠져 힘을 잃고(弱) 가라앉다"" -> ""빠지다, 가라앉다""라는 뜻의 글자입니다.",음독은 デキ입니다. 특별한 점은 없습니다.,"溺れる는 ""(물에) 빠지다, (이성을 잃을 정도로) 탐닉하다/열중하다""라는 뜻의 2그룹 타동사입니다. 예문) 溺れている人を助ける 물에 빠진 사람을 구조하다 酒色に溺れる 주색에 빠지다",no
2069,N1,塡,메울 전,"""메울 전"". 메우다, 채우다",テン,,"塡 = 土 + 眞。 「土」는 ""흙, 땅""을 뜻합니다. 眞는「真」가 살짝 변형된 것으로, ""참, 진실""을 뜻합니다. 塡은 ""진심(真)을 담아 무덤(土)에 정성껏 묻어주다"" -> ""메우다, 채우다""라는 뜻의 글자입니다.",음독은 テン입니다. 특별한 점은 없습니다.,塡의 정식 훈독은 없습니다.,no
2070,N1,貼,붙일 첩,"""붙일 첩"". 붙이다",チョウ,は(る),"貼 = 貝 + 占。 「貝」는 ""조개""를 뜻합니다. 占는 여기서는「粘」가 축약된 것으로, ""끈적이다""라는 뜻입니다. 貼는 ""끈적한 풀(粘)로 조개껍데기(貝)를 액자에 붙여 보관하다"" -> ""붙이다""라는 뜻의 글자입니다.",음독은 チョウ입니다. 특별한 점은 없습니다.,"貼る는 ""(풀 등으로) 붙이다""라는 뜻의 타동사입니다. 예문) ステッカーを貼る 스티커를 붙이다 メモを貼っておく 메모를 붙여 두다 選挙ポスターを貼る 선거 포스터를 붙이다",no
2071,N1,妬,샘낼 투,"""샘낼 투"". 질투",ト,ねた(む),"妬 = 女 + 石。 「女」는 ""여자""를 뜻합니다. 「石」는 ""돌""을 뜻합니다. 妬는 ""질투에 가득찬 여자(女)가 상대방에게 돌(石)을 던지다"" -> ""질투하다""라는 뜻의 글자입니다.",음독은 ト입니다. 특별한 점은 없습니다.,"妬む는 ""질투하다, 시기하다""라는 뜻의 타동사입니다. 예문) 他人の成功を妬む 타인의 성공을 질투하다 努力もせず人を妬んでばかりいる 노력도 하지 않고 남을 시샘하기만 한다",no
2072,N1,賭,내기 도,"""내기 도"". 내기, 도박",ト,か(ける),"賭 = 貝 + 者。 「貝」는 ""돈, 재물""을 뜻합니다. 「者」는 ""사람""을 뜻합니다. 賭는 ""돈(貝)을 거는 사람(者)"" -> ""내기, 도박""이라는 뜻의 글자입니다.",음독은 ト입니다. 특별한 점은 없습니다.,"賭ける는 ""(내기/대가 등을) 걸다""라는 뜻의 2그룹 타동사입니다. 예문) ポーカーに金を賭ける 포커에 돈을 걸다 命を賭けた恋목숨을 건 사랑 참고)懸ける와賭ける의 차이점 아래 예문을 참조해 주세요. 예문) 難問に賞金を懸ける 어려운 문제에 상금을 걸다 ポーカーに金を賭ける 포커에 돈을 걸다",no
2073,N1,栃,,칠엽수(지명한자),,とち,"栃 = 木 + 𠂆 + 万。 「木」는 ""나무""를 뜻합니다. 𠂆는 여기서는 ""나무그늘""을 그린 모양자입니다. 「万」는 ""1만""을 뜻합니다. 栃는 ""나무그늘(𠂆)에서 만 명(万)도 쉴 수 있을 듯한 거대한 나무(木)"" -> ""칠엽수""라는 뜻의 글자입니다. (다만, 이 한자는 실제로는 거의 지명한자로만 쓰이는 글자입니다.) 칠엽수",栃의 정식 음독은 없습니다.,"栃는 ""칠엽수""라는 뜻입니다.",no
2074,N1,頓,조아릴 돈,"""조아릴 돈"". 조아리다, 갑자기, 정돈하다",トン,,"頓 = 屯 + 頁。 (소리부 겸 의미부)「屯」(トン)은 ""뿌리깊은 나무""를 그린 글자입니다(링크 참조). (의미부)「頁」는 ""머리""를 뜻합니다. 頓는 ""머리(頁)를 땅에 깊숙이 박고(屯) 조아리다""라는 뜻입니다. 라는 의미입니다. (屯는 소리부도 겸함)",음독은 トン입니다. 특별한 점은 없습니다.,頓의 정식 훈독은 없습니다.,no
2075,N1,謎,수수께끼 미,"""수수께끼 미"". 수수께끼, 불가사의",,なぞ,"謎 = 言 + 迷。 「言」는 ""말하다""라는 뜻입니다. 「迷」는 ""헤메다, 헷갈리다""라는 뜻입니다. 謎는 ""헷갈리는(迷) 말(言)"" -> ""수수께끼, 불가사의""라는 뜻의 글자입니다.",謎의 정식 음독은 없습니다.,"謎는 ""수수께끼""를 뜻합니다.",no
2076,N1,鍋,,냄비,,なべ,"鍋 = 金 + 咼。 「金」는 ""쇠, 금속""을 뜻합니다. 「咼」는 ""잘못되다, 어긋나다""라는 뜻입니다. 鍋는 ""놋쇠(金)로 만든 찌그러진(咼) 냄비"" -> ""냄비""라는 뜻의 글자입니다.",鍋의 정식 음독은 없습니다.,"鍋는 ""냄비""를 뜻합니다.",no
2077,N1,匂,향내 내,"""향내 내"". 냄새, 향기",,にお(う),"匂는 ""코와 콧구멍""을 그린 상형문자입니다.",匂의 정식 음독은 없습니다.,"匂う는 ""(좋은) 냄새가 나다, 향기가 나다""라는 뜻의 자동사입니다.",no
2078,N1,捻,비틀 염,"""비틀 염"". 비틀다, 꼬다",ネン,,"捻 = 扌 + 念。 (의미부)「扌」는 ""손""을 뜻합니다. (소리부)「念」(ネン)은 여기서는 소리부의 역할만 하고 있습니다. 捻는 ""손(扌)으로 잡아 비틀다"" -> ""비틀다, 꼬다""라는 뜻의 글자입니다(念는 소리부).",음독은 ネン입니다. 특별한 점은 없습니다.,捻의 정식 훈독은 없습니다.,no
2079,N1,罵,꾸짖을 매,"""꾸짖을 매"". 욕하다, 매도하다",バ,ののし(る),"罵 = 罒 +  馬。 (의미부)「罒」는 ""그물""을 뜻합니다. (소리부 겸 의미부)「馬」(バ)는 ""말""을 뜻합니다. 罵는 ""그물(罒)에 걸려 넘어진 말(馬)을 마구 비난하고 욕하다"" -> ""욕하다, 매도하다""라는 뜻의 글자입니다. (馬는 소리부도 겸함)",음독은 バ입니다. 특별한 점은 없습니다.,"罵る는 ""욕을 퍼붓다, 매도하다""라는 뜻의 1그룹 타동사입니다. 예문) 激しい言葉で罵る 심한 말로 욕하다 人前で他人を罵る 사람들 앞에서 남을 욕하다",no
2080,N1,剝,벗길 박,"""벗길 박"". 벗겨내다, 빼앗다",ハク,は(がす)、は(ぐ)、は(がれる)、は(げる),"剝 = 彔 + 刂。 「彔」는 ""염색하다, 물들이다""라는 뜻입니다. 「刂」는 ""칼""을 뜻합니다. 剝는 ""염료가 물든 부분(彔)을 칼(刂)로 긁어내다"" -> ""벗겨내다, 빼앗다""라는 뜻의 글자입니다.",음독은 ハク입니다. 특별한 점은 없습니다.,"1.剝がす、剝ぐ 剝がす는 ""벗기다, 떼다""라는 뜻의 타동사입니다. 剝ぐ는 ""벗기다, 정체를 드러나게 하다""라는 뜻의 타동사입니다. 차이점은 다음과 같습니다. 아래 예문을 참조해 주세요. 예문) ステッカーを剝がす 스티커를 떼어내다 切手を剝がす 우표를 떼어내다 仮面を剝ぐ 가면을 벗기다 化けの皮を剝ぐ 위장을 벗겨내다(정체가 드러나게 하다) 2.剝がれる、剝げる 剝がれる는 ""벗겨지다, 벗어져 떨어지다""라는 뜻의 2그룹 자동사입니다. 剝げる는 ""벗겨지다, 벗어져 떨어지다, 퇴색하다""라는 뜻의 2그룹 자동사입니다. 예문) 壁に貼ったポスターが剝がれる 벽에 붙인 포스터가 벗겨지다 化けの皮が剝がれる 가면이 벗겨지다(정체가 드러나다) 塗が剝げる 칠이 벗겨지다 人気が剝げる 인기가 바래다(한물가다)",no
2081,N1,箸,젓가락 저,"""젓가락 저"". 젓가락",,はし,"箸 = 𥫗 + 者。 「𥫗」는 ""대나무""를 뜻합니다. 「者」는 ""사람""을 뜻합니다. 箸는 ""대나무 젓가락(𥫗)을 쓰는 사람(者)"" -> ""젓가락""이라는 뜻의 글자입니다.",箸의 정식 음독은 없습니다.,"箸는 ""젓가락""을 뜻합니다.",no
2082,N1,斑,아롱질 반,"""아롱질 반"". 얼룩지다, 반점",ハン,,"斑 = 𤣩 + 文 + 𤣩。 「𤣩」는 ""구슬, 보석""을 뜻합니다. 「文」는 본래 ""커다란 문신이 있는 사람""을 그린 글자입니다(링크 참조). 斑은 ""몸에 구슬(𤣩) 모양의 반점이 여럿 있는 사람(文)"" -> ""얼룩지다, 반점""이라는 뜻의 글자입니다.",음독은 ハン입니다. 특별한 점은 없습니다.,斑의 정식 훈독은 없습니다.,no
2083,N1,氾,넘칠 범,"""넘칠 범"". 넘치다, 범람하다",ハン,,"氾 = 氵 + 㔾。 「氵」는 ""물""을 뜻합니다. 「㔾」는 ""무릎꿇은 사람""을 뜻합니다. 氾은 ""폭우로 강(氵)이 범람해 절망하는 주민(㔾)"" -> ""넘치다, 범람하다""라는 뜻의 글자입니다.",음독은 ハン입니다. 특별한 점은 없습니다.,氾의 정식 훈독은 없습니다.,no
2084,N1,汎,넓을 범,"""넓을 범"". 모든, 두루 아우르다",ハン,,"汎 = 氵 + 凡。 (의미부)「氵」는 ""물""을 뜻합니다. (소리부 겸 의미부)「凡」(ハン)은 ""평범하다""라는 뜻입니다. 汎는 ""어디에나 있는 평범한(凡) 물(氵)"" -> ""모든, 두루 아우르다""라는 뜻의 글자입니다. (凡는 소리부도 겸함)",음독은 ハン입니다. 특별한 점은 없습니다.,汎의 정식 훈독은 없습니다.,no
2085,N1,膝,무릎 슬,"""무릎 슬"". 무릎",,ひざ,"膝 = 月 + 桼。 (의미부)「月」는 ""신체의 일부""를 뜻합니다. (소리부)桼는 여기서는「漆」(シツ)가 축약된 것으로, 소리부의 역할만 하고 있습니다. (膝에는 정식 음독이 없으나, 본래의 음독은 シツ입니다.) 膝는 ""신체 부위(月)"" -> ""무릎""이라는 뜻의 글자입니다(桼->漆는 소리부).",膝의 정식 음독은 없습니다.,"膝는 ""무릎""을 뜻합니다.",no
2086,N1,肘,팔꿈치 주,"""팔꿈치 주"". 팔꿈치",,ひじ,"肘 = 月 + 寸。 「月」는 ""신체의 일부""를 뜻합니다. 「寸」는 ""손""을 뜻합니다. 肘는 ""손(寸)과 이어진 신체부위(月)"" -> ""팔꿈치""라는 뜻의 글자입니다.",肘의 정식 음독은 없습니다.,"肘는 ""팔꿈치""를 뜻합니다.",no
2087,N1,阜,언덕 부,"""언덕 부"". 언덕(지명한자)",フ,,"阜는 ""나란히 늘어선 언덕""의 모습을 그린 상형문자입니다. (다만, 이 한자는 거의 지명한자로만 쓰이는 글자입니다.)",음독은 フ입니다. 특별한 점은 없습니다.,阜의 정식 훈독은 없습니다.,no
2088,N1,蔽,덮을 폐,"""덮을 폐"". 덮다, 덮어 가리다",ヘイ,,"蔽 = 艹 + 敝。 (의미부)「艹」는 ""풀""을 뜻합니다. (소리부 겸 의미부)「敝」(ヘイ)는 ""두들겨 맞아서 찢어진 옷""을 뜻합니다. 蔽는 ""맞아서 찢어진 옷(敝)을 짚(艹)으로 덮어 숨겨놓고 모른척하다"" -> ""덮다, 덮어 가리다""라는 뜻의 글자입니다. (敝는 소리부도 겸함)",음독은 ヘイ입니다. 특별한 점은 없습니다.,蔽의 정식 훈독은 없습니다.,no
2089,N1,蔑,업신여길 멸,"""업신여길 멸"". 업신여기다, 멸시하다",ベツ,さげす(む),"蔑 = 艹 + 罒 +戌。 艹는 여기서는 ""눈썹""을 그린 모양자입니다. 罒는 여기서는「目」가 옆으로 기울어진 것으로, ""눈""을 뜻합니다. 「戌」는 ""창을 든 손""을 뜻합니다. 蔑는 ""창을 든 병사(戌)가 눈썹을 찡그리고(艹) 포로를 내려다보며(罒) 멸시하다"" -> ""업신여기다, 멸시하다""라는 뜻의 글자입니다.",음독은 ベツ입니다. 특별한 점은 없습니다.,"蔑む는 ""깔보다, 업신여기다, 얕보다""라는 뜻의 타동사입니다. 예문) 蔑むような目つき 깔보는 듯한 눈초리 田舎者と蔑まれる 촌사람이라고 무시당하다",no
2090,N1,蜂,벌 봉,"""벌 봉"". 벌, 꿀벌",ホウ,はち,"蜂 = 虫 + 夆。 (의미부)「虫」는 ""벌레""를 뜻합니다. (소리부 겸 의미부)夆는 여기서는「峰」(ホウ)가 축약된 것으로, ""산봉우리""를 뜻합니다. 蜂는 ""산봉우리(峰)에 집을 짓고 사는 벌(虫)"" -> ""벌, 꿀벌""이라는 뜻의 글자입니다. (夆->峰는 소리부도 겸함)",음독은 ホウ입니다. 특별한 점은 없습니다.,"蜂는 ""벌""을 뜻합니다.",no
2091,N1,貌,모양 모,"""모양 모"". 모양, 용모, 겉모습",ボウ,,"貌 = 豸 + 白 +儿。 豸는 여기서는 ""등짐""을 그린 모양자입니다(1292.「懇」모양 해설 참조) 「白」는 ""흰색""을 뜻합니다. 儿는「人」가 살짝 변형된 것으로, ""사람""을 뜻합니다. 貌는 ""머나먼 서역에서 교역품(豸)을 들고 온 하얀(白) 얼굴의 서양인(儿)의 특이한 용모"" -> ""모양, 용모, 겉모습""이라는 뜻의 글자입니다.",음독은 ボウ입니다. 특별한 점은 없습니다,貌의 정식 훈독은 없습니다.,no
2092,N1,頬,뺨 협,"""뺨 협"". 뺨",,ほお,"頬 = 夹 + 頁。 「夹」는 ""끼다, 끼이다""라는 뜻입니다. 「頁」는 ""얼굴""을 뜻합니다. 頬는 ""얼굴(頁)을 사이에 끼고(夹) 있는 양쪽 뺨"" -> ""뺨""이라는 뜻의 글자입니다.",頬의 정식 음독은 없습니다.,"頬는 ""볼, 뺨""을 뜻합니다.",no
2093,N1,勃,일어날/노할 발,"""일어날/노할 발"". 갑자기 일어나다, 불끈 일어나다",ボツ,,"勃 = 孛 + 力。 「十」는 ""10""을 뜻합니다. 冖는 여기서는「宀」가 축약된 것으로, ""집""을 뜻합니다. 「子」는 ""아이""를 뜻합니다. 「力」는 ""힘""을 뜻합니다. 勃는 ""열 살(十)밖에 안된 아이(子)가 집(冖)을 번쩍 들어올리다(力)"" -> ""갑자기 일어나다, 불끈 일어나다""라는 뜻의 글자입니다.",음독은 ボツ입니다. 특별한 점은 없습니다.,勃의 정식 훈독은 없습니다.,no
2094,N1,昧,어두울 매,"""어두울 매"". 어둡다, 어슴푸레하다",マイ,,"昧 = 日 + 未。 (의미부)「日」는 ""태양""을 뜻합니다. (소리부 겸 의미부)「未」(ミ)는 ""아직""이라는 뜻입니다. 昧는 ""해(日)가 아직(未) 안 뜨다"" -> ""어둡다, 어슴푸레하다""라는 뜻의 글자입니다. (未는 소리부(ミ -> マイ)도 겸함)",음독은 マイ입니다. 특별한 점은 없습니다.,昧의 정식 훈독은 없습니다.,no
2095,N1,枕,베개 침,"""베개 침"". 베개",,まくら,"枕 = 木 + 冘。 「木」는 ""나무""를 뜻합니다. 冘는여기서는 ""베개(冖)를 베고 있는 사람(人)""을 그린 모양자입니다. 枕는 ""나무(木)로 만든 베개를 베고 있는 사람(冘)"" -> ""베개""라는 뜻의 글자입니다.",枕의 정식 음독은 없습니다.,"枕는 ""베개""를 뜻합니다.",no
2096,N1,蜜,꿀 밀,"""꿀 밀"". 꿀",ミツ,,"蜜 = 宓 + 虫。 (소리부 겸 의미부)宓는 여기서는「密」(ミツ)가 축약된 것으로, ""비밀의, 빈틈없는""이라는 뜻입니다. (의미부)「虫」는 ""벌레""를 뜻합니다. 蜜는 ""벌(虫)이벌집 깊숙이 숨겨둔(密) 꿀"" -> ""꿀""이라는 뜻의 글자입니다. (宓->密는 소리부도 겸함)",음독은 ミツ입니다. 특별한 점은 없습니다.,蜜의 정식 훈독은 없습니다.,no
2097,N1,冥,어두울 명,"""어두울 명"". 어둡다",メイ、ミョウ,,"冥 = 冖 + 日 + 六。 冖는 여기서는 ""덮다, 가리다""라는 뜻을 표현한 모양자입니다. 「日」는 ""날짜""를 뜻합니다. 「六」는 ""6""을 뜻합니다. 冥는 ""한 달에 6일(六+日)은 달이 가려져(冖) 밤이 어두워진다"" -> ""어둡다""라는 뜻의 글자입니다. 달의 위상 변화의 예시",음독은 メイ、ミョウ입니다. 특별한 구분법은 없습니다.,冥의 정식 훈독은 없습니다.,no
2098,N1,麺,밀가루 면,"""밀가루 면"". 면, 국수",メン,,"麺 = 麦 + 面。 (의미부)「麦」는 ""보리, 밀, 귀리""를 뜻합니다. (소리부)「面」(メン)은 여기서는 소리부의 역할만 하고 있습니다. 麺은 ""밀가루(麦)로 만든 국수"" -> ""면, 국수""라는 뜻의 글자입니다(面는 소리부).",음독은 メン입니다. 특별한 점은 없습니다.,麺의 정식 훈독은 없습니다.,no
2099,N1,餅,떡 병,"""떡 병"". 떡",ヘイ,もち,"餅 = 食 + 并。 (의미부)왼쪽 글자는「食」가 변형된 것으로, ""먹다""라는 뜻입니다. (소리부)并는 여기서는「併」(ヘイ)가 축약된 것으로, 소리부의 역할만 하고 있습니다. 餅는 ""먹기 좋은(食) 떡"" -> ""떡""이라는 뜻의 글자입니다(并->併는 소리부).",음독은 ヘイ입니다. 특별한 점은 없습니다.,"餅는 ""떡, 찰떡""을 뜻합니다.",no
2100,N1,妖,요사할 요,"""요사할 요"". 요염하다, 괴이하다",ヨウ,あや(しい),"妖 = 女 + 夭。 「女」는 ""여자""를 뜻합니다. 夭는「天」가 살짝 변형된 것으로, ""하늘""을 뜻합니다. 妖는 ""하늘(夭)에서 내려온 듯 요염하게 생긴 여자(女)"" -> ""요염하다, 괴이하다""라는 뜻의 글자입니다.",음독은 ヨウ입니다. 특별한 점은 없습니다.,"妖しい는 ""불가사의하다, 야릇하다, 요사스럽다""라는 뜻의 형용사입니다. 예문) 妖しい魔力불가사의한 마력 妖しい美しさ 야릇한 아름다움",no
2101,N1,沃,기름질 옥,"""기름질 옥"". 기름지다, 비옥하다",ヨク,,"沃 = 氵 + 夭。 「氵」는 ""물""을 뜻합니다. 夭는「天」가 살짝 변형된 것으로, ""하늘""을 뜻합니다. 沃는 ""하늘(夭)이 내린 기름지고(氵) 비옥한 땅"" -> ""기름지다, 비옥하다""라는 뜻의 글자입니다.",음독은 ヨク입니다. 특별한 점은 없습니다.,沃의 정식 훈독은 없습니다.,no
2102,N1,侶,짝 려,"""짝 려"". 벗, 친구, 동료",リョ,,"侶 = 亻 + 呂。 (의미부)「亻」는 ""사람""을 뜻합니다. (소리부 겸 의미부)「呂」(ロ)는 본래 ""여러 채의 집이 이어져있는 모습""을 그린 글자입니다(링크 참조). 侶는 ""서로 긴밀하게 이어진(呂) 사람들(亻)"" -> ""벗, 친구, 동료""라는 뜻의 글자입니다. (呂는 소리부(ロ -> リョ)도 겸함)",음독은 リョ입니다. 특별한 점은 없습니다.,侶의 정식 훈독은 없습니다.,no
2103,N1,賂,뇌물 뢰,"""뇌물 뢰"". 뇌물",ロ,,"賂 = 貝 + 各。 「貝」는 ""돈, 재물""을 뜻합니다. 「各」는 ""각각, 각자""라는 뜻입니다. 賂는 ""각(各) 파의 핵심 인물들을 전부 빠짐없이 돈으로(貝) 매수하다"" -> ""뇌물""이라는 뜻의 글자입니다.",음독은 ロ입니다. 특별한 점은 없습니다.,賂의 정식 훈독은 없습니다.,no
2104,N1,弄,희롱할 롱,"""희롱할 롱"". 즐기다, 희롱하다",ロウ,もてあそ(ぶ),"弄 = 王 + 廾。 王는 여기서는「玉」가 잘못 변형된 것으로, ""구슬, 보석""을 뜻합니다. 廾는 여기서는 ""양 손을 치켜든 모습""을 그린 모양자입니다. 弄는 ""양 손(廾)으로 옥구슬(玉)을 들고 만지작거리며 놀다"" -> ""즐기다, 희롱하다""라는 뜻의 글자입니다.",음독은 ロウ입니다. 특별한 점은 없습니다.,"弄ぶ는 ""손에 가지고 놀다, 마음대로 조종하다, 농락하다""라는 뜻의 타동사입니다. 예문) 髪の毛を弄ぶ 머리카락을 만지작거리다 政治を弄ぶ 정치를 제 멋대로 가지고 놀다 運命に弄ばれる 운명에 농락당하다",no
2105,N1,麓,산기슭 록,"""산기슭 록"". 산기슭",ロク,ふもと,"麓 = 林 + 鹿。 「林」는 ""숲""을 뜻합니다. 「鹿」는 ""사슴""을 뜻합니다. 麓는 ""숲(林)을 나와 기슭까지 내려온 사슴(鹿)"" -> ""산기슭""이라는 뜻의 글자입니다.",음독은 ロク입니다. 특별한 점은 없습니다.,"麓는 ""산기슭""을 뜻합니다.",no
2106,N1,脇,겨드랑이 협,"""겨드랑이 협"". 겨드랑이",,わき,"脇 = 月 + 劦。 「月」는 ""신체의 일부""를 뜻합니다. 劦는「力」세 개가 합쳐진 것으로, ""힘""을 뜻합니다. 脇는 ""힘을 많이(劦) 쓰면 땀이 나는 신체부위(月)"" -> ""겨드랑이""라는 뜻의 글자입니다.",脇의 정식 음독은 없습니다.,"脇는 ""겨드랑이, 옆, 곁""을 뜻합니다.",no
2107,N1,丼,,덮밥,,どんぶり、どん,"丼는 ""밥 위에 고기(丶)가 올려져있는 밥그릇(井)""을 그린 상형문자입니다.",丼의 정식 음독은 없습니다.,"丼는 ""덮밥, 밥그릇""을 뜻합니다.",no
2108,N1,傲,거만할 오,"""거만할 오"". 거만하다, 오만하다",ゴウ,,"傲 = 倣 + 土。 (소리부 겸 의미부)「倣」(ホウ)는 ""모방하다, 본뜨다, 따르다""라는 뜻입니다. (의미부)「土」는 ""흙, 땅""을 뜻합니다. 傲는 ""이 땅(土) 위에 내가 따라서 배울(倣) 만한 사람은 아무도 없다"" -> ""거만하다, 오만하다""라는 뜻의 글자입니다. (倣는 소리부(ホウ -> ゴウ)도 겸함)",음독은 ゴウ입니다. 특별한 점은 없습니다.,傲의 정식 훈독은 없습니다.,no
2109,N1,刹,절 찰,"""절 찰"". 절, 사찰",サツ、セツ,,"刹 =杀 +刂。 (소리부 겸 의미부)杀는 여기서는「殺」(サツ・セツ)가 축약된 것으로, ""죽이다""라는 뜻입니다. (의미부)「刂」는 ""칼""을 뜻합니다. 刹는 ""칼(刂)을 든 산적을 만나 살해당할(殺) 위기에 처한 사람이 절에 도망쳐 숨다"" -> ""절, 사찰""이라는 뜻의 글자입니다. (杀->殺는 소리부도 겸함)",음독은 サツ、セツ입니다. 특별한 구분법은 없습니다.,刹의 정식 훈독은 없습니다.,no
2110,N1,哺,먹일 포,"""먹일 포"". 먹이다, 먹여 기르다",ホ,,"哺 = 口 + 甫。 (의미부)「口」는 ""입""을 뜻합니다. (소리부 겸 의미부)「甫」(ホ)는 ""채소밭""을 뜻합니다. 哺는 ""채소밭(甫)에서 기른 채소로 가족을 먹여(口) 살리다"" -> ""먹이다, 먹여 기르다""라는 뜻의 글자입니다. (甫는 소리부도 겸함)",음독은 ホ입니다. 특별한 점은 없습니다.,哺의 정식 훈독은 없습니다.,no
2111,N1,喩,깨우칠 유,"""깨우칠 유"". 비유하다",ユ,,"喩 = 口 + 兪。 (의미부)「口」는 ""입""을 뜻합니다. (소리부)兪는「俞」(ユ)와 같은 글자로, 여기서는 소리부의 역할만 하고 있습니다. 喩는 ""빗대어 말하다(口)"" -> ""비유하다""라는 뜻의 글자입니다(兪는 소리부).",음독은 ユ입니다. 특별한 점은 없습니다.,喩의 정식 훈독은 없습니다.,no
2112,N1,嗅,맡을 후,"""맡을 후"". 냄새를 맡다",キュウ,か(ぐ),"嗅 = 口 + 臭。 (의미부)口는 여기서는 ""콧구멍""을 그린 모양자입니다. (소리부 겸 의미부)「臭」(シュウ)는 ""냄새""를 뜻합니다. 嗅는 ""콧구멍(口)으로 냄새(臭)를 맡다"" -> ""냄새를 맡다""라는 뜻의 글자입니다. (臭는 소리부(シュウ -> キュウ)도 겸함)",음독은 キュウ입니다. 특별한 점은 없습니다.,"嗅ぐ는 ""냄새를 맡다""라는 뜻의 타동사입니다.",no
2113,N1,嘲,비웃을 조,"""비웃을 조"". 비웃다, 조롱하다",チョウ,あざけ(る),"嘲 = 口 + 朝。 (의미부)「口」는 ""입""을 뜻합니다. (소리부)「朝」(チョウ)는 여기서는 소리부의 역할만 하고 있습니다. 嘲는 ""비웃음을 날리다(口)"" -> ""비웃다, 조롱하다""라는 뜻의 글자입니다(朝는 소리부).",음독은 チョウ입니다. 특별한 점은 없습니다.,"嘲る는 ""조소하다, 비웃다""라는 뜻의 1그룹 타동사입니다. 예문) 失敗を嘲る 실패를 비웃다 嘲るような口調비웃는 듯한 어조(말투) 陰で嘲る 뒤에서 비웃다",no
2114,N1,毀,헐 훼,"""헐 훼"". 부수다, 훼손하다",キ,,"毀 = 臼 + 土 + 殳。 「臼」는 ""절구""를 뜻합니다. 「土」는 ""땅""을 뜻합니다. 「殳」는 ""때리다, 휘두르다""라는 뜻입니다. 毀는 ""절구(臼)를 땅(土) 위에 놓고 때려부수다(殳)"" -> ""부수다, 훼손하다""라는 뜻의 글자입니다.",음독은 キ입니다. 특별한 점은 없습니다.,毀의 정식 훈독은 없습니다.,no
2115,N1,彙,고슴도치/무리 휘,"""고슴도치/무리 휘"". 같은 종류, 동류",イ,,"彙 = 彑 + 冖 + 果。 彑는 여기서는「互」가 축약된 것으로, ""서로, 상호간의""라는 뜻입니다. 冖는 여기서는 ""바구니""를 그린 모양자입니다. 「果」는 본래 ""나무열매""를 그린 글자입니다(링크 참조). 彙는 ""서로(互) 같은 종류의 열매(果)만 따로 모아서 담다(冖)"" -> ""같은 종류, 동류""라는 뜻의 글자입니다.",음독은 イ입니다. 특별한 점은 없습니다.,彙의 정식 훈독은 없습니다.,no
2116,N1,恣,마음대로/방자할 자,"""마음대로/방자할 자"". 마음대로, 제멋대로, 방자하다",シ,,"恣 = 次 + 心。 (소리부 겸 의미부)「次」(シ)는 ""다음""을 뜻합니다. (의미부)「心」는 ""마음""을 뜻합니다. 恣는 ""마음(心) 내키는 대로 나아가다(次)"" -> ""마음대로, 제멋대로, 방자하다""라는 뜻의 글자입니다. (次는 소리부도 겸함)",음독은 シ입니다. 특별한 점은 없습니다.,恣의 정식 훈독은 없습니다.,no
2117,N1,惧,두려워할 구,"""두려워할 구"". 두려움, 걱정",グ,,"惧 = 忄 + 具。 (의미부)「忄」는 ""마음""을 뜻합니다. (소리부)「具」(グ)는 여기서는 소리부의 역할만 하고 있습니다. 惧는 ""두려워하는 마음(忄)"" -> ""두려움, 걱정""이라는 뜻의 글자입니다(具는 소리부).",음독은 グ입니다. 특별한 점은 없습니다.,惧의 정식 훈독은 없습니다.,no
2118,N1,慄,떨릴 률,"""떨릴 률"". 떨리다, 두려워하다",リツ,,"慄 = 忄 + 覀 + 木。 「忄」는 ""마음""을 뜻합니다. 「覀」는 ""덮다""라는 뜻입니다. 「木」는 ""나무""를 뜻합니다. 慄는 ""나무(木)를 뒤덮은(覀) 메뚜기떼를 보고 두려움(忄)에 떨다"" -> ""떨리다, 두려워하다""라는 뜻의 글자입니다.",음독은 リツ입니다. 특별한 점은 없습니다.,慄의 정식 훈독은 없습니다.,no
2119,N1,憬,동경할 경,"""동경할 경"". 동경하다",ケイ,,"憬 = 忄 + 景。 (의미부)「忄」는 ""마음""을 뜻합니다. (소리부 겸 의미부)「景」(ケイ)는 ""경치""를 뜻합니다. 憬는 ""산속의 수려한 경치(景)를 동경하는 마음(忄)"" -> ""동경하다""라는 뜻의 글자입니다. (景는 소리부도 겸함)",음독은 ケイ입니다. 특별한 점은 없습니다.,憬의 정식 훈독은 없습니다.,no
2120,N1,拉,끌 납,"""끌 납"". 끌고 가다, 납치하다",ラ,,"拉 = 扌 + 立。 「扌」는 ""손""을 뜻합니다. 「立」는 ""서다""라는 뜻입니다. 拉는 ""서있는 사람(立)을 강제로 끌고가다(扌)"" -> ""끌고 가다, 납치하다""라는 뜻의 글자입니다.",음독은 ラ입니다. 특별한 점은 없습니다.,拉의 정식 훈독은 없습니다.,no
2121,N1,摯,잡을 지,"""잡을 지"". 진지함",シ,,"摯 = 執 + 手。 (소리부 겸 의미부)「執」(シツ)는 ""꼭 붙잡다""라는 뜻입니다. (의미부)「手」는 ""손""을 뜻합니다. 摯는 ""손(手)으로 꼭 붙잡고(執) 놓아주지 않다"" -> ""진지하다""라는 뜻의 글자입니다. (執는 소리부(シツ -> シ)도 겸함)",음독은 シ입니다. 특별한 점은 없습니다.,摯의 정식 훈독은 없습니다.,no
2122,N1,曖,희미할 애,"""희미할 애"". 희미하다, 애매하다",アイ,,"曖 = 日 + 愛。 (의미부)「日」는 ""태양""을 뜻합니다. (소리부 겸 의미부)「愛」(アイ)는 ""사랑""을 뜻합니다. 曖는 ""마음속에 희미하게 남은 사랑(愛)의 열기(日)"" -> ""희미하다, 애매하다""라는 뜻의 글자입니다. (愛는 소리부도 겸함)",음독은 アイ입니다. 특별한 점은 없습니다.,曖의 정식 훈독은 없습니다.,no
2123,N1,楷,본보기 해,"""본보기 해"". 해서체(한자 서체의 하나)",カイ,,"楷 = 木 + 皆。 (의미부)「木」는 ""나무""를 뜻합니다. (소리부 겸 의미부)「皆」(カイ)는 ""모두, 전부""라는 뜻입니다. 楷는 ""잘 쓴 글씨를 나무(木)에 걸어놓아 모두(皆) 보고 배울 수 있도록 하다"" -> ""해서체""라는 뜻의 글자입니다. (皆는 소리부도 겸함)",음독은 カイ입니다. 특별한 점은 없습니다.,楷의 정식 훈독은 없습니다.,no
2124,N1,鬱,답답할 울,"""답답할 울"". 우울하다, 울적하다",ウツ,,"鬱 = 林 + 缶 + 冖 + 鬯 + 彡。 「林」는 ""숲""을 뜻합니다. 「缶」는 ""양철통""을 뜻합니다. 冖는 여기서는「宀」가 축약된 것으로, ""집""을 뜻합니다. 鬯는 여기서는 ""고급스런 무늬(𠚍)가 새겨진 술잔(匕)""을 그린 모양자입니다. 彡는 여기서는 ""상처""를 그린 모양자입니다. 鬱는 ""마음의 상처(彡)를 달래기 위해숲(林) 속의 오두막(冖)에 틀어박혀서 양철통(缶)에 술(鬯)을 담아 혼자 마시다"" -> ""우울하다, 울적하다""라는 뜻의 글자입니다.",음독은 ウツ입니다. 특별한 점은 없습니다.,鬱의 정식 훈독은 없습니다.,no
2125,N1,璧,구슬 벽,"""구슬 벽"". 구슬, 둥근 옥",ヘキ,,"璧 = 辟 + 玉。 (소리부)「辟」(ヘキ)는 여기서는 소리부의 역할만 하고 있습니다. (의미부)「玉」는 ""구슬, 보석""을 뜻합니다. 璧는 ""둥근 옥구슬(玉)"" -> ""구슬, 둥근 옥""이라는 뜻의 글자입니다(辟는 소리부).",음독은 ヘキ입니다. 특별한 점은 없습니다.,璧의 정식 훈독은 없습니다.,no
2126,N1,瘍,헐 양,"""헐 양"". 헐다, 종기, 부스럼",ヨウ,,"瘍 = 疒 + 昜。 (의미부)「疒」는 ""병, 질병""을 뜻합니다. (소리부 겸 의미부)「昜」(ヨウ)는 ""햇볕, 뜨거운 햇살""을 뜻합니다. 瘍는 ""뜨겁게(昜) 부풀어오른 종기(疒)"" -> ""헐다, 종기, 부스럼""이라는 뜻의 글자입니다. (昜는 소리부도 겸함)",음독은 ヨウ입니다. 특별한 점은 없습니다.,瘍의 정식 훈독은 없습니다.,no
2127,N1,箋,편지지 전,"""편지지 전"". 쪽지, 편지",セン,,"箋 = 𥫗 + 戈 + 戈。 「𥫗」는 ""대나무 죽간""을 뜻합니다. 「戈」는 ""창""을 뜻합니다. 箋은 ""창(戈戈)을 든 전령이 가져온 편지(𥫗)"" -> ""편지, 쪽지""라는 뜻의 글자입니다.",음독은 セン입니다. 특별한 점은 없습니다.,箋의 정식 훈독은 없습니다.,no
2128,N1,籠,대바구니 롱,"""대바구니 롱"". 틀어박히다, 가두다, 바구니",ロウ,かご、こも(る),"籠 = 𥫗 + 龍。 「𥫗」는 ""대나무""를 뜻합니다. 龍는 ""용""을 그린 글자입니다(1291.「襲」모양 해설 참조). 籠는 ""대나무 줄기(𥫗) 속에 숨어들어간 가느다란 새끼 용(龍)"" -> ""틀어박히다, 가두다, 바구니""라는 뜻의 글자입니다.",음독은 ロウ입니다. 특별한 점은 없습니다.,"籠는 ""바구니""라는 뜻입니다. 籠る는 ""틀어박히다, 자욱하다, (감정 등이) 깃들다/담기다""라는 뜻의 자동사입니다. 예문) 籠바구니 籠耳들어도 금방 잊어버림/한 귀로 들어가고 한 귀로 나옴 自分の部屋に籠る 자기 방에 틀어박히다 愛情の籠った手紙애정이 담긴 편지 心の籠った料理마음이 담긴 요리",no
2129,N1,緻,빽빽할 치,"""빽빽할 치"". 빽빽하다",チ,,"緻 = 糸 + 致。 (의미부)「糸」는 ""실""을 뜻합니다. (소리부)「致」(チ)는 여기서는 소리부의 역할만 하고 있습니다. 緻는 ""빽빽하게 꿰매진 실(糸)"" -> ""빽빽하다""라는 뜻의 글자입니다(致는 소리부).",음독은 チ입니다. 특별한 점은 없습니다.,緻의 정식 훈독은 없습니다.,no
2130,N1,羞,부끄러울 수,"""부끄러울 수"". 수치, 부끄러움",シュウ,,"羞 = 差 + ⺕。 (소리부 겸 의미부)「差」(サ)는 여기서는 ""가리다(差す)""라는 뜻으로 쓰인 것입니다. (의미부)「⺕」는 ""손""을 뜻합니다. 羞는 ""부끄러워 손(⺕)으로 얼굴을 가리다(差)"" -> ""수치, 부끄러움""이라는 뜻의 글자입니다. (差는 소리부(サ -> シュウ)도 겸함)",음독은 シュウ입니다. 특별한 점은 없습니다.,羞의 정식 훈독은 없습니다.,no
2131,N1,訃,부고 부,"""부고 부"". 부고, 부음",フ,,"訃 = 言 + 卜。 (의미부)「言」는 ""말하다""라는 뜻입니다. (소리부 겸 의미부)卜는 여기서는「赴」(フ)가 축약된 것으로, ""향해 가다, 달려가다""라는 뜻입니다. 訃는 ""부고를 알리러(言) 급히 달려가다(赴)"" -> ""부고, 부음""이라는 뜻의 글자입니다. (卜->赴는 소리부도 겸함)",음독은 フ입니다. 특별한 점은 없습니다.,訃의 정식 훈독은 없습니다.,no
2132,N1,諧,화할 해,"""화할 해"". 조화하다, 화합하다, 잘 어울리다",カイ,,"諧 = 言 + 皆。 (의미부)「言」는 ""말하다""라는 뜻입니다. (소리부 겸 의미부)「皆」(カイ)는 ""모두, 전부""라는 뜻입니다. 諧는 ""다 함께(皆) 즐겁게 이야기하다(言)"" -> ""조화하다, 화합하다, 잘 어울리다""라는 뜻의 글자입니다. (皆는 소리부도 겸함)",음독은 カイ입니다. 특별한 점은 없습니다.,諧의 정식 훈독은 없습니다.,no
2133,N1,貪,탐낼 탐,"""탐낼 탐"". 탐욕, 탐내다, 욕심부리다",ドン,むさぼ(る),"貪 = 今 + 貝。 「今」는 ""지금""을 뜻합니다. 「貝」는 ""돈, 재물""을 뜻합니다. 貪는 ""당장(今)의 이익(貝)에 눈이 멀어 탐욕을 부리다"" -> ""탐욕, 탐내다, 욕심부리다""라는 뜻의 글자입니다.",음독은 ドン입니다. 특별한 점은 없습니다.,"貪る는 ""탐하다, 욕심내다, 게걸스럽게 먹다""라는 뜻의 타동사입니다. 예문) 貪るように読む 탐독하다 貪るように食う 게걸스럽게 먹다",no
2134,N1,踪,자취 종,"""자취 종"". 자취, 흔적",ソウ,,"踪 = 足 + 宗。 (의미부)「足」는 ""발""을 뜻합니다. (소리부 겸 의미부)「宗」(ソウ)는 ""으뜸, 종교""를 뜻합니다. 踪는 ""위대한 성인(宗)의 발자취(足)"" -> ""자취, 흔적""이라는 뜻의 글자입니다. (宗는 소리부도 겸함)",음독은 ソウ입니다. 특별한 점은 없습니다.,踪의 정식 훈독은 없습니다.,no
2135,N1,辣,매울 랄,"""매울 랄"". 잔혹하다",ラツ,,"辣 = 辛 + 束。 「辛」는 ""문신을 새기는 고문 도구""를 뜻합니다. 「束」는 ""묶다""라는 뜻입니다. 辣는 ""묶어놓고(束) 고문하다(辛)"" -> ""잔혹하다""라는 뜻의 글자입니다.",음독은 ラツ입니다. 특별한 점은 없습니다.,辣의 정식 훈독은 없습니다.,no
2136,N1,錮,막을 고,"""막을 고"". 가두다",コ,,"錮 = 金 + 固。 (의미부)「金」는 ""쇠, 금속""을 뜻합니다. (소리부 겸 의미부)「固」(コ)는 ""단단하다, 딱딱하다""라는 뜻입니다. 錮는 ""단단한(固) 쇠창살(金) 안에 가두다"" -> ""가두다""라는 뜻의 글자입니다. (固는 소리부도 겸함)",음독은 コ입니다. 특별한 점은 없습니다.,錮의 정식 훈독은 없습니다.,no
