no,level,kanji,meaning_quoted,meaning,onyomi,kunyomi,shape_explanation,onyomi_detail,kunyomi_detail,memorized
1,N2,政,정사 정,"""정사 정"". 정치",セイ、ショウ,まつりごと,"政 = 正 + 攵。 (의미부 겸 소리부)「正」(セイ・ショウ)는 ""바르다""라는 뜻입니다. (의미부)「攵」는 ""때리다, 치다""라는 뜻입니다. 政는 ""잘못된 일들을 때려서(攵) 바로잡다(正)"" -> ""다스리다"" -> ""정치""라는 뜻의 글자입니다. (正는 소리부도 겸함)",음독은 セイ、ショウ입니다. 사용 빈도는 セイ가 훨씬 높습니다.,"政는 ""정치""를 뜻합니다.",no
2,N2,党,무리 당,"""무리 당"". 무리, 세력, 정당",トウ,,"党 = 龸 + 兄。 「龸」는 ""궁궐""을 뜻합니다. 「兄」는 ""형, 맏이""를 뜻합니다. 党는 ""우두머리(兄)를 중심으로 한 궁궐(龸)의 파벌"" -> ""무리, 세력, 정당""이라는 뜻의 글자입니다.",음독은 トウ입니다. 특별한 점은 없습니다.,党의 정식 훈독은 없습니다.,no
3,N2,経,지날 경,"""지날 경"". 경로, 경과, 경도(남북 방향), 경전",ケイ、キョウ,へ(る),"経 = 糸 + 圣。 (의미부)「糸」는 ""실""을 뜻합니다. (소리부 겸 의미부)「圣」(ケイ・キョウ)는 ""지나가다""라는 뜻입니다. 経는""베틀 사이로 날실(糸)이 지나가다(圣)""-> ""지나가다, 경로, 경과""라는 뜻의 글자입니다. (圣는 소리부도 겸함)",음독은 ケイ、キョウ입니다. 구분법은 다음과 같습니다. 아래 예시단어를 참조해 주세요.,"経る는 ""거치다, 겪다, 지나다, 통과하다""라는 뜻의 2그룹 자동사입니다. 예문) 東京を経て京都に帰る 도쿄를 거쳐 교토에 돌아가다 委員会を経て本会議に出す 위원회를 거쳐 본회의에 내놓다",no
4,N2,現,나타날 현,"""나타날 현"". 나타나다, 드러나다",ゲン,あらわ(れる)、あらわ(す),"現 = 𤣩 + 見。 「𤣩」는 ""구슬, 보석""을 뜻합니다. 「見」는 ""보다""라는 뜻입니다. 現는 ""숨겨진 보석(𤣩)이 드러나다(見)"" -> ""나타나다, 드러나다""라는 뜻의 글자입니다.",음독은 ゲン입니다. 특별한 점은 없습니다.,"現れる는 ""나타나다, 드러나다""라는 뜻의 2그룹 자동사입니다. 現す는 ""나타내다, 드러내다""라는 뜻의 타동사입니다. 예문) 姿が現れる 모습이 드러나다 英雄が現れる 영웅이 나타나다 真価が現れる 진가가 나타나다 姿を現す 모습을 드러내다 正体を現す 정체를 드러내다 참고)現れる・現す와表れる・表す의 차이점 아래 예문을 참조해 주세요. 예문) 態度に表れる 태도에서 드러나다 敬意を表す 경의를 표하다 英雄が現れる 영웅이 나타나다 正体を現す 정체를 드러내다",no
5,N2,性,성품 성,"""성품 성"". 성별, 본성, 천성",セイ、ショウ,,"性 = 忄 + 生。 (의미부)「忄」는 ""마음""을 뜻하는 부수입니다(링크 참조). (소리부 겸 의미부)「生」(セイ・ショウ)는 ""태어나다""라는 뜻입니다. 性는 ""타고난(生) 마음(忄)"" -> ""성별, 본성, 천성""이라는 뜻의 글자입니다. (生는 소리부도 겸함)",음독은 セイ、ショウ입니다. 사용 빈도는 セイ가 더 높으나 특별한 구분법은 없습니다.,性의 정식 훈독은 없습니다.,no
6,N2,制,절제할 제,"""절제할 제"". 제어, 제도, 절제, 억제, 통제",セイ,,"制 = 牛 + 巾 + 刂。 「牛」는 ""소""를 뜻합니다. 「巾」는 ""수건, 천""을 뜻합니다. 「刂」는 ""칼""을 뜻합니다. 制는 ""소(牛)에게 농기구를 씌우고(巾) 밭을 갈다(刂)""라는 뜻입니다. ""소를 제어해서 농사를 짓다"" -> ""제어, 제도, 통제, 억제""라는 의미입니다.",음독은 セイ입니다. 특별한 점은 없습니다.,制의 정식 훈독은 없습니다.,no
7,N2,務,힘쓸 무,"""힘쓸 무"". 힘쓰다, 종사하다",ム,つと(める)、つと(まる),"務 = 矛 + 攵 + 力。 (소리부 겸 의미부)矛(ム - ""창 모"")는 ""창""을 뜻하는 상용한자입니다. 矛는 ""날이 세 개인 창""을 그린 상형문자입니다. (의미부)「攵」는 ""때리다, 치다""라는 뜻입니다. (의미부)「力」는 ""힘""을 뜻합니다. 務는 ""창(矛)으로 힘껏(力) 찌르다(攵)"" -> ""힘쓰다, 종사하다""라는 뜻의 글자입니다. (矛는 소리부도 겸함)",음독은 ム입니다. 특별한 점은 없습니다.,"務める는 ""(역할/직책 등을) 맡다""라는 뜻의 2그룹 타동사입니다. 務まる는 ""잘 수행해낼 수 있다, 감당해 낼 수 있다""라는 뜻의 자동사입니다.",no
8,N2,総,거느릴 총,"""거느릴 총"". 전체, 총합",ソウ,,"総 = 糸 + 公 + 心。 「糸」는 ""실""을 뜻합니다. 「公」는 ""공공의, 공적인""이라는 뜻입니다. 「心」는 ""마음""을 뜻합니다. 総는 ""국민(公)의 마음(心)을 하나로 묶다(糸)"" -> ""전체, 총합""이라는 뜻의 글자입니다.",음독은 ソウ입니다. 특별한 점은 없습니다.,総의 정식 훈독은 없습니다.,no
9,N2,領,거느릴 령,"""거느릴 령"". 다스리다, 점유하다, 중요한 부분",リョウ,,"領 = 令 + 頁。 「令」는 ""명령""을 뜻합니다. 「頁」는 ""머리""를 뜻합니다. 領는 ""명령(令)을 내리는 우두머리(頁)"" -> ""다스리다, 점령하다""라는 뜻의 글자입니다.",음독은 リョウ입니다. 특별한 점은 없습니다.,領의 정식 훈독은 없습니다.,no
10,N2,設,베풀 설,"""베풀 설"". 설치하다, 마련하다",セツ,もう(ける),"設 = 言 + 殳。 「言」는 ""말하다""라는 뜻입니다. 「殳」는 본래 ""채찍을 휘두르는 손""을 그린 글자입니다(링크 참조). 設는 ""채찍을 휘두르며(殳) 노예들에게 소리치다(言)""라는 뜻입니다. ""노예들을 시켜 건물을 짓다"" -> ""설치하다, 마련하다""라는 의미입니다.",음독은 セツ입니다. 특별한 점은 없습니다.,"設ける는 ""마련하다, 설치하다""라는 뜻의 2그룹 타동사입니다. 예문) 事務所を設ける 사무소를 설치하다 講座を設ける 강좌를 만들다 機会を設ける 기회를 마련하다",no
11,N2,保,지킬 보,"""지킬 보"". 지키다, 보살피다",ホ,たも(つ),"保 = 亻 + 呆。 「亻」는 ""사람""을 뜻합니다. 呆는 여기서는 ""등에 업힌 아기""를 그린 모양자입니다. 保는 ""아기를 등에 업은(呆) 사람(亻)"" -> ""지키다, 보살피다""라는 뜻의 글자입니다.",음독은 ホ입니다. 특별한 점은 없습니다.,"保つ는 ""유지하다, 보전하다""라는 뜻의 타동사입니다. 예문) 若さを保つ秘訣젊음을 유지하는 비결 健康を保つ 건강을 유지하다 一貫性を保つ 일관성을 유지하다",no
12,N2,権,권세 권,"""권세 권"". 권력, 권세, 권리",ケン、ゴン,,"権 = 𮥶+隹。 (의미부 겸 소리부)「𮥶」(カン)은 ""새장 안의 새""를 뜻합니다. (의미부)「木」는 ""나무""를 뜻합니다. 権는 ""나무(木) 위의 새를 잡아 가두다(𮥶)""라는 뜻입니다. ""아무나 마음대로 잡아 가둘 수 있는 무소불위의 권력"" -> ""권력, 권세, 권리""라는 의미입니다. (𮥶는 소리부(カン -> ケン)도 겸함)",음독은 ケン、ゴン입니다. 그러나 절대다수는 ケン으로 읽습니다. ゴン은 일부 예외적인 단어에만 쓰이는 음독입니다.,権의 정식 훈독은 없습니다.,no
13,N2,支,지탱할 지,"""지탱할 지"". 지탱하다, 지지하다, (갈라져 나온) 지류",シ,ささ(える),"支 = 十 + 又。 十는 여기서는 ""나뭇가지""를 그린 모양자입니다. 「又」는 ""손""을 뜻합니다. 支는 ""나무에서 갈라져 나온 가지(十)를 받쳐든 손(又)"" -> ""지탱하다, 지지하다, 지류""라는 뜻의 글자입니다.",음독은 シ입니다. 특별한 점은 없습니다.,"支える는 ""떠받치다, 지탱하다""라는 뜻의 2그룹 타동사입니다. 예문) 杖で体を支える 지팡이로 몸을 받치다 お父さんは家族の暮らしを支えている 아버지는 가족의 생계를 지탱하고 있다",no
14,N2,報,갚을/알릴 보,"""갚을/알릴 보"". 갚다, 알리다",ホウ,むく(いる),"報 = 幸 +卩 + 又。 「幸」는 본래 ""쇠사슬에 묶인 죄인""을 그린 글자입니다(링크 참조). 「卩」는 ""무릎꿇은 사람""을 뜻합니다. 「又」는 ""손""을 뜻합니다. 報는 ""죄인(卩)을 잡아서(又) 쇠사슬에 묶어놓다(幸)""라는 뜻입니다. 라는 의미입니다.",음독은 ホウ입니다. 특별한 점은 없습니다.,"報いる는 ""갚다, 보답하다, 보복하다""라는 뜻의 2그룹 자동사/타동사입니다. 예문) 親の恩に報いる 부모의 은혜에 보답하다 彼の努力は報いられた 그의 노력은 보답을 받았다 敵に報いる 적에게 보복하다 一矢を報いる 보복의 화살을 던지다(앙갚음하다)",no
15,N2,済,건널 제,"""건널 제"". 이루다, 끝나다, 마치다, 구하다",サイ,す(む)、す(ます),"済 = 氵 + 斉。 「氵」는 ""물""을 뜻합니다. 斉는 여기서는 ""다리를 건너는 사람""을 그린 모양자입니다. (위쪽의 文는 ""사람""을 그린 것이고, 아래쪽은 ""다리""를 그린 것입니다.) 済는 ""강(氵)에 걸린 다리를 끝까지 건너다(斉)"" -> ""끝나다, 마치다, 이루다""라는 뜻의 글자입니다.",음독은 サイ입니다. 특별한 점은 없습니다.,"済む는 ""(일이) 완료되다, 끝나다, (잘) 해결되다""라는 뜻의 자동사입니다. 済ます는 ""(일을) 끝내다, 마치다, 해결하다""라는 뜻의 타동사입니다. 예문) 手続きが済んだ 수속이 끝났다 5分で済みます 5분이면 끝납니다 謝って済むことではない 사과해서 끝날 일이 아니다 夕食は弁当で済ます 저녁은 도시락으로 해결하다(때우다) 事件を金で済ます 사건을 돈으로 해결하다(무마하다)",no
16,N2,解,풀 해,"""풀 해"". 풀다, 분해하다, 풀어내다",カイ、ゲ,と(く)、と(ける)、と(かす),"解 = 角 + 刀 + 牛。 「角」는 ""뿔""을 뜻합니다. 「刀」는 ""칼""을 뜻합니다. 「牛」는 ""소""를 뜻합니다. 解는 ""소(牛)의 뿔(角)을 자르다(刀)"" -> ""분해하다, 풀다, 풀어내다""라는 뜻의 글자입니다.",음독은 カイ、ゲ입니다. 사용 빈도는 カイ가 훨씬 높습니다.,"1.解ける、解く 解ける는 ""풀리다, 해제되다""라는 뜻의 2그룹 자동사입니다. 解く는 ""풀다""라는 뜻의 타동사입니다. 예문) 謎は解けた 수수께끼는 풀렸다 帯が解ける 허리띠가 풀리다 制限が解ける 제한이 풀리다 怒りが解ける 분노가 풀리다 疑いが解ける 의심이 풀리다 方程式を解く 방정식을 풀다 問題を解く 문제를 풀다 結び目を解く 매듭을 풀다 暗号を解く 암호를 풀다 緊張を解く 긴장을 풀다 契約を解く 해약하다 2.解かす 解かす는 ""머리를 빗다""라는 뜻의 타동사입니다. 예문) 髪を解かす 머리를 빗다",no
17,N2,資,재물 자,"""재물 자"". 자본, 자금, 밑천",シ,,"資 = 次 + 貝。 (소리부 겸 의미부)「次」(シ)는 ""다음""이라는 뜻입니다. (의미부)「貝」는 ""돈, 재물""을 뜻합니다. 資는 ""다음(次)에 쓸 돈(貝)"" -> ""자본, 자금, 밑천""이라는 뜻의 글자입니다. (次는 소리부도 겸함)",음독은 シ입니다. 특별한 점은 없습니다.,資의 정식 훈독은 없습니다.,no
18,N2,際,즈음 제,"""즈음 제"". 사이, 경계, 만나다, 닿다",サイ,きわ,"際 = ⻖ + 祭。 (의미부)「⻖」는 ""언덕""을 뜻합니다. (소리부)「祭」(サイ)는 여기서는 소리부의 역할만 하고 있습니다. 際는 ""언덕과 언덕(⻖)이 맞닿은 경계선"" -> ""사이, 경계, 만나다, 닿다""라는 뜻의 글자입니다(祭는 소리부).",음독은 サイ입니다. 특별한 점은 없습니다.,"際는 ""가장자리, 근처""라는 뜻입니다.",no
19,N2,査,조사할 사,"""조사할 사"". 조사하다",サ,,"査 = 木 + 且。 「木」는 ""나무""를 뜻합니다. 「且」는 ""비석, 조상, 장례""를 뜻합니다. 査는 ""장례(且)를 지낼 관을 만들 좋은 나무(木)를 조사하다"" -> ""조사하다""라는 뜻의 글자입니다.",음독은 サ입니다. 특별한 점은 없습니다.,査의 정식 훈독은 없습니다.,no
20,N2,判,판단할 판,"""판단할 판"". 판단하다, 판정하다",ハン、バン,,"判 = 半 + 刂。 (소리부 겸 의미부)「半」(ハン)은 ""절반""을 뜻합니다. (의미부)「刂」는 ""칼""을 뜻합니다. 判는 ""반으로(半) 딱 잘라(刂) 판단하다"" -> ""판단하다, 판정하다""라는 뜻의 글자입니다. (半은 소리부(ハン -> ハン・バン)도 겸함)",음독은 ハン、バン입니다. 특별한 점은 없습니다.,判의 정식 훈독은 없습니다.,no
21,N2,認,알 인,"""알 인"". 인정하다, 인식하다",ニン,みと(める),"認 = 言 + 刃 + 心。 「言」는 ""말하다""라는 뜻입니다. 刃(""칼날 인"")은 ""칼날""을 뜻하는 상용한자입니다. 刃 = 刀 + 丶。 「刀」는 ""칼""을 뜻합니다. 丶는 여기서는 ""칼날"" 부분을 강조한 모양자입니다. 刃는 ""칼(刀)의 칼날(丶)"" -> ""칼날""이라는 뜻의 글자입니다. 「心」는 ""마음""을 뜻합니다. 認는 ""가르침(言)을 마음(心)에 새기다(刃)"" -> ""인정하다, 인식하다""라는 뜻의 글자입니다.",음독은 ニン입니다. 특별한 점은 없습니다.,"認める는 ""인지하다, 인정하다, 시인하다""라는 뜻의 2그룹 자동사입니다. 예문) 価値を認める 가치를 인정하다 犯行を認める 범행을 시인하다",no
22,N2,在,있을 재,"""있을 재"". 있다, 존재하다",ザイ,あ(る),"在 = 才 + 土。 (소리부 겸 의미부)「才」(サイ)는 본래 ""새싹이 올라오는 모습""을 그린 글자입니다(링크 참조). (의미부)「土」는 ""흙, 땅""을 뜻합니다. 在는 ""땅(土) 위에 새싹(才)이 있다"" -> ""있다, 존재하다""라는 뜻의 글자입니다. (才는 소리부(サイ -> ザイ)도 겸함)",음독은 ザイ입니다. 특별한 점은 없습니다.,"在る는 ""있다""라는 뜻의 자동사입니다.",no
23,N2,件,물건 건,"""물건 건"". 낱개, 건수, 사건",ケン,,"件 = 亻 + 牛。 「亻」는 ""사람""을 뜻합니다. 「牛」는 ""소""를 뜻합니다. 件은 ""사람(亻)이 소고기(牛)를 부위별로 나누다"" -> ""낱개, 건수, 사건""이라는 뜻의 글자입니다.",음독은 ケン입니다. 특별한 점은 없습니다.,件의 정식 훈독은 없습니다.,no
24,N2,団,둥글 단,"""둥글 단"". 집단, 뭉치다",ダン、トン,,"団 = 囗 + 寸。 囗는 여기서는 ""집단, 범위""를 표현한 모양자로 쓰인 것입니다. 「寸」는 ""손""을 뜻합니다. 団는 ""손잡고(寸) 하나로 뭉친(囗) 사람들"" -> ""집단""이라는 뜻의 글자입니다.",음독은 ダン、トン입니다. 사용 빈도는 ダン이 훨씬 높습니다.,団의 정식 훈독은 없습니다.,no
25,N2,任,맡길 임,"""맡길 임"". 맡기다, 일임하다",ニン,まか(せる)、まか(す),"任 = 亻 + 壬。 「亻」는 ""사람""을 뜻합니다. 壬는 여기서는「王」가 변형된 것으로, ""왕""을 뜻합니다. 任는 ""왕(壬)이 신하(亻)에게 임무를 맡기다"" -> ""맡기다, 일임하다""라는 뜻의 글자입니다.",음독은 ニン입니다. 특별한 점은 없습니다.,"任せる는 ""맡기다, 일임하다""라는 뜻의 2그룹 타동사입니다. 任す는 ""맡기다, 일임하다""라는 뜻의 타동사입니다.",no
26,N2,論,논할 논,"""논할 논"". 논하다, 논의, 이론",ロン,,"論 = 言 + 侖。 「言」는 ""말하다""라는 뜻입니다. 「侖」는 ""둥글게 말린 죽간""을 뜻합니다. 論은 ""책(侖)을 읽고 의견을 주고받다(言)"" -> ""논하다, 논의, 이론""이라는 뜻의 글자입니다.",음독은 ロン입니다. 특별한 점은 없습니다.,論의 정식 훈독은 없습니다.,no
27,N2,増,더할 증,"""더할 증"". 늘다, 증가하다",ゾウ,ま(す)、ふ(える)、ふ(やす),"増 = 土 + 曽。 (의미부)「土」는 ""흙""을 뜻합니다. (소리부 겸 의미부)「曽」(ソウ)는 ""쌓이다""라는 뜻의 글자입니다(링크 참조). 増는 ""흙더미(土)가 쌓이다(曽)"" -> ""늘다, 증가하다""라는 뜻의 글자입니다. (曽는 소리부(ソウ -> ゾウ)도 겸함)",음독은 ゾウ입니다. 특별한 점은 없습니다.,"1.増える、増やす 増える는 ""(수/양이) 늘다, 증가하다""라는 뜻의 2그룹 자동사입니다. 増やす는 ""(수/양을) 늘리다, 증가시키다""라는 뜻의 타동사입니다. 예문) 荷物が増える 짐이 늘다 定員を増やす 정원을 늘리다 2.増す 増す는 ""(수/양/정도가) 늘다, 늘리다, 커지다, 크게 하다""라는 뜻의 자동사 겸 타동사입니다. 増える・増やす와의 차이점은 다음과 같습니다. 아래 예문을 참조해 주세요. 예문) 暑さが増す 더위가 심해지다(増える는 불가능) 喜びが増す 기쁨이 더해지다(増える는 불가능) 威厳を増す 위엄을 더하다(増やす는 불가능)",no
28,N2,情,뜻 정,"""뜻 정"". 정, 정서, 마음, 인정",ジョウ、セイ,なさ(け),"情 = 忄 + 青。 (의미부)「忄」는 ""마음""을 뜻합니다. (소리부 겸 의미부)「青」(セイ・ショウ)는 ""푸르다""라는 뜻입니다. 情는 ""푸르고 맑은(青) 마음(忄)"" -> ""정, 인정, 정서""라는 뜻의 글자입니다. (青는 소리부(セイ・ショウ -> ジョウ・セイ)도 겸함)",음독은 ジョウ、セイ입니다. 그러나 절대다수는 ジョウ로 읽습니다. セイ는 일부 예외적인 단어에만 쓰이는 음독입니다.,"情け는 ""정, 인정, 자비, (남녀의) 애정""을 뜻합니다. 예문) 彼女は彼の情けにすがった 그녀는 그의 동정심에 매달렸다 情け深い 동정심이 많다/인정이 많다 情けを交わす 정을 통하다(남녀가 육체관계를 맺다)",no
29,N2,示,보일 시,"""보일 시"". 보이다, 나타내다",ジ、シ,しめ(す),"示는 ""고대의 비석""을 그린 상형문자입니다. ""거대한 비석을 세워놓다"" -> ""나타내다, 보이다""라는 의미입니다.",음독은 ジ、シ입니다. 사용 빈도는 ジ가 더 높으나 특별한 구분법은 없습니다.,"示す는 ""보이다, 나타내다, 가리키다""라는 뜻의 타동사입니다. 예문) 関心を示す 관심을 나타내다 興味を示す 흥미를 보이다 判断の根拠を示す 판단의 근거를 제시하다",no
30,N2,基,터 기,"""터 기"". 토대, 기초, 바탕, 근본",キ,もと、もとい,"基 = 其 + 土。 (소리부 겸 의미부)「其」(キ)는 여기서는 ""탑""을 그린 모양자입니다. (의미부)「土」는 ""흙, 땅""을 뜻합니다. 基는 ""토대(土) 위에 쌓은 탑(其)"" -> ""기초, 토대""라는 뜻의 글자입니다. (其는 소리부도 겸함)",음독은 キ입니다. 특별한 점은 없습니다.,"基、基는 둘 다 ""토대, 기초, 근본, 근원""을 뜻합니다. 基쪽이 조금 더 격식을 차린 말투입니다.",no
31,N2,革,가죽 혁,"""가죽 혁"". 가죽, 개혁하다",カク,かわ,"革는 ""손으로 가죽을 펼치는 모습""을 그린 상형문자입니다. 참고) 革와 皮의 차이",음독은 カク입니다. 특별한 점은 없습니다.,"革는 ""(무두질한) 가죽""을 뜻합니다.",no
32,N2,価,값 가,"""값 가"". 가격, 값어치",カ,あたい,"価 = 亻 + 覀。 「亻」는 ""사람""을 뜻합니다. 「覀」는 ""덮다, 가리다""라는 뜻의 부수입니다(링크 참조). 価는 ""상인(亻)이 숨겨둔(覀) 골동품의 값"" -> ""값, 가격, 값어치""라는 뜻의 글자입니다.",음독은 カ입니다. 특별한 점은 없습니다.,"価는 ""값, 가격""을 뜻합니다.",no
33,N2,確,굳을 확,"""굳을 확"". 확실, 확인, 단단한",カク,たし(か)、たし(かめる),"確 = 石 + 冖 + 隹。 「石」는 ""돌""을 뜻합니다. 冖는 여기서는 ""새장""을 그린 모양자입니다. 「隹」는 ""새""를 뜻합니다. 確는 ""돌(石)로 만든 새장(冖)에 새(隹)를 가둬놓다"" -> ""단단하다, 확실하다""라는 뜻의 글자입니다.",음독은 カク입니다. 특별한 점은 없습니다.,"確か는 ""확실함, 틀림없음""이라는 뜻입니다. 確かめる는 ""확인하다, 확실히 하다""라는 뜻의 2그룹 타동사입니다.",no
34,N2,坴,형세 세,"""형세 세"". 기세, 세력, 형세",セイ,いきお(い),"「坴+丸」 勢 = 坴 + 丸 + 力。 「坴」는 ""흙더미""를 뜻하는 글자입니다. 丸는 여기서는 ""땅(坴)에 나무를 심고 있는 사람""을 그린 모양자입니다(위 그림 참조). 「力」는 ""힘""을 뜻합니다. 勢는""땅(坴)에 심어놓은(丸) 나무가 힘차게(力) 자라다"" -> ""기세, 세력, 형세""라는 뜻의 글자입니다.",음독은 セイ입니다. 특별한 점은 없습니다.,"勢い는 ""기세, 세력, 활기""를 뜻합니다. 예문) すごい勢いで攻め立てる 무서운 기세로 공격을 퍼붓다 破竹の勢い 파죽지세",no
35,N2,減,덜 감,"""덜 감"". 줄다, 덜다, 감소하다",ゲン,へ(る)、へ(らす),"減 = 氵 + 咸。 「氵」는 ""물""을 뜻합니다. 咸는 ""창을 들고(戌) 함성을 지르는(口) 병사""를 뜻합니다(353.「感」모양 해설 참조). 減는""병사들(咸)이 피흘리며(氵) 쓰러지다"" -> ""병사의 수가 줄다"" -> ""줄다, 감소하다""라는 뜻의 글자입니다.",음독은 ゲン입니다. 특별한 점은 없습니다.,"減る는 ""줄다, 적어지다""라는 뜻의 1그룹 자동사입니다. 減らす는 ""줄이다""라는 뜻의 타동사입니다.",no
36,N2,容,얼굴 용,"""얼굴 용"". 담다, 수용하다, 얼굴/용모, 용서하다",ヨウ,,"容 = 穴 + 㕣。 「穴」는 ""구멍""을 뜻합니다. 㕣는 여기서는 ""항아리""를 그린 모양자입니다. 容는 ""구멍(穴)에 항아리(㕣)를 넣다"" -> ""담다, 수용하다""라는 뜻의 글자입니다.",음독은 ヨウ입니다. 특별한 점은 없습니다.,容의 정식 훈독은 없습니다.,no
37,N2,応,응할 응,"""응할 응"". 응하다, 반응하다",オウ,こた(える),"応 = 广 + 心。 「广」는 ""건물, 집""을 뜻합니다. 「心」는 ""마음""을 뜻합니다. 応는 ""집(广)에서 기다리는 가족들의 마음(心)에 답하다"" -> ""응하다, 반응하다""라는 뜻의 글자입니다.",음독은 オウ입니다. 특별한 점은 없습니다.,"応える는 ""응하다, (기대에) 부응하다""라는 뜻의 2그룹 자동사입니다. 참고)答える와応える의 차이점 아래 예문을 참조해 주세요. 예문) 質問に答える 질문에 대답하다 期待に応える 기대에 부응하다",no
38,N2,演,펼 연,"""펼 연"". 넓게 미치다, 펼치다",エン,,"演 = 氵 + 宀 + 一 + 由 + ハ。 「氵」는 ""물""을 뜻합니다. 「宀」는 ""집""을 뜻합니다. 아래쪽의 一+由+ハ는 ""(물을 받기 위한) 항아리""를 그린 모양자입니다. 演는 ""지붕(宀)에서 새는 물(氵)을 받는 항아리(一+由+ハ)""라는 뜻입니다. ""빗물이 집 안까지 새어 번지다"" -> ""넓게 미치다, 펼치다""라는 의미입니다.",음독은 エン입니다. 특별한 점은 없습니다.,演의 정식 훈독은 없습니다.,no
39,N2,歳,해 세,"""해 세"". 나이(~세)",サイ、セイ,,"歳 = 歩 + 戌。 「歩」는 ""걷다""라는 뜻입니다. 「戌」는 ""창을 든 손""을 뜻합니다. 歳는 ""전쟁터에서 창을 들고(戌) 싸우며 걸어온(歩) 세월들"" -> ""해, 나이""라는 뜻의 글자입니다.",음독은 サイ、セイ입니다. 사용 빈도는 サイ가 훨씬 높습니다. セイ는 일부 예외적인 단어에만 쓰이는 음독입니다.,歳의 정식 훈독은 없습니다.,no
40,N2,能,능할 능,"""능할 능"". 능력",ノウ,,"能는 ""곰""을 그린 상형문자입니다. ""곰"" -> ""강하다"" -> ""능력""이라는 의미입니다. 참고) 본래의 ""곰""이라는 뜻은 지금은「熊」가 대신하고 있습니다.",음독은 ノウ입니다. 특별한 점은 없습니다.,能의 정식 훈독은 없습니다.,no
41,N2,再,두 재,"""두 재"". 다시, 다시 하다",サイ、サ,ふたた(び),"再는 ""물고기가 수면 위로 입을 내민 모습""을 그린 상형문자입니다. ""물고기가 수면 위아래를 반복해서 왔다갔다하다"" -> ""다시, 다시금""이라는 의미입니다.",음독은 サイ、サ입니다. 사용 빈도는 サイ가 훨씬 높습니다. サ는再来~(다다음~) 외에는 거의 쓰이지 않는 음독입니다.,"再び는 ""재차, 다시""라는 뜻입니다. 예문) 同じ過ちを再び繰り返す 같은 실수를 다시 반복하다 再び挑戦する 다시 도전하다",no
42,N2,格,격식 격,"""격식 격"". 격, 지위, 신분",カク、コウ,,"格 = 木 + 各。 (의미부)「木」는 ""나무""를 뜻합니다. (소리부 겸 의미부)「各」(カク)는 ""각각, 각자""라는 뜻입니다. 格는 ""목재(木) 각각의(各) 질의 차이"" -> ""격, 지위, 신분""이라는 뜻의 글자입니다. (各는 소리부(カク -> カク・コウ)도 겸함)",음독은 カク、コウ입니다. 그러나 절대다수는 カク로 읽습니다. コウ는格子(격자)를 제외하고는 거의 쓰이지 않는 음독입니다.,格의 정식 훈독은 없습니다.,no
43,N2,疑,의심할 의,"""의심할 의"". 의심하다",ギ,うたが(う),"疑 = 匕 + 矢 + マ + 疋。 匕는 여기서는「刀」가 뒤집힌 것으로, ""칼""을 뜻합니다. 「矢」는 ""화살""을 뜻합니다. 오른쪽의 マ+疋는 여기서는 ""어린아이""를 그린 모양자입니다(マ는 머리, 乛는 팔, 龰는 몸통+다리를 각각 표현한 것입니다). 疑는 ""칼(匕)과 화살(矢)을 든 어린아이(マ+疋)""라는 뜻입니다. ""위험한 무기를 들고 노는 아이를 걱정하다"" -> ""의심하다""라는 의미입니다.",음독은 ギ입니다. 특별한 점은 없습니다.,"疑う는 ""의심하다""라는 뜻의 타동사입니다.",no
44,N2,過,지날 과,"""지날 과"". 넘치다, 지나치다, 잘못, 죄",カ,す(ぎる)、す(ごす)、あやま(つ)、あやま(ち),"過 = ⻌ + 咼。 (의미부)「⻌」는 ""길""을 뜻합니다. (소리부 겸 의미부)「咼」(カ)는 ""잘못되다, 어긋나다""라는 뜻의 글자입니다(링크 참조). 過는 ""길(⻌)을 착각해서(咼) 지나쳐버리다"" -> ""지나치다, 잘못, 죄""라는 뜻의 글자입니다. (咼는 소리부도 겸함)",음독은 カ입니다. 특별한 점은 없습니다.,"1.過ぎる、過ごす 過ぎる는 ""지나다, 지나가다, 넘다, 지나치다""라는 뜻의 2그룹 자동사입니다. 過ごす는 ""보내다, 지내다, 도를 넘다""라는 뜻의 타동사입니다. 예문) 冗談が過ぎる 농담이 지나치다 森を過ぎる 숲을 지나다 卒業して5年過ぎた 졸업하고 5년 지났다 氷山の一角に過ぎない 빙산의 일각에 불과하다 楽しい時間を過ごす 즐거운 시간을 보내다 2.過つ、過ち 過つ는 ""잘못하다, 실수하다""라는 뜻의 타동사입니다. 過ち는 ""잘못, 과오, 실수""를 뜻합니다. 예문) 過たず命中した 실수 없이 명중했다 過ちを正す 잘못을 바로잡다",no
45,N2,税,세금 세,"""세금 세"". 세금",ゼイ,,"税 = 禾 + 兑。 「禾」는 ""곡식""을 뜻합니다. 「兑」는 ""날카로운 눈을 한 사람""을 뜻합니다. 税은 ""세금으로 낸곡식(禾)의 양을확인하는 세금 징수관(兑)"" -> ""세금""이라는 뜻의 글자입니다.",음독은 ゼイ입니다. 특별한 점은 없습니다.,税의 정식 훈독은 없습니다.,no
46,N2,検,검사할 검,"""검사할 검"". 검사하다",ケン,,"検 = 木 + 㑒。 (의미부)「木」는 ""나무""를 뜻합니다. (소리부 겸 의미부)「㑒」(ケン)은 ""뾰족하다, 날카롭다""라는 뜻입니다. 検는 ""목재(木) 가구에 뾰족한(㑒) 부분이 남아있나 마감을 검사하다"" -> ""검사하다""라는 뜻의 글자입니다. (㑒은 소리부도 겸함)",음독은 ケン입니다. 특별한 점은 없습니다.,検의 정식 훈독은 없습니다.,no
47,N2,常,항상 상,"""항상 상"". 보통의, 일반적인, 한결같은",ジョウ,つね、とこ,"常 = 龸 + 口 + 巾。 「龸」는 ""궁궐""을 뜻합니다. 口는 여기서는 ""(궁궐의) 대문""을 그린 모양자입니다. 「巾」는 ""수건, 천""을 뜻합니다. 常는 ""궁궐(龸)에 출입할(口) 때 항상 입는 관복(巾)"" -> ""항상, 보통""이라는 뜻의 글자입니다.",음독은 ジョウ입니다. 특별한 점은 없습니다.,"常に는 ""늘, 항상""이란 뜻의 부사입니다. 常는 ""늘 변함없음, 영원""을 뜻합니다.",no
48,N2,状,형상 상/문서 장,"""형상 상/문서 장"". 상황, 문서",ジョウ,,"状 = 丬 + 犬。 「丬」는 ""탁자""를 뜻하는 부수입니다(링크 참조). 「犬」는 ""개""를 뜻합니다. 状는 ""미친개(犬)를 피해서탁자(丬) 뒤에 숨다""라는 뜻입니다. 라는 의미입니다.",음독은 ジョウ입니다. 특별한 점은 없습니다.,状의 정식 훈독은 없습니다.,no
49,N2,営,경영할 영,"""경영할 영"". 경영하다, 사업하다",エイ,いとな(む),"営 =⺍ +冖 + 呂。 「⺍+冖」는 ""불이 환하게 켜진 집""을 뜻합니다. 「呂」는""여러 채의 집이 이어져있는 대저택""을 뜻합니다(링크 참조). 営는 ""밤에도 환하게 불이 켜진(⺍+冖) 커다란 건물(呂)"" -> ""경영하다, 사업하다""라는 뜻의 글자입니다.",음독은 エイ입니다. 특별한 점은 없습니다.,"営む는 ""경영하다, 영위하다""라는 뜻의 타동사입니다. 예문) 事業を営む 사업을 경영하다 花屋を営む 꽃집을 운영하다",no
50,N2,職,직분 직,"""직분 직"". 직업, 직무",ショク,,"職 = 耳 + 音 + 戈。 「耳」는 ""귀""를 뜻합니다. 「音」는 ""소리""를 뜻합니다. 「戈」는 ""창""을 뜻합니다. 職는 ""창(戈)을 들고 귀기울여(耳) 소리(音)를 듣는 경비병 일"" -> ""직무, 직업""이라는 뜻의 글자입니다.",음독은 ショク입니다. 특별한 점은 없습니다.,職의 정식 훈독은 없습니다.,no
51,N2,与,줄 여,"""줄 여"". 주다, 관여하다",ヨ,あた(える),"与는 ""맞물려있는 치아""를 그린 상형문자입니다. ""맞물리다"" -> ""주고받다"" -> ""주다, 관여하다""라는 의미입니다.",음독은 ヨ입니다. 특별한 점은 없습니다.,"与える는 ""(자기 것을 남에게) 주다/수여하다, (영향을) 미치다""라는 뜻의 2그룹 타동사입니다. 예문) 妻に小遣いを与える 아내에게 용돈을 주다 影響を与える 영향을 미치다",no
52,N2,供,이바지할 공,"""이바지할 공"". 바치다, 제공하다, 올리다",キョウ、ク,そな(える)、とも,"供 = 亻 + 共。 (의미부)「亻」는 ""사람""을 뜻합니다. (소리부 겸 의미부)「共」(キョウ)는 본래 ""쟁반을 받쳐든 손""을 그린 글자입니다(링크 참조). 供는 ""높은 사람(亻)에게 공물을 올려바치다(共)"" -> ""바치다, 제공하다, 올리다""라는 뜻의 글자입니다. (共는 소리부(キョウ -> キョウ・ク)도 겸함)",음독은 キョウ、ク입니다. 사용 빈도는 キョウ가 더 높습니다.,"供える는 ""바치다, 올리다""라는 뜻의 2그룹 타동사입니다. 供는 ""윗사람을 따라감, 수행원""이라는 뜻입니다.",no
53,N2,可,옳을 가,"""옳을 가"". 가능하다, 허가하다",カ,,"可 =𠃌 +口。 「口」는 ""입""을 뜻합니다. 𠃌는 여기서는 ""곡괭이""를 그린 모양자입니다. 可는 본래 ""곡괭이질(𠃌)을 하며 흥얼거리다(口)"" -> ""노래하다""라는 뜻으로 만들어진 글자입니다. 그러나 이후 발음이 같다는 이유로 ""옳다""라는 뜻으로 쓰이게 된 것입니다. 즉, 可의 모양과 의미 사이에는 아무런 관계도 없습니다.",음독은 カ입니다. 특별한 점은 없습니다.,可의 정식 훈독은 없습니다.,no
54,N2,構,얽을 구,"""얽을 구"". 만들다, 구축하다",コウ,かま(える)、かま(う),"構 = 木 + 冓。 (의미부)「木」는 ""나무""를 뜻합니다. (소리부 겸 의미부)「冓」(コウ)는 ""얽다, 짜다""라는 뜻의 글자입니다(링크 참조). 構는 ""나무(木)를 얽고 짜다(冓)"" -> ""만들다, 구축하다""라는 뜻의 글자입니다. (冓는 소리부도 겸함)",음독은 コウ입니다. 특별한 점은 없습니다.,"構う는 ""상관하다, 구애되다, 마음을 쓰다""라는 뜻의 자동사 겸 타동사입니다. 構える는 ""차리다, 만들어 내다, 자세를 잡다""라는 뜻의 2그룹 타동사입니다. 예문) 時間がかかっても構わない 시간이 걸려도 상관없다 メールでも電話でも構いません 메일이든 전화든 상관 없습니다 一家を構える 가정을 꾸리다(결혼해서 살림을 차리다) 口実を構える 구실을 만들다 カメラを構える 카메라로 사진 찍을 자세를 취하다",no
55,N2,割,벨 할,"""벨 할"". 베다, 가르다, 나누다",カツ,わ(る)、わり、わ(れる)、さ(く),"割 = 害 + 刂。 「害」는 ""해치다""라는 뜻입니다. 「刂」는 ""칼""을 뜻합니다. 割는 ""칼(刂)로 해치다(害)"" -> ""베다, 가르다, 나누다""라는 뜻의 글자입니다.",음독은 カツ입니다. 특별한 점은 없습니다.,"1.割る、割れる、割 割る는 ""나누다, 가르다, 깨다""라는 뜻의 타동사입니다. 割れる는 ""깨지다, 갈라지다""라는 뜻의 2그룹 자동사입니다. 割는 ""비율, 나눔""을 뜻합니다. 예문) 三人に割る 세 명에게 나누다 リンゴを二つに割る 사과를 둘로 쪼개다 ガラスを割る 유래를 깨다 ガラスが割れる 유리가 깨지다 氷が割れる 얼음이 깨지다 十人に一人の割で合格する 열 명에 한 명꼴로 합격하다 値段の割に物が良い 값에 비해서 물건이 좋다 2.割く 割く는 ""할애하다, 가르다""라는 뜻의 타동사입니다. 예문) 小遣いを割いて本を買った 용돈을 할애하여 책을 샀다 時間を割いて勉強をする 시간을 할애해서 공부를 하다",no
56,N2,比,견줄 비,"""견줄 비"". 비교하다",ヒ,くら(べる),"比는 ""나란히 서 있는 사람들""을 그린 상형문자입니다. ""나란히 세워놓고 비교하다"" -> ""비교하다""라는 의미입니다.",음독은 ヒ입니다. 특별한 점은 없습니다.,"比べる는 ""비교하다, 대조하다""라는 뜻의 2그룹 타동사입니다.",no
57,N2,難,어려울 난,"""어려울 난"". 어렵다",ナン,むずか(しい)、かた(い),"難 = 𦰩 + 隹。 難의 명확한 유래는 알려진 바가 없습니다. 그래서 그냥 제가 만들어 보았습니다. 𦰩는 여기서는「漢」가 축약된 것으로, ""한자""를 뜻합니다. 「隹」는 ""새""를 뜻합니다. 難는 ""한자(𦰩)는 어려워서 새대가리(隹)들은 배울 수 없다"" -> ""어렵다""라는 뜻의 글자입니다.",음독은 ナン입니다. 특별한 점은 없습니다.,"1.難しい 難しい는 ""어렵다""라는 뜻의 형용사입니다. 예문) 難しい問題어려운 문제 説明が難しい 설명이 어렵다 2.難い 難い는 ""어렵다""라는 뜻의 형용사로, 주로 다음과 같은 두 가지 형태로 쓰입니다. 아래 예문을 참조해 주세요. 예문) 解するに難くない 이해하기 어렵지 않다 想像するに難くない 상상하기 어렵지 않다 君の言うことは信じ難い 네가 하는 말은 믿기 어렵다 暑すぎて耐え難い 너무 더워서 참기 어렵다",no
58,N2,防,막을 방,"""막을 방"". 막다, 지키다",ボウ,ふせ(ぐ),"防 = ⻖ + 方。 (의미부)「⻖」는 ""언덕""을 뜻합니다. (소리부 겸 의미부)「方」(ホウ)는 ""방향""을 뜻합니다. 防는 ""적이 오는 방향(方)의 언덕(⻖)에서 적을 막다"" -> ""막다, 지키다""라는 뜻의 글자입니다. (方는 소리부(ホウ -> ボウ)도 겸함)",음독은 ボウ입니다. 특별한 점은 없습니다.,"防ぐ는 ""막다, 방지하다""라는 뜻의 타동사입니다. 예문) 攻撃を防ぐ 공격을 막다 被害を防ぐ 피해를 방지하다",no
59,N2,補,기울 보,"""기울 보"". 보충하다, 보태다",ホ,おぎな(う),"補 = 衤 + 甫。 (의미부)「衤」는 ""옷, 옷감""을 뜻합니다. (소리부 겸 의미부)「甫」(ホ)는 ""채소밭""을 뜻하는 글자입니다(링크 참조). 補는 ""채소밭(甫)에서 일하느라 구멍난 옷(衤)에 천을 기워 덧대다"" -> ""보충하다, 보태다""라는 뜻의 글자입니다. (甫는 소리부도 겸함)",음독은 ホ입니다. 특별한 점은 없습니다.,"補う는 ""(부족한 것을) 보충하다""라는 뜻의 타동사입니다. 예문) 脚注で説明を補う 각주로 설명을 보충하다 欠員を補う 결원을 보충하다 チームの弱点を補う 팀의 약점을 보완하다",no
60,N2,優,넉넉할/뛰어날 우,"""넉넉할/뛰어날 우"". 뛰어난, 우아한, 상냥한",ユウ,やさ(しい)、すぐ(れる),"優 = 亻 + 憂。 (의미부)「亻」는 ""사람""을 뜻합니다. (소리부 겸 의미부)憂(ユウ - ""근심 우"")는 ""걱정, 근심""을 뜻하는 상용한자입니다. 憂 = 頁 + 冖 + 心 + 夂。 「頁」는 ""머리""를 뜻합니다. 「心」는 ""마음""을 뜻합니다. 冖는 여기서는 ""마음(心)을 짓누르는 모습""을 표현한 모양자입니다. 「夂」는 ""발""을 뜻합니다. 憂는 ""머릿속(頁)의 걱정이 마음(心)을 짓눌러(冖) 발걸음(夂)이 무거운 사람"" -> ""걱정, 근심""이라는 뜻의 글자입니다. 優는, 라는 뜻의 글자입니다. (憂는 소리부도 겸함)",음독은 ユウ입니다. 특별한 점은 없습니다.,"1.優れる 優れる는 ""뛰어나다, 출중하다""라는 뜻의 2그룹 자동사입니다. 예문) 彼は私より遥かに優れている 그는 나보다 훨씬 뛰어나다 判断力に優れる人판단력이 뛰어난 사람 運動神経に優れている 운동 신경이 뛰어나다 2.優しい 優しい는 ""온순하다, (마음씨가) 곱다, 상냥하다, 부드럽다""라는 뜻의 형용사입니다. 예문) 彼女は極めて優しい女の子だ 그녀는 지극히 상냥한 여자아이다 気立ての優しい子마음씨가 고운 아이 優しく言葉をかける 다정하게 말을 걸다",no
61,N2,収,거둘 수,"""거둘 수"". 거두다, 수습하다",シュウ,おさ(める)、おさ(まる),"収 = 丩 + 又。 「丩」는 ""얽히다""라는 뜻의 글자입니다(링크 참조). 「又」는 ""손""을 뜻합니다. 収는 ""떨어진 물건들을 주워서(又) 묶어놓다(丩)"" -> ""거두다, 수습하다""라는 뜻의 글자입니다.",음독은 シュウ입니다. 특별한 점은 없습니다.,"収める는 ""거두다, 넣다, 간수하다""라는 뜻의 2그룹 타동사입니다. 収まる는 ""담아지다, 들어가다, 수습되다""라는 뜻의 자동사입니다. 예문) 倉庫に収める 창고에 넣다(간수하다) 胸に収めておく 가슴속에 간직해 두다 本が箱の中に全部収まった 책이 상자 안에 전부 들어갔다 争いが収まる 분쟁이 수습되다",no
62,N2,断,끊을 단,"""끊을 단"". 끊다, 결정하다",ダン,た(つ)、ことわ(る),"断 = 𠃊 + 米 + 斤。 𠃊+米는 여기서는 ""실뭉치""를 그린 모양자입니다. 「𠃊+米」 「斤」는 ""도끼""를 뜻합니다. 断는 ""엉켜 있는 실뭉치(𠃊+米)를 도끼(斤)로 끊다"" -> ""끊다, 결정하다""라는 뜻의 글자입니다.",음독은 ダン입니다. 특별한 점은 없습니다.,"1.断る 断る는 ""거절하다""라는 뜻의 타동사입니다. 예문) 提案を断る 제안을 거절하다 2.断つ 断つ는 ""끊다, 자르다""라는 뜻의 타동사입니다. 예문) 鎖を断つ 쇠사슬을 끊다 煙草を断つ 담배를 끊다",no
63,N2,違,어긋날 위,"""어긋날 위"". 다르다, 틀리다, 어긋나다",イ,ちが(う)、ちが(える),"違 = ⻌ + 韋。 (의미부)「⻌」는 ""길""을 뜻합니다. (소리부 겸 의미부)「韋」(イ)는 ""성 주위를 돌며 경계서는 발들""을 그린 글자입니다(링크 참조). 여기서는 ""서로 반대 방향을 돌다"" -> ""엇갈리다""라는 뜻으로 쓰인 것입니다. 違는 ""길(⻌)이 엇갈리다(韋)"" -> ""다르다, 틀리다, 어긋나다""라는 뜻의 글자입니다. (韋는 소리부도 겸함)",음독은 イ입니다. 특별한 점은 없습니다.,"違う는 ""다르다, 차이가 있다""라는 뜻의 자동사입니다. 違える는 ""다르게 하다, 틀리다""라는 뜻의 2그룹 타동사입니다. 예문) 理論と実際とは違う 이론과 실제는 다르다 性格の違う友達성격이 다른 친구 君の答えは違っている 너의 답은 틀렸다 今までとやり方を違える 지금까지와 방식을 달리하다 番号を言い違える 번호를 잘못 말하다 答えを違える 답을 틀리다",no
64,N2,境,지경 경,"""지경 경"". 경계, 범위, 땅",キョウ、ケイ,さかい,"境 = 土 + 音 + 儿。 「土」는 ""흙, 땅""을 뜻합니다. 「音」는 ""소리""를 뜻합니다. 儿는「人」가 변형된 것으로, ""사람""을 뜻합니다. 境는 ""악사(儿)의악기 소리(音)가 들리는 범위(土)"" -> ""경계, 범위, 땅""이라는 뜻의 글자입니다.",음독은 キョウ、ケイ입니다. 사용 빈도는 キョウ가 훨씬 높습니다. ケイ는 일부 예외적인 단어에만 쓰이는 음독입니다.,"境는 ""경계""를 뜻합니다.",no
65,N2,規,법 규,"""법 규"". 규범, 규칙, 규정, 표준",キ,,"規 = 夫 + 見。 「夫」는 ""남편""을 뜻합니다. 「見」는 ""보다""라는 뜻입니다. 規는 ""남편(夫)의 안목(見)은 옳다"" -> ""규범, 규칙, 표준""이라는 뜻의 글자입니다.",음독은 キ입니다. 특별한 점은 없습니다.,規의 정식 훈독은 없습니다.,no
66,N2,術,재주 술,"""재주 술"". 기술, 재주, 술수",ジュツ,,"術 = 行 + 朮。 (의미부)「行」는 본래 ""사거리""를 그린 글자입니다(링크 참조). (소리부 겸 의미부)「朮」(ジュツ)는 ""모자를 쓴 재주꾼""을 그린 글자입니다(링크 참조). 術는 ""사거리(行) 한가운데서 공연 중인 재주꾼(朮)"" -> ""재주, 기술, 술수""라는 뜻의 글자입니다. (朮는 소리부도 겸함)",음독은 ジュツ입니다. 특별한 점은 없습니다.,術의 정식 훈독은 없습니다.,no
67,N2,展,펼 전,"""펼 전"". 늘어놓다, 펼치다, 퍼지다",テン,,"展 = 尸 + 龷 + 衣。 「尸」는 ""앉아있는 사람""을 뜻합니다. 글자의 아래쪽은「衣」가 축약된 것으로, ""옷""을 뜻합니다. 龷는 여기서는 ""옷(衣)이 좌우로 길게 펼쳐진 모습""을 표현한 모양자입니다. 展는 ""자리에 앉았는데(尸)옷이 너무 길어서 땅바닥까지 길게 늘어지다(龷+衣)""라는 뜻입니다. ""옷이 바닥에 길게 늘어지다"" -> ""늘어놓다, 펼치다, 퍼지다""라는 의미입니다.",음독은 テン입니다. 특별한 점은 없습니다.,展의 정식 훈독은 없습니다.,no
68,N2,導,인도할 도,"""인도할 도"". 이끌다",ドウ,みちび(く),"導 = 道 + 寸。 (의미부 겸 소리부)「道」(ドウ)는 ""길""을 뜻합니다. (의미부)「寸」는 ""손""을 뜻합니다. 導는 ""방향을 지시하며(寸) 길(道)을 이끌다"" -> ""이끌다""라는 뜻의 글자입니다. (道는 소리부도 겸함)",음독은 ドウ입니다. 특별한 점은 없습니다.,"導く는 ""이끌다, 인도하다, 지도하다, 가르치다""라는 뜻의 타동사입니다. 예문) 事業を成功に導く 사업을 성공으로 이끌다 子供を導く 아이를 지도하다 戦争を勝利に導く 전쟁을 승리로 이끌다",no
69,N2,備,갖출 비,"""갖출 비"". 준비하다, 갖추다, 구비하다",ビ,そな(える)、そな(わる),"備 = 亻 + 𤰇。 「亻」는 ""사람""을 뜻합니다. 𤰇는 여기서는 ""화살(𠀗)이 든 화살통(用)""을 그린 모양자입니다. 아래 그림을 참조해 주세요. 「𤰇」 備는 ""사냥꾼(亻)이화살통(𤰇)을 매고 사냥 채비를 갖추다""-> ""갖추다, 준비하다, 구비하다""라는 뜻의 글자입니다.",음독은 ビ입니다. 특별한 점은 없습니다.,"備える는 ""준비하다, 대비하다, 갖추다, 구비하다""라는 뜻의 2그룹 자동사/타동사입니다. 備わる는 ""갖추어지다, 구비되다""라는 뜻의 자동사입니다. 예문) 将来に備える 장래에 대비하다 必要品を備える 필요한 물품을 갖추다 様々な機能が備わっている 다양한 기능이 갖추어져 있다 恥じらいと淑やかさが備わっている処女수줍음과 조신함이 갖추어져 있는 처녀",no
70,N2,宅,집 택,"""집 택"". 집, 댁",タク,,"宅 = 宀 + 乇。 「宀」는 ""집""을 뜻합니다. 乇는 여기서는 ""앉아있는 사람""을 그린 모양자입니다. 宅는 ""자기 집(宀)에 앉아있는 사람(乇)"" -> ""집""이라는 뜻의 글자입니다.",음독은 タク입니다. 특별한 점은 없습니다.,宅의 정식 훈독은 없습니다.,no
71,N2,条,조목 조,"""조목 조"". 조항, 조목",ジョウ,,"条 = 夂 + 木。 夂는 여기서는「攵」가 잘못 변형된 것으로, 본래는 ""막대기를 든 손""을 그린 글자입니다(링크 참조). 「木」는 ""나무""를 뜻합니다. 条는 ""나무(木)에서 뻗어난 가지들 중 하나를 골라 집어든 손(攵)""을 그린 글자입니다. 나무 기둥에서 뻗어난 여러 갈래의 나뭇가지들을 각각의 조목, 조항에 비유한 것입니다. ""나무에서 뻗어난 나뭇가지들"" -> ""(각각의) 조목, 조항""이라는 의미입니다.",음독은 ジョウ입니다. 특별한 점은 없습니다.,条의 정식 훈독은 없습니다.,no
72,N2,独,홀로 독,"""홀로 독"". 혼자, 홀로",ドク,ひと(り),"独 = 犭 + 虫。 「犭」는 ""개""를 뜻하는 부수입니다(링크 참조). 「虫」는 ""벌레""를 뜻합니다. 独는 ""개(犭)가 날파리(虫)를 피해 달아나 혼자 숨다"" -> ""혼자, 홀로""라는 뜻의 글자입니다.",음독은 ドク입니다. 특별한 점은 없습니다.,"独り는 ""혼자""라는 뜻입니다.",no
73,N2,警,경계할 경,"""경계할 경"". 경계하다, 조심하다",ケイ,,"警 = 敬 + 言。 (소리부 겸 의미부)敬(ケイ - ""공경 경"")은 ""존경하다""라는 뜻의 상용한자입니다. 敬 =苟 +攵。 苟는 여기서는 ""귀(艹)를 쫑긋 세운 개(句)""의 모습을 그린 모양자입니다. 「攵」는 ""때리다, 치다""라는 뜻입니다. 敬는 ""개(苟)를 때려서(攵) 예절을 갖추도록 훈육하다"" -> ""공경하다, 존경하다""라는 뜻의 글자입니다. (의미부)「言」는 ""말하다""라는 뜻입니다. 警는 ""존경(敬)을 담아 조심스럽게 말하다(言)"" -> ""조심하다, 경계하다""라는 뜻의 글자입니다. (敬는 소리부도 겸함)",음독은 ケイ입니다. 특별한 점은 없습니다.,警의 정식 훈독은 없습니다.,no
74,N2,輸,보낼 수,"""보낼 수"". 나르다, 운반하다",ユ,,"輸 = 車 + 俞。 (의미부)「車」는 ""수레, 차""를 뜻합니다. (소리부 겸 의미부)「俞」(ユ)는 ""보내다""라는 뜻의 글자입니다(링크 참조). 輸는 ""수레(車)에 실어 보내다(俞)"" -> ""나르다, 운반하다""라는 뜻의 글자입니다. (俞는 소리부도 겸함)",음독은 ユ입니다. 특별한 점은 없습니다.,輸의 정식 훈독은 없습니다.,no
75,N2,訪,찾을 방,"""찾을 방"". 방문하다",ホウ,おとず(れる)、たず(ねる),"訪 = 言 + 方。 (의미부)「言」는 ""말하다""라는 뜻입니다. (소리부 겸 의미부)「方」(ホウ)는 ""방향, 방법""을 뜻합니다. 訪는 ""방법(方)을 물어보러(言) 찾아가다"" -> ""방문하다""라는 뜻의 글자입니다. (方는 소리부도 겸함)",음독은 ホウ입니다. 특별한 점은 없습니다.,"訪れる는 ""방문하다, 찾다, 찾아오다""라는 뜻의 2그룹 자동사/타동사입니다. 訪ねる는 ""찾다, 방문하다""라는 뜻의 2그룹 타동사입니다. 둘의 차이점은 다음과 같습니다. 1. 방문 대상 訪れる는 ""지역""만 대상으로 할 수 있습니다. 訪ねる는 ""인물, 지역"" 모두 대상으로 할 수 있습니다. 2. 뉘앙스 訪れる는 단순히 ""그곳을 방문했다""라는 객관적인 사실만 전달하는 느낌입니다. 訪ねる는 ""의도적으로 방문했다""라는 주관적인 의미가 포함되어 있습니다. 3. 기타 용법 訪れる는 ""봄이 찾아왔다""와 같이 무생물을 주어로 한 관용적 용법으로도 쓰입니다. 아래 예문을 참조해 주세요. 예문) 東京を訪れる 도쿄를 방문하다 春が訪れた 봄이 찾아왔다(訪ねる는 불가능) 京都を訪ねる 교토를 찾아가다 先生を訪ねる 선생님을 찾아가다(訪れる는 불가능)",no
76,N2,述,펼 술,"""펼 술"". 말하다, 진술하다",ジュツ,の(べる),"述 = ⻌ + 朮。 (의미부)「⻌」는 ""길""을 뜻합니다. (소리부 겸 의미부)「朮」(ジュツ)는 ""모자를 쓴 재주꾼""을 그린 글자입니다. 述는 ""길가(⻌)에서 자신이 보여준 묘기를 상세히 설명하는 재주꾼(朮)"" -> ""말하다, 진술하다""라는 뜻의 글자입니다. (朮는 소리부도 겸함)",음독은 ジュツ입니다. 특별한 점은 없습니다.,"述べる는 ""말하다, 진술하다, 기술하다""라는 뜻의 2그룹 타동사입니다. 예문) 意見を述べる 의견을 진술하다 上に述べたように 위에 기술한 바와 같이 次項で詳しく述べる 다음 항에서 상세히 기술하다",no
77,N2,率,거느릴 솔/비율 률,"""거느릴 솔/비율 률"". 이끌다, 비율",ソツ、リツ,ひき(いる),"率는 ""밧줄을 잡아당기는 모습""을 그린 상형문자입니다. ""줄을 적절한 힘으로 잡아당기다"" -> ""이끌다, 비율""이라는 의미입니다.",음독은 ソツ、リツ입니다. 구분법은 다음과 같습니다. 아래 예시단어를 참조해 주세요.,"率いる는 ""거느리다, 이끌다""라는 뜻의 2그룹 타동사입니다. 예문) 艦隊を率いて出撃する 함대를 거느리고 출격하다 選手団を率いて大会に参加する 선수단을 이끌고 대회에 참가하다 生徒を率いて遠足に行く 학생들을 이끌고 소풍 가다",no
78,N2,武,호반 무,"""호반 무"". 무력, 무, 강함",ブ、ム,,"武 = 止 + 戈。 「止」는 ""발""을 뜻합니다. 「戈」는 ""창""을 뜻합니다(아래쪽의 ノ가 위쪽의 一로 올라간 형태로 쓰인 것입니다). 武는 ""창칼(戈)로 짓밟다(止)"" -> ""무력, 무""라는 뜻의 글자입니다.",음독은 ブ、ム입니다. 사용 빈도는 ブ가 훨씬 높습니다.,武의 정식 훈독은 없습니다.,no
79,N2,域,지경 역,"""지경 역"". 지역, 영역, 경계",イキ,,"域 = 土 + 戈 + 口 + 一。 「土」는 ""땅""을 뜻합니다. 「戈」는 ""창""을 뜻합니다. 口+一는 여기서는 ""성문""을 그린 모양자입니다. 域는 ""창(戈)을 들고 영토(土)로 들어가는 성문(口+一)을 지키다"" -> ""지역, 영역""이라는 뜻의 글자입니다.",음독은 イキ입니다. 특별한 점은 없습니다.,域의 정식 훈독은 없습니다.,no
80,N2,張,베풀 장,"""베풀 장"". 펴다, 넓히다, 당기다, 뻗치다",チョウ,は(る),"張 = 弓 + 長。 (의미부)「弓」는 ""활""을 뜻합니다. (소리부 겸 의미부)「長」(チョウ)는 ""길다""라는 뜻입니다. 張는 ""활시위(弓)를 길게(長) 잡아당기다"" -> 펴다, 넓히다, 당기다, 뻗치다""라는 뜻의 글자입니다. (長는 소리부도 겸함)",음독은 チョウ입니다. 특별한 점은 없습니다.,"張る는 ""뻗어나다, 퍼져 덮이다, 활짝 펴다, 펼치다""라는 뜻의 자동사 겸 타동사입니다. 예문) 四方に根が張る 사방으로 뿌리가 뻗어나가다 氷が張る 얼음이 덮이다 張り切る 긴장하다 試験を控えて張り切っている 시험을 앞두고 긴장해 있다",no
81,N2,限,한할 한,"""한할 한"". 제한, 한계, 한도",ゲン,かぎ(る),"限 = ⻖ + 艮。 「⻖」는 ""언덕, 산""을 뜻합니다. 「艮」는 ""고개를 숙인 사람""을 뜻합니다. 限는 ""높은 산(⻖)에 가로막혀 좌절하고 있는 사람(艮)"" -> ""한계, 한도, 제한""이라는 뜻의 글자입니다.",음독은 ゲン입니다. 특별한 점은 없습니다.,"限る는 ""경계를 짓다, 한정하다, ~가 제일이다""라는 뜻의 1그룹 타동사/자동사입니다. 예문) 限られた予算한정된 예산 彼に限ってそんな事はない 그에 한해서 그런 일은 없다 花は桜に限る 꽃은 벚꽃이 제일이다",no
82,N2,額,이마 액,"""이마 액"". 이마, 금액, 액자",ガク,ひたい,"額 = 客 + 頁。 (소리부 겸 의미부)「客」(カク)는 ""손님""을 뜻합니다. (의미부)「頁」는 ""머리""를 뜻합니다. 額는 ""가게에 자주 머리를(頁) 들이미는 단골손님(客)"" -> ""이마, 금액""이라는 뜻의 글자입니다. (客는 소리부(カク -> ガク)도 겸함)",음독은 ガク입니다. 특별한 점은 없습니다.,"額는 ""이마""를 뜻합니다.",no
83,N2,環,고리 환,"""고리 환"". 고리, 두르다",カン,,"環 = 𤣩 +睘。 (의미부)「𤣩」는 ""구슬, 보석""을 뜻합니다. (소리부 겸 의미부)「睘」(カン)은 ""둥글다""라는 뜻의 글자로, ""품 안의 둥근 옥을 바라보는 모습""을 그린 것입니다(링크 참조). 環는 ""둥근(睘) 옥가락지(𤣩)"" -> ""고리, 두르다""라는 뜻의 글자입니다. (睘은 소리부도 겸함)",음독은 カン입니다. 특별한 점은 없습니다.,環의 정식 훈독은 없습니다.,no
84,N2,欧,토할 구,"""토할 구"". 유럽",オウ,,"欧 = 区 + 欠。 「欠」는 ""입으로 하는 동작""을 뜻합니다. 区는 여기서는 ""땅에 묻은 토사물""을 그린 모양자입니다. 欧는 본래 ""입을 벌리고(欠) 토하다(区)"" -> ""토하다""라는 뜻으로 만들어진 글자입니다. 그러나 이후 발음이 비슷하다는 이유로 ""유럽""이라는 뜻으로 쓰이게 된 것입니다. 즉, 欧의 모양과 의미 사이에는 아무런 관계도 없습니다.",음독은 オウ입니다. 특별한 점은 없습니다.,欧의 정식 훈독은 없습니다.,no
85,N2,担,멜 담,"""멜 담"". 메다, 부담하다",タン,かつ(ぐ)、にな(う),"担 = 扌 + 旦。 「扌」는 ""손""을 뜻합니다. 旦는 여기서는 ""등에 멘 봇짐""을 그린 모양자입니다. 担는 ""봇짐(旦)을 메다(扌)"" -> ""메다, 부담하다""라는 뜻의 글자입니다.",음독은 タン입니다. 특별한 점은 없습니다.,"担ぐ는 ""(짐 등을) 메다, 추대하다""라는 뜻의 타동사입니다. 担う는 ""(짐 등을) 메다, (책임 따위를) 지다/떠맡다""라는 뜻의 타동사입니다. 예문) 荷物を担いで運ぶ 짐을 메고 나르다 会長に担ぐ 회장으로 추대하다 荷物を二人で担う 짐을 둘이서 메다 チームの攻撃の柱を担っている 팀 공격의 주축을 담당하고 있다 父として家族を養う責任を担う 아버지로서 가족을 부양할 책임을 지다",no
86,N2,退,물러날 퇴,"""물러날 퇴"". 물러나다, 사양하다, 멀리하다",タイ,しりぞ(く)、しりぞ(ける),"退 = ⻌ + 艮。 「⻌」는 ""길""을 뜻합니다. 「艮」는 ""고개를 숙인 사람""을 뜻합니다. 退는 ""상대에게 고개를 숙이고(艮) 길에서(⻌) 물러나다"" -> ""물러나다, 사양하다, 멀리하다""라는 뜻의 글자입니다.",음독은 タイ입니다. 특별한 점은 없습니다.,"退く는 ""물러나다, 후퇴하다""라는 뜻의 자동사입니다. 退ける는 ""물리치다, 격퇴하다, 멀리하다""라는 뜻의 2그룹 타동사입니다. 예문) 政界から退く 정계에서 물러나다 一歩退く 한 걸음 물러나다 一歩も退かない決心だ 한 발짝도 물러서지 않겠다 人を退けて密談する 사람을 물리치고 밀담하다 敵の攻撃を退ける 적의 공격을 물리치다 誘惑をきっぱりと退ける 유혹을 단호히 물리치다",no
87,N2,準,준할 준,"""준할 준"". 기준, 준하다, 갖추다",ジュン,,"準 = 氵 + 隹 + 一 + 丨。 「氵」는 ""물""을 뜻합니다. 「隹」는 ""새""를 뜻합니다. 一는 여기서는 ""평평한 수면""을 그린 모양자입니다. 丨는 여기서는 ""직선""을 그린 모양자입니다. 準는 ""물(氵)위의 수면(一)을 일직선(丨)으로 곧게날아가는새(隹)"" -> ""정밀하다"" -> ""기준, 표준""이라는 뜻의 글자입니다.",음독은 ジュン입니다. 특별한 점은 없습니다.,準의 정식 훈독은 없습니다.,no
88,N2,造,지을 조,"""지을 조"". 만들다, 짓다",ゾウ,つく(る),"造 = ⻌ + 𠂒 + 口。 「⻌」는 ""길""을 뜻합니다. 「𠂒」는 ""소""를 뜻합니다. 口는 여기서는 ""외양간""을 그린 모양자입니다. 造는 ""길(⻌) 옆에 소(𠂒)를 넣어둘 외양간(口)을 지어놓다"" -> ""만들다, 짓다""라는 뜻의 글자입니다.",음독은 ゾウ입니다. 특별한 점은 없습니다.,"造る는 ""만들다, 제조하다""라는 뜻의 타동사입니다. 예문) 船を造る 배를 만들다(건조하다) 庭園を造る 정원을 만들다 참고)作る와造る의 차이 아래 예문을 참조해 주세요. 예문) 料理を作る 요리를 만들다 会社を作る 회사를 만들다 記録を作る 기록을 만들다 船を造る 배를 만들다(건조하다) 庭園を造る 정원을 만들다 日本酒を造る 일본주를 제조하다",no
89,N2,被,입을 피,"""입을 피"". 덮다, 덮이다",ヒ,こうむ(る),"被 = 衤 + 皮。 (의미부)「衤」는 ""옷, 옷감""을 뜻합니다. (소리부 겸 의미부)「皮」(ヒ)는 ""가죽, 피부""를 뜻합니다. 被는 ""피부(皮)를 옷(衤)으로 덮다"" -> ""덮다, 덮이다""라는 뜻의 글자입니다. (皮는 소리부도 겸함)",음독은 ヒ입니다. 특별한 점은 없습니다.,"被る는 ""(은혜/피해 등을)입다""라는 뜻의 타동사입니다. 예문) 恩恵を被る 은혜를 입다 被害を被る 손해를 입다",no
90,N2,技,재주 기,"""재주 기"". 기술, 재주, 솜씨",ギ,わざ,"技 = 扌 + 十 + 又。 「扌」는 ""손""을 뜻합니다. 十는 여기서는 ""나무막대 두 개""를 그린 모양자입니다. 「又」는 ""손""을 뜻합니다. 技는 ""양 손(扌+又)에 나무막대(十)를 들고 묘기를 펼치다"" -> ""재주, 기술, 솜씨""라는 뜻의 글자입니다.",음독은 ギ입니다. 특별한 점은 없습니다.,"技는 ""기술, 기법, 재주""를 뜻합니다.",no
91,N2,復,회복할 복/다시 부,"""회복할 복/다시 부"". 되돌아가다, 회복하다, 보복하다",フク,,"復 = 彳 + 复。 (의미부)「彳」는 ""길""을 뜻합니다. (소리부 겸 의미부)「复」(フク)는 ""되돌아가다""라는 뜻의 글자입니다(링크 참조). 復는 ""길(彳)을 되돌아가다(复)"" -> ""되돌아가다, 회복하다""라는 뜻의 글자입니다. (复는 소리부도 겸함)",음독은 フク입니다. 특별한 점은 없습니다.,復의 정식 훈독은 없습니다.,no
92,N2,渡,건널 도,"""건널 도"". 건너다, 건네주다",ト,わた(る)、わた(す),"渡 = 氵 + 度。 (의미부)「氵」는 ""물""을 뜻합니다. (소리부)「度」(ト)는 여기서는 소리부의 역할만 하고 있습니다. 渡는 ""물(氵)을 건너다"" -> ""건너다, 건네주다""라는 뜻의 글자입니다(度는 소리부).",음독은 ト입니다. 특별한 점은 없습니다.,"渡る는 ""건너다""라는 뜻의 자동사입니다. 渡す는 ""건네주다""라는 뜻의 타동사입니다. 예문) 横断歩道を渡る 횡단보도를 건너다 川を泳いで渡る 강을 헤엄쳐 건너다 お土産を渡す 선물을 건네주다 手紙を渡す 편지를 건네다",no
93,N2,移,옮길 이,"""옮길 이"". 옮기다",イ,うつ(る)、うつ(す),"移 = 禾 + 多。 「禾」는 ""곡식""을 뜻합니다. 「多」는 ""많다""라는 뜻입니다. 移는 ""곡식(禾)이 너무 많아서(多) 다른 곳으로 옮기다"" -> ""옮기다""라는 뜻의 글자입니다.",음독은 イ입니다. 특별한 점은 없습니다.,"移る는 ""옮기다, 이동하다""라는 뜻의 자동사입니다. 移す는 ""옮기다, 이동시키다""라는 뜻의 타동사입니다. 예문) 会社を移る 회사를 옮기다 実行に移る 실행에 옮기다 風邪が移る 감기가 옮다 料理を皿に移す 요리를 접시에 옮겨 담다 計画を実行に移す 계획을 실행에 옮기다 病気を移す 병을 옮기다",no
94,N2,個,낱 개,"""낱 개"". 갯수, 개인, 개별",コ,,"個 = 亻 + 固。 (의미부)「亻」는 ""사람""을 뜻합니다. (소리부 겸 의미부)「固」(コ)는 ""딱딱하다""라는 뜻입니다. 여기서는 ""딱딱하다"" -> ""개체""라는 뜻으로 쓰인 것입니다. 個는 ""사람(亻) 한 개체(固)"" -> ""개인, 개별, 갯수""라는 뜻의 글자입니다. (固는 소리부도 겸함)",음독은 コ입니다. 특별한 점은 없습니다.,個의 정식 훈독은 없습니다.,no
95,N2,評,평할 평,"""평할 평"". 비평하다, 품평하다",ヒョウ,,"評 = 言 + 平。 (의미부)「言」는 ""말하다""라는 뜻입니다. (소리부 겸 의미부)「平」(ヒョウ)는 ""평평하다""라는 뜻입니다. 評는 ""공평하게(平) 평가하다(言)"" -> ""비평하다, 평가하다""라는 뜻의 글자입니다. (平는 소리부도 겸함)",음독은 ヒョウ입니다. 특별한 점은 없습니다.,評의 정식 훈독은 없습니다.,no
96,N2,若,같을 약,"""같을 약"". 젊다, 어리다, 만약, 약간",ジャク、ニャク,わか(い)、も(しくは),"若는 ""땅에 머리를 대고 엎드린 사람""을 그린 상형문자입니다. ""노인 앞에 엎드려 예를 취하는 젊은이"" -> ""젊다, 어리다""라는 의미입니다.",음독은 ジャク、ニャク입니다. 사용 빈도는 ジャク가 훨씬 높습니다.,"若い는 ""젊다, 어리다""라는 뜻의 형용사입니다. 若しくは는 ""또는, 혹은""이라는 뜻입니다.",no
97,N2,脳,골 뇌,"""골 뇌"". 뇌",ノウ,,"脳 = 月 + ⺍ + 凶。 「月」는 ""신체의 일부""를 뜻합니다. ⺍+凶는 여기서는 ""뇌의 주름""을 그린 모양자입니다. 脳는 ""신체의 일부(月) + 뇌(⺍+凶)"" -> ""뇌""라는 뜻의 글자입니다.",음독은 ノウ입니다. 특별한 점은 없습니다.,脳의 정식 훈독은 없습니다.,no
98,N2,含,머금을 함,"""머금을 함"". 머금다, 포함하다",ガン,ふく(む)、ふく(める),"含 = 今 + 口。 「今」는 ""지금, 현재""를 뜻합니다. 「口」는 ""입""을 뜻합니다. 含는 ""지금(今) 입 안에(口) 머금고 있는 것"" -> ""머금다, 포함하다""라는 뜻의 글자입니다.",음독은 ガン입니다. 특별한 점은 없습니다.,"含む는 ""머금다, 포함하다""라는 뜻의 타동사입니다. 含める는 ""포함시키다, 내포하다""라는 뜻의 2그룹 타동사입니다. 예문) 水を口に含む 물을 입에 머금다 詩が含んでいる意味시가 함축하고 있는 의미 手数料を含んだ料金수수료를 포함한 요금 日本を含めて三ヵ国일본을 포함하여 3개국 手数料を含めて計算する 수수료를 포함하여 계산하다",no
99,N2,蔵,감출 장,"""감출 장"". 창고, 간직하다",ゾウ,くら,"蔵 = 艹 + 戊 + 臣。 「艹」는 ""풀""을 뜻합니다. 「戊」는 ""창""을 뜻합니다. 「臣」는 ""신하""를 뜻합니다. 蔵는 ""정적의 습격(戊)을 피해 풀숲(艹)에 숨은 신하(臣)"" -> ""감추다, 간직하다, 창고""라는 뜻의 글자입니다.",음독은 ゾウ입니다. 특별한 점은 없습니다.,"蔵는 ""창고""를 뜻합니다.",no
100,N2,非,아닐 비,"""아닐 비"". 아니다, 옳지 않은, 어긋난",ヒ,,"非는 ""새의 날개""를 그린 상형문자입니다. ""등 위의 날개"" -> ""등지다"" -> ""배반"" -> ""아니다""라는 의미입니다.",음독은 ヒ입니다. 특별한 점은 없습니다.,非의 정식 훈독은 없습니다.,no
101,N2,段,층계 단,"""층계 단"". 단계, 등급, 계단",ダン,,"段의 왼쪽에 있는 글자는 ""돌계단""을 그린 모양자입니다. 「殳」는 ""때리다, 휘두르다""라는 뜻입니다. 段는 ""망치를 휘둘러(殳) 돌을 깎아내 계단을 만들다""-> ""계단, 단계, 등급""이라는 뜻의 글자입니다.",음독은 ダン입니다. 특별한 점은 없습니다.,段의 정식 훈독은 없습니다.,no
102,N2,製,지을 제,"""지을 제"". 제조하다, 만들다",セイ,,"製 = 制 + 衣。 (소리부)「制」(セイ)는 여기서는 소리부의 역할만 하고 있습니다. (의미부)「衣」는 ""옷""을 뜻합니다. 製는 ""옷(衣)을 만들다"" -> ""제조하다, 만들다""라는 뜻의 글자입니다(制는 소리부).",음독은 セイ입니다. 특별한 점은 없습니다.,製의 정식 훈독은 없습니다.,no
103,N2,況,상황 황,"""상황 황"". 상황, 실황",キョウ,,"況 = 氵 + 兄。 (의미부)「氵」는 ""물""을 뜻합니다. (소리부 겸 의미부)「兄」(キョウ)는 ""형, 맏이""를 뜻합니다. 況는 ""폭우에 불어난 강물(氵)을 걱정스레 지켜보는 맏형(兄)""이라는 뜻입니다. ""폭우에 강의 상황을 지켜보다"" -> ""상황, 실황""이라는 의미입니다. (兄는 소리부도 겸함)",음독은 キョウ입니다. 특별한 점은 없습니다.,況의 정식 훈독은 없습니다.,no
104,N2,財,재물 재,"""재물 재"". 재물, 재산",ザイ、サイ,,"財 = 貝 + 才。 (의미부)「貝」는 ""돈, 재물""을 뜻합니다. (소리부 겸 의미부)「才」(サイ)는 ""재능, 재주""를 뜻합니다. 財는 ""돈(貝) 버는 재주(才)"" -> ""재물, 재산""이라는 뜻의 글자입니다. (才는 소리부(サイ -> ザイ・サイ)도 겸함)",음독은 ザイ、サイ입니다. 사용 빈도는 ザイ가 훨씬 높습니다.,財의 정식 훈독은 없습니다.,no
105,N2,識,알 식,"""알 식"". 지식, 알다",シキ,,"識 = 言 + 戠。 「言」는 ""말하다""라는 뜻입니다. 戠는 여기서는「職」이 축약된 것으로, ""직무, 직업""을 뜻합니다. 識는 ""가르치는(言) 직업(戠)"" -> ""지식, 알다""라는 뜻의 글자입니다.",음독은 シキ입니다. 특별한 점은 없습니다.,識의 정식 훈독은 없습니다.,no
106,N2,呼,부를 호,"""부를 호"". 부르다, (숨을)내쉬다",コ,よ(ぶ),"呼 = 口 +平。 「口」는 ""입""을 뜻합니다. 「平」는 본래 ""악기 소리가 퍼져나가는 것""을 표현한 글자입니다(링크 참조). 呼는 ""입(口)에서 소리가 퍼져나가다(平)"" -> ""부르다, (숨을)내쉬다""라는 뜻의 글자입니다.",음독은 コ입니다. 특별한 점은 없습니다.,"呼ぶ는 ""부르다""라는 뜻의 타동사입니다. 예문) 名前を呼ぶ 이름을 부르다 救急車を呼ぶ 구급차를 부르다",no
107,N2,針,바늘 침,"""바늘 침"". 바늘, 침",シン,はり,"針 = 金 + 十。 「金」는 ""쇠, 금속""을 뜻합니다. 十는 여기서는 ""뾰족한 바늘""을 그린 모양자입니다. 針는 ""쇠(金)로 된 뾰족한 바늘(十)"" -> ""바늘, 침""이라는 뜻의 글자입니다.",음독은 シン입니다. 특별한 점은 없습니다.,"針는 ""바늘, 침""을 뜻합니다.",no
108,N2,専,오로지 전,"""오로지 전"". 오로지, 전념하다",セン,もっぱ(ら),"専 = 𤰔 + 寸。 「𤰔」는 ""방추(실을 감는 도구)""를 그린 글자입니다(링크 참조). 「寸」는 ""손""을 뜻합니다. 専는 ""방추(𤰔)를 손(寸)으로 계속 돌리다""-> ""오로지, 전념하다""라는 뜻의 글자입니다.",음독은 セン입니다. 특별한 점은 없습니다.,"専ら는 ""오로지, 한결같이""라는 뜻입니다.",no
109,N2,程,한도 정,"""한도 정"". 규정, 정도, 여정",テイ,ほど,"程 = 禾 + 口 + 王。 「禾」는 ""곡식""을 뜻합니다. 口는 여기서는 ""곡식 자루""를 그린 모양자입니다. 王는 여기서는 ""무게를 재는 저울""을 그린 모양자입니다. 程는 ""세금으로 낼 곡식(禾)의 무게를 저울에 달다(呈)""라는 뜻입니다. ""세금의 규정량"" -> ""규정, 정도""라는 의미입니다.",음독은 テイ입니다. 특별한 점은 없습니다.,"程는 ""한계, 분수, 정도""를 뜻합니다.",no
110,N2,値,값 치,"""값 치"". 값, 가치",チ,ね、あたい,"値 = 亻 + 直。 「亻」는 ""사람""을 뜻합니다. 「直」는 ""곧다""라는 뜻입니다. 値는 ""올곧은(直) 사람(亻)"" -> ""가치있는 사람"" -> ""가치, 값""이라는 뜻의 글자입니다.",음독은 チ입니다. 특별한 점은 없습니다.,"値는 ""가격""을 뜻합니다. 値는 ""가치""를 뜻합니다.",no
111,N2,突,갑자기 돌,"""갑자기 돌"". 세차게 부딪치다, 찌르다, 갑작스러운",トツ,つ(く),"突 = 穴 + 大。 「穴」는 ""구멍""을 뜻합니다. 「大」는 ""크다""라는 뜻입니다. 突는 ""구멍(穴)에 커다란 것(大)을 확 찔러넣다"" -> ""부딪치다, 찌르다, 갑작스러운""이라는 뜻의 글자입니다.",음독은 トツ입니다. 특별한 점은 없습니다.,"突く는 ""찌르다""라는 뜻의 타동사입니다. 예문) 針で指を突く 바늘로 손가락을 찌르다 肘で脇を突く 팔꿈치로 옆구리를 쿡 찌르다 弱点を突く 약점을 찌르다 意表を突く 의표를 찌르다 問題の核心を突く 문제의 핵심을 찌르다",no
112,N2,接,이을 접,"""이을 접"". 접하다, 접촉하다, 잇다",セツ,つ(ぐ),"接 = 扌 + 妾。 「扌」는 ""손""을 뜻합니다. 「女」는 ""여자""를 뜻합니다. 立는 여기서는 ""땋아올린 여자의 머리""를 그린 모양자입니다. 接는 ""여자(女)의 머리(立)를 만지작거리다(扌)"" -> ""접하다, 접촉하다, 잇다""라는 뜻의 글자입니다.",음독은 セツ입니다. 특별한 점은 없습니다.,"接ぐ는 ""이어 붙이다, 접목하다""라는 뜻의 타동사입니다.",no
113,N2,授,줄 수,"""줄 수"". 주다, 전수하다",ジュ,さず(ける)、さず(かる),"授 = 扌 + 受。 (의미부)「扌」는 ""손""을 뜻합니다. (소리부 겸 의미부)「受」(ジュ)는 ""받다""라는 뜻입니다. 授는 ""받는 사람(受)에게 건네주다(扌)"" -> ""주다, 전수하다""라는 뜻의 글자입니다. (受는 소리부도 겸함)",음독은 ジュ입니다. 특별한 점은 없습니다.,"授ける는 ""(윗사람이 아랫사람에게) 주다, 하사하다""라는 뜻의 2그룹 타동사입니다. 授かる는 ""(신불이나 윗사람이) 내려주시다""라는 뜻의 자동사/타동사입니다. 예문) 文化勲章を授ける 문화 훈장을 수여하다 秘法を授ける 비법을 전수하다 幸せを授けてくれる 복을 내려 주다 秘伝を授かる 비전을 전수받다 才能を授かる 재능을 타고나다(내려 주시다) 十年ぶりに授かった長男십 년 만에 얻은 장남",no
114,N2,効,본받을 효,"""본받을 효"". 효과, 효능, 효율",コウ,き(く),"効 = 交 + 力。 (소리부 겸 의미부)「交」(コウ)는 ""교차하다, 교제하다""라는 뜻입니다. (의미부)「力」는 ""힘""을 뜻합니다. 効는 ""약효(力)가 몸에 스며들다(交)"" -> ""효과, 효능, 효율""이라는 뜻의 글자입니다. (交는 소리부도 겸함)",음독은 コウ입니다. 특별한 점은 없습니다.,"効く는 ""효과가 있다, 효능이 나타나다""라는 뜻의 자동사입니다.",no
115,N2,湾,물굽이 만,"""물굽이 만"". (바닷가의) 만, 물굽이",ワン,,"湾 = 氵 +弯。 「氵」는 ""물""을 뜻합니다. 弯는 여기서는 ""강물(亦)이 굽이쳐 흐르는(弓) 모습""을 그린 모양자입니다. 湾은 ""물(氵)이 굽이쳐 흐르는(弯) 곳"" -> ""만, 물굽이""라는 뜻의 글자입니다.",음독은 ワン입니다. 특별한 점은 없습니다.,湾의 정식 훈독은 없습니다.,no
116,N2,処,곳 처,"""곳 처"". 머무르다, 처리하다",ショ,,"処 = 夂 + 几。 「夂」는 ""발""을 뜻합니다. 几는 여기서는 ""책상""을 그린 모양자입니다. 処는 ""일을 하다가 책상(几)에 기대서서(夂) 쉬다"" -> ""머무르다, 처리하다""라는 뜻의 글자입니다.",음독은 ショ입니다. 특별한 점은 없습니다.,処의 정식 훈독은 없습니다.,no
117,N2,旧,옛 구,"""옛 구"". 오랜, 옛날",キュウ,,"旧 = 丨 + 日。 「日」는 ""날짜""를 뜻합니다. 丨는 여기서는 ""(날짜가) 지나가다""라는 뜻을 표현한 모양자입니다. 旧는 ""지나간(丨) 나날들(日)"" -> ""오랜, 옛날""이라는 뜻의 글자입니다.",음독은 キュウ입니다. 특별한 점은 없습니다.,旧의 정식 훈독은 없습니다.,no
118,N2,否,아닐 부,"""아닐 부"". 부정, 아니다",ヒ,いな,"否 = 不 + 口。 「不」는 ""아니다""라는 뜻입니다. 「口」는 ""입""을 뜻합니다. 否는 ""부정하는(不) 말(口)"" -> ""아니다, 부정""이라는 뜻의 글자입니다.",음독은 ヒ입니다. 특별한 점은 없습니다.,"훈독은 いな입니다. 주로 ~か否か의 형태로 ""~인지 아닌지""라는 뜻으로 쓰입니다.",no
119,N2,師,스승 사,"""스승 사"". 전문가, 기술자, 스승, 지도자",シ,,"師 = 𠂤 +帀。 「𠂤」는 ""언덕""을 뜻합니다. 帀는 ""두르다, 에워싸다""라는 뜻의 글자입니다. 帀 = 一 + 巾。 「巾」는 ""수건, 천""을 뜻합니다. 一는 여기서는 ""천을 두른 모습""을 그린 모양자입니다. 帀는 ""천(巾)을 머리에 두르다(一)"" -> ""두르다, 에워싸다""라는 뜻의 글자입니다. 師는 ""단상(𠂤) 주위를 에워싸고(帀) 가르침을 받는 제자들"" -> ""전문가, 스승""이라는 뜻의 글자입니다.",음독은 シ입니다. 특별한 점은 없습니다.,師의 정식 훈독은 없습니다.,no
120,N2,批,비평할 비,"""비평할 비"". 비평하다",ヒ,,"批 = 扌 + 比。 (의미부)「扌」는 ""손""을 뜻합니다. (소리부 겸 의미부)「比」(ヒ)는 ""비교하다""라는 뜻입니다. 批는 ""손(扌)으로 가리키며 비교하고(比) 평가하다"" -> ""비평하다""라는 뜻의 글자입니다. (比는 소리부도 겸함)",음독은 ヒ입니다. 특별한 점은 없습니다.,批의 정식 훈독은 없습니다.,no
121,N2,易,바꿀 역/쉬울 이,"""바꿀 역/쉬울 이"". 바꾸다, 쉽다, 운세",エキ、イ,やさ(しい),"易는 ""접시(日)에 담긴 물을 쏟아버리는(勿) 모습""을 그린 상형문자입니다. 라는 의미입니다. 주의) 모양이 비슷한「昜」와 혼동하지 않도록 주의해주세요.",음독은 エキ、イ입니다. 구분법은 다음과 같습니다. 아래 예시단어를 참조해 주세요.,"易しい는 ""쉽다""라는 뜻의 형용사입니다.",no
122,N2,存,있을 존,"""있을 존"". 존재하다, 있다",ソン、ゾン,,"存 = 才 + 子。 「才」는 ""재능""을 뜻합니다. 「子」는 ""아이""를 뜻합니다. 存는 ""아이(子)에게는재능(才)이 있다"" -> ""있다, 존재하다""라는 뜻의 글자입니다.",음독은 ソン、ゾン입니다. 특별한 구분법은 없습니다.,存의 정식 훈독은 없습니다.,no
123,N2,券,문서 권,"""문서 권"". 표, 증서, 권(증권/채권 등)",ケン,,"券 = 龹 + 刀。 「刀」는 ""칼""을 뜻합니다. 龹는 여기서는 ""(칼로 새겨둔) 특별한 표식""을 그린 모양자입니다. 券은 ""진짜라는표식(龹)이 새겨진(刀) 증서"" -> ""증서, 표""라는 뜻의 글자입니다.",음독은 ケン입니다. 특별한 점은 없습니다.,券의 정식 훈독은 없습니다.,no
124,N2,座,자리 좌,"""자리 좌"". 자리, 좌석, 앉다",ザ,すわ(る),"座 = 广 + 土 + 人 + 人。 「广」는 ""집, 건물""을 뜻합니다. 「土」는 ""땅""을 뜻합니다. 「人」는 ""사람""을 뜻합니다. 座는 ""집(广)의 바닥(土)에 앉아있는 사람들(人人)"" -> ""자리, 앉다, 좌석""이라는 뜻의 글자입니다.",음독은 ザ입니다. 특별한 점은 없습니다.,"座る는 ""앉다""라는 뜻의 자동사입니다. 예문) 椅子に座る 의자에 앉다 子供を正しく座らせる 아이를 바르게 앉히다",no
125,N2,破,깨뜨릴 파,"""깨뜨릴 파"". 깨뜨리다, 파괴하다",ハ,やぶ(る)、やぶ(れる),"破 = 石 + 皮。 (의미부)「石」는 ""돌""을 뜻합니다. (소리부 겸 의미부)「皮」(ヒ)는 ""가죽, 표면""을 뜻합니다. 破는 ""돌(石)의 표면(皮)을 두드려 깨뜨리다"" -> ""깨뜨리다, 파괴하다""라는 뜻의 글자입니다. (皮는 소리부(ヒ -> ハ)도 겸함)",음독은 ハ입니다. 특별한 점은 없습니다.,"破る는 ""깨뜨리다, 부수다""라는 뜻의 타동사입니다. 破れる는 ""찢어지다, 터지다, 깨지다""라는 뜻의 2그룹 자동사입니다. 예문) 壁を破る 벽을 부수다 ガラスを破る 유리를 깨다 紙が破れる 종이가 찢어지다 ガラスが破れる 유리가 깨지다",no
126,N2,編,엮을 편,"""엮을 편"". 엮다, 편찬하다, 편집하다",ヘン,あ(む),"編 = 糸 + 扁。 (의미부)「糸」는 ""실""을 뜻합니다. (소리부 겸 의미부)「扁」(ヘン)은 ""집(戸) 안의 책(冊)""을 뜻하는 글자입니다(링크 참조). 編는 ""집 안의 책들(扁)을 하나로 묶다(糸)"" -> ""엮다, 편찬하다, 편집하다""라는 뜻의 글자입니다. (扁는 소리부도 겸함)",음독은 ヘン입니다. 특별한 점은 없습니다.,"編む는 ""뜨다, 짜다, 엮다""라는 뜻의 타동사입니다.",no
127,N2,捜,찾을 수,"""찾을 수"". 찾다, 수색하다",ソウ,さが(す),"捜 = 扌 + 申 + 又。 「扌」는 ""손""을 뜻합니다. 申는 여기서는 ""횃불""을 그린 모양자입니다. 「又」는 ""손""을 뜻합니다. 捜는 ""양 손(扌+又)에 횃불(申)을 들고 사람을 찾아다니다"" -> ""찾다, 수색하다""라는 뜻의 글자입니다.",음독은 ソウ입니다. 특별한 점은 없습니다.,"捜す는 ""(잃어버린 것을) 찾아다니다, 수색하다""라는 뜻의 타동사입니다. 예문) 落した財布を捜す 잃어버린 지갑을 찾다 犯人を捜す 범인을 찾다",no
128,N2,除,덜 제,"""덜 제"". 제거하다, 없애다",ジョ、ジ,のぞ(く),"除 = ⻖ + 余。 「⻖」는 ""언덕""을 뜻합니다. 余는 ""잎이 풍성한 나무""를 그린 상형문자입니다. 除는 ""언덕(⻖)의 나무(余)를 베다"" -> ""제거하다, 덜다""라는 뜻의 글자입니다.",음독은 ジョ、ジ입니다. 그러나 절대다수는 ジョ로 읽습니다. ジ는 掃除(청소)를 제외하고는 거의 쓰이지 않는 음독입니다.,"除く는 ""제거하다, 빼다, 제외하다""라는 뜻의 타동사입니다. 예문) 雑草を除く 잡초를 제거하다 名簿から除く 명부에서 빼다 一人を除いて全員が賛成した 한 명을 제외하고 전원이 찬성했다",no
129,N2,降,내릴 강/항복할 항,"""내릴 강/항복할 항"". 내리다, 내려오다, 항복하다",コウ,お(りる)、お(ろす)、ふ(る),"降 = ⻖ + 夂 + 㐄。 「⻖」는 ""언덕""을 뜻합니다. 「夂」는 ""발""을 뜻합니다. 「㐄」는 ""발""을 뜻합니다. 降는 ""언덕(⻖)을 걸어 내려오다(夂+㐄)"" -> ""내려가다, 내리다, 항복하다""라는 뜻의 글자입니다.",음독은 コウ입니다. 특별한 점은 없습니다.,"1.降りる、降ろす 降りる는 ""(탈것/역 등에서) 내리다""라는 뜻의 2그룹 자동사입니다. 降ろす는 ""(탈것에서) 내려놓다""라는 뜻의 타동사입니다. 예문) 電車から降りる 전철에서 내리다 乗客を降ろす 승객을 내려 주다 2.降る 降る는 ""(비/눈 등이) 내리다""라는 뜻의 자동사입니다. 예문) 雨が降る 비가 오다 雪が降る 눈이 내리다",no
130,N2,超,뛰어넘을 초,"""뛰어넘을 초"". 뛰어넘다, 초월하다",チョウ,こ(える)、こ(す),"超 = 走 + 召。 (의미부)「走」는 ""달리다""라는 뜻입니다. (소리부 겸 의미부)召(ショウ - 부를 소)는 ""부르다""라는 뜻의 상용한자입니다. 召 = 刀 + 口。 「刀」는 ""칼""을 뜻합니다. 「口」는 ""입""을 뜻합니다. 옛사람들은 ""입은 화를 부르는 문이며, 혀는 몸을 베는 칼이다""라고 경계했다고 합니다. 召는 ""말실수(口)가 화(刀)를 부르다"" -> ""부르다""라는 뜻의 글자입니다. 超는 ""부름(召)에 응해 달려가다(走)"" -> ""뛰어넘다""라는 뜻의 글자입니다. (召는 소리부(ショウ -> チョウ)도 겸함)",음독은 チョウ입니다. 특별한 점은 없습니다.,"超える는 ""(기준/수량/한도 등을) 넘어서다""라는 뜻의 2그룹 자동사입니다. 超す는 ""(기준 등을) 넘다, 초과하다""라는 뜻의 타동사입니다. 예문) 時代を超える 시대를 초월하다 限界を超えて 한계를 넘어서 百人を超す 백 명을 넘다",no
131,N2,責,꾸짖을 책,"""꾸짖을 책"". 책임, 꾸짖다, 책망하다",セキ,せ(める),"責 = 龶 + 貝。 龶는 여기서는 ""무언가가 쌓여있는 모습""을 표현한 모양자입니다. 「貝」는 ""돈""을 뜻합니다. 責는 ""빚(貝)이 쌓이다(龶)""-> ""책임,책망하다, 꾸짖다""라는 뜻의 글자입니다.",음독은 セキ입니다. 특별한 점은 없습니다.,"責める는 ""나무라다, 비난하다, 괴롭히다""라는 뜻의 2그룹 타동사입니다. 예문) 自らを責める 자신을 나무라다 仲間を責める 동료를 비난하다",no
132,N2,並,나란히 병,"""나란히 병"". 나란히",ヘイ,な(み)、なら(べる)、なら(ぶ)、なら(びに),"並는 ""나란히 서 있는 두 사람""을 그린 상형문자입니다.",음독은 ヘイ입니다. 특별한 점은 없습니다.,"1.並べる、並ぶ 並べる는 ""(나란히) 늘어놓다, 열거하다""라는 뜻의 2그룹 타동사입니다. 並ぶ는 ""줄을 서다, 늘어서다, 필적하다""라는 뜻의 자동사입니다. 예문) 一列に並べる 일렬로 늘어놓다 口実を並べる 핑계를 늘어놓다 店が並んでいる 가게가 늘어서 있다 先着順に並んでください 선착순으로 줄을 서 주세요 彼に並ぶ者はいない 그에게 견줄 만한 자는 없다 2.並み、並びに 並み는 ""평균, 평범함, 보통""을 뜻합니다. 並びに는 ""및, 또""라는 뜻입니다. 예문) 並みの選手평범한 선수 首相並びに外相수상 및 외상(외무장관)",no
133,N2,療,고칠 료,"""고칠 료"". 치료하다, 고치다",リョウ,,"療 = 疒 + 尞。 (의미부)「疒」는 ""질병, 질환""을 뜻합니다. (소리부 겸 의미부)「尞」(リョウ)는 ""타오르는 횃불""을 그린 글자입니다(링크 참조). 療는 ""병(疒)을 태워버리다(尞)"" -> ""치료하다, 고치다""라는 뜻의 글자입니다. (尞는 소리부도 겸함)",음독은 リョウ입니다. 특별한 점은 없습니다.,療의 정식 훈독은 없습니다.,no
134,N2,修,닦을 수,"""닦을 수"". 수행하다, 수양하다",シュウ、シュ,おさ(める)、おさ(まる),"修 = 亻 + 丨 + 攵 + 彡。 「亻」는 ""사람""을 뜻합니다. 丨는 여기서는 ""사람(亻)의 등""을 그린 모양자입니다. 「攵」는 ""때리다, 치다""라는 뜻입니다. 彡는 여기서는 ""맞아서 난 자국""을 그린 모양자입니다. 修는 ""사람(亻)의 등(丨)을 채찍질하며(攵+彡) 단련시키다"" -> ""수행하다, 수양하다""라는 뜻의 글자입니다.",음독은 シュウ、シュ입니다. 특별한 구분법은 없습니다.,"修める는 ""수양하다, 익히다""라는 뜻의 2그룹 타동사입니다. 修まる는 ""닦아지다, 좋아지다""라는 뜻의 자동사입니다.",no
135,N2,捕,잡을 포,"""잡을 포"". 붙잡다, 잡다",ホ,と(らえる)、と(らわれる)、と(る)、つか(まえる)、つか(まる),"捕 = 扌 + 甫。 (의미부)「扌」는 ""손""을 뜻합니다. (소리부 겸 의미부)「甫」(ホ)는 ""채소밭""을 뜻합니다. 捕는 ""채소밭(甫)에 서리하러 숨어든 도둑을 붙잡다(扌)"" -> ""붙잡다, 잡다""라는 뜻의 글자입니다. (甫는 소리부도 겸함)",음독은 ホ입니다. 특별한 점은 없습니다.,"1.捕まえる、捕る、捕らえる 捕まえる、捕らえる는 둘 다 ""잡다, 붙잡다, 붙들다""라는 뜻의 2그룹 타동사입니다. 捕る는 ""잡다, 포획하다""라는 뜻의 타동사입니다. 셋의 차이점은 다음과 같습니다. 아래 예문을 참조해 주세요. 예문) 犯人を捕まえる 범인을 붙잡다 タクシーを捕まえる 택시를 잡다 犯人を捕らえる 범인을 붙잡다 魚を捕る 물고기를 잡다 2.捕まる、捕らわれる 捕まる는 ""잡히다, 붙잡히다""라는 뜻의 자동사입니다. 捕らわれる는 ""(도망치던 것이) 붙잡히다, 얽매이다/구애되다""라는 뜻의 2그룹 자동사입니다. 예문) 犯人が捕まる 범인이 붙잡히다 なかなかタクシーが捕まらない 좀처럼 택시가 잡히지 않는다 警察に捕らわれる 경찰에 붙잡히다 形式に捕らわれて本質を忘れてしまう 형식에 얽매여서 본질을 잊어버리다",no
136,N2,危,위태할 위,"""위태할 위"". 위험하다, 위태롭다",キ,あぶ(ない)、あや(うい)、あや(ぶむ),"危 = ⺈ + 厂 + 㔾。 「⺈」는 ""칼""을 뜻합니다. 「厂」는 ""기슭, 절벽""을 뜻합니다. 「㔾」는 ""무릎꿇은 사람""을 뜻하는 글자입니다(링크 참조). 危는 ""칼(⺈)에 찔려절벽(厂) 아래로 굴러 떨어질(㔾) 위기에 처하다"" -> ""위험하다, 위태롭다""라는 뜻의 글자입니다.",음독은 キ입니다. 특별한 점은 없습니다.,"1.危ない、危うい 危ない는 ""위험하다, 위태롭다""라는 뜻의 형용사입니다. 危うい는 ""위태롭다, 아슬아슬하다""라는 뜻의 형용사입니다. 둘의 차이점은 다음과 같습니다. 아래 예문을 참조해 주세요. 예문) 危ない玩具위험한 장난감 危ない刃物위험한 날붙이 命が危ない 생명이 위태롭다 危うく間に合った 아슬아슬하게 제시간에 도착했다 このままでは合格が危うい 이대로는 합격이 위태롭다 危ういところで助かった 위태로운 고비에서 간신히 살아났다 2.危ぶむ 危ぶむ는 ""위험하게 여기다, (실현 여부를) 의심하다""라는 뜻의 타동사입니다. 예문) 成功を危ぶむ 성공을 의심하다(걱정하다) 天気を危ぶむ 날씨를 걱정하다 会社の存立が危ぶまれる 회사의 존립이 위태롭다",no
137,N2,採,캘 채,"""캘 채"". 뽑다, 뽑아내다, 취하다",サイ,と(る),"採 = 扌 +采。 (의미부)「扌」는 ""손""을 뜻합니다. (소리부 겸 의미부)「采」(サイ)는 ""뽑다, 따다""라는 뜻입니다. 採는 ""손(扌)으로 뽑아내다(采)"" -> ""뽑다, 뽑아내다, 취하다""라는 뜻의 글자입니다. (采는 소리부도 겸함)",음독은 サイ입니다. 특별한 점은 없습니다.,"採る는 ""(나물 등을) 채취하다""라는 뜻의 타동사입니다.",no
138,N2,拡,넓힐 확,"""넓힐 확"". 확장하다, 넓히다",カク,,"拡 = 扌 + 広。 「扌」는 ""손""을 뜻합니다. 「広」는 ""넓다""라는 뜻입니다. 拡는 ""잡아당겨(扌) 넓히다(広)"" -> ""확장하다, 넓히다""라는 뜻의 글자입니다.",음독은 カク입니다. 특별한 점은 없습니다.,拡의 정식 훈독은 없습니다.,no
139,N2,故,연고 고,"""연고 고"". 까닭, 이유, 연고",コ,ゆえ,"故 = 古 + 攵。 (소리부 겸 의미부)「古」(コ)는 ""옛날, 오래된""이라는 뜻입니다. (의미부)「攵」는 ""때리다, 치다""라는 뜻입니다. 故는 ""과거(古)의 원한을 이유로 때리다(攵)"" -> ""까닭, 이유, 연고""라는 뜻의 글자입니다. (古는 소리부도 겸함)",음독은 コ입니다. 특별한 점은 없습니다.,"故는 ""까닭, 이유, 사정""을 뜻합니다. 故に는 ""고로, 그러므로, 따라서""라는 뜻입니다. 예문) 若き故の失敗젊기 때문에 저지르는 실패 貧故の盗み 가난 때문의 도둑질 我思う、故に我あり 나는 생각한다, 고로 존재한다",no
140,N2,介,끼일 개,"""끼일 개"". 끼이다, 중개하다",カイ,,"介는 ""갑옷을 껴입은 모습""을 그린 상형문자입니다. ""갑옷을 껴입다"" -> ""끼다, 끼이다"" -> ""중개하다""라는 의미입니다.",음독은 カイ입니다. 특별한 점은 없습니다.,介의 정식 훈독은 없습니다.,no
141,N2,迎,맞을 영,"""맞을 영"". 맞이하다, 영접하다, 마중하다",ゲイ,むか(える),"迎 = ⻌ +卬。 「⻌」는 ""길""을 뜻합니다. 「卬」는 ""우러러보다""라는 뜻의 글자입니다(링크 참조). 迎는 ""먼 길(⻌)을 찾아온 손님을 공손히(卬) 맞이하다"" -> ""맞이하다, 영접하다""라는 뜻의 글자입니다.",음독은 ゲイ입니다. 특별한 점은 없습니다.,"迎える는 ""맞이하다, 마중하다""라는 뜻의 2그룹 타동사입니다. 예문) 新しい春を迎える 새로운 봄을 맞이하다 客を笑顔で迎える 손님을 웃는 얼굴로 맞이하다",no
142,N2,販,팔 판,"""팔 판"". 판매하다",ハン,,"販 = 貝 + 反。 (의미부)「貝」는 ""돈, 재물""을 뜻합니다. (소리부 겸 의미부)「反」(ハン)은 ""돌이키다, 뒤집다, 반대""라는 뜻입니다. 販는 ""돈(貝)을 받고 물건을 넘겨주다(反)"" -> ""판매하다""라는 뜻의 글자입니다. (反은 소리부도 겸함)",음독은 ハン입니다. 특별한 점은 없습니다.,販의 정식 훈독은 없습니다.,no
143,N2,異,다를 이,"""다를 이"". 다른, 괴이한",イ,こと,"異는 ""괴이한 가면(田)을 쓰고 양팔을 벌린 사람""을 그린 상형문자입니다. ""괴상한 사람"" -> ""괴이하다, 이상하다, 다르다""라는 의미입니다.",음독은 イ입니다. 특별한 점은 없습니다.,"훈독은 こと입니다. 異なる는 ""다르다""라는 뜻의 자동사입니다. 예문) 双子でも性格は異なる 쌍둥이라도 성격은 다르다 彼は次元が異なる 그는 차원이 다르다 事実と異なる部分がある 사실과 다른 부분이 있다",no
144,N2,将,장차/장수 장,"""장차/장수 장"". 장래, 앞으로, 장수",ショウ,,"将 = 丬 + ⺤ + 寸。 「丬」는 ""탁자""를 뜻합니다. 「⺤」는 ""손""을 뜻합니다. 「寸」는 ""손""을 뜻합니다. 将는 ""양 손(⺤+寸)으로 커다란 탁자(丬)를 들어올린 아이""라는 뜻입니다. 이라는 의미입니다.",음독은 ショウ입니다. 특별한 점은 없습니다.,将의 정식 훈독은 없습니다.,no
145,N2,因,인할 인,"""인할 인"". 원인, 연유",イン,よ(る),"因 = 囗 + 大。 囗는 여기서는 ""침대""를 그린 모양자입니다. 大는 여기서는 ""누워있는 사람""을 그린 모양자입니다. 因는 ""침대(囗)에 누워있는 사람(大)""이라는 뜻입니다. ""누워서 빈둥거리는 것은 게으름이 원인이다"" -> ""원인, 연유""라는 의미입니다.",음독은 イン입니다. 특별한 점은 없습니다.,"因る는 ""기인하다, 원인이 되다""라는 뜻의 자동사입니다. 예문) 不注意に因る事故부주의로 인한 사고 悪天候に因る欠航악천후로 인한 결항",no
146,N2,幅,폭 폭,"""폭 폭"". 폭, 너비",フク,はば,"幅 = 巾 + 畐。 (의미부)「巾」는 ""수건, 천""을 뜻합니다. (소리부 겸 의미부)「畐」(フク)는 ""안이 가득 찬 항아리""를 그린 글자입니다. 幅는 ""천(巾)으로 항아리(畐)의 둘레를 감싸 폭을 재다"" -> ""폭, 너비""라는 뜻의 글자입니다. (畐는 소리부도 겸함)",음독은 フク입니다. 특별한 점은 없습니다.,"幅는 ""폭, 너비""를 뜻합니다.",no
147,N2,富,부유할 부,"""부유할 부"". 부, 부유, 풍족",フ、フウ,と(む)、とみ,"富 = 宀 + 畐。 「宀」는 ""집""을 뜻합니다. 「畐」는 ""가득하다""라는 뜻입니다. 富는 ""집(宀)에 재물이 가득하다(畐)"" -> ""부, 부유, 풍족""이라는 뜻의 글자입니다.",음독은 フ、フウ입니다. 사용 빈도는 フ가 훨씬 높습니다.,"富む는 ""부유하다, 풍부하다""라는 뜻의 자동사입니다. 富는 ""부, 재산""을 뜻합니다. 예문) 彼は非常に機知に富んだ人だ 그는 매우 재치 넘치는 사람이다 音楽的才能に富んでいる 음악적 재능이 풍부하다 感受性に富む 감수성이 풍부하다 莫大な富を築く 막대한 부를 축적하다 富と名誉부와 명예",no
148,N2,彼,저 피,"""저 피"". 상대방, 저쪽",ヒ,かれ、かの,"彼 = 彳 + 皮。 (의미부)「彳」는 ""길""을 뜻합니다. (소리부 겸 의미부)「皮」(ヒ)는 ""가죽, 표면""을 뜻합니다. 彼는 ""길(彳) 바깥쪽(皮)"" -> ""건너편, 상대방, 저쪽""이라는 뜻의 글자입니다. (皮는 소리부도 겸함)",음독은 ヒ입니다. 특별한 점은 없습니다.,"彼는 ""그""라는 뜻입니다. 彼女는 ""그녀""라는 뜻입니다.",no
149,N2,般,일반 반,"""일반 반"". 일반",ハン,,"般 = 舟 +𠘧 + 又。 舟(""배 주"")는 ""배""를 뜻하는 상용한자입니다. 舟는 ""노를 저어 움직이는 작은 조각배""를 그린 상형문자입니다. 𠘧는 여기서는 ""고기잡이 그물""을 그린 모양자입니다. 「又」는 ""손""을 뜻합니다. 般는 ""배(舟)에서 그물(𠘧)을던져(又) 고기를 잡다""라는 뜻입니다. ""고기를 잡는 것은 일반적인 일이다"" -> ""일반""이라는 의미입니다.",음독은 ハン입니다. 특별한 점은 없습니다.,般의 정식 훈독은 없습니다.,no
150,N2,貿,무역할 무,"""무역할 무"". 무역하다",ボウ,,"貿 =𠂎 + 刀+ 貝。 𠂎+刀는 여기서는""문을 활짝 열어놓은 모습""을 그린 모양자입니다. 「貝」는 ""돈, 재물""을 뜻합니다. 貿는 ""활짝 개방된 교역로(𠂎+刀)를 통해 교역을 하다(貝)"" -> ""무역하다""라는 뜻의 글자입니다.",음독은 ボウ입니다. 특별한 점은 없습니다.,貿의 정식 훈독은 없습니다.,no
151,N2,講,욀 강,"""욀 강"". 설명하다, 강의하다",コウ,,"講 = 言 + 冓。 (의미부)「言」는 ""말하다""라는 뜻입니다. (소리부 겸 의미부)「冓」(コウ)는 ""얽다, 짜다""라는 뜻입니다. 講는 ""짜임새있게(冓) 말하다(言)"" -> ""설명하다, 강의하다""라는 뜻의 글자입니다. (冓는 소리부도 겸함)",음독은 コウ입니다. 특별한 점은 없습니다.,講의 정식 훈독은 없습니다.,no
152,N2,舞,춤출 무,"""춤출 무"". 춤추다",ブ,ま(う)、まい,"舞는 ""기우제를 지내며 춤을 추는 무희""를 그린 상형문자입니다(「無」와 유래가 같습니다). ""춤추는 무희"" -> ""춤추다""라는 의미입니다. 참고) 글자 아래쪽의「舛」는 ""두 발, 양발""을 뜻하는 부수입니다(링크 참조). 여기서는 ""춤추는 무희의 두 발""을 표현함으로써 無와 의미를 구분한 것입니다.",음독은 ブ입니다. 특별한 점은 없습니다.,"舞う는 ""춤추다, 흩날리다""라는 뜻의 자동사입니다. 舞는 ""춤, 무용""을 뜻합니다. 예문) 舞を舞う 춤을 추다 風に舞う落ち葉바람에 흩날리는 낙엽 獅子舞사자춤 舞姫무희",no
153,N2,装,꾸밀 장,"""꾸밀 장"". 꾸미다, 치장하다",ソウ、ショウ,よそお(う),"装 = 丬 + 士 + 衣。 「丬」는 ""탁자""를 뜻합니다. 士(""선비 사"")는 ""선비, 무사""를 뜻하는 상용한자입니다. 士는 ""고대에 무사들이 허리에 차고 다니던 무기""를 그린 상형문자입니다. ""무사를 상징하는 무기"" -> ""무사, 선비""라는 의미입니다. 「衣」는 ""옷""을 뜻합니다. 装는 ""책상(丬) 앞에서 근엄하게 옷(衣)을 차려입고 앉아있는 선비(士)"" -> ""꾸미다, 치장하다""라는 뜻의 글자입니다.",음독은 ソウ、ショウ입니다. 사용 빈도는 ソウ가 훨씬 높습니다.,"装う는 ""단장하다/꾸미다, 가장하다/~인 체하다""라는 뜻의 타동사입니다. 예문) 華やかに装ってパーティーに行く 화려하게 치장하고 파티에 가다 春らしく装って出かける 봄 분위기에 맞게 차려입고 외출하다 病気を装う 아픈 척하다 努めて無関心を装う 애써 무관심한 척하다 息子を装う詐欺電話자식을 가장한 사기 전화",no
154,N2,諸,모두 제,"""모두 제"". 모두, 갖가지의",ショ,,"諸 = 言 + 者。 (의미부)「言」는 ""말하다""라는 뜻입니다. (소리부 겸 의미부)「者」(シャ)는 ""사람""을 뜻합니다. 諸는 ""모두(者)의 앞에서 연설하다(言)"" -> ""모두, 갖가지""라는 뜻의 글자입니다. (者는 소리부(シャ -> ショ)도 겸함)",음독은 ショ입니다. 특별한 점은 없습니다.,諸의 정식 훈독은 없습니다.,no
155,N2,亡,망할 망,"""망할 망"". 망하다, 죽다",ボウ、モウ,な(い),"亡는 ""부러진 칼날""을 그린 상형문자입니다. ""부러진 칼날"" -> ""망하다""라는 의미입니다.",음독은 ボウ、モウ입니다. 사용 빈도는 ボウ가 훨씬 높습니다.,"亡い는 ""죽었다, 죽고 없다""라는 뜻의 형용사입니다.",no
156,N2,劇,심할 극,"""심할 극"". 심하다, 연극",ゲキ,,"劇 = 虍 + 豕 + 刂。 「虍」는 ""호랑이""를 뜻하는 부수입니다(링크 참조). 「豕」는 ""돼지""를 뜻합니다. 「刂」는 ""칼""을 뜻합니다. 劇는 ""호랑이(虍)와 멧돼지(豕)가 싸우다(刂)""라는 뜻입니다. 이라는 의미입니다.",음독은 ゲキ입니다. 특별한 점은 없습니다.,劇의 정식 훈독은 없습니다.,no
157,N2,河,물 하,"""물 하"". 강",カ,かわ,"河 = 氵 + 可。 (의미부)「氵」는 ""물""을 뜻합니다. (소리부 겸 의미부)「可」(カ)는 ""가능하다""라는 뜻입니다. 河는 ""물(氵)을 마실 수 있는(可) 강가"" -> ""강""이라는 뜻의 글자입니다 (可는 소리부도 겸함)",음독은 カ입니다. 특별한 점은 없습니다.,"河는 ""강""을 뜻합니다.",no
158,N2,適,맞을 적,"""맞을 적"". 알맞다, 적합하다",テキ,,"適 = ⻌ + 啇。 (의미부)「⻌」는 ""길""을 뜻합니다. (소리부 겸 의미부)「啇」(テキ)는 ""화초를 심은 화분""을 뜻하는 글자입니다(링크 참조). 適는 ""화초(啇)를 심기 적합하게 가꾸어진 꽃길(⻌)"" -> ""알맞다, 적합하다""라는 뜻의 글자입니다. (啇는 소리부도 겸함)",음독은 テキ입니다. 특별한 점은 없습니다.,適의 정식 훈독은 없습니다.,no
159,N2,婦,며느리 부,"""며느리 부"". 아내",フ,,"婦 = 女 + 帚。 「女」는 ""여자""를 뜻합니다. 「帚」는 ""빗자루""를 뜻합니다. 婦는 ""빗자루(帚)를 들고 집을 청소하는 아내(女)"" -> ""아내""라는 뜻의 글자입니다.",음독은 フ입니다. 특별한 점은 없습니다.,婦의 정식 훈독은 없습니다.,no
160,N2,寄,부칠 기,"""부칠 기"". 맡기다, 부치다, 들르다",キ,よ(る)、よ(せる),"寄 = 宀 + 大 + 可。 「宀」는 ""집""을 뜻합니다. 「大」는 본래 ""사람""을 그린 글자입니다(링크 참조). 可는 여기서는 ""짐보따리""를 그린 모양자입니다(79.「何」모양 해설 참조). 寄는 ""남의 집(宀)에 짐(可)을 맡겨놓으러 들른 사람(大)"" -> ""맡기다, 부치다, 들르다""라는 뜻의 글자입니다.",음독은 キ입니다. 특별한 점은 없습니다.,"寄る는 ""접근하다, 들르다""라는 뜻의 자동사입니다. 寄せる는 ""(바싹) 옆으로 대다, 의지하다, 두다""라는 뜻의 2그룹 타동사입니다. 예문) 船が岸に寄る 배가 해안에 다가서다 帰りにコンビニに寄る 돌아오는 길에 편의점에 들르다 通り掛けに寄ってみる 지나는 길에 들러 보다 車を道端に寄せて止める 차를 길가에 바싹 붙여 대다 親類に身を寄せる 친척에게 몸을 의탁하다",no
161,N2,込,담을 입,"""담을 입"". 붐비다, 들어가다, 속에 넣다",,こ(む)、こ(める),"込 = ⻌ + 入。 「⻌」는 ""길""을 뜻합니다. 「入」는 ""들어가다""라는 뜻입니다. 込는 ""길(⻌)에 들어가다(入)"" -> ""들어가다, 붐비다, 속에 넣다""라는 뜻의 글자입니다.",込의 정식 음독은 없습니다.,"1.込む 込む는 동사의 ます형에 붙어서 쓰이는 복합동사입니다. 주로 ""안쪽으로 이동하다, 오랜 시간 ~하다, 충분히 ~하다""라는 뜻으로 쓰입니다. 예문) 風が吹き込む 바람이 들이치다 海に飛び込む 바다에 뛰어들다 ここに答えを書き込んでください 여기에 답을 써넣어 주세요 考え込む 생각에 잠기다(깊이 생각하다) 文法を教え込む 문법을 충분히(철저히) 가르치다 先生と母はもう1時間も話し込んでいる 선생님과 어머니는 벌써 한 시간이나 이야기에 열중하고 있다 2.込める 込める는 ""속에 넣다, (정성 등을) 들이다/담다""라는 뜻의 2그룹 타동사입니다. 예문) 真心を込めた贈り物정성을 담은 선물 満身の力を込める 혼신의 힘을 기울이다 弾丸を込める 탄환을 재다",no
162,N2,余,남을 여,"""남을 여"". 남다, 여분",ヨ,あま(る)、あま(す),"余는 ""잎이 풍성한 나무""를 그린 상형문자입니다. ""잎이 풍성하다"" -> ""남다, 여분""이라는 의미입니다.",음독은 ヨ입니다. 특별한 점은 없습니다.,"余る는 ""남다, 넘치다""라는 뜻의 자동사입니다. 余す는 ""남게 하다, 남기다""라는 뜻의 타동사입니다. 예문) 予算が余る 예산이 남다 節約して予算を余す 절약해서 예산을 남기다",no
163,N2,禁,금할 금,"""금할 금"". 금지하다",キン,,"禁 = 林 + 示。 「林」는 ""숲""을 뜻합니다. 「示」는 ""신, 종교, 고대의 비석""을 뜻합니다. 禁는 ""신성한 숲(林) 앞에 비석(示)을 세우고 들어가지 못하도록 막다"" -> ""금지하다""라는 뜻의 글자입니다.",음독은 キン입니다. 특별한 점은 없습니다.,禁의 정식 훈독은 없습니다.,no
164,N2,逆,거스를 역,"""거스를 역"". 거꾸로, 거스르다, 반항하다",ギャク,さか、さか(らう),"逆 = ⻌ + 屰。 「⻌」는 ""길""을 뜻합니다. 「屰」는 ""거꾸로""라는 뜻의 글자로, ""거꾸로 선 사람""을 그린 글자입니다(링크 참조). 逆는 ""길(⻌)을 거꾸로(屰) 가다"" -> ""거꾸로, 거스르다, 반항하다""라는 뜻의 글자입니다.",음독은 ギャク입니다. 특별한 점은 없습니다.,"逆는 ""거꾸로""라는 뜻입니다. 逆らう는 ""거스르다, 거역하다, 반항하다""라는 뜻의 자동사입니다.",no
165,N2,換,바꿀 환,"""바꿀 환"". 바꾸다, 교환하다",カン,か(える)、か(わる),"換 = 扌 + 奐。 (의미부)「扌」는 ""손""을 뜻합니다. (소리부 겸 의미부)「奐」(カン)은 ""태어나는 아기를 받아내는 모습""을 그린 글자입니다(링크 참조). 換는 ""산파가 태어나는 아기(奐)를 받아서 산모에게 넘겨주다(扌)"" -> ""바꾸다, 교환하다""라는 뜻의 글자입니다. (奐는 소리부도 겸함)",음독은 カン입니다. 특별한 점은 없습니다.,"換える는 ""교환하다, 전환하다, 치환하다""라는 뜻의 2그룹 타동사입니다. 換わる는 ""교환되다, 전환되다, 치환되다""라는 뜻의 자동사입니다.",no
166,N2,久,오랠 구,"""오랠 구"". 오래다, 길다",キュウ、ク,ひさ(しい),"久는 ""옆으로 누운 사람""을 그린 상형문자입니다. ""옆으로 누워 오랫동안 잠만 자다"" -> ""오래다""라는 의미입니다.",음독은 キュウ、ク입니다. 사용 빈도는 キュウ가 훨씬 높습니다.,"久しい는 ""오래다, 오래되다""라는 뜻의 형용사입니다. 예문) 別れて久しい 헤어진 지 오래다 久しい昔오래된 옛날 久しぶりの休日오랜만에 맞는 휴일",no
167,N2,妻,아내 처,"""아내 처"". 아내, 처",サイ,つま,"妻 = 十 + ⺕ + 女。 「⺕」는 ""손""을 뜻합니다. 「女」는 ""여자""를 뜻합니다. 十는 여기서는 ""여자의 머리칼""을 그린 모양자입니다. 妻는 ""아내(女)의 머리(十)를 쓰다듬어주다(⺕)"" -> ""아내""라는 뜻의 글자입니다.",음독은 サイ입니다. 특별한 점은 없습니다.,"妻는 ""아내""를 뜻합니다.",no
168,N2,暴,사나울 폭,"""사나울 폭"". 난폭한, 거친, 드러내다",ボウ、バク,あば(く)、あば(れる),"暴 = 日 + 共 + 氺。 「日」는 ""태양""을 뜻합니다. 「共」는 ""함께, 같이""라는 뜻입니다. 氺는 여기서는「水」가 살짝 변형된 것으로, ""물""을 뜻합니다. 暴는 ""강물(水)이 한꺼번에(共) 말라 버릴 정도로 매서운 햇빛(日)"" -> ""거친, 난폭한""이라는 뜻의 글자입니다.",음독은 ボウ、バク입니다. 그러나 절대다수는 ボウ로 읽습니다. バク는暴露(폭로) 외에는 거의 쓰지 않는 음독입니다.,"暴れる는 ""난폭하게 날뛰다, 설치다""라는 뜻의 2그룹 자동사입니다. 暴く는 ""파헤치다, 폭로하다""라는 뜻의 타동사입니다. 예문) 酒に酔って暴れる 술에 취해 난동을 부리다 狂気のように暴れる 미친 듯이 날뛰다 棒を振り回して暴れる 몽둥이를 휘두르며 날뛰다 過去を暴く 과거를 폭로하다 企業の不正を暴く 기업의 비리를 폭로하다 人の秘密を暴く 남의 비밀을 까발리다",no
169,N2,占,점령할/점칠 점,"""점령할/점칠 점"". 점령하다, 점거하다, 점치다",セン,し(める)、うらな(う),"占 = 卜 + 口。 「卜」는 ""점, 점괘""를 뜻합니다. 口는 여기서는 ""점술 도구가 보관된 통""을 그린 모양자입니다. 占는 ""점술 도구(卜)와 보관함(口)""이라는 뜻입니다. ""점쟁이가 자리를 잡고 점을 치다"" -> ""점거하다, 점치다""라는 의미입니다.",음독은 セン입니다. 특별한 점은 없습니다.,"1.占める 占める는 ""차지하다, 점유하다, 얻다""라는 뜻의 2그룹 타동사입니다. 예문) 机が部屋の半分を占める 책상이 방의 반을 차지하다 一位を占める 1위를 차지하다 重要な地位を占める 중요한 지위를 차지하다 2.占う 占う는 ""점치다""라는 뜻의 타동사입니다. 예문) 運勢を占う 운세를 점치다",no
170,N2,背,등 배,"""등 배"". 등, 뒤쪽/배후, 키, 배반하다",ハイ,せ、せい、そむ(く)、そむ(ける),"背 = 北 + 月。 「北」는 본래 ""두 사람이 등을 맞대고 있는 모습""을 그린 글자입니다(링크 참조). 「月」는 ""신체의 일부""를 뜻합니다. 背는 ""등(北) + 신체 부위(月)"" -> ""등, 뒤쪽, 배후""라는 뜻의 글자입니다.",음독은 ハイ입니다. 특별한 점은 없습니다.,"1.背く、背ける 背く는 ""등지다, 등을 돌리다""라는 뜻의 자동사입니다. 背ける는 ""등을 돌리다, 외면하다""라는 뜻의 2그룹 타동사입니다. 예문) 太陽に背いて立つ 태양을 등지고 서다 師の教えに背く 스승의 가르침을 거역하다 知らないふりをして顔を背ける 모른 체하고 얼굴을 돌리다(외면하다) あまりの惨状に目を背ける 너무나도 처참한 참상에 시선을 돌리다 2. せ、せい 背는 ""등""을 뜻합니다. 背는 ""키""를 뜻합니다.",no
171,N2,険,험할 험,"""험할 험"". 험하다, 위험하다",ケン,けわ(しい),"険 = ⻖ + 㑒。 (의미부)「⻖」는 ""언덕, 산""을 뜻합니다. (소리부 겸 의미부)「㑒」(ケン)은 ""날카롭다, 뾰족하다""라는 뜻입니다. 険는 ""날카롭게 깎아지른(㑒) 산맥(⻖)"" -> ""위험하다""라는 뜻의 글자입니다. (㑒는 소리부도 겸함)",음독은 ケン입니다. 특별한 점은 없습니다.,"険しい는 ""험하다, 가파르다""라는 뜻의 형용사입니다.",no
172,N2,頼,의뢰할 뢰,"""의뢰할 뢰"". 부탁하다, 의지하다, 신뢰하다",ライ,たの(む)、たの(もしい)、たよ(る),"頼 = 束 + 頁。 「束」는 ""묶다""라는 뜻입니다. 「頁」는 ""머리""를 뜻합니다. 頼는 ""머리(頁)를 한데 모아(束) 함께 의논하다"" -> ""의지하다, 신뢰하다, 부탁하다""라는 뜻의 글자입니다.",음독은 ライ입니다. 특별한 점은 없습니다.,"1.頼む、頼る 頼む는 ""부탁하다""라는 뜻의 타동사입니다. 頼る는 ""의지하다, 믿다, 의존하다""라는 뜻의 자동사 겸 타동사입니다. 예문) 頭を下げて頼む 머리를 숙여 부탁하다 頼むから黙っていてくれ 부탁이니까 잠자코 있어 줘 経験に頼る 경험에 의지하다 杖に頼って歩く 지팡이에 의지해 걷다 原油のほとんどを輸入に頼る 원유의 대부분을 수입에 의존하다 2.頼もしい 頼もしい는 ""믿음직하다""라는 뜻의 형용사입니다. 예문) 彼は頼もしい人だ 그는 믿음직한 사람이다",no
173,N2,均,고를 균,"""고를 균"". 고르다, 평균",キン,,"均 = 土 + 匀。 「土」는 ""땅""을 뜻합니다. 匀는 ""고르다, 평평하다""라는 뜻의 글자로, ""줄이 가지런히 늘어선 현악기""를 그린 상형문자입니다. 均는 ""고르고 평평한(匀)땅(土)"" -> ""고르다, 평균""이라는 뜻의 글자입니다.",음독은 キン입니다. 특별한 점은 없습니다.,均의 정식 훈독은 없습니다.,no
174,N2,途,길 도,"""길 도"". 길",ト,,"途 = ⻌ + 余。 「⻌」는 ""길""을 뜻합니다. 「余」는 본래 ""잎이 풍성한 나무""를 그린 글자입니다(링크 참조). 途는 ""가로수(余)가 늘어선 길(⻌)"" -> ""길""이라는 뜻의 글자입니다.",음독은 ト입니다. 특별한 점은 없습니다.,途의 정식 훈독은 없습니다.,no
175,N2,圧,누를 압,"""누를 압"". 누르다, 압력",アツ,,"圧 = 厂 + 土。 厂는 여기서는 ""위에서 찍어누르는 손""을 그린 모양자입니다. 「土」는 ""흙""을 뜻합니다. 圧는 ""흙(土)을 눌러 뭉치다(厂)"" -> ""압력, 누르다""라는 뜻의 글자입니다.",음독은 アツ입니다. 특별한 점은 없습니다.,圧의 정식 훈독은 없습니다.,no
176,N2,許,허락할 허,"""허락할 허"". 허락하다, 허가하다",キョ,ゆる(す),"許 = 言 + 午。 (의미부)「言」는 ""말하다""라는 뜻입니다. (소리부)「午」(ゴ)는 여기서는 소리부(ゴ -> キョ)의 역할만 하고 있습니다. 許는 ""허락을 내리다(言)"" -> ""허락하다""라는 뜻의 글자입니다(午는 소리부).",음독은 キョ입니다. 특별한 점은 없습니다.,"許す는 ""허락하다, 용서하다""라는 뜻의 타동사입니다. 예문) 娘の結婚を許す 딸의 결혼을 허락하다 営業を許す 영업을 허가하다 過ちを許す 잘못을 용서하다 許せない行為용서할 수 없는 행위",no
177,N2,署,마을 서,"""마을 서"". 관청, 부서, 서명",ショ,,"署 = 罒 + 者。 「罒」는 ""그물""을 뜻합니다. 「者」는 ""사람""을 뜻합니다. 署는 ""그물(罒)처럼 조직적으로 얽힌 사람들(者)"" -> ""관청, 부서"" -> ""서명""이라는 뜻의 글자입니다.",음독은 ショ입니다. 특별한 점은 없습니다.,署의 정식 훈독은 없습니다.,no
178,N2,抜,뽑을 발,"""뽑을 발"". 뽑다, 가려내다",バツ,ぬ(く)、ぬ(ける)、ぬ(かす)、ぬ(かる),"抜 = 扌 + 𠂇 + 又。 「扌」는 ""손""을 뜻합니다. 「又」는 ""손""을 뜻합니다. 𠂇는 여기서는 ""손에 박힌 가시""를 그린 모양자입니다. 抜는 ""손(扌)에박힌 가시(𠂇)를 뽑아내다(又)"" -> ""뽑다, 가려내다""라는 뜻의 글자입니다.",음독은 バツ입니다. 특별한 점은 없습니다.,"1.抜く、抜ける 抜く는 ""뽑다, 빼내다""라는 뜻의 타동사입니다. 抜ける는 ""빠지다, 뽑아지다""라는 뜻의 2그룹 자동사입니다. 예문) 雑草を抜く 잡초를 뽑다 刀を抜く 칼을 뽑다 力を抜く 힘을 빼다 歯が抜ける 이가 빠지다 髪の毛が抜ける 머리카락이 빠지다 力が抜ける 힘이 빠지다 2.抜かす、抜かる 抜かす는 ""빠뜨리다, 빼다, 거르다""라는 뜻의 타동사입니다. 抜かる는 ""실수하다, 실패하다""라는 뜻의 자동사입니다. 예문) 一人抜かして数える 한 명 빠뜨리고 세다 昼飯を抜かす 점심을 거르다 これは抜かった 아차, 이거 실수했군",no
179,N2,伸,펼 신,"""펼 신"". 뻗다, 펴다",シン,の(びる)、の(ばす)、の(べる),"伸 = 亻 + 申。 (의미부)「亻」는 ""사람""을 뜻합니다. (소리부 겸 의미부)「申」(シン)은 본래 ""번개가 내리치는 모습""을 그린 글자입니다. 여기서는 ""번개"" -> ""길게 뻗다, 뻗치다""라는 뜻으로 쓰인 것입니다. 伸는 ""사람(亻)이 몸을 길게 뻗다(申)"" -> ""뻗다, 펴다""라는 뜻의 글자입니다. (申는 소리부도 겸함)",음독은 シン입니다. 특별한 점은 없습니다.,"1.伸びる、伸ばす 伸びる는 ""펴지다, 뻗다, 자라나다""라는 뜻의 2그룹 자동사입니다. 伸ばす는 ""펴다, 늘이다, 뻗다""라는 뜻의 타동사입니다. 예문) 背が伸びる 키가 자라다 枝が伸びる 가지가 뻗다 成績が伸びる 성적이 향상되다 曲がった針金を伸ばす 구부러진 철사를 펴다 手足を伸ばす 팔다리를 뻗다/편안한 자세를 취하다 勢力を伸ばす 세력을 넓히다 2.伸べる 伸べる는 단독으로는 거의 쓰이지 않고,差し伸べる(내밀다, 내뻗다) 등의 복합동사로 쓰이는 2그룹 자동사입니다. 예문) 救いの手を差し伸べる 구원의 손길을 뻗치다",no
180,N2,留,머무를 류,"""머무를 류"". 머무르다, 남기다",リュウ、ル,と(める)、と(まる),"留 =𠂎 + 刀+ 田。 𠂎+刀는 여기서는""밭을 갈고 있는 사람들""을 그린 모양자입니다. 「田」는 ""밭""을 뜻합니다. 留는 ""밭(田)을 경작하며(𠂎+刀) 한 곳에 머물러 살다"" -> ""머무르다""라는 뜻의 글자입니다.",음독은 リュウ、ル입니다. 사용 빈도는 リュウ가 훨씬 높습니다.,"留める는 ""고정시키다, (마음에) 두다/새기다""라는 뜻의 2그룹 타동사입니다. 留まる는 ""머물다, 고정되다""라는 뜻의 자동사입니다. 예문) 心に留める 마음에 두다(새기다) ボタンを留める 단추를 채우다 海外に留まる 해외에 머물다",no
181,N2,罪,허물 죄,"""허물 죄"". 죄, 허물",ザイ,つみ,"罪 = 罒 + 非。 「罒」는 ""그물""을 뜻합니다. 「非」는 ""아니다, 옳지 않다""라는 뜻입니다. 罪는 ""잘못(非)을 저지른 사람이 붙잡히다(罒)"" -> ""죄""라는 뜻의 글자입니다.",음독은 ザイ입니다. 특별한 점은 없습니다.,"罪는 ""죄""를 뜻합니다.",no
182,N2,爆,터질 폭,"""터질 폭"". 터지다, 폭발하다",バク,,"爆 = 火 + 暴。 (의미부)「火」는 ""불""을 뜻합니다. (소리부 겸 의미부)「暴」(バク)는 ""난폭한, 거친""이라는 뜻입니다. 爆는 ""불(火)이 격렬하게(暴) 타오르다"" -> ""폭발하다, 터지다""라는 뜻의 글자입니다. (暴는 소리부도 겸함)",음독은 バク입니다. 특별한 점은 없습니다.,爆의 정식 훈독은 없습니다.,no
183,N2,延,늘일 연,"""늘일 연"". 늘이다, 늦어지다",エン,の(びる)、の(ばす)、の(べる),"延 = 廴 + 一 + 止。 「廴」는 ""길""을 뜻합니다. 「止」는 ""발""을 뜻합니다. 위쪽의 一는 여기서는 ""발걸음(止)이 늘어지는 모습""을 표현한 모양자입니다. 延는 ""길(廴)을 느릿느릿(一) 걷다(止)"" -> ""늘이다, 늦어지다""라는 뜻의 글자입니다.",음독은 エン입니다. 특별한 점은 없습니다.,"1.延びる、延ばす 延びる는 ""(시간이) 늘어나다/늦어지다, (길이가) 더해지다""라는 뜻의 2그룹 자동사입니다. 延ばす는 ""(시간을) 연장시키다, 연기하다""라는 뜻의 타동사입니다. 예문) 時間が延びる 시간이 연장되다 出発が延びる 출발이 늦어지다 鉄道が延びる 철도가 연장되다 営業時間を延ばす 영업 시간을 연장하다 出発を延ばす 출발을 연기하다 返事を延ばす 답장을 연기하다(미루다) 2.延べる 延べる는 단독으로는 거의 쓰이지 않고,繰り延べる(순연하다)와 같은 복합동사로 쓰이는 2그룹 타동사입니다. 예문) 来週に繰り延べる 다음 주로 순연하다",no
184,N2,精,정할 정,"""정할 정"". 정기, 정신, 순수한, 세밀한",セイ、ショウ,,"精 = 米 + 青。 (의미부)「米」는 ""쌀""을 뜻합니다. (소리부 겸 의미부)「青」(セイ・ショウ)는 ""푸르다""라는 뜻입니다. 精는 ""깨끗한(青) 쌀(米)"" -> ""맑다, 깨끗하다"" -> ""정기, 정신, 순수한, 세밀한""이라는 뜻의 글자입니다. (青는 소리부도 겸함)",음독은 セイ、ショウ입니다. 사용 빈도는 セイ가 훨씬 높습니다.,精의 정식 훈독은 없습니다.,no
185,N2,則,법칙 칙,"""법칙 칙"". 규칙, 법칙",ソク,,"則 = 貝 + 刂。 「貝」는 ""돈, 재물""을 뜻합니다. 「刂」는 ""칼""을 뜻합니다. 則는 ""법과 규칙은 돈(貝)과 무력(刂)을 가진 자에 의해 결정된다"" -> ""법칙, 규정""이라는 뜻의 글자입니다.",음독은 ソク입니다. 특별한 점은 없습니다.,則의 정식 훈독은 없습니다.,no
186,N2,乱,어지러울 란,"""어지러울 란"". 혼란한, 어지러운, 음란한",ラン,みだ(れる)、みだ(す),"乱 = 舌 + 乚。 「舌」는 ""혀""를 뜻합니다. 乚는 여기서는 ""여자의 가슴""을 그린 모양자입니다. 乱는 ""입맞춤(舌) + 여자의 가슴(乚)"" -> ""음란한, 어지러운, 혼란한""이라는 뜻의 글자입니다.",음독은 ラン입니다. 특별한 점은 없습니다.,"乱れる는 ""어지러워지다, 혼란해지다, 문란해지다""라는 뜻의 2그룹 자동사입니다. 乱す는 ""어지럽히다, 혼란시키다""라는 뜻의 타동사입니다. 예문) 生活リズムが乱れてしまう 생활 리듬이 깨져 버리다 秩序が乱れる 질서가 흐트러지다 乱れた世の中어지러운 세상 心が乱される 마음이 어지러워지다 公共の秩序を乱す 공공질서를 어지럽히다 風紀を乱す 풍기를 문란하게 하다",no
187,N2,普,넓을 보,"""넓을 보"". 넓다, 보편적인",フ,,"普 = 並 + 日。 「並」는 ""나란히""라는 뜻입니다. 「日」는 ""태양""을 뜻합니다. 普는 ""하늘의 태양(日)은 모두에게(並) 골고루 내리쬔다"" -> ""넓다, 보편적인""이라는 뜻의 글자입니다.",음독은 フ입니다. 특별한 점은 없습니다.,普의 정식 훈독은 없습니다.,no
188,N2,測,헤아릴 측,"""헤아릴 측"". (길이/넓이/온도 등을)재다, 측정하다",ソク,はか(る),"測 = 氵 + 則。 (의미부)「氵」는 ""물""을 뜻합니다. (소리부 겸 의미부)「則」(ソク)는 ""법칙, 규칙""을 뜻합니다. 測는 ""물(氵)의 양을 기준(則)에 따라재다"" -> ""재다, 측정하다""라는 뜻의 글자입니다. (則는 소리부도 겸함)",음독은 ソク입니다. 특별한 점은 없습니다.,"測る는 ""(길이/온도/넓이 등을) 재다, 측정하다""라는 뜻의 타동사입니다. 예문) 川の深さを測る 강의 깊이를 재다 体温を測る 체온을 재다 距離を測る 거리를 재다",no
189,N2,豊,풍년 풍,"""풍년 풍"". 풍부한, 풍성한",ホウ,ゆた(か),"豊 = 曲 + 豆。 「豆」는 ""제기그릇""을 뜻합니다. 曲는 여기서는 ""그릇 위에 가득 쌓인 음식""을 그린 모양자입니다. 豊는 ""음식이 가득 쌓인(曲) 그릇(豆)"" -> ""풍부한, 풍성한""이라는 뜻의 글자입니다.",음독은 ホウ입니다. 특별한 점은 없습니다.,"豊か는 ""풍부함, 풍성함, 부유함""을 뜻합니다. 예문) 豊かな想像力풍부한 상상력 豊かな資源풍부한 자원 豊かな国부유한 나라",no
190,N2,善,착할 선,"""착할 선"". 착하다, 바르다",ゼン,よ(い),"善 = 羊 + 䒑 + 口。 「羊」는 ""양""을 뜻합니다. 䒑+口는 여기서는 ""양의 눈""을 그린 모양자입니다. 善는 ""양(羊)의 눈망울(䒑+口)"" -> ""착하다, 바르다""라는 뜻의 글자입니다.",음독은 ゼン입니다. 특별한 점은 없습니다.,"善い는 ""좋다, 착하다""라는 뜻의 형용사입니다.",no
191,N2,婚,혼인할 혼,"""혼인할 혼"". 혼인하다",コン,,"婚 = 女 + 氏 + 日。 「女」는 ""여자""를 뜻합니다. 氏(""성씨 씨"")는 ""성씨""를 뜻하는 상용한자입니다. 氏는 ""나무뿌리가 땅 속으로 뻗은 모습""을 그린 상형문자입니다. ""뿌리"" -> ""혈통"" -> ""성씨""라는 의미입니다. 「日」는 ""날""을 뜻합니다. 일본에서는 여자가 결혼하면 남편의 성을 따르게 됩니다. 婚는 ""여자(女)가 남편의 성씨(氏)를 따라 이름을 바꾸는 날(日)"" -> ""혼인하다""라는 뜻의 글자입니다.",음독은 コン입니다. 특별한 점은 없습니다.,婚의 정식 훈독은 없습니다.,no
192,N2,厚,두터울 후,"""두터울 후"". 두껍다",コウ,あつ(い),"厚 = 厂 + 日 + 子。 「厂」는 ""절벽""을 뜻합니다. 「日」는 ""태양""을 뜻합니다. 「子」는 ""아이""를 뜻합니다. 厚는 ""대낮(日)에도 절벽(厂)아래 그늘에서 잠만 자는 게으른 아이(子)"" -> ""낮짝이 두껍다"" -> ""두껍다""라는 뜻의 글자입니다.",음독은 コウ입니다. 특별한 점은 없습니다.,"厚い는 ""두껍다""라는 뜻의 형용사입니다. 예문) 厚い本두꺼운 책 読者層が厚い 독자층이 두껍다 面の皮が厚い 낯짝이 두껍다",no
193,N2,齢,나이 령,"""나이 령"". 나이",レイ,,"齢 = 歯 + 令。 (의미부)「歯」는 ""이, 치아""를 뜻합니다. (소리부)「令」(レイ)는 여기서는 소리부의 역할만 하고 있습니다. 齢는 ""이(歯)가 나기 시작하는 나이"" -> ""나이""라는 뜻의 글자입니다(令는 소리부).",음독은 レイ입니다. 특별한 점은 없습니다.,齢의 정식 훈독은 없습니다.,no
194,N2,略,간략할 략,"""간략할 략"". 생각, 계책, 간략, 생략",リャク,,"略 = 田 + 各。 「田」는 ""밭""을 뜻합니다. 「各」는 ""각각, 각자""라는 뜻입니다. 略는 ""각자(各)에게 논밭(田)을 분배하다""라는 뜻입니다. 이라는 의미입니다.",음독은 リャク입니다. 특별한 점은 없습니다.,略의 정식 훈독은 없습니다.,no
195,N2,承,이을 승,"""이을 승"". 계승하다, 승낙하다",ショウ,うけたまわ(る),"承는 ""높은 사람을 두 손으로 떠받들고 있는 모습""을 그린 상형문자입니다. ""받들어 모시다"" -> ""받들다, 계승하다, 승낙하다""라는 의미입니다.",음독은 ショウ입니다. 특별한 점은 없습니다.,"承る는聞く(듣다),引き受ける(떠맡다)의 겸양어입니다.",no
196,N2,浮,뜰 부,"""뜰 부"". 뜨다, 떠오르다",フ,う(く)、う(かぶ)、う(かべる)、う(かれる),"浮 = 氵 + ⺤ + 子。 「氵」는 ""물""을 뜻합니다. 「⺤」는 ""손""을 뜻합니다. 「子」는 ""아이""를 뜻합니다. 浮는 ""물(氵)에 빠진 아이(子)를 건져내다(⺤)"" -> ""뜨다, 떠오르다""라는 뜻의 글자입니다.",음독은 フ입니다. 특별한 점은 없습니다.,"1.浮く、浮かぶ 浮く、浮かぶ는 둘 다 ""뜨다, 떠오르다""라는 뜻의 자동사입니다. 차이점은 다음과 같습니다. 아래 예문을 참조해 주세요. 예문) 風船が浮く 풍선이 뜨다 体が水に浮かぶ 몸이 물에 뜨다 疑問が浮かぶ 의문이 떠오르다 名案が浮かぶ 명안이 떠오르다 2.浮かべる 浮かべる는 ""뜨게 하다, (생각 등을) 떠올리다""라는 뜻의 2그룹 타동사입니다. 예문) 船を海に浮かべる 배를 바다에 띄우다 故国の面影を浮かべる 고국의 모습을 떠올리다 3.浮かれる 浮かれる는 ""(마음이) 들뜨다, 신나다""라는 뜻의 2그룹 자동사입니다. 예문) 酒に酔って浮かれる 술에 취해 마음이 들뜨다 浮かれている場合じゃない 들떠 있을 때가 아니다",no
197,N2,絶,끊을 절,"""끊을 절"". 끊다, 끊어지다, 대단히",ゼツ,た(える)、た(やす)、た(つ),"絶 = 糸 + ⺈ + 巴。 「糸」는 ""실""을 뜻합니다. 「⺈」는 ""칼""을 뜻합니다. 「巴」는 ""꼬리""를 뜻하는 글자입니다(링크 참조). 絶는 ""실타래(糸)에서 빠져나온 꼬리(巴)를 자르다(⺈)"" -> ""끊다, 끊어지다"" -> ""절세의, 대단한""이라는 뜻의 글자입니다.",음독은 ゼツ입니다. 특별한 점은 없습니다.,"1.絶える 絶える는 ""끊기다, 끊어지다, 중단되다""라는 뜻의 2그룹 자동사입니다. 예문) 家が絶える 대가 끊어지다 道が絶える 길이 끊어지다 供給が絶える 공급이 끊기다 心配が絶えない 걱정이 끊이지 않는다 戦争が絶えない 전쟁이 끊이지 않는다 2.絶やす、絶つ 絶やす는 ""(품종/해충 등을) 절멸시키다/없애다""라는 뜻의 타동사입니다. 絶つ는 ""(이어져오던 것을) 끝내다, (인연 등을) 끊다""라는 뜻의 타동사입니다. 예문) 害虫を絶やす 해충을 없애다 大切なラベンダーの原種を絶やしてしまった 소중한 라벤더 원종을 절멸시켜 버렸다 縁を絶つ 인연을 끊다 交わりを絶つ 교제를 끊다 命を絶つ 목숨을 끊다 唯一の望みが絶たれる 유일한 희망이 끊어지다 交通事故が後を絶たない 교통사고가 끊이지 않다 참고)絶つ、断つ의 차이점 아래 예문을 참조해 주세요. 예문) 鎖を断つ 쇠사슬을 끊다 酒を断つ 술을 끊다 消息がなくて交流が断たれた 소식이 없어서 교류가 끊어졌다(언제든 다시 이어질 수 있음) あいつとの関係は絶つようにしたほうがいい 그녀석과의 관계는 끊는 것이 좋다(영구적으로 관계를 끊는 것을 의미) 唯一の望みが絶たれる 유일한 희망이 끊어지다 命を絶つ 목숨을 끊다",no
198,N2,押,누를 압,"""누를 압"". 누르다, 억누르다",オウ,お(す)、お(さえる),"押 = 扌 + 甲。 「扌」는 ""손""을 뜻합니다. 甲(""갑옷 갑"")은 ""갑옷""을 뜻하는 상용한자입니다. 甲는 ""거북의 등딱지와 꼬리""를 그린 상형문자입니다. ""단단한 거북의 등딱지"" -> ""갑옷""이라는 의미입니다. 押는 ""갑옷(甲)을 꽉 눌러(扌) 입다"" -> ""누르다, 억누르다""라는 뜻의 글자입니다.",음독은 オウ입니다. 특별한 점은 없습니다.,"押す는 ""밀다, 누르다""라는 뜻의 타동사입니다. 押さえる는 ""누르다, 억누르다""라는 뜻의 2그룹 타동사입니다. 둘의 차이점은 다음과 같습니다. 아래 예문을 참조해 주세요. 예문) ベルを押す 벨을 누르다 ボタンを押す 버튼을 누르다 両手で帽子を押さえる 양손으로 모자를 누르다 石で紙を押さえておく 돌로 종이를 눌러두다",no
199,N2,倒,넘어질 도,"""넘어질 도"". 넘어지다, 쓰러지다",トウ,たお(れる)、たお(す),"倒 = 亻 + 至 + 刂。 「亻」는 ""사람""을 뜻합니다. 至(""이를 지"")는 ""화살이 과녁에 날아가 박힌 모습""을 그린 상용한자입니다. 至 =𠫔 + 土。 𠫔는 여기서는 ""과녁""을 그린 모양자입니다. 土는 여기서는 ""(과녁에 날아가 박힌) 화살""을 그린 모양자입니다. 至는 ""화살(土)이 과녁(𠫔)에 날아가 박히다"" -> ""이르다, 극에 달하다, 도달하다""라는 뜻의 글자입니다. 「刂」는 ""칼""을 뜻합니다. 倒는 ""사람(亻)이 화살(至)과 칼(刂)에 맞아 쓰러지다"" -> ""넘어지다, 쓰러지다""라는 뜻의 글자입니다.",음독은 トウ입니다. 특별한 점은 없습니다.,"倒れる는 ""쓰러지다, 넘어지다""라는 뜻의 2그룹 자동사입니다. 倒す는 ""쓰러뜨리다, 넘어뜨리다""라는 뜻의 타동사입니다. 예문) 子供が倒れる 아이가 넘어지다 過労で倒れる 과로로 쓰러지다 花瓶を倒す 꽃병을 넘어뜨리다 強敵を倒す 강적을 쓰러뜨리다",no
200,N2,了,마칠 료,"""마칠 료"". 마치다, 끝내다",リョウ,,"了는 ""갓 태어나 몸을 웅크리고 있는 아이""를 그린 상형문자입니다. (子에서 양 팔을 몸에 붙인 형태로 생각하시면 됩니다.) ""출산을 마치다"" -> ""마치다, 끝내다""라는 의미입니다.",음독은 リョウ입니다. 특별한 점은 없습니다.,了의 정식 훈독은 없습니다.,no
201,N2,庁,관청 청,"""관청 청"". 관청",チョウ,,"庁 = 广 + 丁。 (의미부)「广」는 ""건물, 집""을 뜻합니다. (소리부)「丁」(チョウ)는 여기서는 소리부의 역할만 하고 있습니다. 庁는 ""큰 건물(广)"" -> ""관청""이라는 뜻의 글자입니다(丁는 소리부).",음독은 チョウ입니다. 특별한 점은 없습니다.,庁의 정식 훈독은 없습니다.,no
202,N2,城,재 성,"""재 성"". 성(castle)",ジョウ,しろ,"城 = 土 + 成。 (의미부)「土」는 ""흙""을 뜻합니다. (소리부 겸 의미부)「成」(ジョウ)는 ""이루다, 성취하다""라는 뜻입니다. 城는 ""흙(土)을 높이 쌓아 성벽을 완성시키다(成)"" -> ""성""이라는 뜻의 글자입니다. (成는 소리부도 겸함)",음독은 ジョウ입니다. 특별한 점은 없습니다.,"城는 ""성"" 을 뜻합니다.",no
203,N2,層,층 층,"""층 층"". 층, 계급",ソウ,,"層 = 尸 + 曽。 (의미부)「尸」는 ""집, 지붕""을 뜻합니다. (소리부 겸 의미부)「曽」(ソウ)는 ""쌓이다""라는 뜻입니다. 層는 ""층층이 쌓인(曽) 건물(尸)"" -> ""층, 계급""이라는 뜻의 글자입니다. (曽는 소리부도 겸함)",음독은 ソウ입니다. 특별한 점은 없습니다.,層의 정식 훈독은 없습니다.,no
204,N2,版,판목 판,"""판목 판"". 판, 출판, 장부",ハン,,"版 = 片 + 反。 (의미부)片(""조각 편"")은 ""나무판자를 이어붙인 모습""을 그린 상용한자입니다. 片는 ""나무판자를 이어붙인 모습""을 그린 상형문자입니다. ""판자 조각"" -> ""조각, 파편""이라는 의미입니다. (소리부)「反」(ハン)은 여기서는 소리부의 역할만 하고 있습니다. 版는 ""글자를 새겨놓은 인쇄용 나무판(片)"" -> ""판, 출판, 장부""라는 뜻의 글자입니다(反는 소리부).",음독은 ハン입니다. 특별한 점은 없습니다.,版의 정식 훈독은 없습니다.,no
205,N2,絡,이을 락,"""이을 락"". 잇다, 동여매다, 얽다",ラク,から(む)、から(まる)、から(める),"絡 = 糸 + 各。 「糸」는 ""실""을 뜻합니다. 「各」는 ""각자, 각각""을 뜻합니다. 絡는 ""각자(各) 떨어져있던 것들을 하나로 잇다(糸)"" -> ""잇다, 동여매다, 얽다""라는 뜻의 글자입니다.",음독은 ラク입니다. 특별한 점은 없습니다.,"1.絡む、絡まる 絡む、絡まる는 둘 다 ""휘감기다, 얽히다, 밀접한 관련이 있다""라는 뜻의 자동사입니다. 차이점은 다음과 같습니다. 아래 예문을 참조해 주세요. 예문) つるが垣根に絡む 덩굴이 울타리에 휘감기다 その件には金銭問題が絡んでいる 그 일에는 금전 문제가 얽혀 있다 選挙に絡んだ犯罪선거에 관련된 범죄 糸が絡まって解けない 실이 얽혀서 풀리지 않는다 釣り糸が絡まる 낚싯줄이 뒤얽히다 面倒なことに絡まる 귀찮은 일에 얽히다 2.絡める 絡める는 ""휘감다, 얽다, 묻히다/바르다, 관련시키다""라는 뜻의 2그룹 타동사입니다. 예문) 腕を絡める 팔을 휘감다 足を絡めて倒す 다리를 감아서 쓰러뜨리다 砂糖を絡める 설탕을 묻히다 油を絡めて焼く 기름을 발라 굽다 他の条件も絡めて考える 다른 조건도 결부시켜 생각하다 税制問題と絡めて審議する 세제 문제와 결부시켜 심의하다",no
206,N2,損,덜 손,"""덜 손"". 손해보다, 상처내다",ソン,そこ(なう)、そこ(ねる),"損 = 扌 + 員。 「扌」는 ""손""을 뜻합니다. 「員」는 ""인원, 점원""을 뜻합니다. 損는 ""매출 감소로 인원수(員)를 덜어내다(扌)"" -> ""손해보다, 상처내다""라는 뜻의 글자입니다.",음독은 ソン입니다. 특별한 점은 없습니다.,"損なう는 ""손상하다, 파손하다, 해치다""라는 뜻의 타동사입니다. 損ねる는 ""손상하다, 파손하다, 해치다""라는 뜻의 2그룹 타동사입니다. 둘 사이에 의미의 차이는 거의 없으나, 굳이 따지자면 다음과 같습니다(엄밀한 차이는 아닙니다). 아래 예문을 참조해 주세요. 예문) 友人の感情を損なう 친구의 감정을 상하게 하다 美観を損なう 미관을 해치다 健康を損ねる 건강을 해치다 美観を損ねる 미관을 해치다",no
207,N2,募,모을 모,"""모을 모"". 모집하다, 뽑다",ボ,つの(る),"募 = 莫 + 力。 (소리부 겸 의미부)「莫」(ボ)는 ""없다""라는 뜻의 글자입니다(링크 참조). (의미부)「力」는 ""힘""을 뜻합니다. 募는 ""인력(力)이 부족해(莫) 사람을 모집하다"" -> ""모집하다, 뽑다""라는 뜻의 글자입니다. (莫는 소리부도 겸함)",음독은 ボ입니다. 특별한 점은 없습니다.,"募る는 ""모집하다, 모으다""라는 뜻의 타동사입니다.",no
208,N2,裏,속 리,"""속 리"". 내부, 뒷면, 이면",リ,うら,"裏 = 衣 + 里。 (의미부)「衣」는 ""옷""을 뜻합니다. (소리부 겸 의미부)「里」(リ)는 ""마을""을 뜻합니다. 여기서는 ""마을 안"" -> ""안쪽, 내부""라는 뜻입니다. 裏는 ""옷(衣)의 안쪽(里)"" -> ""내부"" -> ""뒷면, 이면""이라는 뜻의 글자입니다. (里는 소리부도 겸함)",음독은 リ입니다. 특별한 점은 없습니다.,"裏는 ""뒤, 뒷면, 뒤쪽""을 뜻합니다.",no
209,N2,払,떨칠 불,"""떨칠 불"". 떨쳐내다, 털어버리다",フツ,はら(う),"払 = 扌 + 厶。 「扌」는 ""손""을 뜻합니다. 「厶」는 ""팔을 안으로 굽힌 모습""을 그린 글자입니다. 払는 ""손(扌)으로 닦아내다(厶)"" -> ""떨쳐내다, 털어버리다""라는 뜻의 글자입니다.",음독은 フツ입니다. 특별한 점은 없습니다.,"払う는 ""(불필요한 것을)제거하다, 없애다, 털어내다""라는 뜻의 타동사입니다. 예문) 木の下枝を払う 나무의 잔가지를 제거하다 本棚のほこりを払う 책장의 먼지를 털어내다 裏切り者を追い払う 배신자를 내쫓다",no
210,N2,仏,부처 불,"""부처 불"". 부처",ブツ,ほとけ,"仏 = 亻 + 厶。 「亻」는 ""사람""을 뜻합니다. 「厶」는 ""팔을 안으로 굽힌 모습""을 그린 글자입니다. 仏는 ""모두를 포용하는(厶) 부처님(亻)의 자비"" -> ""부처""라는 뜻의 글자입니다.",음독은 ブツ입니다. 특별한 점은 없습니다.,"仏는 ""부처""라는 뜻입니다.",no
211,N2,績,길쌈할 적,"""길쌈할 적"". 성과, 업적, 실을 뽑다",セキ,,"績 = 糸 +龶 + 貝。 「糸」는 ""실""을 뜻합니다. 龶는 여기서는 ""무언가가 쌓여있는 모습""을 그린 모양자입니다. 「貝」는 ""돈, 재물""을 뜻합니다. 績는 ""실(糸)을 짜서 많은(龶) 돈을(貝) 벌다"" -> ""실을 뽑다, 성과, 업적""이라는 뜻의 글자입니다.",음독은 セキ입니다. 특별한 점은 없습니다.,績의 정식 훈독은 없습니다.,no
212,N2,築,쌓을 축,"""쌓을 축"". 쌓다, 짓다",チク,きず(く),"築 = 𥫗 + 工 + 凡 + 木。 (소리부 겸 의미부)「𥫗」(チク)는 ""대나무""를 뜻합니다. (의미부)「工」는 ""공작, 가공, 공정""을 뜻합니다. (의미부)凡(""무릇 범"")은 ""평범하다""라는 뜻의 상용한자입니다. 凡는 ""나무판자""를 그린 상형문자입니다. ""아무데나 있는 나무판자"" -> ""평범하다""라는 의미입니다. (의미부)「木」는 ""나무""를 뜻합니다. 筑는 ""대나무(𥫗)와 목재(木)로 집을 쌓는(工)평범한(凡) 공사장 인부들"" -> ""쌓다, 짓다""라는 뜻의 글자입니다. (𥫗는 소리부도 겸함)",음독은 チク입니다. 특별한 점은 없습니다.,"築く는 ""쌓다, 구축하다, 쌓아 올리다""라는 뜻의 타동사입니다. 예문) 土台を築く 토대를 쌓다(구축하다) 城を築く 성을 쌓다 信用を築く 신용을 쌓다 信頼関係を築く 신뢰 관계를 구축하다 新しい家庭を築く 새로운 가정을 이루다",no
213,N2,志,뜻 지,"""뜻 지"". 목적, 목표",シ,こころざ(す)、こころざし,"志 = 士 + 心。 (소리부 겸 의미부)士(シ - ""선비 사"")는 ""선비, 무사""를 뜻하는 상용한자입니다. 士는 ""고대에 무사들이 허리에 차고 다니던 무기""를 그린 상형문자입니다. ""무사를 상징하는 무기"" -> ""무사, 선비""라는 의미입니다. (의미부)「心」는 ""마음""을 뜻합니다. 志는 ""선비(士)가 마음(心)에 품은 높은 뜻"" -> ""목적, 목표""라는 뜻의 글자입니다. (士는 소리부도 겸함)",음독은 シ입니다. 특별한 점은 없습니다.,"志す는 ""뜻하다, 뜻을 두다""라는 뜻의 자동사 겸 타동사입니다. 志는 ""뜻, 마음""을 뜻합니다. 예문) 学問に志す 학문에 뜻을 두다 作家を志す 작가를 지망하다 志を立てる 뜻을 세우다 志を遂げる 뜻을 이루다 참고) 「こころざす」는 「心(마음) +指す(가리키다)」에서 유래한 단어입니다.",no
214,N2,混,섞을 혼,"""섞을 혼"". 섞다, 섞이다, 혼잡한",コン,ま(じる)、ま(ざる)、ま(ぜる)、こ(む),"混 = 氵 + 日 + 比。 「氵」는 ""물""을 뜻합니다. 「日」는 ""태양""을 뜻합니다. 「比」는 본래 ""나란히 서 있는 사람들""을 그린 글자입니다(링크 참조). 混는 ""더위(日)를 피해 다함께 강물(氵)에 뛰어든 사람들(比)""이라는 뜻입니다. ""한데 뒤섞여 물놀이하는 사람들"" -> ""섞다, 섞이다, 혼잡한""이라는 의미입니다.",음독은 コン입니다. 특별한 점은 없습니다.,"1.混じる、混ざる 混じる、混ざる는 둘 다 ""섞이다""라는 뜻의 1그룹 자동사입니다. 예문) 異物が混じる 이물질이 섞이다 砂にセメントが混じる 모래에 시멘트가 섞이다 雑音が混ざって聞こえない 잡음이 섞여서 들리지 않는다 2.混ぜる 混ぜる는 ""혼합하다, 넣어 섞다""라는 뜻의 2그룹 타동사입니다. 예문) 酒に水を混ぜる 술에 물을 섞다 絵の具を混ぜる 그림물감을 섞다 3.混む 混む는 ""붐비다, 혼잡하다""라는 뜻의 자동사입니다. 예문) 混んだ電車の中혼잡한 전철 안 참고) 「混じる・混ざる・混ぜる」와 「交じる・交ざる・交ぜる」의 차이 아래 예문을 참조해 주세요. 예문) 砂にセメントが混じる 모래에 시멘트가 섞이다 絵の具を混ぜる 그림물감을 섞다 大人の中に交じっている子供어른들 사이에 섞여 있는 아이 漢字を交ぜて書く 한자를 섞어서 쓰다",no
215,N2,昇,오를 승,"""오를 승"". 오르다, 상승하다",ショウ,のぼ(る),"昇 = 日 + 升。 「日」는 ""태양""을 뜻합니다. 升는 여기서는 ""양손으로 떠받치는 모습""을 그린 모양자입니다. 日는 ""태양(日)이 하늘로 떠오르다(升)"" -> ""오르다, 상승하다""라는 뜻의 글자입니다.",음독은 ショウ입니다. 특별한 점은 없습니다.,"昇る는 ""(높이) 떠오르다""라는 뜻의 자동사입니다. 예문) 日が昇る 해가 떠오르다 天に昇る 하늘 높이 떠오르다",no
216,N2,勤,부지런할 근,"""부지런할 근"". 근면하다, 근무하다",キン、ゴン,つと(める)、つと(まる),"勤 = 堇 + 力。 (소리부 겸 의미부)「堇」(キン)은 ""처벌, 형벌""을 뜻하는 글자입니다(링크 참조). (의미부)「力」는 ""힘""을 뜻합니다. 勤는 ""처벌(堇)받지 않기 위해 열심히(力) 일하다"" -> ""근면하다, 근무하다""라는 뜻의 글자입니다. (堇는 소리부(キン -> キン・ゴン)도 겸함)",음독은 キン、ゴン입니다. 그러나 절대다수는 キン으로 읽습니다. ゴン은 일부 예외적인 단어에만 쓰이는 음독입니다.,"勤める는 ""근무하다, 종사하다""라는 뜻의 2그룹 타동사입니다. 勤まる는 ""잘 수행할 수 있다, 감당해 낼 수 있다""라는 뜻의 자동사입니다.",no
217,N2,遅,늦을 지,"""늦을 지"". 늦다, 더디다",チ,おく(れる)、おく(らす)、おそ(い),"遅 = ⻌ + 尸 + 羊。 「⻌」는 ""길""을 뜻합니다. 「尸」는 ""앉다""라는 뜻입니다. 「羊」는 ""양""을 뜻합니다. 遅는 ""양(羊)을 타고(尸) 길을 가다(⻌)"" ->""늦다, 더디다""라는 뜻의 글자입니다.",음독은 チ입니다. 특별한 점은 없습니다.,"遅れる는 ""늦다""라는 뜻의 2그룹 자동사입니다. 遅らす는 ""늦추다""라는 뜻의 타동사입니다. 遅い는 ""느리다""라는 뜻의 형용사입니다.",no
218,N2,居,살 거,"""살 거"". 살다, 거주하다",キョ,い(る),"居 = 尸 + 古。 (의미부)「尸」는 ""집, 지붕""을 뜻합니다. (소리부 겸 의미부)「古」(コ)는 ""오래되다, 낡다""라는 뜻입니다. 居는 ""오랫동안(古) 살아온 집(尸)"" -> ""살다, 거주하다""라는 뜻의 글자입니다. (古는 소리부(コ -> キョ)도 겸함)",음독은 キョ입니다. 특별한 점은 없습니다.,"居る는 ""살고 있다, 머무르고 있다""라는 뜻의 2그룹 자동사입니다.",no
219,N2,雑,섞일 잡,"""섞일 잡"". 잡다한, 뒤섞인, 난잡한, 잡스러운",ザツ、ゾウ,,"雑 = 九 + 木 + 隹。 「九」는 ""9""를 뜻합니다. 「木」는 ""나무""를 뜻합니다. 「隹」는 ""새""를 뜻합니다. 雑는 ""나무(木) 위에 앉아있는 아홉(九) 종류의 새(隹)""라는 뜻입니다. ""여러 종류의 잡다한 새들"" -> ""잡다한, 뒤섞인, 잡스러운""이라는 의미입니다.",음독은 ザツ、ゾウ입니다. 사용 빈도는 ザツ가 더 높으나 특별한 구분법은 없습니다.,雑의 정식 훈독은 없습니다.,no
220,N2,招,부를 초,"""부를 초"". 초대하다, 부르다",ショウ,まね(く),"招 = 扌 + 召。 (의미부)「扌」는 ""손""을 뜻합니다. (소리부 겸 의미부)召(ショウ - 부를 소)는 ""부르다""라는 뜻의 상용한자입니다. 召 = 刀 + 口。 「刀」는 ""칼""을 뜻합니다. 「口」는 ""입""을 뜻합니다. 옛사람들은 ""입은 화를 부르는 문이며, 혀는 몸을 베는 칼이다""라고 경계했다고 합니다. 召는 ""말실수(口)가 화(刀)를 부르다"" -> ""부르다""라는 뜻의 글자입니다. 招는 ""손짓해서(扌) 부르다(召)"" -> ""초대하다, 부르다""라는 뜻의 글자입니다. (召는 소리부도 겸함)",음독은 ショウ입니다. 특별한 점은 없습니다.,"招く는 ""초대하다, 손짓하며 부르다""라는 뜻의 타동사입니다. 예문) 友達を招く 친구들을 초대하다 手を振って招く 손을 흔들어 부르다",no
221,N2,困,곤할 곤,"""곤할 곤"". 곤란하다",コン,こま(る),"困 = 囗 + 木。 囗는 여기서는 ""출입구""를 그린 모양자입니다. 「木」는 ""나무""를 뜻합니다. 困는 ""출입구(囗)를 가로막은 나무(木)"" -> ""장애물"" -> ""곤란하다""라는 뜻의 글자입니다.",음독은 コン입니다. 특별한 점은 없습니다.,"困る는 ""곤란하다""라는 뜻의 자동사입니다.",no
222,N2,永,길 영,"""길 영"". 기나긴, 영원의",エイ,なが(い),"永는 ""길게 굽이쳐 흐르는 강""을 그린 상형문자입니다. ""길다란 강"" -> ""길다, 영원하다""라는 의미입니다.",음독은 エイ입니다. 특별한 점은 없습니다.,"永い는 ""(세월/시간이) 아주 오래다, 영원하다""라는 뜻의 형용사입니다.",no
223,N2,著,나타날 저,"""나타날 저"". 현저하다, 저명하다, 저술하다",チョ,あらわ(す)、いちじる(しい),"著 = 艹 + 者。 「艹」는 ""풀""을 뜻합니다. 「者」는 ""사람""을 뜻합니다. 著는 ""월계관(艹)을 쓴 사람(者)"" -> ""현저하다, 저명하다""라는 뜻의 글자입니다.",음독은 チョ입니다. 특별한 점은 없습니다.,"著す는 ""저술하다""라는 뜻의 타동사입니다. 著しい는 ""현저하다, 두드러지다, 명백하다""라는 뜻의 형용사입니다. 예문) 彼は多くの名著を著した 그는 많은 명저를 저술했다 成績が著しく伸びた 성적이 눈에 띄게(현저히) 향상되었다 著しい活躍を見せる 두드러진 활약을 보이다 犯罪の発生件数が著しく減少した 범죄 발생 건수가 현저히 감소했다",no
224,N2,誌,기록할 지,"""기록할 지"". 기록하다, ~지(잡지 등)",シ,,"誌 = 言 + 志。 (의미부)「言」는 ""말하다""라는 뜻입니다. (소리부 겸 의미부)「志」(シ)는 ""목적, 목표""를 뜻합니다. 誌는 ""목표(志)를 말(言)로 써서 기록해두다"" -> ""기록하다""라는 뜻의 글자입니다. (志는 소리부도 겸함)",음독은 シ입니다. 특별한 점은 없습니다.,誌의 정식 훈독은 없습니다.,no
225,N2,刊,새길 간,"""새길 간"". 출판하다, 간행하다",カン,,"刊 = 干 + 刂。 (소리부 겸 의미부)干(カン - ""방패 간"")은 ""방패""를 뜻하는 상용한자입니다. 干는 ""고대에 쓰이던 방패""를 본따 그린 상형문자입니다. (의미부)「刂」는 ""칼""을 뜻합니다. 刊는 ""방패(干) 모양의 나무판에 글자를 새겨(刂) 인쇄하다"" -> ""간행하다, 출판하다""라는 뜻의 글자입니다. (干는 소리부도 겸함)",음독은 カン입니다. 특별한 점은 없습니다.,刊의 정식 훈독은 없습니다.,no
226,N2,像,모양 상,"""모양 상"". 형체, 형상",ゾウ,,"像 = 亻 + 象。 (의미부)「亻」는 ""사람""을 뜻합니다. (소리부 겸 의미부)「象」(ゾウ)는 ""형상""을 뜻합니다. 像는 ""사람(亻)을 본뜬 형상(象)"" -> ""형체, 형상""이라는 뜻의 글자입니다. (象는 소리부도 겸함) 참고) 象와 像의 차이에 대해서는 아래 설명을 참조해 주세요.",음독은 ゾウ입니다. 특별한 점은 없습니다.,像의 정식 훈독은 없습니다.,no
227,N2,香,향기 향,"""향기 향"". 향기",コウ、キョウ,か、かお(り)、かお(る),"香 = 禾 + 日。 「禾」는 ""곡식""을 뜻합니다. 「日」는 ""태양""을 뜻합니다. 香는 ""가을 햇빛(日) 아래 곡식(禾)이 익어가는 냄새"" -> ""향기""라는 뜻의 글자입니다.",음독은 コウ、キョウ입니다. 사용 빈도는 コウ가 훨씬 높습니다. キョウ는 일부 예외적인 단어에만 쓰이는 음독입니다.,"香り는 ""향기""라는 뜻입니다. 香る는 ""향기가 나다""라는 뜻의 자동사입니다.",no
228,N2,更,고칠 경/다시 갱,"""고칠 경/다시 갱"". 고치다, 갱신하다",コウ,さら、ふ(ける)、ふ(かす),"更는 ""회초리를 든 손 + 두 다리""를 그린 상형문자입니다. ""잘못을 저지른 아이를 회초리로 때리다"" -> ""바로잡다, 고치다""라는 의미입니다.",음독은 コウ입니다. 특별한 점은 없습니다.,"更ける는 ""(밤/계절 등이) 깊어지다, 한창이다""라는 뜻의 2그룹 자동사입니다. 更かす는 ""밤늦도록 안 자다, 밤을 새우다""라는 뜻의 타동사입니다.",no
229,N2,刻,새길 각,"""새길 각"". 새기다, 썰다, 조각하다",コク,きざ(む),"刻 = 亥 + 刂。 「亥」는 ""도축/가공된 돼지""를 뜻하는 글자입니다(링크 참조). 「刂」는 ""칼""을 뜻합니다. 刻는 ""돼지(亥)를 칼(刂)로 잘라 가공하다"" -> ""새기다, 썰다, 조각하다""라는 뜻의 글자입니다.",음독은 コク입니다. 특별한 점은 없습니다.,"刻む는 ""새기다, 조각하다, 썰다""라는 뜻의 타동사입니다. 예문) 文字を刻む 글자를 새기다 心に刻む 마음에 새기다 仏像を刻む 불상을 조각하다 野菜を刻む 야채를 잘게 썰다 刻んだネギ 잘게 썬 파",no
230,N2,賛,도울 찬,"""도울 찬"". 돕다, 칭찬하다",サン,,"賛 = 夫 + 夫 + 貝。 「夫」는 ""남편, 성인 남성""을 뜻합니다. 「貝」는 ""돈, 재물""을 뜻합니다. 賛는 ""가장들끼리(夫+夫) 서로 재정적(貝) 도움을 주고받다"" -> ""돕다, 칭찬하다""라는 뜻의 글자입니다.",음독은 サン입니다. 특별한 점은 없습니다.,賛의 정식 훈독은 없습니다.,no
231,N2,抱,안을 포,"""안을 포"". 안다, 품다",ホウ,だ(く)、いだ(く)、かか(える),"抱 = 扌 + 包。 (의미부)「扌」는 ""손""을 뜻합니다. (소리부 겸 의미부)「包」(ホウ)는 ""감싸다""라는 뜻입니다. 抱는 ""손(扌)으로 감싸안다(包)"" -> ""안다, 품다""라는 뜻의 글자입니다. (包는 소리부도 겸함)",음독은 ホウ입니다. 특별한 점은 없습니다.,"1.抱く 抱く는 ""(물리적으로) 끌어안다, 품다""라는 뜻의 타동사입니다. 예문) 子供を抱く 아이를 끌어안다 人形を抱いて寝る 인형을 끌어안고 자다 女を抱く 여자를 안다 2.抱く 抱く는 ""(생각/기분 등을 마음속에) 품다""라는 뜻의 타동사입니다. 예문) 希望を抱く 희망을 품다 俺は彼に疑いを抱いている 나는 그에게 의심을 품고 있다 不満を抱いている 불만을 품고 있다 3.抱える 抱える는 ""(운반/지탱하기 위해) 부둥켜안다, (문제/책임 등을) 끌어안고 있다""라는 뜻의 2그룹 타동사입니다. 예문) 荷物を抱えている 짐을 부둥켜안고 있다 頭を抱えて考える 머리를 감싸쥐고 생각하다 手いっぱい仕事を抱えている 일을 한가득 떠맡고 있다 妻子を抱える 처자식을 거느리다",no
232,N2,犯,범할 범,"""범할 범"". 어기다, 범하다",ハン,おか(す),"犯 = 犭 + 㔾。 「犭」는 ""개""를 뜻합니다. 「㔾」는 ""무릎꿇은 사람""을 뜻합니다. 犯는 ""개(犭)가 사람을 공격해 쓰러뜨리다(㔾)""-> ""어기다, 범하다""라는 뜻의 글자입니다.",음독은 ハン입니다. 특별한 점은 없습니다.,"犯す는 ""(죄 등을) 범하다""라는 뜻의 타동사입니다.",no
233,N2,布,베/펼 포,"""베/펼 포"". 직물, 천, 베풀다, 퍼지다, 펴다",フ,ぬの,"布 = 𠂇 + 巾。 「𠂇」는 ""손""을 뜻합니다. 「巾」는 ""수건, 천""을 뜻합니다. 布는 ""삼베(巾)를 손으로(𠂇) 넓게 펴다"" -> ""직물, 천, 퍼지다, 펴다, 베풀다""라는 뜻의 글자입니다.",음독은 フ입니다. 특별한 점은 없습니다.,"布는 ""직물, 천""을 뜻합니다.",no
234,N2,恐,두려울 공,"""두려울 공"". 두려워하다",キョウ,おそ(れる)、おそ(ろしい),"恐 = 工 + 凡 + 心。 「工」는 ""공작, 가공, 공정""을 뜻합니다. 凡(""무릇 범"")은 ""평범하다""라는 뜻의 상용한자입니다. 凡는 ""나무판자""를 그린 상형문자입니다. ""아무데나 있는 나무판자"" -> ""평범하다""라는 의미입니다. 「心」는 ""마음""을 뜻합니다. 恐는 ""위험한 공사(工)에 강제로 동원된 평범한(凡) 인부들이 마음 속으로(心) 느끼는 공포"" -> ""두려워하다""라는 뜻의 글자입니다.",음독은 キョウ입니다. 특별한 점은 없습니다.,"恐れる는 ""두려워하다, 무서워하다, 걱정하다""라는 뜻의 2그룹 자동사입니다. 恐ろしい는 ""두렵다, 걱정스럽다, 심하다/대단하다""라는 뜻의 형용사입니다. 예문) 失敗を恐れない人실패를 두려워하지 않는 사람 挑戦することを恐れるな 도전하는 것을 두려워하지 마라 恐ろしい話を聞いた 무서운 이야기를 들었다 人間の執念は恐ろしいものだ 인간의 집념은 무서운 법이다",no
235,N2,宇,집 우,"""집 우"". 지붕, 집, 우주",ウ,,"宇 = 宀 + 于。 「宀」는 ""집""을 뜻합니다. 于는 여기서는 ""지붕을 떠받치는 기둥""을 그린 모양자입니다. 宇는 ""기둥(于) 위에 올려진 지붕(宀)"" -> ""지붕, 집, 우주""라는 뜻의 글자입니다.",음독은 ウ입니다. 특별한 점은 없습니다.,宇의 정식 훈독은 없습니다.,no
236,N2,戻,어그러질 려,"""어그러질 려"". 돌려보내다",レイ,もど(す)、もど(る),"戻 = 戸 + 大。 「戸」는 ""집, 출입구""를 뜻합니다. 「大」는 본래 ""사람""을 그린 글자입니다. 戻는 ""문(戸) 앞에서 거절당하고 돌아가는 사람(大)"" -> ""돌아가다, 돌려보내다""라는 뜻의 글자입니다.",음독은 レイ입니다. 특별한 점은 없습니다.,"戻す는 ""(본래의 자리/상태로) 되돌리다, 갚다""라는 뜻의 타동사입니다. 戻る는 ""(본래의 자리/상태로) 되돌아가다, 되돌아오다""라는 뜻의 자동사입니다. 예문) 本を書庫に戻す 책을 서고에 되돌리다 契約を白紙に戻す 계약을 백지로 되돌리다 席に戻る 자리로 되돌아오다 来た道を戻る 왔던 길을 되돌아가다 意識が戻る 의식이 돌아오다 盗まれた物が戻る 도둑맞은 물건이 되돌아오다",no
237,N2,巨,클 거,"""클 거"". 크다",キョ,,"巨는 ""거대한 자로 나무의 길이를 재는 사람""을 그린 상형문자입니다. ""나무의 길이를 잴 만큼 거대한 자"" -> ""크다""라는 의미입니다.",음독은 キョ입니다. 특별한 점은 없습니다.,巨의 정식 훈독은 없습니다.,no
238,N2,震,우레 진,"""우레 진"". 흔들리다, 떨리다, 지진",シン,ふる(う)、ふる(える),"震 = 雨 + 辰。 (의미부)「雨」는 ""비""를 뜻합니다. (소리부 겸 의미부)「辰」(シン)은 ""쟁기, 농기구""를 뜻합니다. 震는 ""농기구(辰)를 땅에 강하게 내리쳐 천둥이 치듯(雨)땅이 울리다""-> ""흔들리다, 떨리다, 지진""이라는 뜻의 글자입니다. (辰는 소리부도 겸함)",음독은 シン입니다. 특별한 점은 없습니다.,"震える는 ""흔들리다, 떨리다""라는 뜻의 2그룹 자동사입니다. 震う는 ""흔들리다, 떨리다""라는 뜻의 자동사입니다. 이 동사는 원형으로는 쓰이지 않고震わせる의 형태로만 쓰이는 동사입니다. 예문) 寒くて震える 추워서 (몸이) 떨리다 怒りに震える 분노에 떨리다 緊張して声が震える 긴장해서 목소리가 떨리다 声を震わせる 목소리를 떨다 怒りで体を震わせる 분노로 몸을 떨다",no
239,N2,越,넘을 월,"""넘을 월"". 넘다, 능가하다",エツ,こ(す)、こ(える),"越 = 走 + 戉。 「走」는 ""달리다""라는 뜻입니다. 戉는「戊」가 살짝 변형된 것으로, ""창""을 뜻합니다. 越는 ""창(戉)을 들고 담을 뛰어넘어(走) 돌격하다"" -> ""넘다, 능가하다""라는 뜻의 글자입니다.",음독은 エツ입니다. 특별한 점은 없습니다.,"越す는 ""넘다, 넘어가다, 건너다""라는 뜻의 타동사입니다. 越える는 ""넘다, 넘어가다, 건너다, 넘기다""라는 뜻의 2그룹 자동사입니다. 참고) 「超す・超える」와「越す・越える」의 차이 아래 예문을 참조해 주세요. 예문) 世界記録を超える 세계 기록을 넘어서다 定員を超える 정원을 넘어서다 限界を超える 한계를 초월하다 国境を越える 국경을 넘어가다 ハードルを越える 허들을 넘어가다 年を越す 해를 넘기다",no
240,N2,欲,하고자 할 욕,"""하고자 할 욕"". 탐내다, 욕심",ヨク,ほっ(する)、ほ(しい),"欲 = 谷 + 欠。 「谷」는 ""계곡""을 뜻합니다. 「欠」는 ""입을 벌린 사람""을 뜻합니다. 欲는 ""계곡물(谷)을 전부 받아마시려는(欠) 사람""이라는 뜻입니다. ""터무니없는 욕심을 부리다"" -> ""탐내다, 욕심""이라는 의미입니다.",음독은 ヨク입니다. 특별한 점은 없습니다.,"欲しい는 ""원하다, 바라다, 하고 싶다""라는 뜻의 형용사입니다. 欲する는 ""원하다, 바라다, 하고 싶다""라는 뜻의 타동사입니다.",no
241,N2,痛,아플 통,"""아플 통"". 아프다, 고통",ツウ,いた(い)、いた(む)、いた(める),"痛 = 疒 + 甬。 「疒」는 ""질병, 질환""을 뜻합니다. 「甬」는 ""종""을 뜻합니다. 痛는 ""종소리(甬)가 울려퍼지듯 온몸에 고통(疒)이 울려퍼지다"" -> ""아프다, 고통""이라는 뜻의 글자입니다.",음독은 ツウ입니다. 특별한 점은 없습니다.,"痛い는 ""아프다, 괴롭다""라는 뜻의 형용사입니다. 痛む는 ""아프다, 괴롭다""라는 뜻의 자동사입니다. 痛める는 ""다치다, 상하다""라는 뜻의 2그룹 타동사입니다. 예문) 歯が痛い 이가 아프다 痛いところを突かれる 아픈 데를 찔리다 心が痛む 마음이 아프다 傷が痛む 상처가 아프다 足を痛める 발을 다치다 腰を痛める 허리를 다치다",no
242,N2,触,닿을 촉,"""닿을 촉"". 닿다, 접하다",ショク,ふ(れる)、さわ(る),"触 = 角 + 虫。 「角」는 ""뿔""을 뜻합니다. 「虫」는 ""벌레""를 뜻합니다. 触는 ""장수풍뎅이(虫)의 뿔(角)을 만져보다"" -> ""만지다, 닿다, 접하다""라는 뜻의 글자입니다.",음독은 ショク입니다. 특별한 점은 없습니다.,"触れる는 ""접촉하다, 닿다""라는 뜻의 2그룹 자동사/타동사입니다. 触る는 ""접촉하다, 닿다, 관여하다, 기분을 상하게 하다""라는 뜻의 자동사입니다. 둘의 차이점은 다음과 같습니다. 아래 예문을 참조해 주세요. 예문) 手と手が触れる 손과 손이 닿다 軽く触れる 가볍게 닿다 展示品には触るな 전시품에는 손대지 말아라 誰も触りたがらない問題누구도 관여하고 싶어하지 않는 문제 神経に触る 신경에 거슬리다",no
243,N2,依,의지할 의,"""의지할 의"". 의지하다, 의존하다",イ、エ,,"依 = 亻 + 衣。 (의미부)「亻」는 ""사람""을 뜻합니다. (소리부 겸 의미부)「衣」(イ)는 ""옷""을 뜻합니다. 依는 ""사람(亻)은 옷(衣)에 의존해 추위를 막는다"" -> ""의지하다, 의존하다""라는 뜻의 글자입니다. (衣는 소리부(イ -> イ・エ)도 겸함)",음독은 イ、エ입니다. 사용 빈도는 イ가 훨씬 높습니다. エ는 일부 예외적인 단어에만 쓰이는 음독입니다.,依의 정식 훈독은 없습니다.,no
244,N2,汚,더러울 오,"""더러울 오"". 더럽다",オ,けが(す)、けが(れる)、けが(らわしい)、よご(す)、よご(れる)、きたな(い),"汚 = 氵 + 亐。 「氵」는 ""물""을 뜻합니다. 亐는 여기서는 ""구부러진 물길""을 그린 모양자입니다. 汚는 ""물길(氵)이 구부러져(亐) 흐름이 막히다"" ->""물이 고여서 썩다"" -> ""더럽다""라는 뜻의 글자입니다.",음독은 オ입니다. 특별한 점은 없습니다.,"1.汚す、汚れる、汚らわしい 汚す는 ""더럽히다, 모독하다""라는 뜻의 타동사입니다. 汚れる는 ""더러워지다, 더럽혀지다""라는 뜻의 2그룹 자동사입니다. 汚らわしい는 ""더럽다, 추잡스럽다""라는 뜻의 형용사입니다. (이 세 가지는 공통적으로 ""정신적/도덕적인 더러움""을 표현하는 단어들입니다.) 예문) 子供の純粋な心を汚す 아이의 순수한 마음을 더럽히다 家門の名誉を汚す 가문의 명예를 더럽히다 汚れた金더러운 돈(부정한 방법으로 얻은 돈) 名が汚れる 이름이 더럽혀지다 汚らわしい噂추잡스러운 소문 汚らわしい手を使うな 더러운 수법을 쓰지 마라 2.汚す、汚れる、汚い 汚す는 ""더럽히다""라는 뜻의 타동사입니다. 汚れる는 ""더러워지다""라는 뜻의 2그룹 자동사입니다. 汚い는 ""더럽다, 불결하다""라는 뜻의 형용사입니다. (이 세 가지는 물질/정신 양쪽에 모두 쓸 수 있으나, 주로 ""물질적인 더러움""을 표현하는 단어들입니다.) 예문) 空気を汚す 공기를 오염시키다 衣服を泥で汚す 옷을 흙으로 더럽히다 汚れた川오염된 강 車が汚れる 차가 더러워지다 汚い足더러운 발 汚い部屋지저분한 방",no
245,N2,枚,낱 매,"""낱 매"". 매수, 장수",マイ,,"枚 = 木 + 攵。 「木」는 ""나무""를 뜻합니다. 「攵」는 본래 ""막대기를 든 손""을 그린 글자입니다(링크 참조). 枚는 ""나무판자(木)를 한장한장 들어 넘기며(攵) 세다"" -> ""매수, 장수""라는 뜻의 글자입니다.",음독은 マイ입니다. 특별한 점은 없습니다.,枚의 정식 훈독은 없습니다.,no
246,N2,互,서로 호,"""서로 호"". 서로, 상호간의",ゴ,たが(い),"互는 ""같은 것 두 개가 위아래로 얽힌 모습"" -> ""서로, 상호간의""라는 뜻의 글자입니다.",음독은 ゴ입니다. 특별한 점은 없습니다.,"互い는 ""서로, 상호, 쌍방""이라는 뜻입니다.",no
247,N2,複,겹칠 복/부,"""겹칠 복/부"". 겹치다, 중복되다",フク,,"複 = 衤 + 复。 (의미부)「衤」는 ""옷, 옷감""을 뜻합니다. (소리부 겸 의미부)「复」(フク)는 ""되돌아가다""라는 뜻입니다. 複는 ""옷감(衤)을 여러 번 다시(复) 겹쳐 덧대다"" -> ""겹치다, 중복되다""라는 뜻의 글자입니다. (复는 소리부도 겸함)",음독은 フク입니다. 특별한 점은 없습니다.,複의 정식 훈독은 없습니다.,no
248,N2,郵,우편 우,"""우편 우"". 우편",ユウ,,"郵 = 垂 + ⻏。 垂(""드리울 수"")는 ""드리우다, 매달리다""라는 뜻의 상용한자입니다. 垂는 ""풀잎이 드리워져 있는 모습""을 그린 상형문자입니다. 「⻏」는 ""도시""를 뜻합니다. 郵는 ""편지 가방을 어깨에 늘어뜨리고(垂) 도시(⻏)를 달리는 배달부"" -> ""우편""이라는 뜻의 글자입니다.",음독은 ユウ입니다. 특별한 점은 없습니다.,郵의 정식 훈독은 없습니다.,no
249,N2,似,닮을 사,"""닮을 사"". 비슷하다, 닮다",ジ,に(る),"似 = 亻 + 以。 (의미부)「亻」는 ""사람""을 뜻합니다. (소리부)「以」(イ)는 여기서는 소리부(イ -> ジ)의 역할만 하고 있습니다. 似는 ""서로 닮은 사람(亻)"" -> ""비슷하다, 닮다""라는 뜻의 글자입니다(以는 소리부).",음독은 ジ입니다. 특별한 점은 없습니다.,"似る는 ""닮다, 비슷하다""라는 뜻의 2그룹 자동사입니다. 예문) 親に似ている子부모를 닮은 아이 これとよく似た話を聞いたことがある 이것과 아주 비슷한 이야기를 들은 적이 있다",no
250,N2,恵,은혜 혜,"""은혜 혜"". 은혜",ケイ、エ,めぐ(む),"恵 = 𤰔 + 心。 「𤰔」는 ""실을 감는 방추""를 그린 글자입니다. 「心」는 ""마음""을 뜻합니다. 恵는 ""방추에 감긴 실을 풀듯(𤰔) 선한 마음을(心) 베풀다"" -> ""은혜""라는 뜻의 글자입니다.",음독은 ケイ、エ입니다. 사용 빈도는 ケイ가 훨씬 높습니다. エ는知恵(지혜) 외에는 거의 쓰지 않는 음독입니다.,"恵む는 ""베풀다, (은혜를) 주다""라는 뜻의 타동사입니다. 예문) 貧民に米を恵む 빈민에게 쌀을 베풀다 慈悲を恵む 자비를 베풀다",no
251,N2,探,찾을 탐,"""찾을 탐"". 찾다",タン,さが(す)、さぐ(る),"探 = 扌 + 罙。 「扌」는 ""손""을 뜻합니다. 罙는 여기서는「深」이 축약된 것으로, ""깊다""라는 뜻입니다. 探는 ""깊은 곳(深)까지 더듬어(扌) 찾아보다"" -> ""찾다""라는 뜻의 글자입니다.",음독은 タン입니다. 특별한 점은 없습니다.,"探す、探る는 둘 다 ""찾다""라는 뜻의 타동사입니다. 참고)探す、捜す、探る의 차이점 아래 예문을 참조해 주세요. 예문) 仕事を探す 일자리를 찾다 プレゼントに適した物を探す 선물에 적합한 물건을 찾다 行方不明者を捜す 행방불명자를 찾다 犯人を捜す 범인을 찾다 不信感の原因を探る 불신감의 원인을 찾다 自然の神秘を探る 자연의 신비를 탐구하다 解決の道を探る 해결의 길을 찾다 相手の真意を探る 상대의 진의를 살피다",no
252,N2,逃,도망할 도,"""도망할 도"". 달아나다, 도망치다",トウ,に(げる)、に(がす)、のが(す)、のが(れる),"逃 = ⻌ + 兆。 「⻌」는 ""길""을 뜻합니다. 「兆」는 ""징조, 전조, 징후""를 뜻합니다. 逃는 ""재앙의 전조(兆)를 느끼고 달아나다(⻌)"" -> ""도망치다, 달아나다""라는 뜻의 글자입니다.",음독은 トウ입니다. 특별한 점은 없습니다.,"1.逃がす、逃す 逃がす、逃す는 둘 다 ""놓아주다, 놓치다""라는 뜻의 타동사입니다. 둘의 차이점은 다음과 같습니다. 아래 예문을 참조해 주세요. 예문) かごの鳥を逃がす 새장의 새를 놓아주다 魚を逃がす 물고기를 놓아주다 せっかくの機会を逃す 모처럼의 기회를 놓치다 敵を逃す 적을 놓치다 2.逃げる、逃れる 逃げる는 ""도망치다, 달아나다""라는 뜻의 2그룹 자동사입니다. 逃れる는 ""도망치다, 달아나다, 면하다""라는 뜻의 2그룹 자동사/타동사입니다. 둘의 차이점은 다음과 같습니다. 아래 예문을 참조해 주세요. 예문) 危険な場所から逃げる 위험한 장소에서 달아나다 責任から逃げる 책임을 회피하다 災いを逃れる 재난을 면하다 都会の騒音を逃れる 도회지의 소음에서 벗어나다",no
253,N2,骨,뼈 골,"""뼈 골"". 뼈",コツ,ほね,"骨 = 冎 + 月。 「冎」는 ""뼈""를 뜻합니다. 「月」는 ""신체의 일부""를 뜻합니다. 骨는 ""몸(月) 안의 뼈(冎)"" -> ""뼈""라는 뜻의 글자입니다.",음독은 コツ입니다. 특별한 점은 없습니다.,"骨는 ""뼈""를 뜻합니다.",no
254,N2,傾,기울 경,"""기울 경"". 기울다, 기울어지다",ケイ,かたむ(く)、かたむ(ける),"傾 = 亻 + 匕 + 頁。 「亻」는 ""사람""을 뜻합니다. 「匕」는 ""숟가락""을 뜻합니다. 「頁」는 ""머리""를 뜻합니다. 음식을 떠먹을 때는 고개를 앞으로 숙이게 됩니다. 傾는 ""사람(亻)이 음식을 먹느라(匕) 고개가(頁) 기울어지다"" -> ""기울다, 기울어지다""라는 뜻의 글자입니다.",음독은 ケイ입니다. 특별한 점은 없습니다.,"傾く는 ""기울다, 기울어지다""라는 뜻의 자동사입니다 傾ける는 ""기울이다, 기울어지게 하다""라는 뜻의 2그룹 타동사입니다. 예문) 地震で家が傾く 지진으로 집이 기울다 気持ちが傾く 마음이 쏠리다(기울다) 首を傾ける 고개를 갸우뚱하다 全力を傾ける 전력을 기울이다",no
255,N2,届,,"닿게 하다, 보내주다",,とど(ける)、とど(く),"届 = 尸 + 由。 「尸」는 ""집, 지붕""을 뜻합니다. 「由」는 ""유래, 이유""를 뜻합니다. 여기서는 ""유래"" -> ""이르다, 닿다""라는 뜻으로 응용된 것입니다. 届는 ""집(尸)에 보낸 편지가 도착하다(由)"" -> ""닿게 하다, 보내주다""라는 뜻의 글자입니다.",届의 정식 음독은 없습니다.,"届く는 ""닿다, 도달하다, 미치다, 이르다""라는 뜻의 자동사입니다. 届ける는 ""닿게 하다, 보내주다, 배달하다, (관청 등에) 신고하다""라는 뜻의 2그룹 타동사입니다. 예문) 手紙が届いた 편지가 왔다 声が遠くまで届かない 목소리가 멀리까지 닿지 않는다 手の届くところにリモコンを置く 손이 닿는 곳에 리모컨을 두다 細かいところまで神経が届く 세세한 데까지 신경이 미치다 赤ちゃんを母の目の届くところに寝かす 아기를 엄마의 눈길이 닿는 곳에 재우다 荷物を届ける 짐을 보내다 落とし物を届ける 분실물을 신고하다 市役所に届ける 시청에 신고하다",no
256,N2,迷,미혹할 미,"""미혹할 미"". 헤메다, 헷갈리다, 미혹되다",メイ,まよ(う),"迷 = ⻌ + 米。 (의미부)「⻌」는 ""길""을 뜻합니다. (소리부 겸 의미부)「米」(ベイ・マイ)는 여기서는 ""사방으로 뻗은 갈림길""을 그린 모양자로 쓰인 것입니다. 迷는 ""여러 방향의(米) 갈림길(⻌) 가운데서 갈피를 잡지 못하고 헤메다"" -> ""헤메다, 헷갈리다""라는 뜻의 글자입니다. (米는 소리부(ベイ・マイ -> メイ)도 겸함)",음독은 メイ입니다. 특별한 점은 없습니다.,"迷う는 ""헤메다, 망설이다, 혹하다""라는 뜻의 자동사입니다. 예문) 道に迷う 길을 잃다 選択に迷う 선택을 망설이다 迷わず実行せよ 망설이지 말고 실행하라 金に迷う 돈에 현혹되다 欲に迷って失敗する 욕심에 사로잡혀 실패하다",no
257,N2,夢,꿈 몽,"""꿈 몽"". 꿈",ム,ゆめ,"夢 = 艹 + 罒 + 冖 + 夕。 「艹」는 ""풀""을 뜻합니다. 「罒」는 ""그물""을 뜻합니다. 冖는 여기서는「宀」가 축약된 것으로, ""집""을 뜻합니다. 「夕」는 ""저녁""을 뜻합니다. 夢는 ""풀(艹)을 엮어(罒) 만든 초가집(冖)에서 밤(夕)에 자면서 꾸는 꿈"" -> ""꿈""이라는 뜻의 글자입니다.",음독은 ム입니다. 특별한 점은 없습니다.,"夢는 ""꿈""을 뜻합니다.",no
258,N2,巻,책/말 권,"""책/말 권"". 돌돌 말다, 감다, 두루마리, 책을 세는 단위(~권)",カン,ま(く)、まき,"巻 = 龹 + 己。 (소리부 겸 의미부)龹는 여기서는「券」(ケン)이 축약된 것으로, ""증서, 표""를 뜻합니다. (의미부)「己」는 본래 ""구부러진 새끼줄""을 그린 글자입니다(링크 참조). 巻는 ""증서(龹)를 새끼줄(己)로 돌돌 감아놓다"" -> ""감다, 돌돌 말다, 두루마리""라는 뜻의 글자입니다. (龹->券은 소리부(ケン -> カン)도 겸함)",음독은 カン입니다. 특별한 점은 없습니다.,"巻く는 ""감다, 말다, 휘감기다""라는 뜻의 자동사 겸 타동사입니다. 巻는 ""감겨있는 것, 두루마리, 서적""등을 뜻합니다. 예문) 紙をぐるぐる巻く 종이를 돌돌 말다 渦に巻き込まれる 소용돌이에 휘말리다 紛争に巻き込まれる 분쟁에 말려들다 渦巻소용돌이 鉢巻머리띠",no
259,N2,燃,탈 연,"""탈 연"". 불태우다, 불타다",ネン,も(える)、も(やす)、も(す),"燃 = 火 + 然。 (소리부 겸 의미부)「然」(ネン)은 본래 ""개고기를 불에 굽는 모습""을 그린 글자입니다(링크 참조). (의미부)「火」는 ""불""을 뜻합니다. 燃는 ""너무 강한 불(火)로 개고기를 구워(然) 새까맣게 태우다"" -> ""불타다, 불태우다""라는 뜻의 글자입니다. (然는 소리부도 겸함)",음독은 ネン입니다. 특별한 점은 없습니다.,"1.燃える、燃やす 燃える는 ""불타다, 불길이 일다, (감정 등이) 솟아오르다""라는 뜻의 2그룹 자동사입니다. 燃やす는 ""불태우다, (의욕/정열 등을) 끓어오르게 하다""라는 뜻의 타동사입니다. 예문) 紙が燃えて灰になる 종이가 타서 재가 되다 赤く燃える夕日붉게 타오르는 석양 彼の目は怒りに燃えていた 그의 눈은 분노로 불타고 있었다 落ち葉を燃やす 낙엽을 태우다 情熱を燃やす 정열을 불태우다 新たな意欲を燃やす 새로운 의욕을 불태우다 2.燃す 燃す는 ""불태우다""라는 뜻의 타동사로,燃やす의 방언입니다. 다만, 이 동사는 실제로는 거의 쓰이지 않는 표현입니다. 예문) 落ち葉を燃す 낙엽을 태우다",no
260,N2,閉,닫을 폐,"""닫을 폐"". 닫다",ヘイ,と(じる)、と(ざす)、し(める)、し(まる),"閉 = 門 + オ。 「門」는 ""문""을 뜻합니다. オ는 여기서는 ""문에 걸어놓은 빗장""을 그린 모양자입니다. 閉는 ""빗장(オ)이 걸린 문(門)"" -> ""닫다""라는 뜻의 글자입니다.",음독은 ヘイ입니다. 특별한 점은 없습니다.,"1.閉じる、閉ざす 閉じる는 ""닫히다, 닫다""라는 뜻의 2그룹 자동사/타동사입니다. 閉ざす는 ""닫다, 폐쇄하다""라는 뜻의 타동사로,閉じる에 비해 부정적인 뉘앙스가 강한 표현입니다. 예문) 目を閉じる 눈을 감다 風で門が閉じる 바람에 문이 닫히다 口を閉じる 입을 다물다(단순히 말을 하지 않는다는 뜻) 口を閉ざす 입을 다물다(안 좋은 이유나 기분 등을 암시) 心を閉ざす 마음을 닫다 道を閉ざす 길을 폐쇄하다 2.閉める、閉まる 閉める는 ""닫다""라는 뜻의 2그룹 타동사입니다. 閉まる는 ""닫히다""라는 뜻의 자동사입니다. 예문) 窓を閉める 창문을 닫다 店を閉める 가게 문을 닫다(그날 영업을 끝내다) 店が閉まる 가게 문이 닫히다(그날 영업이 끝나다) 참고)閉める・閉まる와閉じる의 차이점 아래 예문을 참조해 주세요. 예문) ドアが閉まる 문이 닫히다 窓を閉める 창문을 닫다 蛇口を閉める 수도꼭지를 잠그다 ドアが閉じる 문이 닫히다 目を閉じる 눈을 감다 心を閉じる 마음을 닫다 傘を閉じる 우산을 접다 本を閉じる 책을 덮다 ブラウザーを閉じる 브라우저를 닫다 店を閉める 가게 문을 닫다(그날 영업을 끝내다) 店を閉じる 가게를 폐업하다",no
261,N2,緒,실마리 서,"""실마리 서"". 실마리, 시작, 처음",ショ、チョ,お,"緒 = 糸 + 者。 (의미부)「糸」는 ""실""을 뜻합니다. (소리부 겸 의미부)「者」(シャ)는 ""사람""을 뜻합니다. 緒는 ""뭉쳐있는 실타래(糸) 속에서 자신이 원하는 실 한 가닥을 찾아낸 사람(者)"" -> ""실마리, 시작, 처음""이라는 뜻의 글자입니다. (者는 소리부(シャ -> ショ・チョ)도 겸함)",음독은 ショ、チョ입니다. 사용 빈도는 ショ가 훨씬 높습니다.,"緒는 ""가는 끈, 신발끈, 악기줄"" 등을 뜻합니다.",no
262,N2,駐,머무를 주,"""머무를 주"". 머무르다",チュウ,,"駐 = 馬 + 主。 (의미부)「馬」는 ""말""을 뜻합니다. (소리부 겸 의미부)「主」(シュ)는 ""주인""을 뜻합니다. 駐는 ""주인(主)이말(馬)을 마굿간에 묶어두고 머무르다"" -> ""머무르다""라는 뜻의 글자입니다. (主는 소리부(シュ -> チュウ)도 겸함)",음독은 チュウ입니다. 특별한 점은 없습니다.,駐의 정식 훈독은 없습니다.,no
263,N2,賃,품삯 임,"""품삯 임"". 임금, 보수, 요금",チン,,"賃 = 任 + 貝。 (소리부 겸 의미부)「任」(ニン)은 ""맡기다""라는 뜻입니다. (의미부)「貝」는 ""돈, 재물""을 뜻합니다. 賃는 ""맡긴(任) 일에 대한 보수(貝)"" -> ""임금, 보수, 요금""이라는 뜻의 글자입니다. (任는 소리부(ニン -> チン)도 겸함)",음독은 チン입니다. 특별한 점은 없습니다.,賃의 정식 훈독은 없습니다.,no
264,N2,紹,이을 소,"""이을 소"". 소개하다",ショウ,,"紹 = 糸 + 召。 (의미부)「糸」는 ""실""을 뜻합니다. (소리부 겸 의미부)召(ショウ - 부를 소)는 ""부르다""라는 뜻의 상용한자입니다. 召 = 刀 + 口。 「刀」는 ""칼""을 뜻합니다. 「口」는 ""입""을 뜻합니다. 옛사람들은 ""입은 화를 부르는 문이며, 혀는 몸을 베는 칼이다""라고 경계했다고 합니다. 召는 ""말실수(口)가 화(刀)를 부르다"" -> ""부르다""라는 뜻의 글자입니다. 紹는 ""두 사람을 불러서(召) 사이를 이어주다(糸)"" -> ""소개하다""라는 뜻의 글자입니다. (召는 소리부도 겸함)",음독은 ショウ입니다. 특별한 점은 없습니다.,紹의 정식 훈독은 없습니다.,no
265,N2,雇,품 팔 고,"""품 팔 고"". 고용하다",コ,やと(う),"雇 = 戸 + 隹。 (소리부 겸 의미부)「戸」(コ)는 ""집, 출입구""를 뜻합니다. (의미부)「隹」는 ""새""를 뜻합니다. 雇는 ""문(戸) 안팎으로 들락날락하는 새(隹)""라는 뜻입니다. 직장에 출퇴근하는 직원을 ""들락날락하는 새""로 비유한 것입니다. ""매일 출퇴근하는 고용인"" -> ""고용하다""라는 의미입니다. (戸는 소리부도 겸함)",음독은 コ입니다. 특별한 점은 없습니다.,"雇う는 ""고용하다""라는 뜻의 타동사입니다.",no
266,N2,暮,저물 모,"""저물 모"". 저녁, 황혼, 세월을 보내다",ボ,く(れる)、く(らす),"暮 = 莫 + 日。 (소리부 겸 의미부)「莫」(ボ)는 ""없다""라는 뜻의 글자로, ""해가 저무는 모습""을 그린 글자입니다(링크 참조). (의미부)「日」는 ""해""를 뜻합니다. 暮는 ""해(日)가 저물다(莫)"" -> ""저물다, 황혼""이라는 뜻의 글자입니다. (莫는 소리부도 겸함)",음독은 ボ입니다. 특별한 점은 없습니다.,"暮れる는 ""해가 저물다, 세월이 지나가다""라는 뜻의 2그룹 자동사입니다. 暮らす는 ""살아가다, 세월을 보내다""라는 뜻의 자동사 겸 타동사입니다. 예문) 日が暮れて暗くなる 해가 져서 어두워지다 今年も暮れていく 올해도 저물어 간다 毎日幸せに暮らす 매일 행복하게 살아가다 一日中本を読んで暮らした 하루 종일 책을 읽으며 보냈다 一人で暮らしている 혼자 살고 있다 気楽に暮らす 마음 편히 지내다 老後は田舎で暮らしたい 노후엔 시골에서 살고 싶다",no
267,N2,替,바꿀 체,"""바꿀 체"". 교체하다, 바꾸다",タイ,か(える)、か(わる),"替 = 夫 + 夫 + 日。 「夫」는 ""남편, 성인 남성""을 뜻합니다. 「日」는 ""날짜""를 뜻합니다. 替는 ""두 사람(夫+夫)이 약속날(日) 만나서 물건을 교환하다"" -> ""교체하다, 바꾸다""라는 뜻의 글자입니다.",음독은 タイ입니다. 특별한 점은 없습니다.,"替える는 ""갈다, 교체하다""라는 뜻의 2그룹 타동사입니다. 替わる는 ""갈리다, 교체되다""라는 뜻의 자동사입니다.",no
268,N2,預,맡길 예,"""맡길 예"". 맡기다",ヨ,あず(ける)、あず(かる),"預 = 予 + 頁。 (소리부 겸 의미부)「予」(ヨ)는 ""미리, 사전에""라는 뜻입니다. (의미부)「頁」는 ""머리""를 뜻합니다. 預는 ""앞날(予)을 생각해(頁) 돈을 은행에 맡겨두다"" -> ""맡기다""라는 뜻의 글자입니다. (予는 소리부도 겸함)",음독은 ヨ입니다. 특별한 점은 없습니다.,"預ける는 ""맡기다""라는 뜻의 2그룹 타동사입니다. 預かる는 ""맡다, 보관하다""라는 뜻의 타동사입니다. 예문) 荷物を預ける 짐을 맡기다 子供を実家に預ける 어린아이를 친정집에 맡기다 銀行にお金を預ける 은행에 돈을 맡기다 貴重品を預かる 귀중품을 맡다 顧客から預かった財産고객이 맡긴 재산 孫を預かる 손자를 맡다",no
269,N2,簡,대쪽 간,"""대쪽 간"". 간략하다",カン,,"簡 =𥫗+ 間。 (의미부)「𥫗」는 ""대나무 죽간""을 뜻합니다. (소리부 겸 의미부)「間」(カン)은 ""사이, 틈새""라는 뜻입니다. 簡는 ""대나무 죽간(𥫗) 틈새(間)에 간략하게 써놓은 메모"" -> ""간략하다""라는 뜻의 글자입니다. (間는 소리부도 겸함)",음독은 カン입니다. 특별한 점은 없습니다.,簡의 정식 훈독은 없습니다.,no
270,N2,臓,오장 장,"""오장 장"". 내장",ゾウ,,"臓 = 月 + 蔵。 (의미부)「月」는 ""신체의 일부""를 뜻합니다. (소리부 겸 의미부)「蔵」(ゾウ)는 ""창고""를 뜻합니다. 臓는 ""여러 가지 기능이 저장된(蔵) 신체 기관(月)"" -> ""내장, 오장""이라는 뜻의 글자입니다. (蔵는 소리부도 겸함)",음독은 ゾウ입니다. 특별한 점은 없습니다.,臓의 정식 훈독은 없습니다.,no
271,N2,律,법칙 률,"""법칙 률"". 음률, 법률, 계율, 주기율 등",リツ、リチ,,"律 = 彳 + 聿。 「彳」는 ""길""을 뜻합니다. 「聿」는 ""붓을 든 손""을 뜻합니다. 律는 ""법령을 만들어(聿) 널리(彳) 반포하다"" -> ""법률, 음률, 계율, 법칙""이라는 뜻의 글자입니다.",음독은 リツ、リチ입니다. 그러나 절대다수는 リツ로 읽습니다. リチ는律儀(의리가 두터움)을 제외하고는 거의 쓰이지 않는 음독입니다.,律의 정식 훈독은 없습니다.,no
272,N2,贈,줄 증,"""줄 증"". 증여하다",ゾウ、ソウ,おく(る),"贈 = 貝 + 曽。 (의미부)「貝」는 ""돈, 재물""을 뜻합니다. (소리부 겸 의미부)「曽」(ソウ)는 ""쌓이다""라는 뜻입니다. 贈는 ""재물(貝)을 더해주다(曽)"" -> ""증여하다""라는 뜻의 글자입니다. (曽는 소리부(ソウ -> ゾウ・ソウ)도 겸함)",음독은 ゾウ、ソウ입니다. 그러나 절대다수는 ゾウ로 읽습니다. ソウ는恵贈(혜증)외에는 거의 쓰지 않는 음독입니다.,"贈る는 ""주다, 증여하다, 선사하다""라는 뜻의 타동사입니다. 예문) 花束を贈る 꽃다발을 선물하다 記念品を贈る 기념품을 증정하다",no
273,N2,宙,집 주,"""집 주"". 허공, 하늘, 우주",チュウ,,"宙 = 宀 + 由。 (의미부)「宀」는 본래 ""집의 지붕""을 그린 글자입니다. (소리부)「由」(ユウ)는 여기서는 소리부(ユウ -> チュウ)의 역할만 하고 있습니다. 宙는 ""하늘 위의 지붕(宀)"" -> ""허공, 하늘, 우주""라는 뜻의 글자입니다(由는 소리부).",음독은 チュウ입니다. 특별한 점은 없습니다.,宙의 정식 훈독은 없습니다.,no
274,N2,薄,엷을 박,"""엷을 박"". 엷다, 얇다",ハク,うす(い)、うす(める)、うす(まる)、うす(らぐ)、うす(れる),"薄 = 艹 + 氵 + 尃。 (의미부)「艹」는 ""풀""을 뜻합니다. (의미부)「氵」는 ""물""을 뜻합니다. (소리부 겸 의미부)「尃」(ハク)는 ""넓게 퍼지다""라는 뜻의 글자입니다(링크 참조). 薄는 ""물가(氵)에 넓고 얇게 퍼져(尃) 자라난이끼(艹)"" -> ""엷다, 얇다""라는 뜻의 글자입니다. (尃는 소리부도 겸함)",음독은 ハク입니다. 특별한 점은 없습니다.,"1.薄い 薄い는 ""얇다, 엷다""라는 뜻의 형용사입니다. 예문) 薄い紙얇은 종이 薄い本얇은 책 薄い色엷은 색깔 薄いコーヒー 연한 커피 興味が薄い 흥미가 적다 2.薄める 薄める는 ""옅게 하다, 묽게 하다""라는 뜻의 2그룹 타동사입니다. 예문) コーヒーを水で薄める 커피를 물로 희석시키다 3.薄まる、薄らぐ、薄れる 薄まる는 ""(농도/색/맛 등이) 엷어지다""라는 뜻의 자동사입니다. 薄らぐ는 ""(추위/고통 등이) 덜해지다, 엷어지다, 줄어들다""라는 뜻의 자동사입니다. 薄れる는 ""(감정/기억/관계 등이) 엷어지다, 약해지다, 희미해지다""라는 뜻의 2그룹 자동사입니다. 예문) 塩味が薄まる 짠맛이 엷어지다 色が薄まる 색이 엷어지다 寒さが薄らぐ 추위가 약해지다 痛みが薄らぐ 고통이 덜해지다 記憶が薄れる 기억이 희미해지다 意識が薄れる 의식이 흐려지다 関係が薄れる 관계가 멀어지다",no
275,N2,群,무리 군,"""무리 군"". 무리, 떼",グン,む(れる)、む(れ)、むら,"群 = 君 + 羊。 (의미부)「羊」는 ""양""을 뜻합니다. (소리부 겸 의미부)「君」(クン)은 ""군주""를 뜻합니다. 群는 ""주인(君) 옆으로 모여든양떼(羊)"" -> ""무리, 떼""라는 뜻의 글자입니다. (君는 소리부(クン -> グン)도 겸함)",음독은 グン입니다. 특별한 점은 없습니다.,"群れる는 ""떼를 짓다, 군집하다""라는 뜻의 2그룹 자동사입니다. 群れ는 ""무리""를 뜻합니다. 群がる는 ""떼지어 모이다, 군집하다""라는 뜻의 자동사입니다. 예문) 広場に群れる 광장에 떼지어 모이다 鳥が群れて飛ぶ 새가 떼지어 날다 魚の群れ 물고기 떼 広場に群がった群衆광장에 운집한 군중 餌に群がる魚미끼에 떼로 모여드는 물고기",no
276,N2,操,잡을 조,"""잡을 조"". 잡다, 조종하다, 지조, 절개",ソウ,みさお、あやつ(る),"操 = 扌 + 品 + 木。 「扌」는 ""손""을 뜻합니다. 「木」는 ""나무""를 뜻합니다. 品는 여기서는「口」세 개가 합쳐진 것으로, ""지저귀는(口) 새들""을 표현한 것입니다. 操는 ""나무(木) 위의 새(品)를 손(扌)으로 잡다""라는 뜻입니다. 라는 의미입니다.",음독은 ソウ입니다. 특별한 점은 없습니다.,"操는 ""여자의 정조, 절개, 지조""를 뜻합니다. 操る는 ""조종하다, 다루다""라는 뜻의 타동사입니다. 예문) 固い操굳은 절개 操を守る 정조를 지키다 様々な楽器を操る 여러 종류의 악기를 다루다 ハンドルを巧みに操る 핸들을 능숙하게 조작하다 人をうまく操る 사람을 잘 조종하다",no
277,N2,奥,깊을 오,"""깊을 오"". 깊은, 심오한, 안쪽",オウ,おく,"奥 =宀 + 米 + 大。 「宀」는 ""집""을 뜻합니다. 「米」는 ""쌀""을 뜻합니다. 「大」는 ""사람""을 그린 글자입니다. 奥는 ""집(宀) 안쪽 깊숙이 쌀(米)을 숨겨두고 지키는 사람(大)"" -> ""깊은, 안쪽""이라는 뜻의 글자입니다.",음독은 オウ입니다. 특별한 점은 없습니다.,"奥는 ""깊숙한 곳, 안쪽""을 뜻합니다.",no
278,N2,詰,물을/꾸짖을 힐,"""물을/꾸짖을 힐"". 문책하다, 힐난하다",キツ,つ(める)、つ(まる)、つ(む),"詰 = 言 + 士 + 口。 「言」는 ""말하다""라는 뜻입니다. 士(""선비 사"")는 ""선비, 무사""를 뜻하는 상용한자입니다. 士는 ""고대에 무사들이 허리에 차고 다니던 무기""를 그린 상형문자입니다. ""무사를 상징하는 무기"" -> ""무사, 선비""라는 의미입니다. 「口」는 ""입""을 뜻합니다. 詰는 ""선비(士)가 아랫사람을 큰 소리로(口) 꾸짖다(言)"" -> ""문책하다, 힐난하다""라는 뜻의 글자입니다.",음독은 キツ입니다. 특별한 점은 없습니다.,"1.詰める、詰まる 詰める는 ""채우다, 채워넣다, 죄다, 좁히다""라는 뜻의 2그룹 타동사입니다. 詰まる는 ""가득 차다, 막히다""라는 뜻의 자동사입니다. 예문) 箱に商品を詰める 상자에 상품을 채워넣다 穴を詰める 구멍을 틀어막다 パイプが詰まる 파이프가 막히다 暮らしに詰まる 생계가 막히다 2.詰む 詰む는 ""촘촘하다, 외통수에 몰리다""라는 뜻의 자동사입니다. 예문) あと一手で詰む 앞으로 한 수면 외통수다",no
279,N2,双,두 쌍,"""두 쌍"". 쌍, 짝",ソウ,ふた,"双 = 又 + 又。 「又」는 ""손""을 뜻합니다. 双는 ""손 한 쌍(又+又)"" -> ""쌍, 짝""이라는 뜻의 글자입니다.",음독은 ソウ입니다. 특별한 점은 없습니다.,훈독은 ふた입니다. 특별한 점은 없습니다.,no
280,N2,刺,찌를 자,"""찌를 자"". 찌르다",シ,さ(す)、さ(さる),"刺 = 朿 + 刂。 「朿」는 ""삼지창""을 그린 글자입니다(링크 참조). 「刂」는 ""칼""을 뜻합니다. 刺는 ""삼지창(朿)과 칼(刂)로 찌르다"" -> ""찌르다""라는 뜻의 글자입니다.",음독은 シ입니다. 특별한 점은 없습니다.,"刺す는 ""찌르다, 꿰다""라는 뜻의 타동사입니다. 刺さる는 ""박히다, 꽂히다, 찔리다""라는 뜻의 자동사입니다. 예문) 短刀で刺す 단도로 찌르다 魚を串に刺す 생선을 꼬치에 꿰다 指にとげが刺さる 손가락에 가시가 박히다 心に刺さる名言마음에 박히는 명언",no
281,N2,到,이를 도,"""이를 도"". 도착하다, 도달하다",トウ,,"到 = 至 + 刂。 至(""이를 지"")는""화살이 과녁에 날아가 박힌 모습""을 그린상용한자입니다. 至 =𠫔 + 土。 𠫔는 여기서는 ""과녁""을 그린 모양자입니다. 土는 여기서는 ""(과녁에 날아가 박힌) 화살""을 그린 모양자입니다. 至는 ""화살(土)이 과녁(𠫔)에 날아가 박히다"" -> ""이르다, 극에 달하다, 도달하다""라는 뜻의 글자입니다. 刂는 여기서는 ""길""을 그린 모양자로 쓰인 것입니다. 到는 ""길(刂)을 달려 목적지에 도달하다(至)"" -> ""도착하다, 도달하다""라는 뜻의 글자입니다.",음독은 トウ입니다. 특별한 점은 없습니다.,到의 정식 훈독은 없습니다.,no
282,N2,寝,잠잘 침,"""잠잘 침"". 잠자리에 들다, 눕다",シン,ね(る)、ね(かす),"寝 = 宀 + 丬 + 𠬶。 「宀」는 ""집""을 뜻합니다. 「丬」는 ""탁자""를 뜻합니다. 여기서는 ""침상""이라는 뜻으로 쓰인 것입니다. 𠬶는 ""빗자루(「帚」)를 든 손(「又」)""을 뜻합니다. 寝는 ""집(宀)에서 잠들기 전에 침상(丬)을 정돈하다(𠬶)"" -> ""잠자리에 들다, 눕다""라는 뜻의 글자입니다.",음독은 シン입니다. 특별한 점은 없습니다.,"寝る는 ""자다""라는 뜻의 2그룹 자동사입니다. 寝かす는 ""재우다, 누이다""라는 뜻의 타동사입니다.",no
283,N2,壁,벽 벽,"""벽 벽"". 벽",ヘキ,かべ,"壁 = 辟 + 土。 (소리부 겸 의미부)「辟」(ヘキ)는 ""피하다, 숨다""라는 뜻의 글자입니다(링크 참조). (의미부)「土」는 ""흙""을 뜻합니다 壁는 ""흙벽(土) 뒤로 도망쳐 숨다(辟)"" -> ""벽""이라는 뜻의 글자입니다. (辟는 소리부도 겸함)",음독은 ヘキ입니다. 특별한 점은 없습니다.,"壁는 ""벽""을 뜻합니다.",no
284,N2,仮,거짓 가,"""거짓 가"". 가짜, 거짓",カ、ケ,かり,"仮 = 亻 + 反。 「亻」는 ""사람""을 뜻합니다. 「反」는 ""뒤집다, 반대""라는 뜻입니다. 仮는 ""사실과 반대의(反) 말만 하는 사람(亻)"" -> ""거짓말쟁이"" -> ""거짓, 가짜""라는 뜻의 글자입니다.",음독은 カ、ケ입니다. 사용 빈도는 カ가 더 높으나 특별한 구분법은 없습니다.,"仮는 ""임시, 가짜, 가정""을 뜻합니다.",no
285,N2,純,순수할 순,"""순수할 순"". 순수한, 진실한, 있는 그대로의",ジュン,,"純 = 糸 + 屯。 「糸」는 ""실""을 뜻합니다. 「屯」는 ""뿌리깊은 나무""를 그린 글자입니다(링크 참조). 純는, 이라는 뜻의 글자입니다.",음독은 ジュン입니다. 특별한 점은 없습니다.,純의 정식 훈독은 없습니다.,no
286,N2,盗,훔칠 도,"""훔칠 도"". 훔치다, 도둑",トウ,ぬす(む),"盗 = 冫 + 欠 + 皿。 「欠」는 ""입을 벌린 사람""을 뜻합니다. 冫는 여기서는 ""침방울""을 그린 모양자입니다. 「皿」는 ""접시""를 뜻합니다. 盗는 ""남의 접시(皿) 위의 음식을 보며 군침(冫)을 흘리는(欠) 사람""이라는 뜻입니다. ""남의 음식을 탐내서 훔쳐먹다"" -> ""훔치다, 도둑""이라는 의미입니다.",음독은 トウ입니다. 특별한 점은 없습니다.,"盗む는 ""훔치다""라는 뜻의 타동사입니다.",no
287,N2,吸,마실 흡,"""마실 흡"". (숨을) 들이쉬다",キュウ,す(う),"吸 = 口 + 及。 (의미부)「口」는 ""입""을 뜻합니다. (소리부 겸 의미부)及(キュウ - ""미칠 급"")은 ""이르다, 미치다""라는 뜻의 상용한자입니다. 及 = 人 + 又。 「人」는 ""사람""을 뜻합니다. 「又」는 ""손""을 뜻합니다. 及는 ""사람(人)을 붙잡다(又)"" -> ""손이 닿다"" -> ""이르다, 미치다""라는 뜻의 글자입니다. 吸는 ""공기가 폐에 닿도록(及)숨을 들이마시다(口)"" -> ""숨을 들이쉬다""라는 뜻의 글자입니다. (及는 소리부도 겸함)",음독은 キュウ입니다. 특별한 점은 없습니다.,"吸う는 ""(공기 등을) 들이마시다, 빨아들이다, 흡수하다""라는 뜻의 타동사입니다. 예문) 新鮮な空気を吸う 신선한 공기를 들이마시다 海綿が水を吸う 해면이 물을 빨아들이다 赤ん坊が母親の乳を吸う 아기가 엄마의 젖을 빨다 ストローでジュースを吸う 빨대로 주스를 쭉 빨다 タバコを吸う 담배를 피우다",no
288,N2,看,볼 간,"""볼 간"". 살펴보다, 보살피다",カン,,"看 = 手 + 目。 「手」는 ""손""을 뜻합니다. 「目」는 ""눈""을 뜻합니다. 看는 ""자세히 살펴보며(目) 돌보다(手)"" -> ""살펴보다, 보살피다""라는 뜻의 글자입니다.",음독은 カン입니다. 특별한 점은 없습니다.,看의 정식 훈독은 없습니다.,no
289,N2,翌,다음날 익,"""다음날 익"". 이튿날, 다음",ヨク,,"翌 = 羽 + 立。 「羽」는 ""날개""를 뜻합니다. 「立」는 ""서다""라는 뜻입니다. 翌는 ""새가 자리에서 일어선(立) 다음에 날아가다(羽)"" -> ""이튿날, 다음""이라는 뜻의 글자입니다.",음독은 ヨク입니다. 특별한 점은 없습니다.,翌의 정식 훈독은 없습니다.,no
290,N2,快,쾌할 쾌,"""쾌할 쾌"". 상쾌한, 재미있는, 빠른",カイ,こころよ(い),"快 = 忄 + 夬。 「忄」는 ""마음""을 뜻합니다. 夬는 여기서는""활(𠃍)을 쏘는 사람(大)""을 그린 모양자입니다(296.「決」참조). 快는 ""활을 쏘며(夬) 사냥을 즐기는 상쾌한 마음(忄)"" -> ""상쾌하다""라는 뜻의 글자입니다.",음독은 カイ입니다. 특별한 점은 없습니다.,"快い는 ""상쾌하다, 시원하다""라는 뜻의 형용사입니다. 예문) 快い春風상쾌한 봄바람 快く引き受ける 선뜻 떠맡다",no
291,N2,片,조각 편,"""조각 편"". 조각, 파편",ヘン,かた,"片는 ""나무판자를 이어붙인 모습""을 그린 상형문자입니다. ""판자 조각"" -> ""조각, 파편""이라는 의미입니다.",음독은 ヘン입니다. 특별한 점은 없습니다.,"片는 ""(둘 중의) 한 쪽""을 뜻합니다.",no
292,N2,敬,공경 경,"""공경 경"". 공경하다, 존중하다",ケイ,うやま(う),"敬 =苟 +攵。 苟는 여기서는 ""귀(艹)를 쫑긋 세운 개(句)""의 모습을 그린 모양자입니다. 「攵」는 ""때리다, 치다""라는 뜻입니다. 敬는 ""개(苟)를 때려서(攵) 예절을 갖추도록 훈육하다"" -> ""공경하다, 존경하다""라는 뜻의 글자입니다.",음독은 ケイ입니다. 특별한 점은 없습니다.,"敬う는 ""존경하다, 공경하다""라는 뜻의 타동사입니다. 예문) 親を敬う 부모를 공경하다 主人を敬う 남편을 공경하다 敬うべき人존경할 만한 사람",no
293,N2,悩,번뇌할 뇌,"""번뇌할 뇌"". 고민하다",ノウ,なや(む)、なや(ます),"悩 = 忄 + ⺍ + 凶。 (의미부)「忄」는 ""마음""을 뜻합니다. (소리부 겸 의미부)⺍+凶는 여기서는「脳」(ノウ)가 축약된 것으로, ""뇌""를 뜻합니다. 悩는 ""머릿속(脳)의 고민으로 마음(忄)이 괴롭다"" -> ""고민하다, 괴로워하다""라는 뜻의 글자입니다. (脳는 소리부도 겸함)",음독은 ノウ입니다. 특별한 점은 없습니다.,"悩む는 ""고민하다, 괴로워하다""라는 뜻의 자동사입니다. 悩ます는 ""성가시게 굴다, 괴롭히다""라는 뜻의 타동사입니다. 예문) 恋に悩む 사랑 때문에 번민하다 人間関係で悩む 인간관계로 고민하다 将来について悩んでいる 장래에 대해 고민하고 있다 頭を悩ます難題골치를 썩이는 난제 心を悩ます 괴로워하다(속을 끓이다) 蚊に悩まされる 모기에 시달리다",no
294,N2,泉,샘 천,"""샘 천"". 샘, 샘물",セン,いずみ,"泉 = 白 + 水。 「白」는 ""흰색""을 뜻합니다. 「水」는 ""물""을 뜻합니다. 泉는 ""맑은(白) 물(水)"" -> ""샘, 샘물""이라는 뜻의 글자입니다.",음독은 セン입니다. 특별한 점은 없습니다.,"泉는 ""샘, 샘물""을 뜻합니다.",no
295,N2,御,거느릴 어,"""거느릴 어"". 통치하다, 거느리다, 막다",ギョ、ゴ,おん,"御 = 彳 + 午 + 止 + 卩。 (의미부)「彳」는 ""길""을 뜻합니다. (소리부)「午」(ゴ)는 여기서는 소리부(ゴ -> ギョ・ゴ)의 역할만 하고 있습니다. (의미부)「止」는 ""발""을 뜻합니다. (의미부)「卩」는 ""무릎꿇은 사람""을 뜻합니다. 御는 ""길(彳)에서 왕의 발밑(止)에 꿇어 엎드린(卩) 백성들"" -> ""거느리다, 통치하다""라는 뜻의 글자입니다(午는 소리부).",음독은 ギョ、ゴ입니다. 御는 접두어로서 존경의 뜻을 나타내는 표현입니다.,御은 접두어로서 존경의 뜻을 나타내는 표현입니다.,no
296,N2,荒,거칠 황,"""거칠 황"". 거친, 황폐한",コウ,あら(い)、あ(れる)、あ(らす),"荒 = 艹 + 亡 + 川。 「艹」는 ""풀""을 뜻합니다. 「川」는 ""강, 하천""을 뜻합니다. 「亡」는 ""망하다""라는 뜻입니다. 荒는 ""풀(艹) 한 포기도 물(川) 한 모금도 없는 버려진(亡) 땅"" -> ""거친, 황폐한""이라는 뜻의 글자입니다.",음독은 コウ입니다. 특별한 점은 없습니다.,"1.荒い 荒い는 ""거칠다, 사납다, 거세다""라는 뜻의 형용사입니다. 예문) 波が荒い 파도가 거세다 呼吸が荒い 호흡이 거칠다 気性の荒い動物기질이 사나운 동물 2.荒れる、荒らす 荒れる는 ""거칠어지다, 사나워지다, 황폐해지다""라는 뜻의 2그룹 자동사입니다. 荒らす는 ""휩쓸다, 파손하다, 망치다""라는 뜻의 타동사입니다. 예문) 海が荒れる (폭풍으로)바다가 거칠어지다 畑が荒れる 밭이 황폐해지다 肌が荒れる 피부가 거칠어지다 トラックが道を荒らす 트럭이 길을 엉망으로 만들다 嵐が庭を荒らす 폭풍우가 뜰을 휩쓸다 獣が作物を荒らす 짐승이 농작물을 망치다",no
297,N2,硬,굳을 경,"""굳을 경"". 딱딱한, 단단한",コウ,かた(い),"硬 = 石 + 更。 (의미부)「石」는 ""돌""을 뜻합니다. (소리부 겸 의미부)「更」(コウ)는 본래 ""회초리로 때리는 모습""을 그린 글자입니다(링크 참조). 硬는 ""돌(石)을 두드리다(更)"" -> ""딱딱한, 단단한""이라는 뜻의 글자입니다. (更는 소리부도 겸함)",음독은 コウ입니다. 특별한 점은 없습니다.,"硬い는 ""(물체가) 딱딱하다, (표정/표현 등이) 딱딱하다""라는 뜻의 형용사입니다. 예문) 硬い石딱딱한 돌 硬い鉛筆딱딱한 연필 表情が硬い 표정이 딱딱하다",no
298,N2,埋,묻을 매,"""묻을 매"". 묻다, 묻히다",マイ,う(める)、う(まる)、う(もれる),"埋 = 土 + 里。 「土」는 ""흙""을 뜻합니다. 「里」는 ""마을""을 뜻합니다. 埋는 ""마을(里) 앞의 공동묘지(土)"" -> ""묻다, 묻히다""라는 뜻의 글자입니다.",음독은 マイ입니다. 특별한 점은 없습니다.,"1.埋める、埋まる 埋める는 ""묻다, 메우다, 막다""라는 뜻의 2그룹 타동사입니다. 埋まる는 ""묻히다, 메워지다, 꽉 차다""라는 뜻의 자동사입니다. 예문) ゴミを埋める 쓰레기를 매립하다 穴を埋める 구멍을 메우다 穴が埋まる 구멍이 메워지다 建物が土砂に埋まる 건물이 토사에 묻히다 2.埋もれる 埋もれる는 ""(무언가에 가려서) 알려지지 않다, 가려지다""라는 뜻의 2그룹 자동사입니다. 예문) 埋もれた人材を見つけた 숨은 인재를 찾았다 手紙が書類の下に埋もれていた 편지가 서류 아래 묻혀 있었다",no
299,N2,袋,자루 대,"""자루 대"". 자루, 주머니",タイ,ふくろ,"袋 = 代 + 衣。 (소리부)「代」(タイ)는 여기서는 소리부의 역할만 하고 있습니다. (의미부)「衣」는 ""옷""을 뜻합니다. 袋는 ""옷(衣) 안의 주머니"" -> ""주머니, 자루""라는 뜻의 글자입니다(代는 소리부).",음독은 タイ입니다. 특별한 점은 없습니다.,"袋는 ""주머니, 봉지, 자루""를 뜻합니다.",no
300,N2,忘,잊을 망,"""잊을 망"". 잊다",ボウ,わす(れる),"忘 = 亡 + 心。 (소리부 겸 의미부)「亡」(ボウ)는 ""망하다, 죽다""라는 뜻입니다. (의미부)「心」는 ""마음""을 뜻합니다. 忘는 ""마음(心)에서 사라지다(亡)"" -> ""잊다""라는 뜻의 글자입니다. (亡는 소리부도 겸함)",음독은 ボウ입니다. 특별한 점은 없습니다.,"忘れる는 ""잊다""라는 뜻의 2그룹 자동사/타동사입니다. 예문) 忘れられない人잊을 수 없는 사람 私を忘れないでください 저를 잊지 말아 주세요 暗証番号を忘れる 비밀번호를 잊다",no
301,N2,吹,불 취,"""불 취"". 불다",スイ,ふ(く),"吹 = 口 + 欠。 「口」는 ""입""을 뜻합니다. 「欠」는 ""입을 벌린 사람, 입으로 하는 동작""을 뜻합니다. 吹는 ""입(口)을 벌리고(欠) 입김을 불다"" -> ""불다""라는 뜻의 글자입니다.",음독은 スイ입니다. 특별한 점은 없습니다.,"吹く는 ""불다""라는 뜻의 자동사 겸 타동사입니다. 예문) 風が吹く 바람이 불다 口笛を吹く 휘파람을 불다 ハーモニカを吹いている子供하모니카를 불고 있는 아이",no
302,N2,宝,보배 보,"""보배 보"". 보물",ホウ,たから,"宝 = 宀 + 玉。 「宀」는 ""집""을 뜻합니다. 「玉」는 ""구슬, 보석""을 뜻합니다. 宝는 ""집(宀)에 있는 값비싼 보석(玉)"" -> ""보물""이라는 뜻의 글자입니다.",음독은 ホウ입니다. 특별한 점은 없습니다.,"宝는 ""보물, 보배""라는 뜻입니다.",no
303,N2,封,봉할 봉,"""봉할 봉"". 봉하다, 닫다",フウ、ホウ,,"封 = 圭 + 寸。 圭는 ""흙더미(土+土)""라는 뜻입니다. 「寸」는 ""손""을 뜻합니다. 封는 ""흙더미(圭) 속에 묻어두다(寸)"" -> ""봉하다""라는 뜻의 글자입니다.","음독은 フウ、ホウ입니다. 사용 빈도는 フウ가 더 높습니다. ホウ는 주로 ""봉건 제도""와 관련된 단어에서 쓰이는 음독입니다.",封의 정식 훈독은 없습니다.,no
304,N2,胸,가슴 흉,"""가슴 흉"". 가슴",キョウ,むね、むな,"胸 = 月 + 匈。 (의미부)「月」는 ""신체의 일부""를 뜻합니다. (의미부)勹는 여기서는 ""(안쪽을) 품은 모습""을 그린 모양자입니다. (소리부 겸 의미부)凶(キョウ - ""흉할 흉"")은 ""흉하다, 간악하다""라는 뜻의 상용한자입니다. 凶는 ""함정(凵)에 빠진 사람(メ)""을 그린 상형문자입니다. ""함정에 빠지다"" -> ""흉하다, 간악하다""라는 의미입니다. 胸는 ""신체의 일부(月) + 흉한 생각(凶)을 품은(勹) 곳"" -> ""가슴""이라는 뜻의 글자입니다. (凶는 소리부도 겸함)",음독은 キョウ입니다. 특별한 점은 없습니다.,"胸는 ""가슴""을 뜻합니다.",no
305,N2,娘,계집 낭,"""계집 낭"". 처녀, 소녀, 딸",,むすめ,"娘 = 女 + 良。 「女」는 ""여자""를 뜻합니다. 「良」는 ""좋다""라는 뜻입니다. 娘는 ""착한(良) 딸아이(女)"" -> ""처녀, 소녀, 딸""이라는 뜻의 글자입니다.",娘의 정식 음독은 없습니다.,"娘는 ""딸, 아가씨""라는 뜻입니다.",no
306,N2,砂,모래 사,"""모래 사"". 모래",サ、シャ,すな,"砂 = 石 + 少。 「石」는 ""돌""을 뜻합니다. 「少」는 ""적다""라는 뜻입니다. 砂는 ""돌(石)이 잘게(少) 갈린 것"" -> ""모래""라는 뜻의 글자입니다.",음독은 サ、シャ입니다. 사용 빈도는 サ가 훨씬 높습니다.,"砂는 ""모래""를 뜻합니다.",no
307,N2,誤,그르칠 오,"""그르칠 오"". 틀리다, 실수하다",ゴ,あやま(る),"誤 = 言 + 呉。 (소리부 겸 의미부)「呉」(ゴ)는 ""머리가 옆으로 기울어진 사람""을 그린 글자입니다(링크 참조). (의미부)「言」는 ""말""을 뜻합니다. 誤는 ""틀린 말(言)에 고개를 갸우뚱하다(呉)"" -> ""틀리다, 실수하다""라는 뜻의 글자입니다. (呉는 소리부도 겸함)",음독은 ゴ입니다. 특별한 점은 없습니다.,"誤る는 ""틀리다, 실수하다, 잘못되다""라는 뜻의 자동사 겸 타동사입니다. 예문) 順序を誤る 순서를 틀리다 答えを誤る 답을 틀리다 選択を誤る 선택을 잘못하다 誤った認識잘못된 인식 誤った考え 잘못된 생각",no
308,N2,賢,어질 현,"""어질 현"". 현명하다",ケン,かしこ(い),"賢 = 臣 + 又 + 貝。 「臣」는 ""신하""를 뜻합니다. 「又」는 ""손""을 뜻합니다. 「貝」는 ""돈, 재물""을 뜻합니다. 賢는 ""빈민들에게 재물(貝)을 나누어주는(又) 신하(臣)"" -> ""어질다, 현명하다""라는 뜻의 글자입니다.",음독은 ケン입니다. 특별한 점은 없습니다.,"賢い는 ""현명하다, 영리하다, 슬기롭다""라는 뜻의 형용사입니다. 예문) 賢い判断현명한 판단 賢い人と結婚したい 현명한 사람과 결혼하고 싶다 賢い子に育てたい 영리한 아이로 키우고 싶다",no
309,N2,腕,팔뚝 완,"""팔뚝 완"". 팔, 능력, 실력",ワン,うで,"腕 = 月 + 宛。 「月」는 ""신체의 일부""를 뜻합니다. 宛는 여기서는 ""사람의 목~어깨(宀)와 양팔(夕+㔾)""을 그린 모양자입니다. 腕는 ""신체의 일부(月) + 양팔(宛)"" -> ""팔뚝, 팔, 실력""이라는 뜻의 글자입니다.",음독은 ワン입니다. 특별한 점은 없습니다.,"腕는 ""팔, 솜씨, 능력""을 뜻합니다. 예문) 腕팔/솜씨/능력 腕を組む 팔짱을 끼다 腕が上がる 솜씨가 늘다",no
310,N2,較,견줄 교,"""견줄 교"". 비교하다",カク,,"較 = 車 + 交。 「車」는 ""수레, 차""를 뜻합니다. 「交」는 ""엇갈리다, 교차하다""라는 뜻입니다. 較는 ""엇갈려 지나가는(交) 두 수레(車)의 속도를 비교하다"" -> ""비교하다""라는 뜻의 글자입니다.",음독은 カク입니다. 특별한 점은 없습니다.,較의 정식 훈독은 없습니다.,no
311,N2,床,평상 상,"""평상 상"". 평상(침상, 걸상, 병상 등)",ショウ,とこ、ゆか,"床 = 广 + 木。 「广」는 ""집, 건물""을 뜻합니다. 「木」는 ""나무""를 뜻합니다. 床는 ""집(广)의 나무바닥(木)"" -> ""평상, 상""이라는 뜻의 글자입니다.",음독은 ショウ입니다. 특별한 점은 없습니다.,"床는 ""잠자리, 침상""을 뜻합니다. 床는 ""마루""를 뜻합니다.",no
312,N2,慣,익숙할 관,"""익숙할 관"". 익숙해지다, 습관",カン,な(れる)、な(らす),"慣 = 忄 + 貫。 (의미부)「忄」는 ""마음""을 뜻합니다. (소리부 겸 의미부)貫(カン - ""꿸 관"")은 ""꿰다, 관통하다""라는 뜻의 상용한자입니다. 貫 =毌 + 貝。 毌는 ""판자에 쇠막대를 꿰어놓은 모습""을 그린 모양자입니다. 「貝」는 ""돈, 재물""을 뜻합니다. 貫는 ""동전(貝)을 한 줄로 꿰어놓다(毌)"" -> ""꿰다, 관통하다""라는 뜻의 글자입니다. 慣는 ""마음(忄)에 깊이 박힌(貫) 습관"" -> ""습관, 익숙해지다""라는 뜻의 글자입니다. (貫는 소리부도 겸함)",음독은 カン입니다. 특별한 점은 없습니다.,"慣れる는 ""익숙해지다, 길들다""라는 뜻의 2그룹 자동사입니다. 慣らす는 ""익숙하게 하다, 순응시키다, 길들이다""라는 뜻의 타동사입니다. 예문) 新しい仕事に慣れてきた 새로운 일에 익숙해졌다 貧乏には慣れている 가난에는 익숙해져 있다 季節の変化に体を慣らす 계절 변화에 몸을 적응시키다 速いボールに目を慣らす 빠른 공을 눈에 익히다",no
313,N2,尊,높을 존,"""높을 존"". 존경하다, 소중하다",ソン,たっと(い)、とうと(い)、たっと(ぶ)、とうと(ぶ),"尊 = 丷 + 酉 + 寸。 「酉」는 ""술병, 술""을 뜻합니다. 丷는 여기서는 ""따뜻한 술에서 올라오는 김""을 그린 모양자입니다. 「寸」는 ""손""을 뜻합니다. 尊는 ""윗사람에게 따뜻한 술(丷+酉)을 따라 올리다(寸)"" -> ""존경하다, 소중하다""라는 뜻의 글자입니다.",음독은 ソン입니다. 특별한 점은 없습니다.,"尊い、尊い는 둘 다""고귀하다, 소중하다""라는 뜻의 형용사입니다. 尊ぶ、尊ぶ는 둘 다 ""존경하다, 소중히 여기다""라는 뜻의 타동사입니다. 예문) 尊い教え 고귀한 가르침 尊い命소중한 생명 老人を尊ぶ 노인을 공경하다 人命を尊ぶ 인명을 소중히 여기다",no
314,N2,窓,창 창,"""창 창"". 창문",ソウ,まど,"窓 = 穴 + 厶 + 心。 「穴」는 ""구멍""을 뜻합니다. 「厶」는 ""사사로운, 개인적인""이라는 뜻입니다. 「心」는 ""마음""을 뜻합니다. 窓는 ""사적인(厶) 마음(心)이 엿보이는 구멍(穴)"" -> ""마음의 창"" -> ""창문""이라는 뜻의 글자입니다.",음독은 ソウ입니다. 특별한 점은 없습니다.,"窓는 ""창문""을 뜻합니다.",no
315,N2,柔,부드러울 유,"""부드러울 유"". 부드러운, 유순한",ジュウ、ニュウ,やわ(らか)、やわ(らかい),"柔 = 矛 + 木。 矛는 여기서는 ""(나무에 돋아난) 새순""을 그린 모양자입니다. 「木」는 ""나무""를 뜻합니다. 柔는 ""나무(木)에 돋아난 새순(矛)"" -> ""부드러운, 유순한""이라는 뜻의 글자입니다.",음독은 ジュウ、ニュウ입니다. 사용 빈도는 ジュウ가 훨씬 높습니다.,"柔らか는 ""부드러움, 폭신함, 온화함""을 뜻합니다. 柔らかい는 ""부드럽다, 폭신폭신하다, 온화하다""라는 뜻의 형용사입니다. 예문) 柔らかな布団폭신한 이불 柔らかな餅말랑말랑한 떡 柔らかな表現온화한 표현 柔らかい体부드러운(유연한) 몸 柔らかいソファ 폭신한 소파 柔らかい日差し 부드러운 햇살 柔らかい表情を浮かべる 온화한 표정을 띄우다",no
316,N2,殿,전각 전,"""전각 전"". 전각, 궁전",デン、テン,との、どの,"殿 =尸 + 共+ 殳。 「尸」는 ""앉아있는 사람""을 뜻합니다. 「共」는 본래 ""쟁반을 두 손으로 받쳐든 모습""을 그린 글자입니다(링크 참조). 「殳」는 ""때리다, 휘두르다""라는 뜻입니다. 殿는 ""자리에 앉아(尸) 시중을 받으며(共) 채찍을 휘두르는(殳) 귀족"" -> ""전각, 궁전""이라는 뜻의 글자입니다.",음독은 デン、テン입니다. 사용 빈도는 デン이 훨씬 높습니다.,"~殿는 ""~님, ~씨, 귀하""라는 뜻의 경칭입니다.",no
317,N2,濃,짙을 농,"""짙을 농"". 짙다, 진하다",ノウ,こ(い),"濃 = 氵 + 農。 (의미부)「氵」는 ""물""을 뜻합니다. (소리부 겸 의미부)「農」(ノウ)는 ""농사""를 뜻합니다. 濃는 ""논(農)의 흙탕물(氵)"" -> ""진하다, 짙다""라는 뜻의 글자입니다. (農는 소리부도 겸함)",음독은 ノウ입니다. 특별한 점은 없습니다.,"濃い는 ""짙다, 진하다""라는 뜻의 형용사입니다. 예문) 濃いスープ 진한 수프 濃い赤진홍색 血は水よりも濃い 피는 물보다 진하다",no
318,N2,液,진 액,"""진 액"". 액체",エキ,,"液 = 氵 + 夜。 「氵」는 ""물""을 뜻합니다. 「夜」는 ""밤""을 뜻합니다. 液는 ""밤늦게까지(夜) 일하며 흘리는 땀(氵)"" -> ""액체""라는 뜻의 글자입니다.",음독은 エキ입니다. 특별한 점은 없습니다.,液의 정식 훈독은 없습니다.,no
319,N2,貧,가난할 빈,"""가난할 빈"". 가난하다, 부족하다",ヒン、ビン,まず(しい),"貧 = 分 + 貝。 「分」는 ""나누다""라는 뜻입니다. 「貝」는 ""돈, 재물""을 뜻합니다. 貧는 ""재물(貝)이 쪼개지다(分)"" -> ""돈이 없다"" -> ""가난하다, 부족하다""라는 뜻의 글자입니다.",음독은 ヒン、ビン입니다. 사용 빈도는 ヒン이 훨씬 높습니다. ビン은貧乏(가난/궁핍)을 제외하고는 거의 쓰이지 않는 음독입니다.,"貧しい는 ""가난하다, 빈약하다, 부족하다""라는 뜻의 형용사입니다. 예문) 貧しい家庭가난한 가정 貧しい医療設備빈약한 의료 설비 心の貧しい人마음이 가난한 사람 貧しい才能부족한 재능 想像力が貧しい 상상력이 부족하다",no
320,N2,肩,어깨 견,"""어깨 견"". 어깨",ケン,かた,"肩 = 戸 + 月。 戸는 여기서는 ""사람의 어깨""를 그린 모양자입니다. 「月」는 ""신체의 일부""를 뜻합니다. 肩는 ""신체의 일부(月) + 어깨(戸)"" -> ""어깨""라는 뜻의 글자입니다.",음독은 ケン입니다. 특별한 점은 없습니다.,"肩는 ""어깨""를 뜻합니다.",no
321,N2,零,떨어질/영 영,"""떨어질/영 영"". 극히 작다, 0",レイ,,"零 = 雨 + 令。 (의미부)「雨」는 ""비""를 뜻합니다. (소리부)「令」(レイ)는 여기서는 소리부의 역할만 하고 있습니다. 零는 ""작은 빗방울(雨)"" -> ""아주 작다, 0""이라는 뜻의 글자입니다(令는 소리부).",음독은 レイ입니다. 특별한 점은 없습니다.,零의 정식 훈독은 없습니다.,no
322,N2,怒,성낼 노,"""성낼 노"". 화내다, 분노하다",ド,いか(る)、おこ(る),"怒 = 奴 + 心。 (소리부 겸 의미부)奴(ド - ""종 노"")는 ""노예, 종""을 뜻하는 상용한자입니다. 「女」는 ""여자""를 뜻합니다. 「又」는 ""손""을 뜻합니다. 奴는 ""여자(女) 노예를 손에(又) 넣다"" -> ""노예, 종""이라는 뜻의 글자입니다. (의미부)「心」는 ""마음""을 뜻합니다. 怒는 ""노예(奴)의 억울한 마음(心)"" -> ""화내다, 분노하다""라는 뜻의 글자입니다. (奴는 소리부도 겸함)",음독은 ド입니다. 특별한 점은 없습니다.,"怒る는 ""분노하다""라는 뜻의 자동사입니다. 怒る는 ""화내다, 꾸짖다""라는 뜻의 자동사입니다. 예문) 腐敗政治に怒る 부패 정치에 분노하다 相手の怒りを買う 상대의 분노를 사다 主人に怒られる 남편에게 혼나다 彼が怒るのも無理はない 그가 화내는 것도 무리는 아니다",no
323,N2,祖,할아버지 조,"""할아버지 조"". 조상, 시조",ソ,,"祖 = 礻 + 且。 (의미부)「礻」는 ""종교, 신""을 뜻합니다. (소리부 겸 의미부)「且」(ソ)는 ""비석, 조상, 장례""를 뜻합니다. 祖는 ""조상님(且)의 신령(礻)"" -> ""조상, 시조, 선조""라는 뜻의 글자입니다. (且는 소리부도 겸함)",음독은 ソ입니다. 특별한 점은 없습니다.,祖의 정식 훈독은 없습니다.,no
324,N2,幼,어릴 유,"""어릴 유"". 어리다, 미숙하다",ヨウ,おさな(い),"幼 = 幺 + 力。 「幺」는 ""짧은 실, 작다, 어리다""라는 뜻입니다. 「力」는 ""힘""을 뜻합니다. 幼는 ""힘(力)이 약한 어린아이(幺)"" -> ""어린, 미숙한""이라는 뜻의 글자입니다.",음독은 ヨウ입니다. 특별한 점은 없습니다.,"幼い는 ""어리다, 미숙하다, 유치하다""라는 뜻의 형용사입니다. 예문) 幼い子供어린 아이 幼い頃の思い出어린 시절의 추억 幼い考え方유치한 생각",no
325,N2,泊,머무를 박,"""머무를 박"". 머무르다, 숙박하다",ハク,と(まる)、と(める),"泊 = 氵 + 白。 (의미부)「氵」는 ""물""을 뜻합니다. (소리부 겸 의미부)「白」(ハク)는 여기서는 ""조각배""를 그린 모양자로 쓰인 것입니다. 泊는 ""물가(氵)에 정박한 배(白)"" -> ""머무르다, 숙박하다""라는 뜻의 글자입니다. (白는 소리부도 겸함)",음독은 ハク입니다. 특별한 점은 없습니다.,"泊まる는 ""숙박하다, 머무르다""라는 뜻의 자동사입니다. 泊める는 ""숙박시키다, 묵게 하다""라는 뜻의 2그룹 타동사입니다. 예문) 宿屋に泊まる 여관에 묵다 ホテルに泊まる 호텔에 묵다 港に泊まる 항구에 정박하다 友人を自宅に泊める 친구를 자택에 묵게 하다 知人の家に泊めてもらう 지인의 집에서 묵다 船を港に泊める 배를 부두에 정박시키다",no
326,N2,杯,잔 배,"""잔 배"". 술잔, 세는 단위(수저/잔 등)",ハイ,さかずき,"杯 = 木 + 不。 「木」는 ""나무""를 뜻합니다. 不는 여기서는 ""술잔""을 그린 모양자입니다. 杯는 ""나무(木)로 만든 술잔(不)"" -> ""술잔, 잔""이라는 뜻의 글자입니다.",음독은 ハイ입니다. 특별한 점은 없습니다.,"杯는 ""술잔""을 뜻합니다.",no
327,N2,甘,달 감,"""달 감"". 달콤하다, 만족하다",カン,あま(い)、あま(える)、あま(やかす),"甘는 ""입에 음식을 넣은 모습""을 그린 상형문자입니다. ""달콤한 음식"" -> ""달다, 만족하다""라는 의미입니다.",음독은 カン입니다. 특별한 점은 없습니다.,"1.甘い 甘い는 ""달다, 달콤하다, 엄하지 않다""라는 뜻의 형용사입니다. 예문) 甘いお菓子단 과자 甘い新婚生活달콤한 신혼 생활 子に甘い親자식에게 무른 부모 2.甘える、甘やかす 甘える는 ""응석 부리다, 어리광 부리다""라는 뜻의 2그룹 자동사입니다. 甘やかす는 ""응석을 받아주다, 제멋대로 굴도록 내버려두다""라는 뜻의 타동사입니다. 예문) 親に甘える 부모에게 어리광부리다 母親に甘える子供엄마에게 어리광부리는 아이 甘やかされて育った子供응석받이로 자란 아이 甘やかし過ぎると我がままになってしまう 응석을 너무 받아 주면 버릇없어진다",no
328,N2,掃,쓸 소,"""쓸 소"". 쓸다, 제거하다",ソウ,は(く),"掃 = 扌 + 帚。 「扌」는 ""손""을 뜻합니다. 「帚」는 ""빗자루""를 뜻합니다. 掃는 ""빗자루(帚)를 들고(扌)청소하다"" -> ""쓸다, 제거하다""라는 뜻의 글자입니다.",음독은 ソウ입니다. 특별한 점은 없습니다.,"掃く는 ""쓸다""라는 뜻의 타동사입니다.",no
329,N2,掘,팔 굴,"""팔 굴"". 파다, 파내다",クツ,ほ(る),"掘 = 扌 + 屈。 (의미부)「扌」는 ""손""을 뜻합니다. (소리부 겸 의미부)屈(クツ - ""굽힐 굴"")은 ""굽히다, 움츠리다""라는 뜻의 상용한자입니다. 屈 = 尸 + 出。 「尸」는 ""앉아있는 사람""을 뜻합니다. 「出」는 ""나오다""라는 뜻입니다. 屈는 ""앉아있던 사람(尸)이 자리에서 일어나(出) 허리를 굽혀 인사하다"" -> ""굽히다""라는 뜻의 글자입니다. 掘는 ""허리를 굽히고(屈) 땅을 파다(扌)"" -> ""파다, 파내다""라는 뜻의 글자입니다. (屈는 소리부도 겸함)",음독은 クツ입니다. 특별한 점은 없습니다.,"掘る는 ""파다, 캐다""라는 뜻의 타동사입니다. 예문) 穴を掘る 구멍을 파다 井戸を掘る 우물을 파다 トンネルを掘る 터널을 뚫다 石炭を掘る 석탄을 캐다 芋を掘る 감자를 캐다",no
330,N2,疲,피곤할 피,"""피곤할 피"". 피로하다, 피곤하다",ヒ,つか(れる),"疲 = 疒 + 皮。 (의미부)「疒」는 ""질병, 질환""을 뜻합니다. (소리부 겸 의미부)「皮」(ヒ)는 ""가죽, 표면""을 뜻합니다. 疲는 ""피부(皮)가 일어날 정도로 피로하다(疒)"" -> ""피곤하다, 피로하다""라는 뜻의 글자입니다. (皮는 소리부도 겸함)",음독은 ヒ입니다. 특별한 점은 없습니다.,"疲れる는 ""지치다, 피곤해지다""라는 뜻의 2그룹 자동사입니다. 예문) 一日中働いて疲れた 하루 종일 일해서 피곤하다 心身ともに疲れている 심신 모두 지쳐 있다 疲れた顔피로한 얼굴",no
331,N2,捨,버릴 사,"""버릴 사"". 버리다",シャ,す(てる),"捨 = 扌 + 舎。 (의미부)「扌」는 ""손""을 뜻합니다. (소리부 겸 의미부)舎(シャ - ""집 사"")는 ""숙소, 집, 저택""을 뜻하는 상용한자입니다. 舎는 ""잠시 쉬어갈 수 있는 쉼터""를 그린 상형문자입니다. ""쉴 수 있는 곳"" -> ""숙소, 집, 저택""이라는 의미입니다. 捨는 ""집(舎)을 버리고(扌) 뛰쳐나오다"" -> ""버리다""라는 뜻의 글자입니다. (舎는 소리부도 겸함)",음독은 シャ입니다. 특별한 점은 없습니다.,"捨てる는 ""버리다""라는 뜻의 2그룹 타동사입니다. 예문) ゴミを捨てる 쓰레기를 버리다 疑いを捨てる 의심을 버리다 名を捨てて実を取る 명분을 버리고 실리를 택하다",no
332,N2,皆,다 개,"""다 개"". 모두, 전부",カイ,みな,"皆 = 比 + 白。 「比」는 본래 ""나란히 서 있는 사람들""을 그린 글자입니다(링크 참조). 白는 여기서는「曰」이 잘못 변형되어 굳어진 것으로, ""말하다""라는 뜻입니다. 皆는 ""여러 사람(比)이 함께 말하다(曰)"" -> ""모두, 다""라는 뜻의 글자입니다.",음독은 カイ입니다. 특별한 점은 없습니다.,"皆는 ""모두, 전부, 전원""을 뜻합니다.",no
333,N2,軟,연할 연,"""연할 연"". 부드러운, 연한",ナン,やわ(らか)、やわ(らかい),"軟 = 車 + 欠。 「車」는 ""수레, 차""를 뜻합니다. 「欠」는 ""부족한, 결함의""라는 뜻입니다. 軟는 ""낡아서 여기저기 망가진(欠) 수레(車)"" -> ""연약한, 부드러운""이라는 뜻의 글자입니다.",음독은 ナン입니다. 특별한 점은 없습니다.,"軟らか는 ""연함, 부드러움""을 뜻합니다. 軟らかい는 ""연하다, 부드럽다""라는 뜻의 형용사입니다. 예문) 軟らかな餅말랑한 떡 軟らかな肉연한 고기 軟らかい土부드러운 흙 彼女の言い方はいつも軟らかい 그녀의 말투는 항상 부드럽다",no
334,N2,沈,잠길 침,"""잠길 침"". 잠기다, 가라앉다",チン,しず(む)、しず(める),"沈 = 氵 + 冘。 「氵」는 ""물""을 뜻합니다. 冘는 ""목에 칼(冖)을 찬 죄수(人)""를 그린 모양자입니다. 沈는 ""물(氵) 속에 죄수(冘)를 수장시키다"" -> ""잠기다, 가라앉다""라는 뜻의 글자입니다.",음독은 チン입니다. 특별한 점은 없습니다.,"沈む는 ""가라앉다""라는 뜻의 자동사입니다. 沈める는 ""가라앉히다""라는 뜻의 2그룹 타동사입니다. 예문) 船が沈む 배가 가라앉다 海に沈む 바다에 가라앉다 沈んだ気持ち 침울한 기분 悲しみに沈む 슬픔에 잠기다 敵船を沈める 적선을 가라앉히다",no
335,N2,凍,얼 동,"""얼 동"". 얼다",トウ,こお(る)、こご(える),"凍 = 冫 + 東。 (의미부)「冫」는 ""얼음""을 뜻합니다. (소리부 겸 의미부)「東」(トウ)는 ""동쪽""을 뜻합니다. 凍는 ""모든 게 얼어붙는(冫) 추운 극동(東)"" -> ""얼다""라는 뜻의 글자입니다. (東는 소리부도 겸함)",음독은 トウ입니다. 특별한 점은 없습니다.,"1.凍る 凍る는 ""얼다""라는 뜻의 자동사입니다. 예문) 池の水が凍る 연못의 물이 얼다 洗濯物が凍る 빨래가 얼다 水道管が凍って水が出ない 수도관이 얼어서 물이 나오지 않는다 2.凍える 凍える는 ""추위로 몸에 감각이 없어지다""라는 뜻의 2그룹 자동사입니다. 예문) 寒くて手が凍えそうだ 추워서 손에 감각이 없어질 것 같다 手が凍えて字が書けない 손이 곱아서 글씨를 쓸 수 없다",no
336,N2,腹,배 복,"""배 복"". 배",フク,はら,"腹 = 月 + 复。 (의미부)「月」는 ""신체의 일부""를 뜻합니다. (소리부)「复」(フク)는 여기서는 소리부의 역할만 하고 있습니다. 腹는 ""신체의 일부(月)"" -> ""배""라는 뜻의 글자입니다(复는 소리부).",음독은 フク입니다. 특별한 점은 없습니다.,"腹는 ""배""를 뜻합니다.",no
337,N2,乳,젖 유,"""젖 유"". 젖, 유방",ニュウ,ちち、ち,"乳 = ⺤ + 子 + 乚。 「⺤」는 ""손""을 뜻합니다. 「子」는 ""아이""를 뜻합니다. 乚는 여기서는 ""여자의 유방""을 그린 모양자입니다. 乳는 ""아이(子)를 손(⺤)에 안고 젖(乚)을 먹이다"" -> ""젖, 유방""이라는 뜻의 글자입니다.",음독은 ニュウ입니다. 특별한 점은 없습니다.,"乳는 ""젖, 유방""을 뜻합니다.",no
338,N2,煙,연기 연,"""연기 연"". 연기, 그을음",エン,けむ(る)、けむり、けむ(い),"煙 = 火 + 覀 + 土。 「火」는 ""불""을 뜻합니다. 「覀」는 ""덮다""라는 뜻입니다. 「土」는 ""땅""을 뜻합니다. 煙는 ""연기(火)가 땅(土)을 뒤덮다(覀)"" -> ""연기, 그을음""이라는 뜻의 글자입니다.",음독은 エン입니다. 특별한 점은 없습니다.,"煙る는 ""연기가 나다""라는 뜻의 자동사입니다. 煙는 ""연기""를 뜻합니다. 煙い는 ""냅다(연기로 인해 눈/목이 쓰라리다)""라는 뜻의 형용사입니다.",no
339,N2,恋,사모할 연,"""사모할 연"". 그리워하다, 사모하다",レン,こ(う)、こい、こい(しい),"恋 = 亦 + 心。 「亦」는 ""팔을 벌리고 걷는 사람""을 그린 글자입니다. 「心」는 ""마음""을 뜻합니다. 恋는 ""떠나간 사람(亦)을 그리워하는 마음(心)"" -> ""그리워하다, 사모하다""라는 뜻의 글자입니다.",음독은 レン입니다. 특별한 점은 없습니다.,"1.恋 恋는 ""(남녀간의) 사랑""을 뜻합니다. 예시단어) 恋人연인/애인 初恋첫사랑 2.恋う 恋う는 현대어에서는 단독으로는 거의 쓰이지 않는 동사입니다. 恋い慕う(연모하다/그리워하다),恋い侘びる(그리움에 지치다)와 같은 복합동사로서 주로 쓰입니다. 예문) ひそかに恋い慕う 남몰래 연모하다 恋い侘びる 그리움에 지치다 3.恋しい 恋しい는 ""그립다""라는 뜻의 형용사입니다. 예문) 恋しい人그리운 사람 家族が恋しい 가족이 그립다",no
340,N2,紅,붉을 홍,"""붉을 홍"". 붉다, 홍색",コウ、ク,べに、くれない,"紅 = 糸 + 工。 (의미부)「糸」는 ""실""을 뜻합니다. (소리부)「工」(コウ・ク)는 여기서는 소리부의 역할만 하고 있습니다. 紅는 ""붉게 염색한 실(糸)"" -> ""붉다""라는 뜻의 글자입니다(工는 소리부).",음독은 コウ、ク입니다. 그러나 절대다수는 コウ로 읽습니다. ク는真紅(진홍)을 제외하고는 거의 쓰이지 않는 음독입니다.,"紅는 ""연지, 주홍색""을 뜻합니다. 紅는 ""다홍색, 주홍색""을 뜻합니다.",no
341,N2,郊,들 교,"""들 교"". 변두리, 교외",コウ,,"郊 = 交 + ⻏。 (소리부 겸 의미부)「交」(コウ)는 ""교차하다""라는 뜻입니다. (의미부)「⻏」는 ""도시""를 뜻합니다. 郊는 ""도시(⻏) 밖으로 나가는 교차로(交)"" -> ""변두리, 교외""라는 뜻의 글자입니다. (交는 소리부도 겸함)",음독은 コウ입니다. 특별한 점은 없습니다.,郊의 정식 훈독은 없습니다.,no
342,N2,腰,허리 요,"""허리 요"". 허리",ヨウ,こし,"腰 = 月 + 要。 (의미부)「月」는 ""신체의 일부""를 뜻합니다. (소리부 겸 의미부)「要」(ヨウ)는 본래 ""허리에 손을 올린 여자""를 그린 글자입니다(링크 참조). 腰는 ""신체의 일부(月) + 여자의 허리(要)"" -> ""허리""라는 뜻의 글자입니다. (要는 소리부도 겸함)",음독은 ヨウ입니다. 특별한 점은 없습니다.,"腰는 ""허리""를 뜻합니다.",no
343,N2,踊,뛸 용,"""뛸 용"". 춤추다",ヨウ,おど(る),"踊 = 足 + 甬。 「足」는 ""발""을 뜻합니다. 「甬」는 ""종""을 뜻합니다. 踊는 ""종소리(甬)에 맞춰 춤추다(足)"" -> ""춤추다""라는 뜻의 글자입니다.",음독은 ヨウ입니다. 특별한 점은 없습니다.,"踊る는 ""춤추다""라는 뜻의 자동사입니다.",no
344,N2,冊,책 책,"""책 책"". 책",サツ、サク,,"冊는 ""죽간을 둥글게 말아놓은 모습""을 그린 상형문자입니다. ""죽간을 말아놓은 것"" -> ""책""이라는 의미입니다.",음독은 サツ、サク입니다. 사용 빈도는 サツ가 훨씬 높습니다.,冊의 정식 훈독은 없습니다.,no
345,N2,眠,잘 면,"""잘 면"". 잠자다, 졸리다",ミン,ねむ(る)、ねむ(い),"眠 = 目 + 民。 (의미부)「目」는 ""눈""을 뜻합니다. (소리부 겸 의미부)「民」(ミン)은 ""백성, 국민""을 뜻합니다. 眠는 ""서민(民)의 졸리고 피곤한 눈(目)"" -> ""잠자다, 졸다""라는 뜻의 글자입니다. (民는 소리부도 겸함)",음독은 ミン입니다. 특별한 점은 없습니다.,"眠る는 ""잠자다, 잠들다""라는 뜻의 자동사입니다. 眠い는 ""졸리다""라는 뜻의 형용사입니다.",no
346,N2,怖,두려워할 포,"""두려워할 포"". 두려워하다, 무서워하다",フ,こわ(い),"怖 = 忄 + 布。 (의미부)「忄」는 ""마음""을 뜻합니다. (소리부 겸 의미부)「布」(フ)는 ""퍼지다, 베풀다""라는 뜻입니다. 怖는 ""두려운 마음(忄)이 퍼져나가다(布)"" -> ""두려워하다""라는 뜻의 글자입니다. (布는 소리부도 겸함)",음독은 フ입니다. 특별한 점은 없습니다.,"怖い는 ""무섭다, 두렵다, 겁나다""라는 뜻의 형용사입니다. 예문) 私は雷が怖い 나는 천둥이 무섭다 怖い先生무서운 선생님 怖くて大声を上げる 무서워서 큰 소리를 지르다",no
347,N2,珍,보배 진,"""보배 진"". 진귀한, 흔치 않은",チン,めずら(しい),"珍 = 𤣩 + 㐱。 「𤣩」는 ""구슬""을 뜻합니다. 㐱는 여기서는 ""반짝반짝 윤기가 흐르는 모습""을 표현한 모양자입니다. 珍는 ""반짝반짝 윤기가 흐르는(㐱) 옥구슬(𤣩)"" -> ""진귀한, 흔치 않은""이라는 뜻의 글자입니다.",음독은 チン입니다. 특별한 점은 없습니다.,"珍しい는 ""드물다, 희귀하다, 진귀하다""라는 뜻의 형용사입니다. 예문) 珍しい古書진귀한 고서 珍しい事だな 드문 일이군 都会には珍しい純朴な人도시에서는 보기 드문 순박한 사람",no
348,N2,卵,알 란,"""알 란"". 알",ラン,たまご,"卵는 ""곤충이 식물의 줄기에 알을 낳아놓은 모습""을 그린 상형문자입니다. ""곤충의 알"" -> ""알""이라는 의미입니다.",음독은 ラン입니다. 특별한 점은 없습니다.,"卵는 ""알, 달걀""을 뜻합니다.",no
349,N2,狭,좁을 협,"""좁을 협"". 좁다, 좁히다",キョウ,せま(い)、せば(める)、せば(まる),"狭 = 犭 + 夹。 (의미부)「犭」는 ""개""를 뜻합니다. (소리부 겸 의미부)「夹」(キョウ)는 ""끼다, 끼이다""라는 뜻의 글자입니다(링크 참조). 狭는 ""좁은 틈에 끼어서(夹) 나오지 못하고 있는 개(犭)"" -> ""좁다, 좁히다""라는 뜻의 글자입니다. (夹는 소리부도 겸함)",음독은 キョウ입니다. 특별한 점은 없습니다.,"狭い는 ""좁다""라는 뜻의 형용사입니다. 狭める는 ""좁히다""라는 뜻의 2그룹 타동사입니다. 狭まる는 ""좁아지다, 좁혀지다""라는 뜻의 자동사입니다. 예문) 狭い道좁은 길 狭い部屋좁은 방 間隔を狭める 간격을 좁히다 包囲網を狭めてくる 포위망을 좁혀 오다 幅が狭まる 폭이 좁아지다 先頭との差がだんだん狭まる 선두와의 차가 점점 좁혀지다",no
350,N2,喫,먹을 끽,"""먹을 끽"". 씹다, 먹다, 만끽하다",キツ,,"喫 = 口 +龶 + 刀 + 大。 「口」는 ""입""을 뜻합니다. 龶는 여기서는 ""담뱃잎""을 그린 모양자입니다. 「刀」는 ""칼""을 뜻합니다. 「大」는 ""사람""을 그린 글자입니다. 喫는 ""담뱃잎(龶)을 잘라(刀) 입(口) 안에 넣고 씹는 사람(大)"" -> ""씹다, 먹다, 만끽하다""라는 뜻의 글자입니다. 담뱃잎",음독은 キツ입니다. 특별한 점은 없습니다.,喫의 정식 훈독은 없습니다.,no
351,N2,干,"방패/줄기 간, 마를 건","""방패/줄기 간, 마를 건"". 방패, 줄기, 상관하다, 마르다",カン,ほ(す)、ひ(る),"干는 ""고대에 쓰이던 방패""를 본따 그린 상형문자입니다. (干에 포함된 여러 가지 다른 의미들(줄기, 상관하다, 마르다 등)은 전부 음독이 비슷하다는 이유로 나중에 추가된 것입니다.)",음독은 カン입니다. 특별한 점은 없습니다.,"干す는 ""말리다""라는 뜻의 타동사입니다. 干る는 ""마르다""라는 뜻의 2그룹 자동사입니다. 예문) 洗濯物を干す 세탁물을 말리다 干した魚말린 생선 干し柿곶감 池が干る 연못이 마르다",no
352,N2,頂,정수리 정,"""정수리 정"". 정상, 꼭대기",チョウ,いただ(く)、いただき,"頂 = 丁 + 頁。 (소리부 겸 의미부)「丁」(チョウ)는 ""못""을 뜻합니다. 여기서는 ""뾰족한 못"" -> ""꼭대기""라는 뜻으로 쓰인 것입니다. (의미부)「頁」는 ""머리""를 뜻합니다. 頂는 ""머리(頁) 꼭대기(丁)"" -> ""정상, 꼭대기""라는 뜻의 글자입니다. (丁는 소리부도 겸함)",음독은 チョウ입니다. 특별한 점은 없습니다.,"頂く는 もらう(받다)의 겸양어입니다. 頂는 ""맨 위, 꼭대기, 정상""을 뜻합니다.",no
353,N2,溶,녹을 용,"""녹을 용"". 녹다, 녹이다",ヨウ,と(ける)、と(かす)、と(く),"溶 = 氵 + 容。 (의미부)「氵」는 ""물""을 뜻합니다. (소리부 겸 의미부)「容」(ヨウ)는 ""담다, 수용하다""라는 뜻입니다. 溶는 ""물(氵)에 녹아 스며들다(容)"" -> ""녹다, 녹이다""라는 뜻의 글자입니다. (容는 소리부도 겸함)",음독은 ヨウ입니다. 특별한 점은 없습니다.,"1.溶ける 溶ける는 ""녹다""라는 뜻의 2그룹 자동사입니다. 예문) 砂糖が水に溶ける 설탕이 물에 녹다 氷が溶ける 얼음이 녹다 雪が溶け始める 눈이 녹기 시작하다 チョコレートが溶けてしまった 초콜릿이 녹아 버렸다 溶鉱炉の中で鉄が溶ける 용광로 속에서 쇠가 녹다 2.溶く、溶かす 溶く는 ""(액체 등에 섞어서) 풀다, 개다""라는 뜻의 타동사입니다. 溶かす는 ""녹이다""라는 뜻의 타동사입니다. 예문) 小麦粉を水に溶く 밀가루를 물에 개다 お湯で溶いた粉末スープ 뜨거운 물에 푼 분말수프 絵の具を油で溶く 그림물감을 기름으로 개다 日差しが氷を溶かす 햇살이 얼음을 녹이다 バターを溶かす 버터를 녹이다 鉄を溶かす 쇠를 녹이다",no
354,N2,暖,따뜻할 난,"""따뜻할 난"". 따뜻하다",ダン,あたた(か)、あたた(かい)、あたた(まる)、あたた(める),"暖 = 日 + 爰。 「日」는 ""태양""을 뜻합니다. 「爰」는 ""한가롭다, 여유롭다, 느긋하다""라는 뜻의 글자입니다(링크 참조). 暖는 ""따뜻한 햇살(日) 아래서 여유를(爰) 즐기다"" -> ""따뜻하다""라는 뜻의 글자입니다.",음독은 ダン입니다. 특별한 점은 없습니다.,"1.暖か、暖かい 暖か는 ""따뜻함, 따스함""을 뜻합니다. 暖かい는 ""따뜻하다""라는 뜻의 형용사입니다. 예문) 暖かな天気따뜻한 날씨 暖かい国따뜻한 나라 2.暖まる、暖める 暖まる는 ""따뜻해지다""라는 뜻의 자동사입니다. 暖める는 ""따뜻하게 하다""라는 뜻의 2그룹 타동사입니다. 예문) 部屋が暖まる 방이 따뜻해지다 部屋を暖める 방을 따뜻하게 하다 참고)暖まる・暖める와温まる・温める의 차이점 아래 예문을 참조해 주세요. 예문) 暖かな天気따뜻한 날씨 部屋が暖まる 방이 따뜻해지다 暖かい色따뜻한 색깔 温かいご飯찬밥을 데우다 心が温まる 마음이 따뜻해지다",no
355,N2,鉱,광물 광,"""광물 광"". 광석, 광물",コウ,,"鉱 = 金 + 広。 (의미부)「金」는 ""쇠, 금속""을 뜻합니다. (소리부 겸 의미부)「広」(コウ)는 ""넓다""라는 뜻입니다. 鉱는 ""넓은 광산(広)에서 나는 금속들(金)"" -> ""광석, 광물""이라는 뜻의 글자입니다. (広는 소리부도 겸함)",음독은 コウ입니다. 특별한 점은 없습니다.,鉱의 정식 훈독은 없습니다.,no
356,N2,涙,눈물 루,"""눈물 루"". 눈물",ルイ,なみだ,"涙 = 氵 + 戻。 「氵」는 ""물""을 뜻합니다. 「戻」는 본래 ""문(戸) 앞에서 거절당하고 돌아가는 사람(大)""을 그린 글자입니다(링크 참조). 涙는 ""거절당하고 돌아가며(戻) 눈물을 흘리다(氵)"" -> ""눈물""이라는 뜻의 글자입니다.",음독은 ルイ입니다. 특별한 점은 없습니다.,"涙는 ""눈물""을 뜻합니다.",no
357,N2,匹,짝 필,"""짝 필"". 짝, 상대, ~필(동물을 세는 단위)",ヒツ,ひき,"匹는 ""사람의 콧구멍""을 그린 상형문자입니다. ""콧구멍 두 개"" -> ""짝, 상대""라는 의미입니다.",음독은 ヒツ입니다. 특별한 점은 없습니다.,"匹는 ""동물을 세는 단위""로 쓰이는 단어입니다.",no
358,N2,鋭,날카로울 예,"""날카로울 예"". 날카로운, 예리한",エイ,するど(い),"鋭 = 金 + 兑。 「金」는 ""쇠, 금속""을 뜻합니다. 「兑」는 ""날카로운 눈을 한 사람""을 그린 글자입니다. 鋭는 ""날카로운(兑) 금속(金)"" -> ""날카로운, 예리한""이라는 뜻의 글자입니다.",음독은 エイ입니다. 특별한 점은 없습니다.,"鋭い는 ""날카롭다, 예리하다""라는 뜻의 형용사입니다. 예문) 鋭い刀날카로운 칼 鋭い剃刀날카로운 면도칼 鋭い感覚예리한 감각 鋭い質問예리한 질문 鋭い直観力날카로운 직감력",no
359,N2,枝,가지 지,"""가지 지"". 가지, 나뭇가지",シ,えだ,"枝 = 木 + 支。 (의미부)「木」는 ""나무""를 뜻합니다. (소리부 겸 의미부)「支」(シ)는 ""(갈라져 나온) 지류/지부""를 뜻합니다. 枝는 ""나무(木)에서 갈라져 나온(支) 가지"" -> ""나뭇가지""라는 뜻의 글자입니다. (支는 소리부도 겸함)",음독은 シ입니다. 특별한 점은 없습니다.,"枝는 ""가지, 갈래""를 뜻합니다.",no
360,N2,塗,칠할 도,"""칠할 도"". 칠하다, 바르다",ト,ぬ(る),"塗 = 氵 + 余 + 土。 「氵」는 ""물""을 뜻합니다. 「土」는 ""흙""을 뜻합니다. 「余」는 ""잎이 풍성한 나무""를 그린 글자입니다. 塗는 ""나무(余)에 진흙(氵+土)을 바르다"" -> ""칠하다, 바르다""라는 뜻의 글자입니다.",음독은 ト입니다. 특별한 점은 없습니다.,"塗る는 ""바르다, 칠하다""라는 뜻의 타동사입니다. 예문) ペンキを塗る 페인트를 칠하다 傷口に薬を塗る 상처에 약을 바르다 パンにバターを塗る 빵에 버터를 바르다 色を薄めに塗る 색을 살짝 연하게 칠하다 壁を白く塗る 벽을 하얗게 칠하다",no
361,N2,軒,집 헌,"""집 헌"". 처마, 가옥",ケン,のき,"軒 = 車 + 干。 「車」는 ""수레, 차""를 뜻합니다. 「干」는 ""방패""를 뜻합니다. 여기서는 ""방패"" -> ""차양막""이라는 뜻으로 쓰인 것입니다. 軒는 ""수레(車)에 달린 차양막(干)"" -> ""처마""라는 뜻의 글자입니다.",음독은 ケン입니다. 특별한 점은 없습니다.,"軒는 ""처마""라는 뜻입니다.",no
362,N2,晩,늦을 만,"""늦을 만"". 저녁, 밤, 늦다",バン,,"晩 = 日 + 免。 「日」는 ""해""를 뜻합니다. 免(""면할 면"")은 ""면하다""라는 뜻의 상용한자입니다. 免는 ""투구를 쓴 사람""을 그린 상형문자입니다. ""전장에서 투구 덕분에 죽음을 면하다"" -> ""면하다""라는 의미입니다. 晩는 ""해가 져서 햇빛(日)을 면하다(免)"" -> ""저녁, 밤, 늦다""라는 뜻의 글자입니다.",음독은 バン입니다. 특별한 점은 없습니다.,晩의 정식 훈독은 없습니다.,no
363,N2,叫,부르짖을 규,"""부르짖을 규"". 울부짖다, 부르짖다",キョウ,さけ(ぶ),"叫 = 口 + 丩。 「口」는 ""입""을 뜻합니다. 「丩」는 ""얽히다""라는 뜻입니다. 叫는 ""한데 얽혀(丩) 울부짖다(口)"" -> ""부르짖다, 울부짖다""라는 뜻의 글자입니다.",음독은 キョウ입니다. 특별한 점은 없습니다.,"叫ぶ는 ""외치다, 부르짖다""라는 뜻의 자동사 겸 타동사입니다. 예문) 大声で叫ぶ 큰 소리로 외치다 教育改革を叫ぶ 교육 개혁을 부르짖다",no
364,N2,拝,절 배,"""절 배"". 절하다, 경의를 표하다",ハイ,おが(む),"拝 =扌 + 一 + 丰。 「扌」는 ""손""을 뜻합니다. 「一」는 ""1""을 뜻합니다. 丰는 여기서는「手」가 변형된 것으로, ""손""을 뜻합니다. 拝는 ""두 손(扌+丰)을 하나로 모아(一) 합장하다"" -> ""절하다, 경의를 표하다""라는 뜻의 글자입니다.",음독은 ハイ입니다. 특별한 점은 없습니다.,"拝む는 ""(합장) 배례하다, 공손히 절하다""라는 뜻의 타동사입니다. 예문) 仏を拝む 부처님께 합장 배례하다 手を合わせて拝む 두 손 모아 절하다 初日の出を拝む 설날 아침 해를 향해 배례하다",no
365,N2,乾,마를 건,"""마를 건"". 마르다, 말리다",カン,かわ(く)、かわ(かす),"乾 = 𠦝 + 乞。 「𠦝」는 ""떠오르는 아침해""를 그린 글자입니다. 乞는 여기서는 ""아지랑이(乙)가 피어오르는(𠂉) 모습""을 표현한 모양자입니다. 乾는 ""햇볕(𠦝)을 받아 아지랑이가(乞) 피어오르다"" -> ""마르다, 말리다""라는 뜻의 글자입니다.",음독은 カン입니다. 특별한 점은 없습니다.,"乾く는 ""마르다, 건조하다""라는 뜻의 자동사입니다. 乾かす는 ""말리다""라는 뜻의 타동사입니다. 예문) 洗濯物が乾く 세탁물이 마르다 乾いた空気건조한 공기 日照りで地面がからからに乾いている 가뭄으로 지면이 바싹 말라 있다 髪を乾かす 머리를 말리다 濡れた服を乾かす 젖은 옷을 말리다 洗濯物を乾かす 세탁물을 말리다",no
366,N2,棒,막대 봉,"""막대 봉"". 막대, 봉",ボウ,,"棒 = 木 + 奉。 (의미부)「木」는 ""나무""를 뜻합니다. (소리부)奉(ホウ - ""받들 봉"")은 ""받들다, 섬기다""라는 뜻의 상용한자입니다. 다만 여기서는 소리부(ホウ -> ボウ)의 역할만 하고 있습니다. 奉는 ""약초를 두 손으로 받들고 있는 모습""을 그린 상형문자입니다. 棒는 ""나무(木) 막대기"" -> ""막대, 봉""이라는 뜻의 글자입니다(奉는 소리부).",음독은 ボウ입니다. 특별한 점은 없습니다.,棒의 정식 훈독은 없습니다.,no
367,N2,祈,빌 기,"""빌 기"". 빌다, 기원하다",キ,いの(る),"祈 = 礻 + 斤。 「礻」는 ""종교, 신, 고대의 비석""을 뜻합니다. 「斤」는 ""도끼""를 뜻합니다. 祈는 ""전쟁(斤)의 승리를 신에게 빌다(礻)"" -> ""기원하다, 빌다""라는 뜻의 글자입니다.",음독은 キ입니다. 특별한 점은 없습니다.,"祈る는 ""기원하다, 바라다""라는 뜻의 타동사입니다. 예문) ご成功を祈ります 성공을 기원합니다 幸福を神に祈る 행복을 신에게 빌다 健康を祈る 건강을 기원하다",no
368,N2,髪,터럭 발,"""터럭 발"". 머리카락",ハツ,かみ,"髪 = 镸 + 彡 + 友。 镸는「長」가 축약된 것으로, ""길다""라는 뜻입니다. 彡는 여기서는 ""머리카락""을 그린 모양자입니다. 「友」는 ""친구""를 뜻합니다. 髪는 ""머리(彡)를 길게(镸) 기른 친구(友)"" -> ""머리카락""이라는 뜻의 글자입니다.",음독은 ハツ입니다. 특별한 점은 없습니다.,"髪는 ""머리털""을 뜻합니다.",no
369,N2,忙,바쁠 망,"""바쁠 망"". 바쁘다",ボウ,いそが(しい),"忙 = 忄 + 亡。 (의미부)「忄」는 ""마음""을 뜻합니다. (소리부 겸 의미부)「亡」(ボウ)는 ""망하다, 죽다""라는 뜻입니다. 忙는 ""마음을(忄) 잊을(亡) 정도로 바쁘다"" -> ""바쁘다""라는 뜻의 글자입니다. (亡는 소리부도 겸함)",음독은 ボウ입니다. 특별한 점은 없습니다.,"忙しい는 ""바쁘다""라는 뜻의 형용사입니다.",no
370,N2,綿,솜 면,"""솜 면"". 솜, 무명",メン,わた,"綿 = 糸 + 白 + 巾。 「糸」는 ""실""을 뜻합니다. 「白」는 ""흰색""을 뜻합니다. 「巾」는 ""수건, 천""을 뜻합니다. 綿는 ""실(糸)로 된 흰색(白) 천(巾)"" -> ""솜, 무명""이라는 뜻의 글자입니다.",음독은 メン입니다. 특별한 점은 없습니다.,"綿는 ""목화, 솜""을 뜻합니다.",no
371,N2,汗,땀 한,"""땀 한"". 땀",カン,あせ,"汗 = 氵 + 干。 (의미부)「氵」는 ""물""을 뜻합니다. (소리부 겸 의미부)「干」(カン)은 ""마르다""라는 뜻입니다. 汗는 ""땀(氵)이 마르다(干)"" -> ""땀""이라는 뜻의 글자입니다. (干은 소리부도 겸함)",음독은 カン입니다. 특별한 점은 없습니다.,"汗는 ""땀""을 뜻합니다.",no
372,N2,銅,구리 동,"""구리 동"". 구리",ドウ,,"銅 = 金 + 同。 (의미부)「金」는 ""쇠, 금속""을 뜻합니다. (소리부)「同」(ドウ)는 여기서는 소리부의 역할만 하고 있습니다. 銅는 ""금속(金)"" -> ""구리""라는 뜻의 글자입니다(同는 소리부).",음독은 ドウ입니다. 특별한 점은 없습니다.,銅의 정식 훈독은 없습니다.,no
373,N2,湿,젖을 습,"""젖을 습"". 습기차다, 젖다",シツ,しめ(る)、しめ(す),"湿 = 氵 + 日 + 业。 「氵」는 ""물""을 뜻합니다. 「日」는 ""태양""을 뜻합니다. 业는 여기서는 ""젖은 윗옷""을 그린 모양자입니다. 湿는 ""물(氵)에 젖은 윗옷(业)을 햇볕(日)에 말리다"" -> ""습기차다, 젖다""라는 뜻의 글자입니다.",음독은 シツ입니다. 특별한 점은 없습니다.,"湿る는 ""축축해지다, 습기차다, 침울해지다""라는 뜻의 1그룹 자동사입니다. 湿す는 ""적시다, 축이다""라는 뜻의 타동사입니다. 예문) 雨で湿った地面비로 축축히 젖은 지면 洗濯物がまだ湿っている 세탁물이 아직 젖어 있다 湿った雰囲気침울한 분위기 喉を湿す 목을 축이다 布を湯で湿す 천을 더운물에 축이다",no
374,N2,咲,필 소,"""필 소"". (꽃이)피다",,さ(く),"咲 = 口 + 关。 「口」는 ""입""을 뜻합니다. 「关」는 ""웃음""을 뜻합니다. 咲는 ""꽃봉오리가 입(口)을 벌리고 활짝 웃다(关)"" -> ""꽃이 피다""라는 뜻의 글자입니다.",咲의 정식 음독은 없습니다.,"咲く는 ""(꽃이) 피다""라는 뜻의 자동사입니다.",no
375,N2,召,부를 소,"""부를 소"". 부르다, 소환",ショウ,め(す),"召 = 刀 + 口。 「刀」는 ""칼""을 뜻합니다. 「口」는 ""입""을 뜻합니다. 옛사람들은 ""입은 화를 부르는 문이며, 혀는 몸을 베는 칼이다""라고 경계했다고 합니다. 召는 ""말실수(口)가 화(刀)를 부르다"" -> ""부르다""라는 뜻의 글자입니다. 참고) 招、召의 차이점",음독은 ショウ입니다. 특별한 점은 없습니다.,"召す는 ""부르다, 먹다, 마시다, 타다""등의 여러 가지 의미로 쓰이는 존경동사입니다. 예문) ご飯を召し上がりますか 진지를 드시겠습니까 お風邪を召す 감기에 걸리시다 殿下がお召しです 전하께옵서 부르십니다",no
376,N2,脂,기름 지,"""기름 지"". 기름, 지방",シ,あぶら,"脂 = 月 + 旨。 (의미부)「月」는 ""고기""를 뜻합니다. (소리부 겸 의미부)旨는 여기서는「指」(シ)가 축약된 것으로, ""손가락""을 뜻합니다. 脂는 ""개기름(月)이 줄줄 흐르는 손가락(指)"" -> ""기름, 지방""이라는 뜻의 글자입니다. (旨->指는 소리부도 겸함)",음독은 シ입니다. 특별한 점은 없습니다.,"脂는 ""기름, 기름기""를 뜻합니다.",no
377,N2,蒸,찔 증,"""찔 증"". 찌다, 증기",ジョウ,む(れる)、む(らす)、む(す),"蒸 = 艹 + 氶 + 一 + 灬。 「艹」는 ""풀""을 뜻합니다. 氶는「水」가 살짝 변형된 것으로, ""물""을 뜻합니다. 一는 여기서는 ""불판""을 그린 모양자입니다. 「灬」는 ""불""을 뜻합니다. 蒸는 ""불판(一+灬)위에 야채(艹)를 올리고 수증기(氶)를 내서 찌다"" -> ""찌다, 증기""라는 뜻의 글자입니다.",음독은 ジョウ입니다. 특별한 점은 없습니다.,"1.蒸す 蒸す는 ""찌다, 무덥다""라는 뜻의 자동사/타동사입니다. 예문) 芋を蒸す 감자를 찌다 今夜はひどく蒸す 오늘 밤은 몹시도 찐다(무덥다) 2.蒸らす、蒸れる 蒸らす는 ""뜸들이다""라는 뜻의 타동사입니다. 蒸れる는 ""뜸들다, 무덥다""라는 뜻의 2그룹 자동사입니다. 예문) 火を止めてご飯を蒸らす 불을 끄고 밥을 뜸들이다 ご飯が蒸れる 밥이 뜸들다 部屋の中が蒸れる 방 안이 눅눅하다",no
378,N2,肌,살 기,"""살 기"". 살갗, 피부",,はだ,"肌 = 月 + 几。 「月」는 ""신체의 일부""를 뜻합니다. 几는 여기서는 ""살가죽""을 그린 모양자입니다. 肌는 ""신체의 일부(月) + 살가죽(几)"" -> ""살갗, 피부""라는 뜻의 글자입니다.",肌의 정식 음독은 없습니다.,"肌는 ""피부""를 뜻합니다.",no
379,N2,靴,신 화,"""신 화"". 구두",カ,くつ,"靴 = 革 + 化。 (의미부)「革」는 ""가죽""을 뜻합니다. (소리부 겸 의미부)「化」(カ)는 ""바뀌다, 변하다""라는 뜻입니다. 靴는 ""가죽(革)을 가공해서(化) 만든 구두"" -> ""구두""라는 뜻의 글자입니다. (化는 소리부도 겸함)",음독은 カ입니다. 특별한 점은 없습니다.,"靴는 ""구두""라는 뜻입니다.",no
380,N2,耕,밭 갈 경,"""밭 갈 경"". 밭을 갈다, 경작하다",コウ,たがや(す),"耕 = 耒 + 井。 「耒」는 ""쟁기""를 그린 글자입니다(링크 참조). 井(""우물 정"")은 ""우물""을 뜻하는 상용한자입니다. 井는 ""우물""을 본따 그린 상형문자입니다. 耕는 ""쟁기(耒)와 농사에 쓸 물(井)"" -> ""경작하다""라는 뜻의 글자입니다.",음독은 コウ입니다. 특별한 점은 없습니다.,"耕す는 ""밭을 갈다, 파서 일구다""라는 뜻의 타동사입니다.",no
381,N2,鈍,둔할 둔,"""둔할 둔"". 둔하다, 무디다",ドン,にぶ(い)、にぶ(る),"鈍 = 金 + 屯。 (의미부)「金」는 ""쇠, 금속""을 뜻합니다. (소리부 겸 의미부)「屯」(トン)은 ""뿌리깊은 나무""를 뜻합니다. 鈍는 ""무쇠(金)처럼 굳건히 뿌리박고(屯) 서 있는 거대한 나무"" -> ""둔하다, 무디다""라는 뜻의 글자입니다. (屯는 소리부(トン -> ドン)도 겸함)",음독은 ドン입니다. 특별한 점은 없습니다.,"鈍い는 ""둔하다, 무디다""라는 뜻의 형용사입니다. 鈍る는 ""둔해지다, 무디어지다""라는 뜻의 자동사입니다. 예문) 鈍い包丁무딘 식칼 感覚が鈍い 감각이 둔하다 頭が鈍い 머리가 둔하다 刀が鈍る 칼이 무디어지다 感覚が鈍る 감각이 둔해지다 頭の動きが鈍る 머리 회전이 둔해지다",no
382,N2,恥,부끄러울 치,"""부끄러울 치"". 부끄러워하다, 부끄러움",チ,は(じる)、はじ、は(じらう)、は(ずかしい),"恥 = 耳 + 心。 「耳」는 ""귀""를 뜻합니다. 「心」는 ""마음""을 뜻합니다. 恥는 ""부끄러운 마음(心)에 귀(耳)가 빨개지다"" -> ""부끄러움""이라는 뜻의 글자입니다.",음독은 チ입니다. 특별한 점은 없습니다.,"1.恥、恥ずかしい 恥는 ""부끄러움, 수치""를 뜻합니다. 恥ずかしい는 ""부끄럽다""라는 뜻의 형용사입니다. 예문) 我が家の恥だ 우리 집안의 수치다 恥ずかしいことだな 부끄러운 일이다 人前に出るのが恥ずかしい 사람들 앞에 나서는 것이 부끄럽다 2.恥じる、恥じらう 恥じる는 ""수치스러워하다, 부끄러워하다""라는 뜻의 2그룹 자동사입니다. 恥じらう는 ""수줍어하다, 부끄러워하다""라는 뜻의 자동사입니다. 둘의 차이점은 다음과 같습니다. 아래 예문을 참조해 주세요. 예문) 自らの不明を恥じる 스스로의 어리석음을 부끄러워하다 良心に恥じる 양심에 부끄럽게 여기다 彼女は頬を染めて恥じらった 그녀는 볼을 붉히며 부끄러워했다 恥じらいの色を見せる 수줍은 기색을 보이다",no
383,N2,泥,진흙 니,"""진흙 니"". 진흙",デイ,どろ,"泥 = 氵 +尸 + 匕。 「氵」는 ""물""을 뜻합니다. 「尸」는 ""앉아있는 사람""을 뜻합니다. 「匕」는 ""넘어져있는 사람""을 뜻합니다. 泥는 ""진흙탕(氵)에 넘어져(匕) 주저앉은(尸) 사람"" -> ""진흙""이라는 뜻의 글자입니다.",음독은 デイ입니다. 특별한 점은 없습니다.,"泥는 ""진흙""을 뜻합니다.",no
384,N2,隅,모퉁이 우,"""모퉁이 우"". 구석, 모퉁이",グウ,すみ,"隅 = ⻖ + 禺。 (의미부)「⻖」는 ""언덕, 산""을 뜻합니다. (소리부 겸 의미부)「禺」(グウ)는 ""원숭이""를 뜻하는 글자입니다(링크 참조). 隅는 ""깊은 산속(⻖) 구석에만 숨어사는 원숭이(禺)"" -> ""구석, 모퉁이""라는 뜻의 글자입니다. (禺는 소리부도 겸함)",음독은 グウ입니다. 특별한 점은 없습니다.,"隅는 ""모퉁이, 귀퉁이""를 뜻합니다.",no
385,N2,偶,짝 우,"""짝 우"". 우연, 짝, 배필, 우상",グウ,,"偶 = 亻 +禺。 (의미부)「亻」는 ""사람""을 뜻합니다. (소리부 겸 의미부)「禺」(グウ)는 ""원숭이""를 뜻합니다. 偶는 ""사람(亻)이 원숭이(禺)를 마주치다""라는 뜻입니다. 이라는 의미입니다. (禺는 소리부도 겸함)",음독은 グウ입니다. 특별한 점은 없습니다.,偶의 정식 훈독은 없습니다.,no
386,N2,辛,매울 신,"""매울 신"". 맵다, 가혹하다, 괴롭다",シン,から(い),"辛는 ""노예의 몸에 문신을 새기던 도구""를 그린 상형문자입니다. ""노예 신세"" -> ""가혹하다, 괴롭다, 맵다""라는 의미입니다.",음독은 シン입니다. 특별한 점은 없습니다.,"辛い는 ""맵다, 짜다, 가혹하다""라는 뜻의 형용사입니다. 예문) 辛い食べ物매운 음식 辛い目を見る 괴로운 일을 당하다(매운맛을 보다)",no
387,N2,磨,갈 마,"""갈 마"". 갈다, 윤기나게 닦다, 연마하다",マ,みが(く),"磨 =广 + 林+ 石。 「广」는 ""건물, 집""을 뜻합니다. 「石」는 ""돌""을 뜻합니다. 林는 여기서는 ""대마(삼베의 원료)""를 그린 모양자입니다. 아래 그림을 참조해 주세요. 대마 삼베를 만들기 위해서는, 먼저 대마를 말린 다음 돌로 문질러야 한다고 합니다. 磨는 ""집(广)에서 말린 대마(林)를 돌(石)로 문지르다"" -> ""갈다, 닦다, 연마하다""라는 뜻의 글자입니다. 참고) 磨에서 石를 뺀 麻는 ""삼베""를 뜻하는 상용한자입니다(1296.「麻」참조).",음독은 マ입니다. 특별한 점은 없습니다.,"磨く는 ""닦다, 윤기를 내다, 솜씨를 연마하다""라는 뜻의 타동사입니다. 예문) 窓ガラスを磨く 유리창을 닦다 寝る前に歯を磨く 자기 전에 이를 닦다 技術を磨く 기술을 연마하다",no
388,N2,姓,성 성,"""성 성"". 성씨",セイ、ショウ,,"姓 = 女 + 生。 (의미부)「女」는 ""여자""를 뜻합니다. (소리부 겸 의미부)「生」(セイ・ショウ)는 ""생명, 태어나다""라는 뜻입니다. 일본에서는 여자가 결혼하면 남편의 성을 따르게 됩니다. 姓는 ""여자(女)가 자라서(生) 결혼하면 받게 되는 것"" -> ""성씨""라는 뜻의 글자입니다. (生는 소리부도 겸함)",음독은 セイ、ショウ입니다. 사용 빈도는 セイ가 훨씬 높습니다.,姓의 정식 훈독은 없습니다.,no
389,N2,筒,통 통,"""통 통"". 통, 원통",トウ,つつ,"筒 = 𥫗 + 同。 (의미부)「𥫗」는 ""대나무""를 뜻합니다. (소리부 겸 의미부)「同」(ドウ)는 본래 ""둥글게 둘러앉은 모습""을 그린 글자입니다(링크 참조). 筒는 ""둥근(同) 통 모양의 대나무 줄기(𥫗)"" -> ""원통""이라는 뜻의 글자입니다. (同는 소리부(ドウ -> トウ)도 겸함) 대나무 줄기",음독은 トウ입니다. 특별한 점은 없습니다.,"筒는 ""통, 속이 비고 긴 관""을 뜻합니다.",no
390,N2,粒,낟알 립,"""낟알 립"". 낟알, 입자",リュウ,つぶ,"粒 = 米 + 立。 (의미부)「米」는 ""쌀""을 뜻합니다. (소리부)「立」(リュウ)는 여기서는 소리부의 역할만 하고 있습니다. 粒는 ""쌀알(米)"" -> ""낟알, 입자""라는 뜻의 글자입니다(立는 소리부).",음독은 リュウ입니다. 특별한 점은 없습니다.,"粒는 ""낟알""을 뜻합니다.",no
391,N2,詞,말/글 사,"""말/글 사"". 말, 언어, 시",シ,,"詞 = 言 + 司。 (의미부)「言」는 ""말하다""라는 뜻입니다. (소리부 겸 의미부)「司」(シ)는 ""주관하다, 다스리다""라는 뜻입니다. 詞는 ""높은 사람(司)이 쓰는 말(言)"" -> ""말, 언어, 시""라는 뜻의 글자입니다. (司는 소리부도 겸함)",음독은 シ입니다. 특별한 점은 없습니다.,詞의 정식 훈독은 없습니다.,no
392,N2,偉,클 위,"""클 위"". 위대하다, 뛰어나다",イ,えら(い),"偉 = 亻 + 韋。 (의미부)「亻」는 ""사람""을 뜻합니다. (소리부 겸 의미부)「韋」(イ)는 ""성 주위를 돌며 경계서는 발들""을 그린 글자입니다. 偉는 ""호위병들(韋)에게 호위받는 높은 사람(亻)"" -> ""위대하다, 훌륭하다""라는 뜻의 글자입니다. (韋는 소리부도 겸함)",음독은 イ입니다. 특별한 점은 없습니다.,"偉い는 ""훌륭하다/위대하다, 지위가 높다, 대단하다""라는 뜻의 형용사입니다. 예문) 偉い学者훌륭한 학자 偉い人のお越し 높으신 분의 행차 偉い寒さ 대단한 추위",no
393,N2,畳,겹쳐질 첩,"""겹쳐질 첩"". (이불 등을) 접다, 개다, 다다미",ジョウ,たた(む)、たたみ,"畳는 ""이불을 반듯이 개서 쌓아놓은 모습""을 그린 상형문자입니다. (田、冖、且는 여기서는 전부 단순한 모양자로 쓰인 것입니다.)",음독은 ジョウ입니다. 특별한 점은 없습니다.,"畳む는 ""접다, 개다""라는 뜻의 타동사입니다. 畳는 ""다다미""를 뜻합니다.",no
394,N2,机,책상 궤,"""책상 궤"". 책상, 탁자",キ,つくえ,"机 = 木 + 几。 「木」는 ""나무""를 뜻합니다. 几는 여기서는 ""책상""을 그린 모양자입니다. 机는 ""나무(木)로 만든 책상(几)"" -> ""책상, 탁자""라는 뜻의 글자입니다.",음독은 キ입니다. 특별한 점은 없습니다.,"机는 ""책상""을 뜻합니다.",no
395,N2,膚,살갗 부,"""살갗 부"". 피부",フ,,"膚 = 虍 + 胃。 「虍」는 ""호랑이""를 뜻합니다. 「胃」는 ""위""를 뜻합니다. 膚는 ""호랑이(虍)의 내장(胃)을 덮고 있는 가죽"" -> ""피부, 살갗""이라는 뜻의 글자입니다.",음독은 フ입니다. 특별한 점은 없습니다.,膚의 정식 훈독은 없습니다.,no
396,N2,濯,씻을 탁,"""씻을 탁"". 씻다, 세탁",タク,,"濯 = 氵 + 羽 +隹。 「氵」는 ""물""을 뜻합니다. 「羽」는 ""날개""를 뜻합니다. 「隹」는 ""새""를 뜻합니다. 濯는 ""새(隹)가 날개(羽)를 퍼덕이며 물기(氵)를 털어내다"" -> ""씻다, 세탁""이라는 뜻의 글자입니다.",음독은 タク입니다. 특별한 점은 없습니다.,濯의 정식 훈독은 없습니다.,no
397,N2,猫,고양이 묘,"""고양이 묘"". 고양이",ビョウ,ねこ,"猫 = ⺨ +艹 + 田。 「⺨」는 ""개, 동물""을 뜻합니다. 「艹」는 ""풀""을 뜻합니다. 「田」는 ""밭""을 뜻합니다. 猫는 ""밭(田)의 곡식(艹)을 갉아먹는 쥐를 잡아먹는 애완동물(⺨)"" -> ""고양이""라는 뜻의 글자입니다.",음독은 ビョウ입니다. 특별한 점은 없습니다.,"猫는 ""고양이""를 뜻합니다.",no
398,N2,塔,탑 탑,"""탑 탑"". 탑",トウ,,"塔 = 土 + 荅。 (의미부)「土」는 ""흙""을 뜻합니다. (소리부 겸 의미부)荅는 여기서는「答」(トウ)가 살짝 변형된 것으로, ""탑""의 모습을 그린 모양자로 쓰인 것입니다. 塔는 ""흙(土)으로 쌓아올린 탑(荅)"" -> ""탑""이라는 뜻의 글자입니다. (荅->答는 소리부도 겸함)",음독은 トウ입니다. 특별한 점은 없습니다.,塔의 정식 훈독은 없습니다.,no
399,N2,沸,끓을 비,"""끓을 비"". 끓다, 용솟음치다",フツ,わ(く)、わ(かす),"沸 = 氵 + 弗。 「氵」는 ""물""을 뜻합니다. 弗는 여기서는 ""땅에서 온천수가 솟아나는 모습""을 그린 모양자입니다. 沸는 ""온천수(氵)가 땅에서 솟아나다(弗)"" -> ""끓다, 용솟음치다""라는 뜻의 글자입니다.",음독은 フツ입니다. 특별한 점은 없습니다.,"沸く는 ""끓다""라는 뜻의 자동사입니다. 沸かす는 ""끓이다""라는 뜻의 타동사입니다.",no
400,N2,灰,재 회,"""재 회"". 재",カイ,はい,"灰 = 厂 + 火。 厂는 여기서는 ""아궁이""를 그린 모양자입니다. 「火」는 ""불""을 뜻합니다. 灰는 ""아궁이(厂)의 불(火)이 타고 남은 재"" -> ""재, 잿더미""라는 뜻의 글자입니다.",음독은 カイ입니다. 특별한 점은 없습니다.,"灰는 ""재""를 뜻합니다.",no
401,N2,菓,과자 과,"""과자 과"". 과자",カ,,"菓 = 艹 + 果。 (의미부)「艹」는 ""풀""을 뜻합니다. (소리부 겸 의미부)「果」(カ)는 본래 ""나무 위의 열매""를 그린 글자입니다(링크 참조). 菓는 ""나무열매(果)와 야채(艹)로 만든 과자"" -> ""과자""라는 뜻의 글자입니다. (果는 소리부도 겸함)",음독은 カ입니다. 특별한 점은 없습니다.,菓의 정식 훈독은 없습니다.,no
402,N2,帽,모자 모,"""모자 모"". 모자",ボウ,,"帽 = 巾 + 日 + 目。 「巾」는 ""수건, 천""을 뜻합니다. 「日」는 ""태양""을 뜻합니다. 「目」는 ""눈""을 뜻합니다. 帽는 ""태양빛(日)을 막기 위해 눈(目) 위에 두른 천(巾)"" -> ""모자""라는 뜻의 글자입니다.",음독은 ボウ입니다. 특별한 점은 없습니다.,帽의 정식 훈독은 없습니다.,no
403,N2,枯,마를 고,"""마를 고"". 마르다, 시들다, 고갈되다",コ,か(れる)、か(らす),"枯 = 木 + 古。 (의미부)「木」는 ""나무""를 뜻합니다. (소리부 겸 의미부)「古」(コ)는 ""오래되다""라는 뜻입니다. 枯는 ""너무 오래돼서(古) 말라죽은 나무(木)"" -> ""마르다, 시들다, 고갈되다""라는 뜻의 글자입니다. (古는 소리부도 겸함)",음독은 コ입니다. 특별한 점은 없습니다.,"枯れる는 ""(초목 등이) 마르다, 시들다""라는 뜻의 2그룹 자동사입니다. 枯らす는 ""말리다, 시들게 하다, 말려 죽이다""라는 뜻의 타동사입니다.",no
404,N2,涼,서늘할 량,"""서늘할 량"". 서늘하다, 시원하다",リョウ,すず(しい)、すず(む),"涼 = 氵 + 京。 (의미부)「氵」는 ""물""을 뜻합니다. (소리부 겸 의미부)「京」(キョウ)는 본래 ""기둥 위에 세워진 건물""을 그린 글자입니다(링크 참조). 涼는 ""강가(氵)에 세워놓은 정자(京)"" -> ""시원하다, 서늘하다""라는 뜻의 글자입니다. (京는 소리부(キョウ -> リョウ)도 겸함)",음독은 リョウ입니다. 특별한 점은 없습니다.,"涼しい는 ""시원하다, 선선하다""라는 뜻의 형용사입니다. 涼む는 ""시원한 바람을 쐬다""라는 뜻의 자동사입니다.",no
405,N2,舟,배 주,"""배 주"". 배",シュウ,ふね、ふな,"舟는 ""노를 저어 움직이는 작은 조각배""를 그린 상형문자입니다.",음독은 シュウ입니다. 특별한 점은 없습니다.,"舟는 ""배""를 뜻합니다.",no
406,N2,符,부호 부,"""부호 부"". 부호, 기호",フ,,"符 = 𥫗 + 付。 (의미부)「𥫗」는 ""대나무""를 뜻합니다. (소리부 겸 의미부)「付」(フ)는 ""부치다, 붙이다""라는 뜻입니다. 먼 옛날에는 편지의 진위 여부를 확인하기 위해 반으로 쪼개 나눈 대나무 조각을 맞춰 보았다고 합니다. 즉, ""대나무 조각(𥫗)을 붙여(付) 보는 것""이 신원을 확인하는 표식의 역할을 한 것입니다. 符는 ""대나무 조각(𥫗)을 붙여서(付) 진위를 확인하는 증표"" -> ""부호, 기호""라는 뜻의 글자입니다. (付는 소리부도 겸함)",음독은 フ입니다. 특별한 점은 없습니다.,符의 정식 훈독은 없습니다.,no
407,N2,憎,미울 증,"""미울 증"". 미워하다, 증오하다",ゾウ,にく(む)、にく(い)、にく(らしい)、にく(しみ),"憎 = 忄 + 曽。 (의미부)「忄」는 ""마음""을 뜻합니다. (소리부 겸 의미부)「曽」(ソウ)는 ""쌓이다""라는 뜻입니다. 憎는 ""증오하는 마음(忄)이 쌓이다(曽)"" -> ""미워하다, 증오하다""라는 뜻의 글자입니다. (曽는 소리부(ソウ -> ゾウ)도 겸함)",음독은 ゾウ입니다. 특별한 점은 없습니다.,"1.憎む、憎しみ 憎む는 ""미워하다, 증오하다""라는 뜻의 타동사입니다. 憎しみ는 ""미움, 증오""를 뜻합니다. 예문) 訳もなく憎む 이유도 없이 미워하다 戦争を憎む 전쟁을 증오하다 憎しみが深まる 증오가 깊어지다 2.憎い、憎らしい 憎い는 ""밉다""라는 뜻의 형용사입니다. 憎らしい는 ""얄밉다""라는 뜻의 형용사입니다. 예문) 憎い奴미운 놈 憎らしいことを言う 얄미운 소리를 하다",no
408,N2,肯,즐길 긍,"""즐길 긍"". 긍정하다, 수긍하다",コウ,,"肯 = 止 + 月。 「止」는 ""발""을 뜻합니다. 「月」는 ""고기""를 뜻합니다. 肯는 ""돼지족발(止)로 만든 고기(月)는 맛있다"" -> ""긍정하다, 수긍하다""라는 뜻의 글자입니다.",음독은 コウ입니다. 특별한 점은 없습니다.,肯의 정식 훈독은 없습니다.,no
409,N2,燥,마를 조,"""마를 조"". 마르다, 말리다",ソウ,,"燥 = 火 + 品 + 木。 「火」는 ""불""을 뜻합니다. 「品」는 ""물건, 물품""을 뜻합니다. 「木」는 ""나무""를 뜻합니다. 燥는 ""나무(木)를 말려서(火) 팔 수 있는 장작(品)으로 만들다"" -> ""마르다, 말리다""라는 뜻의 글자입니다.",음독은 ソウ입니다. 특별한 점은 없습니다.,燥의 정식 훈독은 없습니다.,no
410,N2,畜,짐승 축,"""짐승 축"". 가축",チク,,"畜 = 亠 + 幺 + 田。 亠는 여기서는「宀」이 축약된 것으로, ""집""을 뜻합니다. 「幺」는 ""작다, 어리다""라는 뜻입니다. 「田」는 ""밭""을 뜻합니다. 畜는 ""어릴(幺) 때부터 집(亠)에서 키워서 밭(田)을 갈 때 쓰는 가축"" -> ""가축""이라는 뜻의 글자입니다.",음독은 チク입니다. 특별한 점은 없습니다.,畜의 정식 훈독은 없습니다.,no
411,N2,坊,동네 방,"""동네 방"". 어린이, 승려, 동네",ボウ、ボッ,,"坊 = 土 + 方。 (의미부)「土」는 ""흙""을 뜻합니다. (소리부 겸 의미부)「方」(ホウ)는 ""방향""을 뜻합니다. 坊는 ""사방(方)이 흙(土)으로 둘러싸인 산골짜기"" -> ""승려, 동자승, 어린아이""라는 뜻의 글자입니다. (方는 소리부(ホウ -> ボウ・ボッ)도 겸함)",음독은 ボウ、ボッ입니다. 그러나 절대다수는 ボウ로 읽습니다. ボッ은坊ちゃん(도련님) 외에는 거의 쓰이지 않는 음독입니다.,坊의 정식 훈독은 없습니다.,no
412,N2,挟,낄 협,"""낄 협"". (사이에)끼다, 끼이다",キョウ,はさ(む)、はさ(まる),"挟 = 扌 + 夹。 (의미부)「扌」는 ""손""을 뜻합니다. (소리부 겸 의미부)「夹」(キョウ)는 ""옆구리에 무언가를 끼고 있는 사람""을 그린 글자입니다(링크 참조). 挟는 ""옆구리에 무언가를 꽉 끼고(夹) 손으로 잡고있는(扌) 사람"" -> ""끼다, 끼이다""라는 뜻의 글자입니다. (夹는 소리부도 겸함)",음독은 キョウ입니다. 특별한 점은 없습니다.,"挟む는 ""끼우다, 사이에 두다""라는 뜻의 타동사입니다. 挟まる는 ""(사이에) 끼이다""라는 뜻의 자동사입니다. 예문) パンにハムを挟む 빵 사이에 햄을 끼우다 道を挟んで立つ 길을 사이에 두고 서다 机を挟んで向かい合う 책상을 사이에 두고 마주 앉다 ドアに手が挟まる 문에 손이 끼이다 魚の骨が歯に挟まる 생선 가시가 잇새에 끼이다 中に挟まって困る 중간에 끼어서 곤란하다",no
413,N2,曇,흐릴 담,"""흐릴 담"". 구름이 끼다, 흐리다",ドン,くも(る),"曇 = 日 + 雲。 「日」는 ""해""를 뜻합니다. 「雲」는 ""구름""을 뜻합니다. 曇는 ""해(日)가 구름(雲)에 가리다"" -> ""구름이 끼다, 흐리다""라는 뜻의 글자입니다.",음독은 ドン입니다. 특별한 점은 없습니다.,"曇る는 ""흐리다, 흐려지다""라는 뜻의 자동사입니다. 예문) 空が曇る 하늘이 흐리다 眼鏡が曇る 안경이 흐려지다",no
414,N2,滴,물방울 적,"""물방울 적"". 물방울, 방울져 떨어지다",テキ,しずく、したた(る),"滴 = 氵 +啇。 (의미부)「氵」는 ""물""을 뜻합니다. (소리부 겸 의미부)「啇」(テキ)는 ""화초를 심은 화분""을 그린 글자입니다. 滴는 ""화초(啇)에 맺힌 이슬(氵)""-> ""물방울, 방울져 떨어지다""라는 뜻의 글자입니다. (啇는 소리부도 겸함)",음독은 テキ입니다. 특별한 점은 없습니다.,"滴는 ""물방울""을 뜻합니다. 滴る는 ""방울져 떨어지다""라는 뜻의 자동사입니다. 예문) 滴물방울 血が滴る 피가 방울져 떨어지다 汗が滴り落ちる 땀이 뚝뚝 떨어지다",no
415,N2,伺,엿볼 사,"""엿볼 사"". 찾아뵙다",シ,うかが(う),"伺 = 亻 + 司。 (의미부)「亻」는 ""사람""을 뜻합니다. (소리부 겸 의미부)「司」(シ)는 ""주관하다, 다스리다""라는 뜻입니다. 伺는 ""윗사람(司)을 찾아뵙다(亻)"" -> ""찾아뵙다""라는 뜻의 글자입니다. (司는 소리부도 겸함)",음독은 シ입니다. 특별한 점은 없습니다.,"伺う는 ""묻다, 듣다""라는 뜻의 겸양동사입니다.",no
